House_ID,Square_Feet,Bedrooms,Bathrooms,Floors,Year_Built,House_Age,Neighborhood,Overall_Condition,Garage_Capacity,Has_Pool,Distance_to_City_Center_km,Price
HSE-10001,2422,3,2.2,1,1976,48,Uptown,Excellent,2.0,0,12.2,566500.0
HSE-10002,2010,2,1.5,1,1993,31,Suburbs,Good,2.0,0,8.1,476500.0
HSE-10003,2520,3,2.8,1,2008,16,Suburbs,Good,2.0,0,8.1,577300.0
HSE-10004,3089,2,1.0,2,2012,12,Rural,Good,2.0,0,2.2,641200.0
HSE-10005,1947,4,2.5,2,1979,45,Suburbs,Good,1.0,0,3.9,480400.0
HSE-10006,1947,5,4.2,1,1993,31,Downtown,Good,2.0,1,8.7,624100.0
HSE-10007,3126,2,1.5,2,2009,15,Suburbs,Good,2.0,0,19.3,628000.0
HSE-10008,2598,5,3.8,2,2007,17,Downtown,Excellent,2.0,0,5.3,753900.0
HSE-10009,1794,3,2.2,1,2013,11,Downtown,Excellent,2.0,0,9.4,583300.0
HSE-10010,2452,3,2.2,1,1985,39,Suburbs,Good,2.0,1,6.2,619700.0
HSE-10011,1798,2,2.0,2,1979,45,Suburbs,Good,2.0,0,3.1,487600.0
HSE-10012,1797,3,2.8,3,1978,46,Suburbs,Good,2.0,0,33.8,392300.0
HSE-10013,2257,4,3.0,1,2006,18,Uptown,Fair,2.0,1,21.3,602800.0
HSE-10014,856,4,3.0,1,2008,16,Uptown,Good,2.0,0,2.8,435400.0
HSE-10015,978,2,2.0,1,1980,44,Downtown,Good,2.0,1,14.7,374400.0
HSE-10016,1734,2,1.0,2,1979,45,Downtown,Fair,2.0,0,6.3,431000.0
HSE-10017,1441,3,2.2,1,2006,18,Suburbs,Excellent,2.0,0,45.0,404100.0
HSE-10018,2304,3,2.8,1,1968,56,Suburbs,Good,1.0,0,5.6,520000.0
HSE-10019,1509,2,1.5,2,1991,33,Suburbs,Good,1.0,0,4.7,386100.0
HSE-10020,1182,3,2.2,2,1987,37,Suburbs,Fair,0.0,0,10.4,255200.0
HSE-10021,3052,4,2.5,1,1993,31,Suburbs,Fair,2.0,0,20.0,615600.0
HSE-10022,1953,4,3.5,1,2005,19,Downtown,Excellent,2.0,0,4.1,689900.0
HSE-10023,2143,3,2.2,2,2017,7,Downtown,Good,3.0,0,14.4,620200.0
HSE-10024,1173,4,3.0,1,2016,8,Rural,Excellent,1.0,0,2.6,400100.0
HSE-10025,1746,3,2.2,1,1973,51,Suburbs,Excellent,1.0,1,27.1,471900.0
HSE-10026,2172,3,2.2,2,2017,7,Uptown,Good,1.0,0,2.8,558400.0
HSE-10027,1351,2,1.5,1,2021,3,Waterfront,Good,0.0,0,26.6,443100.0
HSE-10028,2344,3,2.2,2,2020,4,Downtown,Excellent,2.0,0,8.7,730700.0
HSE-10029,1709,5,3.8,2,2016,8,Suburbs,Excellent,1.0,0,7.9,541700.0
HSE-10030,1910,3,2.2,1,2007,17,Suburbs,Good,2.0,0,38.2,419700.0
HSE-10031,1708,3,2.8,1,2007,17,Suburbs,Good,2.0,0,45.0,408000.0
HSE-10032,3303,3,2.2,2,1971,53,Suburbs,Good,2.0,0,12.5,705700.0
HSE-10033,2091,2,2.0,2,2017,7,Uptown,Good,2.0,0,3.4,549600.0
HSE-10034,1412,4,3.0,3,2006,18,Suburbs,Good,1.0,0,9.1,429500.0
HSE-10035,2634,3,2.2,2,1968,56,Suburbs,Excellent,1.0,0,9.5,631800.0
HSE-10036,1306,3,2.2,1,1969,55,Uptown,Good,2.0,0,9.2,390600.0
HSE-10037,2235,3,2.2,2,1969,55,Uptown,Fair,2.0,0,10.4,517000.0
HSE-10038,826,3,2.8,1,1975,49,Downtown,Good,1.0,0,2.2,365500.0
HSE-10039,1236,2,1.5,2,2005,19,Uptown,Fair,0.0,0,14.4,347600.0
HSE-10040,2227,3,1.8,1,1992,32,Downtown,Good,0.0,0,14.5,519200.0
HSE-10041,2580,2,1.5,1,1980,44,Suburbs,Excellent,1.0,0,3.2,517700.0
HSE-10042,2211,4,3.0,2,2005,19,Downtown,Fair,3.0,1,10.4,652500.0
HSE-10043,2024,4,3.0,2,2018,6,Downtown,Good,2.0,0,10.4,638900.0
HSE-10044,1904,4,3.0,1,1994,30,Rural,Good,1.0,0,13.5,432400.0
HSE-10045,1138,3,2.2,1,1968,56,Suburbs,Good,2.0,0,2.9,327800.0
HSE-10046,1632,3,2.2,2,1966,58,Downtown,Good,2.0,1,11.8,497800.0
HSE-10047,1800,2,1.5,2,2010,14,Suburbs,Good,1.0,0,5.3,481100.0
HSE-10048,2787,4,3.0,1,1967,57,Downtown,Fair,3.0,1,9.1,695200.0
HSE-10049,2323,3,2.2,1,2014,10,Suburbs,Good,2.0,0,16.8,559600.0
HSE-10050,954,3,2.2,1,1985,39,Suburbs,Good,2.0,0,14.2,274500.0
HSE-10051,2310,3,2.2,2,1970,54,Waterfront,Good,2.0,0,3.3,646200.0
HSE-10052,1849,2,1.5,2,2007,17,Downtown,Excellent,2.0,0,10.9,575400.0
HSE-10053,1660,3,1.8,2,2017,7,Downtown,Good,,0,36.8,477300.0
HSE-10054,2497,2,1.5,2,1982,42,Suburbs,Fair,2.0,1,3.7,573800.0
HSE-10055,2770,4,3.5,1,2008,16,Suburbs,Good,3.0,0,21.2,608800.0
HSE-10056,2705,3,2.2,2,1969,55,Downtown,Good,1.0,0,14.1,620600.0
HSE-10057,1554,1,1.0,2,1973,51,Waterfront,Good,2.0,1,16.9,507700.0
HSE-10058,1899,3,2.8,1,1984,40,Rural,Good,2.0,0,5.3,448300.0
HSE-10059,2315,1,1.2,1,1992,32,Downtown,Good,0.0,0,5.4,510000.0
HSE-10060,2734,3,1.8,2,1990,34,Downtown,Good,2.0,0,25.6,605200.0
HSE-10061,1788,4,3.5,3,1982,42,Waterfront,Excellent,1.0,0,6.5,626900.0
HSE-10062,1979,2,1.5,1,1983,41,Downtown,Good,2.0,0,2.7,538600.0
HSE-10063,1380,4,3.0,2,1967,57,Downtown,Good,0.0,0,11.2,386100.0
HSE-10064,1322,1,1.0,2,1973,51,Suburbs,Good,3.0,1,3.3,389000.0
HSE-10065,2628,2,1.5,1,2000,24,Uptown,Excellent,1.0,0,17.9,625800.0
HSE-10066,2981,4,2.5,1,1995,29,Downtown,Excellent,1.0,0,12.3,733800.0
HSE-10067,2053,3,2.2,1,2013,11,Waterfront,Fair,1.0,0,22.8,582400.0
HSE-10068,2752,2,1.5,2,1981,43,Uptown,Fair,3.0,0,17.4,562800.0
HSE-10069,2335,3,2.8,1,2019,5,Suburbs,Good,2.0,0,3.2,596100.0
HSE-10070,1680,3,2.8,1,1987,37,Uptown,Fair,2.0,0,6.8,430500.0
HSE-10071,2334,4,3.0,2,1998,26,Waterfront,Good,2.0,0,16.9,658400.0
HSE-10072,3099,3,2.8,2,2005,19,Suburbs,Fair,2.0,0,7.4,659900.0
HSE-10073,2076,4,3.5,1,2005,19,Suburbs,Good,1.0,0,37.9,452800.0
HSE-10074,3117,4,3.0,1,1969,55,Suburbs,Excellent,2.0,0,15.3,708800.0
HSE-10075,650,3,1.8,2,1979,45,Downtown,Excellent,1.0,0,2.2,356200.0
HSE-10076,2634,4,3.0,2,2011,13,Suburbs,Good,3.0,0,23.2,666800.0
HSE-10077,2156,3,2.8,2,1967,57,Downtown,Good,2.0,0,3.1,582700.0
HSE-10078,1905,5,3.8,1,1983,41,Suburbs,Excellent,1.0,0,3.5,481800.0
HSE-10079,2159,2,1.5,2,1992,32,Waterfront,Fair,1.0,1,15.3,556400.0
HSE-10080,808,3,2.2,2,1967,57,Suburbs,Good,2.0,0,22.0,213700.0
HSE-10081,1957,3,2.2,2,2002,22,Suburbs,Good,1.0,1,9.7,584800.0
HSE-10082,2332,3,2.2,2,1968,56,Downtown,Good,1.0,0,5.4,587400.0
HSE-10083,3060,3,1.8,1,1988,36,Downtown,Good,1.0,1,6.3,774400.0
HSE-10084,1763,4,3.0,1,1995,29,Suburbs,Fair,2.0,0,6.2,480600.0
HSE-10085,1574,1,1.2,2,2009,15,Suburbs,Good,2.0,0,6.0,374800.0
HSE-10086,1773,2,2.0,2,2023,1,Suburbs,Good,1.0,0,4.8,424600.0
HSE-10087,2695,4,2.5,2,2009,15,Uptown,Good,0.0,0,11.4,670200.0
HSE-10088,2313,3,2.8,1,2023,1,Uptown,Fair,2.0,0,25.1,516000.0
HSE-10089,1755,5,3.8,2,1975,49,Downtown,Excellent,2.0,0,5.7,622300.0
HSE-10090,2433,4,3.0,2,2001,23,Uptown,Good,1.0,0,4.1,643200.0
HSE-10091,2163,5,3.8,1,1965,59,Uptown,Good,1.0,0,20.2,568300.0
HSE-10092,2729,4,3.5,1,1973,51,Suburbs,Good,3.0,1,15.5,666300.0
HSE-10093,1643,3,2.8,2,1981,43,Rural,,3.0,0,28.7,367600.0
HSE-10094,1887,2,1.5,2,2018,6,Waterfront,Fair,3.0,0,3.8,606800.0
HSE-10095,1845,4,3.5,2,1965,59,Suburbs,Good,2.0,0,3.6,494900.0
HSE-10096,1148,3,1.8,2,1967,57,Suburbs,Fair,1.0,0,9.8,275200.0
HSE-10097,2292,1,1.0,1,2011,13,Suburbs,Fair,1.0,0,11.5,431900.0
HSE-10098,2269,3,2.2,1,1990,34,Suburbs,Good,1.0,0,8.5,512600.0
HSE-10099,2103,5,3.8,2,2017,7,Uptown,Good,1.0,0,11.1,663800.0
HSE-10100,1947,3,2.2,2,1995,29,Downtown,Good,3.0,1,4.0,620600.0
HSE-10101,1180,3,2.8,2,1990,34,Uptown,Good,2.0,0,8.5,441500.0
HSE-10102,1826,3,1.8,2,1987,37,Uptown,Good,2.0,0,12.7,470400.0
HSE-10103,1877,2,1.0,1,1994,30,Uptown,Good,1.0,0,7.7,456700.0
HSE-10104,1578,3,2.2,2,1974,50,Uptown,Good,3.0,0,13.4,431800.0
HSE-10105,1995,3,2.2,1,1972,52,Suburbs,Good,2.0,0,8.0,444900.0
HSE-10106,2362,2,2.0,1,2008,16,Suburbs,Good,1.0,0,6.1,508200.0
HSE-10107,3326,4,3.0,1,1989,35,Uptown,Good,2.0,0,5.6,797200.0
HSE-10108,2213,3,1.8,1,1986,38,Suburbs,Good,1.0,0,7.3,496100.0
HSE-10109,2267,4,3.5,1,1979,45,Suburbs,Good,0.0,0,2.2,566300.0
HSE-10110,2051,4,3.0,1,2023,1,Waterfront,Good,2.0,1,13.0,706400.0
HSE-10111,852,2,1.0,1,2005,19,Uptown,Excellent,2.0,0,20.7,285000.0
HSE-10112,2082,3,2.2,1,2020,4,Suburbs,Excellent,0.0,0,6.4,554700.0
HSE-10113,2139,3,2.2,2,2021,3,Uptown,Fair,1.0,0,2.5,519000.0
HSE-10114,3701,4,3.0,1,1974,50,Uptown,Fair,3.0,0,45.0,733900.0
HSE-10115,1974,2,1.5,1,1984,40,Suburbs,Fair,2.0,0,5.1,417500.0
HSE-10116,2296,3,2.8,2,2005,19,Suburbs,Good,2.0,0,3.4,582100.0
HSE-10117,2077,3,2.8,2,2011,13,Rural,Fair,1.0,0,6.6,423200.0
HSE-10118,1340,3,2.2,2,1987,37,Suburbs,Good,,0,15.4,351700.0
HSE-10119,2842,2,1.0,1,2017,7,Suburbs,Excellent,1.0,1,5.5,682900.0
HSE-10120,2588,3,2.8,2,2017,7,Downtown,Good,1.0,0,10.5,668000.0
HSE-10121,2614,4,3.0,1,1965,59,Uptown,Good,1.0,0,7.4,596200.0
HSE-10122,1508,3,2.2,1,1966,58,Suburbs,Good,1.0,1,3.3,457200.0
HSE-10123,3011,3,2.2,1,2022,2,Suburbs,Good,2.0,1,6.0,706200.0
HSE-10124,1188,3,2.8,2,1983,41,Suburbs,Excellent,1.0,0,14.9,372500.0
HSE-10125,2481,4,3.0,1,1978,46,Rural,Excellent,2.0,0,11.5,552200.0
HSE-10126,3523,2,1.0,1,1972,52,Suburbs,Excellent,1.0,0,3.3,808100.0
HSE-10127,1456,4,3.0,1,2002,22,Downtown,Good,2.0,0,3.8,523500.0
HSE-10128,1731,3,2.8,2,1976,48,Rural,Good,0.0,0,12.2,353600.0
HSE-10129,2164,3,1.8,2,1990,34,Suburbs,Fair,2.0,0,18.8,469400.0
HSE-10130,1772,2,2.0,1,1991,33,Rural,Good,0.0,0,6.3,392400.0
HSE-10131,1092,2,1.5,2,1993,31,Rural,Good,3.0,0,11.0,296000.0
HSE-10132,2144,3,2.2,2,1979,45,Rural,Good,2.0,0,3.9,468100.0
HSE-10133,1409,3,2.2,2,2010,14,Suburbs,Good,2.0,0,5.7,428800.0
HSE-10134,2407,4,3.0,1,2017,7,Uptown,Good,0.0,0,2.2,643800.0
HSE-10135,1502,1,1.2,2,1965,59,Uptown,Fair,2.0,0,16.6,343000.0
HSE-10136,3107,3,2.2,1,2007,17,Rural,Fair,2.0,0,7.1,605800.0
HSE-10137,1590,3,2.2,2,1992,32,Suburbs,Fair,1.0,0,18.9,324000.0
HSE-10138,1890,1,1.0,1,2021,3,Uptown,Fair,2.0,0,14.3,475100.0
HSE-10139,2628,2,1.0,1,1967,57,Suburbs,Fair,2.0,0,19.6,495800.0
HSE-10140,1299,3,1.8,1,2015,9,Suburbs,Good,2.0,0,5.4,427800.0
HSE-10141,2247,3,2.2,2,1982,42,Downtown,Good,2.0,1,4.0,637900.0
HSE-10142,2949,3,2.8,1,2016,8,Uptown,Excellent,2.0,1,37.7,725200.0
HSE-10143,1055,3,2.2,2,1998,26,Downtown,Good,3.0,0,14.6,380900.0
HSE-10144,2220,3,2.2,1,1996,28,Downtown,Fair,1.0,1,20.0,562400.0
HSE-10145,2268,1,1.0,2,1993,31,Rural,Good,2.0,0,2.1,475700.0
HSE-10146,2608,3,2.2,2,1989,35,Downtown,Excellent,2.0,0,6.4,660300.0
HSE-10147,1295,5,3.8,2,1990,34,Uptown,Good,2.0,1,15.6,515900.0
HSE-10148,1241,3,2.8,2,2003,21,Suburbs,Good,3.0,0,2.8,400800.0
HSE-10149,2439,3,2.2,2,1972,52,Downtown,Good,0.0,0,10.4,579400.0
HSE-10150,2293,3,2.2,1,1983,41,Uptown,Good,1.0,0,7.6,583900.0
HSE-10151,2262,4,2.5,2,2018,6,Rural,Good,1.0,0,2.2,539100.0
HSE-10152,2325,4,3.5,1,2011,13,Downtown,Good,1.0,0,4.7,695900.0
HSE-10153,1657,3,2.2,2,2006,18,Uptown,Excellent,1.0,0,5.4,541800.0
HSE-10154,2250,5,3.2,2,1986,38,Suburbs,Excellent,2.0,0,3.2,614800.0
HSE-10155,2290,2,1.5,1,1993,31,Suburbs,Good,0.0,0,12.0,412000.0
HSE-10156,1635,1,1.0,1,1997,27,Downtown,Good,2.0,0,4.8,492500.0
HSE-10157,3312,4,3.0,2,2002,22,Suburbs,Good,2.0,1,5.3,758900.0
HSE-10158,2407,4,3.0,2,2009,15,Suburbs,Excellent,1.0,0,24.9,602900.0
HSE-10159,1325,2,1.5,2,2010,14,Downtown,Fair,1.0,0,8.3,411200.0
HSE-10160,2526,3,1.8,2,1999,25,Suburbs,Excellent,2.0,0,7.0,613300.0
HSE-10161,1466,1,1.2,2,2007,17,Suburbs,Fair,2.0,0,14.9,352600.0
HSE-10162,2611,3,2.2,2,1967,57,Downtown,Good,2.0,0,26.0,609300.0
HSE-10163,2853,4,3.0,1,1983,41,Downtown,Excellent,2.0,0,2.3,778500.0
HSE-10164,1566,3,2.2,1,1974,50,Rural,Good,3.0,0,7.9,341800.0
HSE-10165,2726,3,2.2,2,1991,33,Uptown,Good,2.0,1,11.4,687600.0
HSE-10166,2368,3,2.2,2,1979,45,Downtown,Fair,3.0,0,5.8,574300.0
HSE-10167,2634,1,1.0,2,1975,49,Rural,Good,2.0,0,16.8,451600.0
HSE-10168,3332,3,2.2,1,2011,13,Uptown,,2.0,0,37.6,672800.0
HSE-10169,1940,3,2.2,1,1990,34,Suburbs,Good,0.0,0,30.7,431900.0
HSE-10170,1610,5,4.2,1,2023,1,Suburbs,Good,3.0,0,5.1,548100.0
HSE-10171,1521,4,3.0,1,1988,36,Uptown,Excellent,2.0,0,4.6,540200.0
HSE-10172,1569,1,1.2,1,1977,47,Downtown,Excellent,2.0,0,33.6,427100.0
HSE-10173,2049,4,3.0,2,1996,28,Uptown,Fair,1.0,0,8.1,518800.0
HSE-10174,2321,4,2.5,1,2001,23,Uptown,Good,1.0,0,4.3,583100.0
HSE-10175,2279,4,3.0,2,1968,56,Uptown,Fair,1.0,1,14.3,527900.0
HSE-10176,2637,3,2.2,1,1977,47,Rural,Fair,1.0,1,5.3,544400.0
HSE-10177,2108,3,2.2,2,1973,51,Downtown,Fair,1.0,0,5.1,548400.0
HSE-10178,3044,3,1.8,1,2021,3,Suburbs,Excellent,2.0,0,23.1,705500.0
HSE-10179,1927,2,2.0,1,2013,11,Waterfront,Excellent,,0,3.8,620100.0
HSE-10180,3868,2,2.0,1,1998,26,Suburbs,Fair,,0,2.7,790900.0
HSE-10181,2506,2,1.5,3,2020,4,Uptown,Fair,1.0,0,5.1,637400.0
HSE-10182,1542,3,1.8,2,2001,23,Rural,Good,2.0,0,11.3,385200.0
HSE-10183,1403,4,2.5,2,2012,12,Uptown,Good,1.0,0,3.3,511900.0
HSE-10184,2413,3,1.8,1,1971,53,Downtown,Good,1.0,0,8.4,609200.0
HSE-10185,1954,2,1.5,3,1965,59,Downtown,,2.0,1,11.9,523700.0
HSE-10186,2564,5,4.2,1,2022,2,Suburbs,Good,2.0,0,20.9,630000.0
HSE-10187,2407,5,3.8,1,1976,48,Suburbs,Good,,0,4.6,557400.0
HSE-10188,2052,4,2.5,2,1985,39,Uptown,Excellent,1.0,0,19.0,548100.0
HSE-10189,1549,5,3.8,3,1975,49,Uptown,Good,1.0,1,4.7,526900.0
HSE-10190,1115,3,2.2,1,2008,16,Uptown,Good,3.0,0,13.3,409700.0
HSE-10191,1809,5,3.8,1,2015,9,Suburbs,Good,1.0,0,7.6,521600.0
HSE-10192,2656,2,1.5,3,2022,2,Downtown,Excellent,2.0,0,3.2,672200.0
HSE-10193,2239,3,2.2,1,2008,16,Uptown,Good,1.0,0,14.5,586200.0
HSE-10194,1290,2,1.0,1,2008,16,Downtown,Good,2.0,0,4.5,456500.0
HSE-10195,2212,2,1.0,2,1978,46,Downtown,Excellent,0.0,0,3.9,577100.0
HSE-10196,2350,2,2.0,2,1998,26,Uptown,Fair,0.0,0,6.4,512000.0
HSE-10197,1525,3,2.2,2,1998,26,Uptown,Fair,2.0,0,12.6,438400.0
HSE-10198,2199,4,2.5,3,1989,35,Downtown,Good,1.0,0,4.7,605800.0
HSE-10199,2137,3,1.8,2,1968,56,Rural,Excellent,1.0,0,4.0,487600.0
HSE-10200,1357,2,1.0,1,2016,8,Suburbs,Good,2.0,0,2.1,425400.0
HSE-10201,2332,4,3.0,3,2019,5,Rural,Excellent,3.0,0,8.4,604900.0
HSE-10202,2464,3,2.8,1,1990,34,Suburbs,Good,1.0,0,7.6,570400.0
HSE-10203,2803,3,2.2,1,1980,44,Suburbs,Fair,2.0,0,4.7,574000.0
HSE-10204,2784,3,2.2,2,1974,50,Rural,Good,3.0,1,2.6,645500.0
HSE-10205,1204,3,2.2,1,2009,15,Suburbs,Good,2.0,0,7.6,395200.0
HSE-10206,1490,3,2.2,1,1966,58,Uptown,Fair,2.0,1,17.5,419100.0
HSE-10207,2434,4,3.5,1,1999,25,Waterfront,Fair,2.0,1,14.6,705700.0
HSE-10208,2433,3,2.8,1,1983,41,Waterfront,Fair,1.0,0,21.7,610800.0
HSE-10209,2434,3,1.8,2,1970,54,Rural,Good,2.0,1,2.1,503400.0
HSE-10210,4604,4,3.0,2,1983,41,Suburbs,Excellent,1.0,0,35.9,880300.0
HSE-10211,2471,4,3.0,3,2023,1,Uptown,Good,1.0,0,6.2,683500.0
HSE-10212,2838,2,2.0,1,2017,7,Suburbs,Excellent,1.0,0,45.0,581300.0
HSE-10213,2720,2,1.5,1,2016,8,Downtown,Fair,1.0,0,4.9,648000.0
HSE-10214,2523,1,1.2,1,2015,9,Waterfront,Excellent,2.0,0,8.4,761800.0
HSE-10215,1895,3,2.2,1,1972,52,Suburbs,Excellent,2.0,0,6.4,503200.0
HSE-10216,2593,3,2.2,1,1978,46,Downtown,Good,2.0,0,6.4,639700.0
HSE-10217,1597,2,1.5,2,1974,50,Downtown,Excellent,1.0,0,20.5,431400.0
HSE-10218,1946,5,4.2,2,1967,57,Uptown,Good,1.0,0,15.7,533800.0
HSE-10219,1784,3,2.8,3,2002,22,Rural,Excellent,2.0,0,45.0,375000.0
HSE-10220,2153,2,1.0,1,1993,31,Suburbs,Excellent,3.0,0,11.5,548200.0
HSE-10221,3604,3,2.2,2,1979,45,Downtown,Good,0.0,1,8.2,829100.0
HSE-10222,886,3,2.2,1,1987,37,Waterfront,Good,,0,2.9,431600.0
HSE-10223,2546,2,1.0,1,1987,37,Downtown,Fair,2.0,0,45.0,490700.0
HSE-10224,1051,3,2.2,2,1982,42,Suburbs,Good,0.0,1,10.0,342600.0
HSE-10225,1793,4,3.0,2,2010,14,Downtown,Good,2.0,0,14.1,580900.0
HSE-10226,2807,3,2.8,1,1983,41,Suburbs,Good,2.0,0,7.2,590800.0
HSE-10227,2141,3,2.2,1,1992,32,Suburbs,Good,1.0,0,9.9,494900.0
HSE-10228,1399,3,2.8,1,1990,34,Waterfront,Excellent,1.0,0,30.6,507500.0
HSE-10229,1635,1,1.0,2,1974,50,Downtown,Fair,1.0,1,3.8,451200.0
HSE-10230,2541,2,1.5,2,2011,13,Rural,Excellent,1.0,0,5.5,566200.0
HSE-10231,1625,3,2.2,3,1968,56,Waterfront,Excellent,2.0,0,3.6,598800.0
HSE-10232,2240,2,1.5,1,2019,5,Uptown,Good,2.0,0,17.7,556200.0
HSE-10233,2129,1,1.0,1,1966,58,Suburbs,Fair,2.0,0,2.6,410200.0
HSE-10234,1676,4,2.5,2,1967,57,Downtown,Fair,2.0,0,2.9,503700.0
HSE-10235,3493,5,3.8,2,1971,53,Suburbs,Fair,1.0,1,5.5,785100.0
HSE-10236,2512,4,3.0,1,2019,5,Rural,Good,2.0,1,9.2,634000.0
HSE-10237,783,4,3.0,2,1980,44,Suburbs,Good,2.0,0,7.2,328400.0
HSE-10238,2221,2,1.5,2,1995,29,Suburbs,Excellent,2.0,0,2.5,535500.0
HSE-10239,1669,5,4.2,3,1974,50,Downtown,Good,1.0,0,33.6,465700.0
HSE-10240,2654,2,2.0,2,1983,41,Suburbs,Good,2.0,0,32.5,543600.0
HSE-10241,1584,5,3.8,2,1992,32,Suburbs,Good,2.0,0,5.3,492500.0
HSE-10242,2025,5,3.8,2,1981,43,Downtown,Excellent,1.0,0,15.1,615700.0
HSE-10243,2428,4,2.5,2,1992,32,Suburbs,Excellent,0.0,1,10.6,609200.0
HSE-10244,2662,5,4.2,1,1983,41,Suburbs,Excellent,2.0,0,4.7,725500.0
HSE-10245,1319,3,1.8,1,2001,23,Suburbs,Good,1.0,0,5.0,337200.0
HSE-10246,1882,3,2.2,1,1987,37,Uptown,Good,2.0,0,8.8,524300.0
HSE-10247,1791,3,2.2,2,1984,40,Downtown,Excellent,3.0,0,7.4,570900.0
HSE-10248,1675,3,2.2,1,1977,47,Downtown,,2.0,0,5.4,474800.0
HSE-10249,3247,2,1.0,3,1977,47,Downtown,Good,2.0,0,18.5,732300.0
HSE-10250,2363,3,2.2,1,2007,17,Suburbs,Fair,2.0,0,8.6,477500.0
HSE-10251,1280,5,3.2,1,1975,49,Rural,Fair,1.0,0,12.6,308700.0
HSE-10252,2696,2,1.5,2,2012,12,Suburbs,Good,1.0,0,4.1,610200.0
HSE-10253,3479,4,2.5,1,1979,45,Uptown,Fair,3.0,0,9.6,751800.0
HSE-10254,2771,4,2.5,1,1981,43,Rural,Good,2.0,0,5.8,599500.0
HSE-10255,1112,5,4.2,1,2018,6,Waterfront,Good,0.0,0,9.5,530600.0
HSE-10256,1785,5,3.2,2,2014,10,Suburbs,Good,1.0,0,17.2,507100.0
HSE-10257,2923,3,2.8,1,1992,32,Suburbs,Good,2.0,1,16.6,745800.0
HSE-10258,1640,5,3.8,2,1983,41,Uptown,Good,2.0,0,6.4,540100.0
HSE-10259,2388,4,2.5,2,1968,56,Suburbs,Fair,2.0,0,13.9,521700.0
HSE-10260,2603,2,2.0,1,1986,38,Waterfront,Fair,1.0,1,30.4,620000.0
HSE-10261,1497,3,2.2,1,1986,38,Uptown,Good,3.0,0,11.8,464900.0
HSE-10262,2061,4,3.5,1,2019,5,Uptown,Good,2.0,0,3.6,617500.0
HSE-10263,650,2,1.0,2,2001,23,Suburbs,Good,2.0,0,13.4,250400.0
HSE-10264,1434,3,2.8,1,2003,21,Uptown,Fair,2.0,0,3.1,422200.0
HSE-10265,1935,3,1.8,1,1998,26,Uptown,Excellent,1.0,1,22.6,526100.0
HSE-10266,1288,2,1.5,2,1997,27,Waterfront,Good,3.0,0,9.3,528500.0
HSE-10267,3161,3,2.2,2,2008,16,Suburbs,Fair,1.0,0,6.9,664000.0
HSE-10268,1170,4,3.5,1,2006,18,Suburbs,Fair,1.0,0,2.6,403800.0
HSE-10269,1813,3,2.8,1,2004,20,Suburbs,Excellent,2.0,0,6.8,531200.0
HSE-10270,2184,1,1.2,3,1997,27,Suburbs,Good,2.0,0,25.4,456600.0
HSE-10271,3036,1,1.2,2,1976,48,Downtown,Good,2.0,0,2.2,684900.0
HSE-10272,1166,3,1.8,2,1966,58,Rural,Good,2.0,0,8.4,279300.0
HSE-10273,2856,4,3.0,2,2023,1,Downtown,Good,1.0,0,28.8,718400.0
HSE-10274,2106,2,1.5,2,1992,32,Waterfront,Good,3.0,1,7.0,667100.0
HSE-10275,1462,3,2.2,3,1974,50,Suburbs,Good,0.0,0,7.6,387100.0
HSE-10276,2400,2,1.5,3,1986,38,Suburbs,Good,2.0,0,10.6,521000.0
HSE-10277,2229,3,2.2,1,1981,43,Suburbs,Fair,1.0,0,8.2,450900.0
HSE-10278,1709,4,2.5,2,1990,34,Suburbs,Excellent,2.0,1,3.8,510600.0
HSE-10279,2145,4,3.0,1,1967,57,Rural,Good,1.0,0,2.2,476700.0
HSE-10280,1849,2,1.0,1,1971,53,Suburbs,Good,2.0,0,11.4,427500.0
HSE-10281,2173,3,2.2,2,2008,16,Uptown,,2.0,0,27.4,561600.0
HSE-10282,2530,1,1.0,1,1972,52,Downtown,Excellent,2.0,1,3.1,681700.0
HSE-10283,3130,3,2.2,3,1984,40,Rural,Excellent,2.0,0,4.4,678700.0
HSE-10284,1295,3,2.2,1,1976,48,Suburbs,Excellent,2.0,0,6.6,414200.0
HSE-10285,3486,2,1.5,2,1999,25,Suburbs,Excellent,2.0,0,18.5,724700.0
HSE-10286,831,3,1.8,2,1981,43,Suburbs,Good,3.0,1,5.1,340500.0
HSE-10287,2001,3,2.2,2,1992,32,Downtown,Excellent,1.0,0,23.4,568900.0
HSE-10288,2482,4,2.5,1,2005,19,Suburbs,Excellent,1.0,1,2.6,668900.0
HSE-10289,2282,5,3.8,1,1974,50,Waterfront,Good,0.0,1,30.3,650200.0
HSE-10290,1695,1,1.0,2,1986,38,Uptown,Fair,1.0,0,10.2,353100.0
HSE-10291,1964,4,2.5,1,2002,22,Uptown,Excellent,1.0,0,12.8,586400.0
HSE-10292,1779,3,2.2,3,2021,3,Downtown,Good,2.0,0,6.6,541500.0
HSE-10293,1716,3,2.8,2,1997,27,Suburbs,Excellent,1.0,1,17.2,482200.0
HSE-10294,2652,4,3.5,1,1986,38,Downtown,Fair,0.0,0,3.8,629800.0
HSE-10295,2332,4,3.0,1,2008,16,Rural,Fair,0.0,1,2.5,532500.0
HSE-10296,1649,5,3.2,1,2001,23,Waterfront,Good,2.0,0,7.0,670200.0
HSE-10297,2684,3,1.8,2,1977,47,Rural,Good,2.0,0,21.2,521500.0
HSE-10298,2299,3,2.2,1,1991,33,Waterfront,Good,1.0,0,16.1,629800.0
HSE-10299,2628,4,3.5,1,1979,45,Suburbs,Good,2.0,0,9.3,607500.0
HSE-10300,2509,3,1.8,1,1986,38,Suburbs,Fair,0.0,1,10.5,501400.0
HSE-10301,1561,3,2.2,2,1994,30,Suburbs,Fair,3.0,0,3.4,393600.0
HSE-10302,1735,3,1.8,1,2007,17,Suburbs,Good,2.0,0,20.4,399200.0
HSE-10303,2585,3,2.8,1,2004,20,Suburbs,Fair,1.0,0,17.5,551900.0
HSE-10304,2496,2,1.5,3,2001,23,Downtown,Good,2.0,0,12.7,628300.0
HSE-10305,2086,2,1.5,2,1998,26,Uptown,Good,2.0,0,8.3,540300.0
HSE-10306,2176,4,3.0,2,2008,16,Waterfront,Fair,1.0,0,35.4,598000.0
HSE-10307,2930,2,1.5,1,1998,26,Uptown,Good,2.0,1,23.1,657500.0
HSE-10308,1715,3,1.8,1,2022,2,Rural,Fair,1.0,0,12.3,348700.0
HSE-10309,2455,2,1.0,2,2012,12,Suburbs,Fair,1.0,0,6.6,488400.0
HSE-10310,1968,1,1.2,1,2017,7,Suburbs,Good,0.0,0,11.6,407500.0
HSE-10311,1958,1,1.2,2,1999,25,Uptown,Excellent,1.0,0,10.6,524400.0
HSE-10312,2814,2,2.0,2,2006,18,Suburbs,Excellent,1.0,0,7.0,693700.0
HSE-10313,2636,4,3.0,1,1983,41,Suburbs,Excellent,3.0,0,5.7,648300.0
HSE-10314,2628,3,2.8,2,1972,52,Suburbs,Good,0.0,0,7.2,555800.0
HSE-10315,2948,5,3.2,3,2003,21,Suburbs,Good,1.0,0,10.5,687300.0
HSE-10316,2113,3,2.2,1,1997,27,Downtown,Good,2.0,0,7.6,582200.0
HSE-10317,2543,3,2.2,2,2008,16,Downtown,Good,2.0,0,5.1,683100.0
HSE-10318,1898,3,2.2,1,1992,32,Downtown,Excellent,3.0,1,16.3,595600.0
HSE-10319,2310,3,2.2,1,2001,23,Uptown,Fair,2.0,0,9.6,554900.0
HSE-10320,2015,4,2.5,1,2012,12,Downtown,Fair,3.0,0,2.7,595600.0
HSE-10321,2163,3,2.2,2,1989,35,Suburbs,Good,2.0,0,6.6,528600.0
HSE-10322,2486,3,2.8,3,2000,24,Suburbs,Excellent,3.0,0,23.6,632400.0
HSE-10323,1568,4,3.0,2,1981,43,Suburbs,Excellent,2.0,0,16.1,462500.0
HSE-10324,3460,5,3.2,1,1988,36,Uptown,Good,0.0,0,5.9,794600.0
HSE-10325,1446,4,2.5,2,1985,39,Uptown,Excellent,1.0,0,29.8,450300.0
HSE-10326,1310,3,2.2,1,1966,58,Uptown,Good,2.0,0,2.8,439900.0
HSE-10327,2852,4,3.0,2,1995,29,Suburbs,Excellent,1.0,0,34.5,614600.0
HSE-10328,2614,3,2.2,1,2008,16,Downtown,Excellent,1.0,0,4.8,706000.0
HSE-10329,2505,3,2.2,1,1997,27,Downtown,Excellent,,0,2.1,691800.0
HSE-10330,2508,2,1.5,1,1994,30,Downtown,Good,3.0,0,7.7,657900.0
HSE-10331,2092,3,2.2,2,1976,48,Downtown,Fair,0.0,0,6.4,511500.0
HSE-10332,1516,2,2.0,1,2008,16,Downtown,Good,2.0,0,9.7,448700.0
HSE-10333,2149,3,2.2,2,1976,48,Downtown,Good,2.0,0,17.9,558600.0
HSE-10334,1659,4,3.0,1,2015,9,Uptown,Excellent,3.0,0,20.5,587800.0
HSE-10335,2733,2,2.0,1,2021,3,Suburbs,Fair,3.0,0,7.1,647600.0
HSE-10336,2004,2,1.0,2,2013,11,Uptown,Good,2.0,0,7.6,521400.0
HSE-10337,1563,2,1.0,3,2016,8,Suburbs,Good,2.0,0,3.6,406300.0
HSE-10338,1891,5,4.2,3,1988,36,Suburbs,Fair,1.0,1,2.5,575200.0
HSE-10339,2368,3,2.2,1,1988,36,Rural,Good,2.0,0,12.3,535100.0
HSE-10340,1733,3,2.2,1,2022,2,Rural,,2.0,1,2.7,493400.0
HSE-10341,1565,4,2.5,1,1975,49,Suburbs,Good,2.0,0,15.2,368500.0
HSE-10342,2258,4,3.0,2,1977,47,Downtown,Fair,2.0,0,9.7,571300.0
HSE-10343,2259,3,2.2,2,1991,33,Suburbs,Excellent,1.0,1,4.2,573800.0
HSE-10344,1770,3,1.8,2,1972,52,Downtown,Good,2.0,0,9.8,535400.0
HSE-10345,1793,4,3.0,3,1974,50,Waterfront,Excellent,1.0,1,4.0,633200.0
HSE-10346,2250,3,2.2,1,1972,52,Rural,Good,0.0,0,7.8,488400.0
HSE-10347,1158,2,1.5,2,1984,40,Uptown,Good,1.0,0,18.1,332300.0
HSE-10348,1185,4,2.5,2,1972,52,Suburbs,Fair,1.0,0,8.2,287100.0
HSE-10349,1633,3,1.8,2,1973,51,Uptown,Fair,2.0,1,3.6,492500.0
HSE-10350,1961,3,2.2,1,1971,53,Suburbs,Good,1.0,1,14.9,482900.0
HSE-10351,2302,3,1.8,1,1978,46,Rural,Fair,1.0,0,4.1,420800.0
HSE-10352,3058,1,1.2,1,1992,32,Waterfront,Good,3.0,0,15.4,757300.0
HSE-10353,2657,2,1.0,1,1966,58,Downtown,Good,1.0,0,8.5,629200.0
HSE-10354,1996,4,3.0,1,2021,3,Suburbs,Good,0.0,1,8.0,542300.0
HSE-10355,2087,1,1.0,1,2007,17,Suburbs,Fair,1.0,0,21.1,438500.0
HSE-10356,1448,3,2.2,2,1972,52,Suburbs,Good,1.0,0,14.3,338400.0
HSE-10357,2087,3,2.8,1,1977,47,Waterfront,Excellent,1.0,0,2.3,638900.0
HSE-10358,1912,2,1.0,1,1985,39,Downtown,Fair,0.0,0,5.5,458200.0
HSE-10359,2309,5,4.2,1,2011,13,Suburbs,Fair,2.0,0,22.5,526100.0
HSE-10360,1562,2,1.5,2,1992,32,Downtown,Excellent,1.0,1,2.2,536800.0
HSE-10361,2437,3,2.2,2,1999,25,Waterfront,Fair,1.0,0,9.9,659300.0
HSE-10362,3096,3,2.2,2,1987,37,Suburbs,Excellent,2.0,1,15.0,703600.0
HSE-10363,2029,2,2.0,1,2010,14,Waterfront,Fair,1.0,0,11.7,623700.0
HSE-10364,2361,1,1.0,3,1979,45,Rural,Excellent,3.0,0,16.3,484600.0
HSE-10365,2548,4,3.0,1,1966,58,Rural,Good,2.0,0,14.9,548600.0
HSE-10366,1839,5,3.2,1,2015,9,Downtown,Excellent,1.0,0,13.8,628800.0
HSE-10367,2245,2,1.0,1,1976,48,Suburbs,Good,2.0,1,19.2,529500.0
HSE-10368,2108,3,2.8,1,2021,3,Suburbs,Good,0.0,0,12.4,485000.0
HSE-10369,2163,4,3.0,1,2016,8,Suburbs,Fair,0.0,0,7.1,475600.0
HSE-10370,1597,4,3.0,2,2000,24,Suburbs,Good,2.0,0,8.4,498500.0
HSE-10371,2115,3,2.2,2,1967,57,Uptown,Good,2.0,0,14.6,536200.0
HSE-10372,2423,3,2.2,1,1969,55,Downtown,Good,2.0,1,22.9,611000.0
HSE-10373,3043,3,2.8,3,1967,57,Waterfront,Excellent,3.0,0,5.2,840900.0
HSE-10374,2723,4,3.0,1,2021,3,Suburbs,Good,1.0,0,6.2,650700.0
HSE-10375,3499,4,3.0,1,2011,13,Uptown,Excellent,2.0,0,28.7,840100.0
HSE-10376,1601,2,2.0,2,1983,41,Uptown,Good,2.0,0,10.6,416000.0
HSE-10377,2667,3,1.8,2,1966,58,Uptown,Excellent,3.0,0,4.0,691300.0
HSE-10378,2219,4,3.0,1,2008,16,Rural,Excellent,2.0,0,12.9,577700.0
HSE-10379,3523,4,3.0,1,2001,23,Uptown,Good,3.0,0,45.0,771800.0
HSE-10380,1574,5,3.8,2,2018,6,Rural,Excellent,1.0,0,19.3,453500.0
HSE-10381,1554,4,3.0,2,1981,43,Suburbs,Excellent,2.0,1,15.7,484800.0
HSE-10382,1710,3,2.8,2,1978,46,Downtown,Good,1.0,0,4.3,536800.0
HSE-10383,719,3,2.2,1,1992,32,Suburbs,Good,1.0,0,22.9,245700.0
HSE-10384,1758,3,2.2,1,1991,33,Suburbs,Fair,3.0,1,9.5,504100.0
HSE-10385,1606,2,2.0,1,2018,6,Suburbs,Excellent,0.0,0,24.0,368400.0
HSE-10386,2197,3,2.2,1,1974,50,Suburbs,Fair,3.0,1,6.0,550200.0
HSE-10387,2322,4,3.0,3,1967,57,Suburbs,Fair,1.0,1,2.6,532900.0
HSE-10388,3319,2,1.5,2,2000,24,Suburbs,Good,2.0,0,8.5,691800.0
HSE-10389,2717,4,3.5,1,2002,22,Suburbs,Good,1.0,0,5.1,680400.0
HSE-10390,1725,3,2.2,2,2020,4,Rural,Excellent,1.0,0,14.6,418300.0
HSE-10391,1516,5,3.8,2,1989,35,Suburbs,Excellent,1.0,0,33.5,470400.0
HSE-10392,2419,1,1.2,1,1986,38,Uptown,Good,2.0,0,13.7,576100.0
HSE-10393,1241,3,2.2,2,2012,12,Suburbs,Fair,1.0,0,23.8,318600.0
HSE-10394,3290,3,2.2,2,2003,21,Rural,Good,2.0,0,8.0,656800.0
HSE-10395,2866,3,2.8,2,2011,13,Rural,Good,0.0,0,16.8,572700.0
HSE-10396,1795,4,3.0,1,1994,30,Uptown,Good,0.0,0,20.5,472600.0
HSE-10397,986,4,3.0,2,1985,39,Uptown,Good,0.0,1,14.4,358000.0
HSE-10398,2980,2,2.0,2,1994,30,Suburbs,Good,1.0,0,9.1,649400.0
HSE-10399,2025,3,2.2,1,1992,32,Rural,Good,2.0,0,11.8,440100.0
HSE-10400,2904,3,2.2,1,1995,29,Waterfront,Good,2.0,1,14.1,794500.0
HSE-10401,1063,3,2.8,2,2021,3,Rural,Good,1.0,0,4.9,328400.0
HSE-10402,1710,5,4.2,1,2016,8,Uptown,Excellent,2.0,0,18.6,583800.0
HSE-10403,2103,4,3.0,2,1990,34,Suburbs,Good,,0,32.0,489600.0
HSE-10404,2130,3,1.8,2,2007,17,Rural,Good,1.0,0,8.3,454100.0
HSE-10405,1807,4,3.0,1,1986,38,Suburbs,Excellent,1.0,0,14.1,511600.0
HSE-10406,2504,3,2.2,1,1985,39,Downtown,Good,2.0,0,15.4,609600.0
HSE-10407,1406,4,3.0,2,1965,59,Suburbs,Good,1.0,0,12.9,370400.0
HSE-10408,2007,3,2.2,1,2001,23,Rural,Good,0.0,0,9.9,402400.0
HSE-10409,2178,4,3.0,2,1977,47,Suburbs,Good,1.0,1,23.3,540400.0
HSE-10410,2434,4,3.0,2,1985,39,Suburbs,Excellent,2.0,0,8.0,649500.0
HSE-10411,2562,3,1.8,2,2010,14,Downtown,Good,0.0,1,2.6,699300.0
HSE-10412,1368,4,3.0,3,1973,51,Uptown,Good,1.0,0,20.6,407600.0
HSE-10413,1102,2,1.5,2,1981,43,Uptown,Fair,1.0,0,13.2,303500.0
HSE-10414,2930,3,2.2,1,2011,13,Suburbs,Good,0.0,1,20.9,604200.0
HSE-10415,2316,3,2.2,3,1985,39,Suburbs,Excellent,1.0,0,3.5,541500.0
HSE-10416,1613,5,3.8,2,1995,29,Uptown,Excellent,3.0,0,2.3,615000.0
HSE-10417,3108,4,3.0,1,2003,21,Rural,Fair,0.0,0,29.2,560800.0
HSE-10418,2175,4,3.0,1,2023,1,Waterfront,Good,2.0,0,3.6,694400.0
HSE-10419,2866,4,3.5,2,2018,6,Downtown,,1.0,0,18.6,696600.0
HSE-10420,2143,3,2.2,1,1986,38,Rural,Good,2.0,0,19.3,458700.0
HSE-10421,3439,5,4.2,2,1976,48,Downtown,Good,2.0,0,14.3,850300.0
HSE-10422,3240,3,2.2,2,2019,5,Downtown,Good,1.0,1,3.4,789500.0
HSE-10423,1938,3,2.2,1,1970,54,Downtown,Good,2.0,0,13.0,524200.0
HSE-10424,2731,2,2.0,2,2017,7,Downtown,Excellent,2.0,0,24.0,697900.0
HSE-10425,2519,4,3.0,1,1980,44,Uptown,Good,2.0,1,7.5,665000.0
HSE-10426,2989,4,3.0,1,1990,34,Downtown,Fair,1.0,0,7.3,736600.0
HSE-10427,1472,3,2.2,2,1969,55,Suburbs,Good,3.0,0,7.8,391900.0
HSE-10428,2545,1,1.0,1,1973,51,Suburbs,Excellent,2.0,0,2.9,529700.0
HSE-10429,2787,4,2.5,2,2010,14,Suburbs,Good,3.0,0,24.3,629000.0
HSE-10430,956,1,1.0,2,2004,20,Downtown,Good,2.0,0,22.3,353300.0
HSE-10431,1330,4,2.5,2,1978,46,Suburbs,Good,2.0,0,45.0,291100.0
HSE-10432,774,5,3.2,1,2008,16,Suburbs,Excellent,2.0,0,10.8,354200.0
HSE-10433,1924,3,2.8,1,2006,18,Uptown,Good,2.0,0,15.9,550400.0
HSE-10434,2566,2,1.5,2,1994,30,Uptown,Good,3.0,0,4.3,643300.0
HSE-10435,3076,4,3.0,3,2016,8,Uptown,Excellent,1.0,0,13.0,779700.0
HSE-10436,2148,4,3.5,2,2016,8,Downtown,Excellent,2.0,0,12.5,681300.0
HSE-10437,3158,3,2.2,2,1990,34,Rural,Good,1.0,0,25.1,572900.0
HSE-10438,1202,5,3.2,1,2017,7,Rural,Good,2.0,0,19.8,346600.0
HSE-10439,992,2,1.5,1,2009,15,Waterfront,Good,1.0,0,29.9,403700.0
HSE-10440,2063,3,2.2,2,1993,31,Uptown,Fair,1.0,1,22.3,487800.0
HSE-10441,2349,4,3.0,1,1983,41,Suburbs,Excellent,3.0,1,22.3,651600.0
HSE-10442,2078,4,3.0,1,2011,13,Rural,Good,1.0,1,2.7,569100.0
HSE-10443,756,2,2.0,3,1972,52,Suburbs,Excellent,2.0,0,20.7,233500.0
HSE-10444,2042,4,3.0,1,1987,37,Suburbs,Fair,2.0,0,11.4,516900.0
HSE-10445,1252,3,2.2,1,2017,7,Downtown,Good,1.0,0,6.8,456600.0
HSE-10446,2535,3,2.2,1,2006,18,Suburbs,Fair,1.0,0,2.6,595000.0
HSE-10447,2338,2,1.0,2,1999,25,Rural,Good,2.0,0,13.3,473000.0
HSE-10448,1489,4,3.5,2,1995,29,Downtown,Good,1.0,0,6.0,504800.0
HSE-10449,1765,2,1.0,2,2017,7,Downtown,Good,2.0,0,8.3,508500.0
HSE-10450,1411,3,2.2,2,1999,25,Uptown,Fair,3.0,0,13.4,370600.0
HSE-10451,2059,3,2.8,1,1996,28,Downtown,Good,1.0,1,26.3,582800.0
HSE-10452,2720,4,3.0,2,2022,2,Suburbs,Fair,1.0,0,19.5,580500.0
HSE-10453,1459,3,2.2,1,1969,55,Uptown,Good,2.0,1,8.0,486000.0
HSE-10454,2427,4,3.0,1,1980,44,Uptown,Good,2.0,0,6.9,668900.0
HSE-10455,1755,3,2.8,2,1981,43,Downtown,Good,1.0,1,4.7,537100.0
HSE-10456,1584,3,2.2,2,1996,28,Uptown,Good,0.0,0,6.7,440300.0
HSE-10457,2030,3,2.8,1,2002,22,Suburbs,Good,2.0,1,3.2,584900.0
HSE-10458,1427,4,2.5,1,2022,2,Suburbs,Good,3.0,0,37.4,378500.0
HSE-10459,1740,4,3.0,2,1996,28,Suburbs,Good,1.0,0,10.5,490300.0
HSE-10460,1321,1,1.2,1,2016,8,Suburbs,Fair,1.0,0,3.4,314600.0
HSE-10461,3377,3,1.8,1,1984,40,Waterfront,Excellent,3.0,0,6.4,925900.0
HSE-10462,2122,2,1.5,1,2012,12,Waterfront,Good,2.0,1,9.9,664200.0
HSE-10463,1645,3,1.8,1,2020,4,Downtown,Fair,2.0,1,9.6,530300.0
HSE-10464,2239,3,2.2,2,1966,58,Downtown,Fair,2.0,0,2.4,583800.0
HSE-10465,2026,3,2.2,1,1984,40,Uptown,Excellent,3.0,0,32.1,543100.0
HSE-10466,1956,3,2.2,1,2011,13,Suburbs,Good,2.0,0,5.2,535100.0
HSE-10467,2499,3,1.8,2,1982,42,Suburbs,Good,2.0,1,2.2,573500.0
HSE-10468,2592,3,2.2,2,1965,59,Rural,Good,2.0,0,2.8,529600.0
HSE-10469,1755,4,2.5,1,2022,2,Uptown,Good,2.0,0,10.7,544400.0
HSE-10470,1725,3,2.2,1,1993,31,Rural,Excellent,1.0,0,3.5,424500.0
HSE-10471,1921,2,1.5,1,1993,31,Suburbs,Good,1.0,0,2.4,478100.0
HSE-10472,650,4,3.5,2,1983,41,Uptown,Good,2.0,0,6.8,339700.0
HSE-10473,1115,3,2.2,2,2008,16,Suburbs,Excellent,1.0,0,11.7,358500.0
HSE-10474,2988,3,2.2,2,2004,20,Suburbs,Good,2.0,0,3.2,700600.0
HSE-10475,3169,3,2.8,3,1970,54,Downtown,Good,1.0,0,5.8,715100.0
HSE-10476,1938,3,2.2,2,2008,16,Suburbs,Good,2.0,0,7.4,478500.0
HSE-10477,2474,2,2.0,2,2003,21,Suburbs,Fair,1.0,0,3.7,544600.0
HSE-10478,2302,3,2.2,2,2014,10,Suburbs,Fair,2.0,0,9.1,561700.0
HSE-10479,4101,5,3.8,1,2018,6,Suburbs,Good,2.0,0,2.9,934000.0
HSE-10480,2827,3,1.8,3,2010,14,Uptown,Good,1.0,0,2.5,654000.0
HSE-10481,2016,3,2.2,1,1972,52,Downtown,Excellent,2.0,1,9.3,626600.0
HSE-10482,1478,3,1.8,1,1988,36,Suburbs,Excellent,1.0,1,4.8,444500.0
HSE-10483,1055,2,1.5,2,1984,40,Suburbs,Fair,1.0,1,3.0,330500.0
HSE-10484,2232,3,2.2,1,2018,6,Suburbs,Good,1.0,1,7.5,567800.0
HSE-10485,1608,4,3.0,2,1978,46,Uptown,Excellent,0.0,0,26.7,479700.0
HSE-10486,1175,2,1.5,2,1969,55,Suburbs,Good,3.0,0,14.9,299700.0
HSE-10487,1679,3,1.8,1,2005,19,Uptown,Good,0.0,0,18.9,426900.0
HSE-10488,1396,3,2.2,2,2004,20,Suburbs,Good,2.0,1,22.6,360500.0
HSE-10489,3196,3,2.2,1,1998,26,Suburbs,Good,1.0,0,38.0,596500.0
HSE-10490,2673,5,4.2,1,1980,44,Rural,Good,2.0,0,16.4,597400.0
HSE-10491,2094,2,1.5,2,2009,15,Uptown,Excellent,1.0,0,11.4,566100.0
HSE-10492,3061,3,2.8,2,1971,53,Suburbs,Good,2.0,0,6.5,677000.0
HSE-10493,2150,2,1.5,2,1980,44,Waterfront,Excellent,2.0,0,4.0,689700.0
HSE-10494,1540,5,3.8,1,1971,53,Downtown,Good,2.0,1,13.6,540100.0
HSE-10495,3090,2,1.0,2,1991,33,Waterfront,Excellent,1.0,0,45.0,708000.0
HSE-10496,2450,3,2.2,1,1978,46,Uptown,Good,2.0,1,8.3,660700.0
HSE-10497,1425,4,3.0,3,1978,46,Uptown,Good,1.0,0,14.9,436700.0
HSE-10498,1976,4,3.0,1,2008,16,Rural,Good,0.0,0,8.8,441400.0
HSE-10499,1530,3,2.2,2,1997,27,Suburbs,Good,1.0,1,7.7,428400.0
HSE-10500,1201,3,2.2,1,1997,27,Uptown,Good,1.0,1,7.3,389700.0
HSE-10501,2702,3,2.2,1,2008,16,Downtown,Fair,2.0,0,9.0,642000.0
HSE-10502,3341,3,2.2,2,1984,40,Suburbs,Fair,2.0,0,6.6,643800.0
HSE-10503,1190,2,1.0,2,2017,7,Suburbs,Good,1.0,0,15.8,325500.0
HSE-10504,2465,3,2.8,2,2011,13,Suburbs,Good,1.0,0,22.7,576900.0
HSE-10505,1677,3,1.8,2,2000,24,Uptown,,0.0,0,23.4,405400.0
HSE-10506,1783,3,1.8,2,1971,53,Downtown,Fair,2.0,1,4.6,491300.0
HSE-10507,1714,3,2.2,2,1996,28,Downtown,Excellent,2.0,0,24.6,536500.0
HSE-10508,1538,5,3.8,1,2012,12,Suburbs,Good,1.0,0,6.2,470000.0
HSE-10509,2131,3,2.2,2,1967,57,Downtown,,2.0,0,5.7,608000.0
HSE-10510,1559,2,1.5,1,2003,21,Rural,Good,2.0,1,15.0,398600.0
HSE-10511,2275,2,1.5,2,1993,31,Downtown,Fair,2.0,1,5.6,577900.0
HSE-10512,2067,5,3.8,2,1988,36,Uptown,Good,2.0,0,2.5,602100.0
HSE-10513,1944,3,2.8,3,1986,38,Uptown,Good,2.0,0,6.7,531800.0
HSE-10514,1510,2,2.0,2,1970,54,Uptown,Fair,2.0,0,14.8,346200.0
HSE-10515,1725,3,2.2,2,2012,12,Downtown,Fair,1.0,0,6.0,509100.0
HSE-10516,2591,3,2.2,2,1988,36,Waterfront,Fair,1.0,0,11.9,682600.0
HSE-10517,2425,3,2.2,1,2004,20,Downtown,Good,1.0,1,12.8,653800.0
HSE-10518,1464,3,1.8,2,1987,37,Rural,Good,2.0,1,15.2,398200.0
HSE-10519,2164,1,1.0,1,2018,6,Suburbs,Good,2.0,0,24.7,454300.0
HSE-10520,2588,5,3.8,2,2002,22,Suburbs,Fair,1.0,0,7.7,623600.0
HSE-10521,1014,3,2.8,1,1974,50,Suburbs,Good,1.0,0,3.8,331800.0
HSE-10522,2453,3,1.8,1,1980,44,Uptown,Good,2.0,0,5.8,587800.0
HSE-10523,1669,4,3.0,1,1975,49,Downtown,Good,2.0,0,7.7,545800.0
HSE-10524,2470,3,2.2,1,1996,28,Suburbs,Fair,2.0,0,14.5,532600.0
HSE-10525,1603,3,2.2,2,2009,15,Suburbs,Fair,2.0,0,2.1,450200.0
HSE-10526,926,3,1.8,1,1970,54,Rural,Good,2.0,0,5.8,225300.0
HSE-10527,1042,3,2.8,2,1988,36,Waterfront,Fair,0.0,0,17.1,400500.0
HSE-10528,2131,4,3.0,1,1997,27,Downtown,Good,,0,13.1,580400.0
HSE-10529,2268,5,3.8,2,2017,7,Uptown,Good,0.0,0,15.2,600800.0
HSE-10530,1512,2,1.5,2,2015,9,Downtown,Good,2.0,0,18.7,486100.0
HSE-10531,2515,2,1.5,2,1976,48,Downtown,Good,0.0,0,17.3,563200.0
HSE-10532,1020,5,3.8,2,2020,4,Rural,Good,2.0,0,13.5,326000.0
HSE-10533,2057,4,2.5,1,1991,33,Suburbs,Good,2.0,1,7.8,541400.0
HSE-10534,1312,4,2.5,2,2002,22,Downtown,Excellent,1.0,0,43.1,434800.0
HSE-10535,1676,2,2.0,1,1982,42,Suburbs,Good,2.0,1,10.4,422900.0
HSE-10536,2130,3,2.2,2,2009,15,Downtown,Good,1.0,0,4.3,575500.0
HSE-10537,1540,4,2.5,2,2003,21,Downtown,Good,1.0,0,5.5,504700.0
HSE-10538,1850,3,2.2,1,2019,5,Downtown,Good,2.0,0,13.8,561300.0
HSE-10539,2754,3,2.2,2,1977,47,Suburbs,Excellent,0.0,0,27.9,547400.0
HSE-10540,1725,1,1.0,2,2017,7,Downtown,Fair,2.0,1,4.0,517000.0
HSE-10541,2643,3,2.2,1,2004,20,Suburbs,Excellent,2.0,1,2.9,691500.0
HSE-10542,1365,3,1.8,1,1994,30,Suburbs,Good,3.0,1,23.3,396600.0
HSE-10543,2444,3,1.8,1,2017,7,Suburbs,Good,2.0,0,26.7,486000.0
HSE-10544,3037,5,3.2,2,2013,11,Uptown,Fair,1.0,0,5.2,740100.0
HSE-10545,650,3,2.8,2,2005,19,Downtown,Good,2.0,0,6.7,362000.0
HSE-10546,1582,4,2.5,1,2016,8,Uptown,Good,0.0,0,12.8,484300.0
HSE-10547,2475,2,1.0,1,1977,47,Uptown,Fair,1.0,0,6.0,520900.0
HSE-10548,1968,3,2.2,2,1998,26,Uptown,Good,,1,23.0,504300.0
HSE-10549,2341,5,4.2,2,2000,24,Downtown,Excellent,1.0,1,3.1,764400.0
HSE-10550,1707,2,1.5,1,1994,30,Downtown,Good,2.0,0,2.4,538200.0
HSE-10551,2156,1,1.0,1,1989,35,Suburbs,Good,1.0,0,4.3,437000.0
HSE-10552,1998,3,1.8,2,1966,58,Uptown,Fair,2.0,0,5.4,499300.0
HSE-10553,2859,2,1.5,1,2000,24,Downtown,Good,1.0,0,3.2,713100.0
HSE-10554,2265,4,3.0,1,1982,42,Waterfront,Good,2.0,0,2.7,717600.0
HSE-10555,2319,4,3.0,3,1969,55,Waterfront,Good,3.0,1,16.1,738100.0
HSE-10556,1832,3,2.2,2,1983,41,Suburbs,Good,,0,3.8,441900.0
HSE-10557,1783,3,2.2,1,2006,18,Suburbs,Good,,0,26.5,454300.0
HSE-10558,1818,3,1.8,1,1982,42,Uptown,Good,1.0,0,6.6,470700.0
HSE-10559,2356,4,3.0,1,2021,3,Suburbs,Good,0.0,0,13.1,567700.0
HSE-10560,1826,1,1.0,1,1996,28,Suburbs,Excellent,2.0,1,4.6,487600.0
HSE-10561,2288,3,2.2,2,1985,39,Rural,,2.0,0,4.7,492600.0
HSE-10562,3449,3,2.8,1,1974,50,Suburbs,Good,0.0,1,10.5,686900.0
HSE-10563,2666,3,2.8,2,2001,23,Rural,Good,0.0,0,10.2,506600.0
HSE-10564,1888,2,2.0,2,2013,11,Uptown,Excellent,1.0,0,16.6,556100.0
HSE-10565,2880,4,3.0,1,1986,38,Uptown,Fair,2.0,0,16.2,620600.0
HSE-10566,1834,2,1.5,1,1977,47,Suburbs,Good,2.0,0,13.1,421000.0
HSE-10567,775,2,1.5,2,2019,5,Suburbs,Good,2.0,0,8.0,264300.0
HSE-10568,1444,4,3.0,2,1981,43,Downtown,Good,2.0,0,24.1,430900.0
HSE-10569,883,4,3.0,2,1973,51,Suburbs,Good,2.0,0,11.7,324200.0
HSE-10570,1871,1,1.0,1,1988,36,Suburbs,Fair,2.0,0,45.0,308100.0
HSE-10571,2111,2,1.5,2,2008,16,Suburbs,Good,2.0,1,19.1,505500.0
HSE-10572,3189,2,1.5,2,1978,46,Suburbs,Fair,2.0,1,2.5,692700.0
HSE-10573,2312,3,2.2,2,2010,14,Suburbs,Fair,2.0,0,5.9,531200.0
HSE-10574,1957,2,2.0,1,1972,52,Uptown,Excellent,2.0,1,10.5,590400.0
HSE-10575,2639,2,1.0,2,2019,5,Suburbs,Good,2.0,0,14.8,551600.0
HSE-10576,662,3,2.2,2,2001,23,Suburbs,Good,3.0,0,10.0,264800.0
HSE-10577,2253,4,3.5,1,1983,41,Uptown,Good,0.0,0,17.4,559000.0
HSE-10578,2601,3,2.2,2,1992,32,Rural,Good,0.0,1,5.3,563700.0
HSE-10579,1138,3,2.2,1,2010,14,Suburbs,Good,3.0,0,4.0,373600.0
HSE-10580,2843,2,1.5,1,2005,19,Suburbs,Excellent,1.0,0,2.6,648700.0
HSE-10581,2320,5,3.8,1,1994,30,Downtown,Excellent,2.0,0,10.5,730500.0
HSE-10582,1830,4,3.5,3,1971,53,Rural,Good,1.0,0,13.7,405000.0
HSE-10583,2511,4,3.0,1,2023,1,Uptown,Good,1.0,0,5.9,632600.0
HSE-10584,3575,4,3.0,2,2022,2,Uptown,Good,0.0,0,11.5,784000.0
HSE-10585,2218,5,3.2,2,1990,34,Suburbs,Good,1.0,0,2.5,615200.0
HSE-10586,2261,3,1.8,1,2004,20,Downtown,Fair,1.0,1,3.0,643200.0
HSE-10587,1801,2,2.0,2,2010,14,Suburbs,Good,,0,14.1,438400.0
HSE-10588,1547,3,2.2,2,2018,6,Uptown,Fair,2.0,1,6.6,517100.0
HSE-10589,2639,4,3.0,2,2010,14,Uptown,Fair,3.0,0,13.1,670400.0
HSE-10590,1543,4,2.5,2,1975,49,Rural,Fair,,0,19.8,335500.0
HSE-10591,2146,3,2.2,2,1978,46,Suburbs,Good,2.0,0,21.1,449800.0
HSE-10592,1789,2,2.0,1,1985,39,Suburbs,Good,2.0,0,3.9,423800.0
HSE-10593,2411,3,2.2,3,1972,52,Downtown,Good,2.0,1,8.7,672200.0
HSE-10594,2316,4,2.5,1,1967,57,Uptown,Good,2.0,0,15.2,539700.0
HSE-10595,2774,3,2.2,2,1992,32,Uptown,Fair,0.0,1,16.9,625900.0
HSE-10596,1768,3,2.2,1,1993,31,Suburbs,Good,0.0,0,17.4,405100.0
HSE-10597,1924,3,2.2,3,1987,37,Suburbs,Good,0.0,1,4.6,506100.0
HSE-10598,1463,3,2.8,2,1982,42,Downtown,Good,1.0,0,4.1,475100.0
HSE-10599,1811,4,3.0,2,1999,25,Suburbs,Excellent,2.0,0,10.9,521000.0
HSE-10600,2345,3,2.8,1,1977,47,Waterfront,Fair,1.0,0,15.5,612100.0
HSE-10601,2592,4,3.0,1,1976,48,Downtown,Good,2.0,0,5.8,656300.0
HSE-10602,1500,3,1.8,2,2011,13,Uptown,Good,3.0,0,3.1,494500.0
HSE-10603,2665,3,2.2,2,2014,10,Downtown,Excellent,3.0,0,14.6,753400.0
HSE-10604,2981,2,1.5,1,1969,55,Uptown,Good,3.0,0,5.6,672900.0
HSE-10605,2368,4,3.5,3,2003,21,Suburbs,Excellent,1.0,1,3.8,694600.0
HSE-10606,3319,3,2.2,2,1975,49,Waterfront,Good,2.0,0,3.6,857100.0
HSE-10607,1597,3,2.2,1,2022,2,Suburbs,Excellent,1.0,0,5.8,492800.0
HSE-10608,1290,3,2.2,2,2023,1,Downtown,Fair,2.0,0,11.0,435500.0
HSE-10609,943,5,3.2,2,1975,49,Suburbs,Fair,2.0,0,6.4,305500.0
HSE-10610,3072,2,1.5,2,2023,1,Downtown,Excellent,2.0,0,2.2,831600.0
HSE-10611,2525,4,3.0,1,2011,13,Suburbs,Excellent,1.0,0,3.0,675500.0
HSE-10612,2063,3,2.2,2,2006,18,Suburbs,Fair,2.0,0,5.4,490900.0
HSE-10613,2281,3,2.2,2,2011,13,Rural,Fair,0.0,0,12.8,486300.0
HSE-10614,1368,1,1.0,1,1995,29,Suburbs,Fair,0.0,0,3.0,314800.0
HSE-10615,3689,3,2.2,2,1995,29,Uptown,Fair,2.0,0,10.2,759000.0
HSE-10616,2183,3,2.2,2,1977,47,Rural,Good,1.0,0,3.3,457800.0
HSE-10617,2171,2,1.0,2,1978,46,Suburbs,Excellent,3.0,0,4.4,549000.0
HSE-10618,2571,3,2.8,1,2013,11,Uptown,Good,0.0,0,3.9,684000.0
HSE-10619,2412,4,3.0,2,2009,15,Suburbs,Good,2.0,0,2.7,669200.0
HSE-10620,2245,2,1.0,2,2006,18,Suburbs,Good,2.0,0,13.1,502400.0
HSE-10621,1586,4,3.0,1,1989,35,Downtown,Good,2.0,0,8.2,532300.0
HSE-10622,2406,3,2.2,1,1997,27,Rural,Good,2.0,0,19.8,484000.0
HSE-10623,3323,3,2.2,2,1997,27,Suburbs,Good,3.0,1,3.0,755500.0
HSE-10624,2974,3,2.2,2,1979,45,Downtown,Good,1.0,0,3.6,671800.0
HSE-10625,3135,2,1.0,1,1980,44,Downtown,Good,3.0,0,5.7,734400.0
HSE-10626,1767,2,1.0,2,2008,16,Waterfront,Good,1.0,0,16.5,565600.0
HSE-10627,1456,2,1.5,1,2022,2,Suburbs,Excellent,0.0,0,5.6,438000.0
HSE-10628,2018,2,2.0,2,2020,4,Uptown,Excellent,1.0,0,7.2,582800.0
HSE-10629,2136,3,2.8,3,2002,22,Uptown,Good,2.0,0,5.6,619400.0
HSE-10630,2811,4,2.5,2,1970,54,Uptown,Good,2.0,1,2.8,783700.0
HSE-10631,999,4,3.0,1,2008,16,Rural,Fair,2.0,0,30.0,229300.0
HSE-10632,3094,3,2.8,2,1989,35,Waterfront,Good,2.0,0,10.0,759300.0
HSE-10633,1997,2,1.5,1,1979,45,Suburbs,Good,1.0,0,17.5,427300.0
HSE-10634,1822,3,2.8,1,1968,56,Downtown,,3.0,1,12.7,551200.0
HSE-10635,1442,3,1.8,2,2020,4,Downtown,Good,0.0,0,9.2,426400.0
HSE-10636,1024,2,2.0,2,1968,56,Suburbs,Good,2.0,0,2.9,325100.0
HSE-10637,2635,3,2.2,1,1994,30,Downtown,Fair,1.0,0,12.3,608900.0
HSE-10638,2147,3,2.8,2,1998,26,Downtown,,2.0,0,3.7,657500.0
HSE-10639,1261,3,2.2,2,1991,33,Downtown,Fair,1.0,0,7.4,378300.0
HSE-10640,1258,3,2.2,1,1995,29,Rural,Excellent,1.0,1,11.9,356500.0
HSE-10641,1881,4,3.5,2,2020,4,Suburbs,Good,1.0,0,17.2,476000.0
HSE-10642,3184,4,3.0,2,1996,28,Rural,Good,1.0,0,13.6,666800.0
HSE-10643,1931,3,2.2,2,2008,16,Downtown,Good,1.0,0,13.1,527800.0
HSE-10644,1122,4,3.0,2,2003,21,Uptown,Good,1.0,0,3.6,438500.0
HSE-10645,1940,5,3.8,2,2016,8,Waterfront,Good,2.0,0,6.2,699700.0
HSE-10646,1922,3,2.8,1,1973,51,Suburbs,Good,2.0,0,2.4,461400.0
HSE-10647,650,3,2.2,2,2005,19,Downtown,Good,2.0,0,14.7,339200.0
HSE-10648,2064,3,2.2,2,1972,52,Downtown,Good,2.0,0,32.5,502000.0
HSE-10649,1949,5,3.8,1,1978,46,Suburbs,Excellent,2.0,0,5.1,590400.0
HSE-10650,2552,4,2.5,2,1997,27,Rural,Good,2.0,0,2.9,612300.0
HSE-10651,3301,2,1.5,3,1987,37,Waterfront,Good,2.0,0,8.5,790700.0
HSE-10652,2832,3,2.2,3,1985,39,Suburbs,Good,1.0,0,21.4,586300.0
HSE-10653,1925,3,2.2,1,2019,5,Suburbs,Good,2.0,0,10.0,453700.0
HSE-10654,1380,3,2.8,1,1976,48,Downtown,Good,0.0,1,2.5,493200.0
HSE-10655,3772,2,1.5,2,2021,3,Suburbs,Good,2.0,0,38.6,740000.0
HSE-10656,2138,4,3.0,1,1966,58,Uptown,Fair,2.0,0,19.6,451900.0
HSE-10657,2109,3,2.8,3,1977,47,Suburbs,Fair,1.0,0,3.4,468100.0
HSE-10658,2084,4,3.0,1,2023,1,Downtown,Good,2.0,0,27.5,567200.0
HSE-10659,2228,4,3.5,1,1968,56,Suburbs,Good,0.0,0,8.0,508700.0
HSE-10660,2006,4,3.0,1,1984,40,Suburbs,Excellent,1.0,0,6.7,526000.0
HSE-10661,1727,3,2.8,1,2014,10,Uptown,Good,0.0,1,8.2,533200.0
HSE-10662,1744,3,1.8,2,2015,9,Downtown,Good,2.0,0,20.0,529300.0
HSE-10663,2078,2,2.0,2,2012,12,Rural,Excellent,2.0,0,12.8,486800.0
HSE-10664,1746,3,2.2,1,2023,1,Waterfront,Good,2.0,0,2.6,607800.0
HSE-10665,1636,2,1.5,1,1978,46,Suburbs,Good,0.0,1,33.6,334300.0
HSE-10666,2169,3,2.2,2,1994,30,Suburbs,Fair,2.0,0,3.6,498800.0
HSE-10667,1934,2,1.5,1,1993,31,Waterfront,Good,2.0,0,15.7,574100.0
HSE-10668,3077,2,1.5,2,1972,52,Rural,Excellent,1.0,0,12.1,585400.0
HSE-10669,650,2,1.5,2,1976,48,Waterfront,,2.0,0,4.1,383800.0
HSE-10670,2809,1,1.0,2,2005,19,Suburbs,Good,0.0,0,3.9,604500.0
HSE-10671,2909,4,3.0,3,2002,22,Rural,Good,1.0,0,22.4,563400.0
HSE-10672,752,4,2.5,2,1990,34,Suburbs,Excellent,2.0,0,7.4,349900.0
HSE-10673,1877,3,2.2,3,2014,10,Uptown,Good,2.0,0,12.6,554700.0
HSE-10674,1858,2,1.5,1,1966,58,Rural,Good,1.0,0,9.0,355300.0
HSE-10675,1185,2,1.0,1,2019,5,Suburbs,Excellent,1.0,0,15.0,383300.0
HSE-10676,1594,1,1.0,1,2004,20,Rural,Fair,1.0,0,8.5,306300.0
HSE-10677,1378,2,1.5,2,2020,4,Suburbs,,1.0,0,5.4,360800.0
HSE-10678,3238,4,2.5,3,1978,46,Rural,Good,1.0,0,6.5,624000.0
HSE-10679,2708,2,1.5,2,1970,54,Suburbs,Good,1.0,1,21.6,567900.0
HSE-10680,2926,3,2.8,1,2006,18,Rural,Good,2.0,0,8.3,645400.0
HSE-10681,2569,2,1.0,3,2004,20,Suburbs,Good,1.0,0,4.4,594700.0
HSE-10682,1366,2,1.5,1,1995,29,Uptown,Good,2.0,0,29.3,381300.0
HSE-10683,1759,3,2.2,1,1981,43,Downtown,Good,2.0,0,17.9,487800.0
HSE-10684,2418,3,2.2,1,1989,35,Downtown,Good,1.0,0,2.6,639700.0
HSE-10685,1305,2,1.5,1,1996,28,Suburbs,Fair,0.0,0,45.0,213300.0
HSE-10686,2563,2,1.5,2,1976,48,Uptown,Fair,2.0,0,13.9,545600.0
HSE-10687,1943,3,2.2,1,2013,11,Suburbs,Excellent,0.0,0,3.7,509800.0
HSE-10688,1856,2,1.0,2,1977,47,Downtown,Good,,1,4.7,480400.0
HSE-10689,2562,2,1.5,2,1983,41,Suburbs,Excellent,0.0,1,13.8,562300.0
HSE-10690,2388,5,3.8,2,2008,16,Rural,Fair,2.0,1,17.1,565700.0
HSE-10691,1865,3,1.8,2,2012,12,Suburbs,Good,2.0,0,4.7,431900.0
HSE-10692,2853,3,2.2,1,1989,35,Suburbs,Good,3.0,1,5.0,673800.0
HSE-10693,1397,3,2.8,2,1995,29,Suburbs,Good,2.0,0,5.7,433900.0
HSE-10694,2500,3,2.2,2,2023,1,Downtown,Good,1.0,0,11.1,684100.0
HSE-10695,2485,3,2.2,1,2001,23,Suburbs,Fair,1.0,0,3.9,536800.0
HSE-10696,1898,3,2.8,2,1989,35,Downtown,Excellent,1.0,0,3.1,575500.0
HSE-10697,2311,4,3.0,1,1980,44,Waterfront,Fair,1.0,1,13.4,654500.0
HSE-10698,1286,2,1.5,1,2021,3,Uptown,Good,1.0,0,17.1,381000.0
HSE-10699,2700,3,2.2,2,2002,22,Downtown,Excellent,1.0,0,9.0,732700.0
HSE-10700,1979,3,2.8,2,2007,17,Suburbs,Excellent,1.0,0,6.5,576000.0
HSE-10701,1760,4,3.0,1,2013,11,Uptown,Excellent,1.0,1,7.7,567300.0
HSE-10702,2781,3,2.2,2,2022,2,Suburbs,Good,1.0,0,6.9,622200.0
HSE-10703,1642,3,2.2,2,1987,37,Uptown,Fair,3.0,1,34.2,392300.0
HSE-10704,1184,2,2.0,2,1978,46,Suburbs,Fair,2.0,0,16.6,279200.0
HSE-10705,1088,3,2.2,1,1970,54,Downtown,Good,3.0,0,4.3,404800.0
HSE-10706,2493,2,1.0,2,1989,35,Suburbs,Good,1.0,0,6.8,535700.0
HSE-10707,1267,3,2.8,1,1987,37,Waterfront,Fair,2.0,0,9.9,494100.0
HSE-10708,3240,2,1.5,2,2007,17,Suburbs,Good,1.0,0,11.5,678000.0
HSE-10709,746,3,1.8,1,1976,48,Downtown,Good,1.0,0,8.3,283800.0
HSE-10710,3202,2,1.5,1,1977,47,Suburbs,Good,1.0,0,18.6,613500.0
HSE-10711,2237,3,2.2,2,2000,24,Uptown,Good,3.0,0,16.6,546800.0
HSE-10712,2037,4,3.5,1,2003,21,Rural,Good,3.0,0,9.0,555800.0
HSE-10713,1745,2,1.5,1,1998,26,Downtown,Excellent,0.0,0,21.3,470300.0
HSE-10714,2359,3,2.8,1,1970,54,Downtown,Fair,1.0,0,15.9,520100.0
HSE-10715,2075,3,2.2,2,2002,22,Rural,Good,1.0,0,17.1,428100.0
HSE-10716,2817,1,1.0,1,2014,10,Downtown,Fair,1.0,0,33.3,574000.0
HSE-10717,2174,4,3.5,2,2016,8,Downtown,Fair,1.0,0,5.1,630000.0
HSE-10718,2197,2,1.5,1,2004,20,Downtown,Good,1.0,0,5.1,604900.0
HSE-10719,1863,3,2.2,1,1972,52,Uptown,Excellent,2.0,0,24.0,500400.0
HSE-10720,2062,3,2.2,1,1972,52,Suburbs,Good,1.0,0,16.8,442800.0
HSE-10721,2300,3,2.8,2,2004,20,Waterfront,Good,1.0,1,28.1,685500.0
HSE-10722,988,3,2.2,1,1997,27,Downtown,Good,0.0,0,2.7,401000.0
HSE-10723,1223,3,1.8,1,1998,26,Suburbs,Good,1.0,1,11.9,375500.0
HSE-10724,2583,1,1.0,3,2008,16,Uptown,Excellent,3.0,0,3.6,687200.0
HSE-10725,2211,4,3.0,2,1979,45,Suburbs,Good,1.0,0,9.0,513000.0
HSE-10726,1980,3,2.2,1,2000,24,Suburbs,Fair,2.0,0,3.7,478100.0
HSE-10727,2111,4,3.0,1,2021,3,Uptown,Good,2.0,1,3.4,614600.0
HSE-10728,2325,4,3.0,2,1999,25,Rural,Good,3.0,0,2.1,599400.0
HSE-10729,1749,4,2.5,1,2010,14,Rural,Good,2.0,0,11.9,426900.0
HSE-10730,1594,3,2.2,1,1986,38,Rural,Good,2.0,1,6.4,447900.0
HSE-10731,2227,3,2.8,2,1987,37,Waterfront,Fair,2.0,0,3.1,639800.0
HSE-10732,1464,4,3.0,2,2004,20,Suburbs,Good,0.0,0,5.9,427000.0
HSE-10733,2365,3,2.8,2,2009,15,Downtown,Fair,2.0,0,3.9,632200.0
HSE-10734,993,2,1.5,1,2019,5,Waterfront,Excellent,3.0,0,30.4,445900.0
HSE-10735,2768,4,2.5,1,2015,9,Suburbs,Good,2.0,0,5.9,675600.0
HSE-10736,2407,4,3.5,2,1986,38,Uptown,Good,3.0,0,6.1,687500.0
HSE-10737,2266,3,2.2,1,1969,55,Uptown,Excellent,2.0,0,20.3,610900.0
HSE-10738,2738,2,1.5,2,1995,29,Suburbs,Fair,2.0,0,12.4,569800.0
HSE-10739,3182,3,2.8,2,1977,47,Rural,Good,2.0,0,14.4,603600.0
HSE-10740,2759,4,2.5,1,1992,32,Downtown,Good,2.0,0,12.1,665900.0
HSE-10741,903,4,2.5,3,2022,2,Downtown,Good,2.0,0,31.2,398300.0
HSE-10742,1268,2,1.5,2,1984,40,Rural,Excellent,3.0,0,4.3,337000.0
HSE-10743,1693,2,1.5,2,1997,27,Downtown,Good,2.0,0,45.0,418200.0
HSE-10744,2116,4,2.5,1,1980,44,Suburbs,Fair,2.0,0,19.8,463800.0
HSE-10745,2436,3,1.8,1,1993,31,Downtown,Good,2.0,0,10.9,651700.0
HSE-10746,1628,3,1.8,2,1987,37,Waterfront,Good,1.0,0,12.9,541100.0
HSE-10747,2221,5,3.8,1,1988,36,Uptown,Excellent,0.0,1,12.5,657000.0
HSE-10748,1609,2,1.0,3,1998,26,Uptown,Good,3.0,0,2.6,523900.0
HSE-10749,1702,3,2.2,1,1971,53,Uptown,Good,2.0,0,4.5,501400.0
HSE-10750,1185,2,1.5,2,2002,22,Suburbs,Good,1.0,0,34.6,278800.0
HSE-10751,1499,3,2.2,1,2001,23,Waterfront,Good,1.0,0,9.6,522000.0
HSE-10752,1221,4,2.5,2,1968,56,Rural,Good,2.0,1,6.8,329700.0
HSE-10753,1465,3,2.2,1,1998,26,Suburbs,Good,2.0,0,16.4,385600.0
HSE-10754,2784,5,3.2,1,2006,18,Suburbs,Good,2.0,0,9.4,642300.0
HSE-10755,1482,3,2.2,1,1986,38,Rural,Good,2.0,0,2.1,369900.0
HSE-10756,3811,3,2.8,2,1969,55,Waterfront,Excellent,1.0,0,15.3,937900.0
HSE-10757,2420,2,1.5,1,2014,10,Rural,Good,1.0,0,15.2,509900.0
HSE-10758,2220,3,2.2,2,2006,18,Rural,Good,0.0,0,3.8,478200.0
HSE-10759,1542,3,2.2,2,1987,37,Downtown,Excellent,2.0,0,33.4,522300.0
HSE-10760,2555,2,1.5,1,2018,6,Uptown,Good,0.0,0,4.5,644100.0
HSE-10761,1725,3,2.8,2,1979,45,Downtown,Excellent,2.0,0,8.1,551200.0
HSE-10762,2179,3,2.8,1,1995,29,Suburbs,Excellent,2.0,0,3.2,608800.0
HSE-10763,3764,4,3.0,3,2023,1,Uptown,Good,2.0,0,11.2,870500.0
HSE-10764,2037,3,2.2,2,1973,51,Downtown,Good,3.0,0,6.7,574800.0
HSE-10765,2847,4,3.5,1,2007,17,Uptown,Fair,0.0,1,6.4,703300.0
HSE-10766,1642,1,1.2,1,2022,2,Downtown,Good,2.0,0,19.5,437200.0
HSE-10767,2077,2,1.5,1,2017,7,Downtown,Good,0.0,1,2.1,605700.0
HSE-10768,3251,3,2.2,3,1989,35,Suburbs,Good,0.0,0,18.0,645400.0
HSE-10769,1692,3,2.2,1,1989,35,Suburbs,Good,1.0,0,10.5,421800.0
HSE-10770,3278,1,1.2,2,2013,11,Suburbs,Good,0.0,0,44.8,565900.0
HSE-10771,2560,4,2.5,1,1985,39,Suburbs,Good,2.0,0,10.9,570400.0
HSE-10772,1734,4,3.0,3,1973,51,Rural,Excellent,2.0,1,2.6,533400.0
HSE-10773,2511,3,2.2,1,2019,5,Suburbs,Fair,0.0,1,2.5,596600.0
HSE-10774,2732,2,1.5,2,2012,12,Suburbs,Fair,0.0,0,23.5,508100.0
HSE-10775,2504,4,3.0,2,2002,22,Downtown,Good,2.0,0,20.4,624500.0
HSE-10776,1079,3,2.8,2,1986,38,Uptown,Excellent,2.0,0,6.2,467300.0
HSE-10777,1627,4,2.5,1,2007,17,Suburbs,Excellent,1.0,1,11.6,528600.0
HSE-10778,1939,4,3.0,1,1987,37,Uptown,Good,2.0,0,8.7,553900.0
HSE-10779,2051,4,2.5,1,2013,11,Uptown,Excellent,2.0,0,36.2,528800.0
HSE-10780,2503,3,1.8,2,1968,56,Suburbs,Good,2.0,0,31.9,526100.0
HSE-10781,2215,2,1.5,1,1993,31,Suburbs,Excellent,1.0,0,43.3,434100.0
HSE-10782,1232,3,2.2,2,1979,45,Rural,Fair,,0,22.1,236300.0
HSE-10783,2347,3,2.2,1,1965,59,Waterfront,Fair,2.0,0,26.0,586300.0
HSE-10784,2496,4,3.0,2,2018,6,Uptown,Fair,2.0,1,4.4,695800.0
HSE-10785,2463,2,1.0,3,1994,30,Suburbs,Good,2.0,0,19.8,506700.0
HSE-10786,2802,2,1.5,2,1993,31,Downtown,Good,3.0,0,14.3,597000.0
HSE-10787,2642,4,3.5,1,1984,40,Downtown,Good,1.0,0,34.9,624700.0
HSE-10788,2398,4,3.5,1,1997,27,Suburbs,Excellent,3.0,0,10.5,663100.0
HSE-10789,2054,4,3.0,1,2005,19,Downtown,Good,2.0,0,2.9,604300.0
HSE-10790,1020,4,3.0,1,2008,16,Uptown,Fair,2.0,0,11.1,420800.0
HSE-10791,2379,3,2.8,2,2000,24,Suburbs,Good,0.0,0,13.6,552700.0
HSE-10792,2234,3,1.8,2,1986,38,Uptown,Good,1.0,0,4.5,574400.0
HSE-10793,2276,4,3.5,3,1977,47,Waterfront,Excellent,2.0,0,7.0,710800.0
HSE-10794,1270,3,2.8,1,1971,53,Suburbs,Good,2.0,0,11.1,363100.0
HSE-10795,1397,3,1.8,2,1972,52,Waterfront,Good,0.0,0,6.7,486200.0
HSE-10796,2784,2,1.0,2,1992,32,Suburbs,Good,2.0,0,6.7,591100.0
HSE-10797,2074,3,2.8,2,2009,15,Waterfront,Good,0.0,0,3.4,670800.0
HSE-10798,2542,4,3.0,1,2007,17,Suburbs,Excellent,3.0,0,30.3,611600.0
HSE-10799,2118,3,1.8,2,1973,51,Suburbs,Fair,2.0,0,15.9,433300.0
HSE-10800,2119,2,1.5,2,1989,35,Uptown,Excellent,0.0,0,2.0,542900.0
HSE-10801,2709,3,2.2,2,2020,4,Downtown,Good,2.0,0,16.5,677300.0
HSE-10802,1764,2,1.5,3,1980,44,Rural,Good,3.0,0,15.5,371800.0
HSE-10803,2162,2,1.5,1,1974,50,Suburbs,Excellent,1.0,0,2.1,510100.0
HSE-10804,1799,3,2.8,1,1975,49,Suburbs,Good,2.0,0,6.6,453800.0
HSE-10805,1817,4,3.0,2,1995,29,Downtown,Good,1.0,0,11.3,561500.0
HSE-10806,1899,3,2.2,2,1976,48,Downtown,Fair,2.0,0,8.0,535200.0
HSE-10807,2244,2,1.5,1,1995,29,Suburbs,Good,1.0,0,17.1,448500.0
HSE-10808,1788,2,1.5,2,1978,46,Uptown,Excellent,1.0,0,7.5,525900.0
HSE-10809,2916,3,1.8,3,2015,9,Uptown,Good,1.0,0,3.7,720900.0
HSE-10810,1518,3,2.8,3,2008,16,Waterfront,Excellent,1.0,0,39.5,501200.0
HSE-10811,1978,4,3.5,1,1996,28,Rural,Good,2.0,0,4.8,490000.0
HSE-10812,1814,3,2.2,2,2014,10,Suburbs,Fair,1.0,0,14.6,430600.0
HSE-10813,3040,4,3.0,2,2017,7,Uptown,Fair,1.0,1,3.5,728100.0
HSE-10814,2227,3,2.2,2,1981,43,Downtown,Good,2.0,1,6.0,625900.0
HSE-10815,2770,3,2.2,2,1999,25,Uptown,Excellent,2.0,1,7.8,756700.0
HSE-10816,1134,3,2.2,2,1965,59,Downtown,Good,2.0,1,4.1,420400.0
HSE-10817,2273,5,3.8,2,1993,31,Rural,Good,3.0,0,8.0,534200.0
HSE-10818,2678,3,2.8,1,2015,9,Uptown,Excellent,,1,3.7,770200.0
HSE-10819,2153,3,2.2,2,1968,56,Rural,Good,1.0,0,10.2,485700.0
HSE-10820,2792,3,2.2,2,1987,37,Waterfront,Fair,2.0,0,12.9,697500.0
HSE-10821,1763,2,1.5,1,1992,32,Rural,Excellent,3.0,0,2.6,437100.0
HSE-10822,3016,3,1.8,2,1980,44,Waterfront,Good,1.0,0,22.5,724800.0
HSE-10823,3594,2,1.5,2,1976,48,Downtown,Fair,1.0,1,4.0,819300.0
HSE-10824,1864,3,2.2,2,2017,7,Suburbs,Good,1.0,0,4.6,453100.0
HSE-10825,1810,3,2.2,1,1985,39,Suburbs,Good,1.0,0,12.8,447400.0
HSE-10826,3044,3,2.2,2,2009,15,Suburbs,Good,2.0,0,8.3,671300.0
HSE-10827,3126,4,3.0,1,1981,43,Downtown,Good,2.0,0,8.9,755100.0
HSE-10828,1760,4,3.0,1,2004,20,Downtown,Fair,3.0,0,3.4,535000.0
HSE-10829,1826,4,3.0,2,1977,47,Downtown,Good,2.0,1,18.4,549000.0
HSE-10830,1916,2,1.5,1,2016,8,Rural,Excellent,1.0,0,11.6,429100.0
HSE-10831,1226,2,2.0,2,2022,2,Rural,Good,0.0,0,3.5,310100.0
HSE-10832,1502,3,2.2,1,1996,28,Suburbs,Good,3.0,0,6.7,378500.0
HSE-10833,1447,3,2.2,1,2001,23,Suburbs,,1.0,0,18.6,333700.0
HSE-10834,1600,3,2.2,1,2014,10,Downtown,Good,1.0,0,10.4,506500.0
HSE-10835,2077,1,1.0,3,1979,45,Suburbs,Fair,3.0,0,3.2,472000.0
HSE-10836,2252,3,1.8,2,1976,48,Uptown,Good,2.0,0,6.7,637400.0
HSE-10837,3107,1,1.0,2,2013,11,Downtown,Good,1.0,0,4.8,735000.0
HSE-10838,1451,4,3.0,1,2021,3,Downtown,Good,2.0,0,9.3,512900.0
HSE-10839,2739,2,1.5,1,1979,45,Waterfront,Good,3.0,0,20.5,654300.0
HSE-10840,1960,3,2.8,3,1998,26,Waterfront,Good,0.0,0,7.7,623500.0
HSE-10841,2067,1,1.0,1,1970,54,Suburbs,Good,2.0,0,7.7,407300.0
HSE-10842,2538,3,2.8,1,1981,43,Uptown,Good,1.0,0,25.6,559100.0
HSE-10843,1370,3,1.8,2,2012,12,Downtown,Good,2.0,0,10.6,485100.0
HSE-10844,2348,4,3.0,1,2013,11,Suburbs,Good,3.0,0,10.4,612500.0
HSE-10845,2208,4,3.5,2,2021,3,Suburbs,Good,3.0,0,5.0,592000.0
HSE-10846,2420,3,2.2,2,1984,40,Downtown,Good,1.0,0,11.4,566000.0
HSE-10847,2287,4,3.0,1,1973,51,Suburbs,Fair,1.0,0,10.6,504100.0
HSE-10848,3695,5,3.8,1,2023,1,Suburbs,Excellent,0.0,0,7.1,872500.0
HSE-10849,1685,4,2.5,1,1969,55,Uptown,Excellent,2.0,0,45.0,466900.0
HSE-10850,1754,4,3.0,2,1987,37,Uptown,Good,0.0,0,23.4,405300.0
HSE-10851,1694,2,1.5,2,1997,27,Suburbs,Fair,1.0,0,15.8,363500.0
HSE-10852,1738,3,2.8,1,2002,22,Suburbs,Good,0.0,0,9.7,459200.0
HSE-10853,1685,2,1.5,1,2020,4,Waterfront,Good,1.0,0,8.2,555300.0
HSE-10854,2872,2,2.0,2,1978,46,Suburbs,Good,0.0,1,4.0,587500.0
HSE-10855,3023,5,4.2,2,1981,43,Rural,Fair,2.0,0,5.6,627800.0
HSE-10856,1729,3,2.2,1,2021,3,Uptown,Good,1.0,1,16.9,524300.0
HSE-10857,1558,4,3.0,1,1983,41,Suburbs,Good,1.0,0,8.0,414200.0
HSE-10858,2406,4,3.5,1,1997,27,Suburbs,Excellent,2.0,0,23.4,605900.0
HSE-10859,1741,4,3.5,2,1965,59,Suburbs,Good,2.0,0,3.6,499700.0
HSE-10860,2511,5,3.8,3,1977,47,Suburbs,Good,1.0,0,9.1,591400.0
HSE-10861,2231,2,1.5,1,2010,14,Suburbs,Fair,0.0,0,12.4,482900.0
HSE-10862,1114,1,1.0,2,1991,33,Uptown,Fair,2.0,0,9.3,315600.0
HSE-10863,3105,3,2.2,1,1970,54,Suburbs,Excellent,1.0,0,24.0,645500.0
HSE-10864,3267,2,1.5,1,2023,1,Downtown,Good,2.0,0,45.0,686500.0
HSE-10865,1701,1,1.0,1,1970,54,Downtown,Good,1.0,0,3.2,453700.0
HSE-10866,1847,3,1.8,2,1997,27,Suburbs,Good,1.0,0,3.4,475200.0
HSE-10867,2285,4,2.5,2,1994,30,Suburbs,Excellent,2.0,1,3.4,652500.0
HSE-10868,2317,3,2.2,2,2010,14,Suburbs,Excellent,2.0,0,13.4,585500.0
HSE-10869,2528,3,2.2,1,1999,25,Suburbs,Fair,3.0,0,6.7,501600.0
HSE-10870,3406,3,2.2,1,1987,37,Uptown,Fair,0.0,0,15.2,709100.0
HSE-10871,1984,2,1.5,1,1974,50,Suburbs,Good,2.0,0,7.2,408200.0
HSE-10872,1581,1,1.0,2,2015,9,Uptown,Good,0.0,0,11.9,400400.0
HSE-10873,1203,4,2.5,1,1983,41,Downtown,Excellent,2.0,0,16.7,402900.0
HSE-10874,1624,3,2.2,2,2015,9,Downtown,Good,2.0,0,9.9,556600.0
HSE-10875,2078,4,3.5,1,1992,32,Downtown,Excellent,1.0,0,9.8,638100.0
HSE-10876,3266,1,1.0,1,1987,37,Uptown,Good,3.0,0,2.9,721600.0
HSE-10877,1763,4,3.0,2,1968,56,Suburbs,Excellent,2.0,0,7.3,526400.0
HSE-10878,2245,3,2.2,1,1984,40,Suburbs,Good,3.0,1,9.9,580000.0
HSE-10879,2089,3,2.8,1,1983,41,Downtown,Excellent,2.0,0,8.2,618200.0
HSE-10880,2872,3,2.2,1,2006,18,Suburbs,Fair,1.0,0,25.1,574800.0
HSE-10881,3742,4,3.0,2,1991,33,Downtown,Good,,0,25.7,812000.0
HSE-10882,1754,3,2.2,2,2021,3,Uptown,Good,1.0,1,19.3,494600.0
HSE-10883,1781,3,2.2,1,1998,26,Downtown,Good,1.0,0,6.7,543800.0
HSE-10884,2778,5,3.2,2,1968,56,Uptown,Good,2.0,0,14.6,674200.0
HSE-10885,2543,4,3.0,1,2020,4,Downtown,Excellent,2.0,1,7.0,737300.0
HSE-10886,3300,3,1.8,1,2002,22,Uptown,Good,3.0,0,4.6,794100.0
HSE-10887,2479,4,3.0,1,1971,53,Uptown,Good,1.0,0,6.2,620700.0
HSE-10888,1866,3,2.2,2,2012,12,Downtown,Fair,2.0,0,2.7,581000.0
HSE-10889,2483,2,1.5,1,1971,53,Uptown,Excellent,3.0,0,6.0,638900.0
HSE-10890,2820,3,2.8,1,2014,10,Waterfront,Good,2.0,1,8.2,801500.0
HSE-10891,2633,4,2.5,1,2016,8,Downtown,Good,1.0,0,33.1,595000.0
HSE-10892,2429,4,3.5,1,1990,34,Downtown,Fair,2.0,0,5.8,671400.0
HSE-10893,2793,3,2.2,2,1990,34,Uptown,Good,1.0,0,25.3,616000.0
HSE-10894,2860,3,2.2,1,2018,6,Downtown,Fair,1.0,0,4.6,675700.0
HSE-10895,2998,2,1.0,1,1983,41,Suburbs,Fair,1.0,0,4.1,566000.0
HSE-10896,2521,5,4.2,2,1973,51,Rural,Good,2.0,0,9.3,607400.0
HSE-10897,1991,5,3.2,1,1984,40,Suburbs,Fair,2.0,1,13.2,526800.0
HSE-10898,2195,3,1.8,2,2006,18,Uptown,Fair,2.0,0,2.5,589600.0
HSE-10899,2884,4,3.0,2,2009,15,Uptown,,3.0,0,4.5,760200.0
HSE-10900,1568,4,3.0,1,2014,10,Rural,Fair,0.0,0,8.1,353400.0
HSE-10901,2339,3,2.2,2,1980,44,Suburbs,Good,2.0,0,6.0,582600.0
HSE-10902,1844,2,1.0,1,2018,6,Downtown,Fair,2.0,0,14.5,475200.0
HSE-10903,2118,3,2.2,2,1981,43,Downtown,Good,1.0,0,9.2,573800.0
HSE-10904,2930,3,2.2,1,1986,38,Suburbs,Good,2.0,0,3.7,675900.0
HSE-10905,2224,3,2.2,1,1977,47,Suburbs,Good,1.0,0,24.5,463200.0
HSE-10906,2130,3,2.2,2,1976,48,Downtown,,2.0,0,5.5,551800.0
HSE-10907,1216,5,3.8,2,1974,50,Downtown,Fair,1.0,0,15.1,394400.0
HSE-10908,2585,2,1.5,3,1965,59,Suburbs,Fair,1.0,0,17.1,489300.0
HSE-10909,2519,3,2.2,2,1996,28,Uptown,Good,2.0,0,35.0,580400.0
HSE-10910,3506,3,2.2,1,1994,30,Uptown,Excellent,1.0,0,8.9,841800.0
HSE-10911,1899,3,2.8,1,1972,52,Uptown,Good,1.0,0,11.6,521600.0
HSE-10912,2242,3,2.8,1,1985,39,Rural,Good,1.0,0,6.1,467700.0
HSE-10913,2262,3,2.8,2,1986,38,Downtown,Fair,1.0,0,13.3,587400.0
HSE-10914,3125,2,1.5,1,1982,42,Rural,Good,,1,8.2,614500.0
HSE-10915,2038,3,1.8,2,1966,58,Waterfront,Good,2.0,0,7.8,616900.0
HSE-10916,2281,3,2.2,1,2012,12,Suburbs,Good,2.0,0,21.3,580700.0
HSE-10917,2495,2,1.5,1,2008,16,Suburbs,Excellent,2.0,0,2.5,621300.0
HSE-10918,2221,4,3.0,1,1973,51,Downtown,Good,1.0,0,23.4,518700.0
HSE-10919,1809,3,2.2,2,1967,57,Downtown,Fair,1.0,0,21.1,426100.0
HSE-10920,2226,3,2.8,2,2018,6,Downtown,Good,2.0,0,9.1,682000.0
HSE-10921,2797,4,3.5,2,1990,34,Downtown,Good,2.0,1,8.7,754800.0
HSE-10922,1432,2,1.5,1,1985,39,Uptown,Good,1.0,1,6.5,469800.0
HSE-10923,2186,1,1.0,2,1994,30,Downtown,Good,1.0,0,45.0,427100.0
HSE-10924,1644,4,3.0,1,1992,32,Suburbs,Good,2.0,0,3.2,465400.0
HSE-10925,2876,3,1.8,2,2000,24,Waterfront,Good,2.0,0,10.9,762200.0
HSE-10926,1109,3,2.2,2,1990,34,Suburbs,Excellent,2.0,0,13.4,410000.0
HSE-10927,1736,4,2.5,1,1998,26,Rural,Good,0.0,0,29.2,347900.0
HSE-10928,2345,4,3.0,2,1972,52,Suburbs,Good,2.0,0,17.2,494800.0
HSE-10929,3117,5,3.8,2,1974,50,Rural,Good,0.0,0,12.3,688100.0
HSE-10930,2057,3,2.2,1,2012,12,Suburbs,Good,2.0,0,3.2,538900.0
HSE-10931,1739,3,2.2,2,2019,5,Suburbs,Excellent,2.0,0,6.7,529100.0
HSE-10932,3322,3,2.2,1,2007,17,Suburbs,Good,2.0,1,3.5,733800.0
HSE-10933,1158,2,2.0,1,2014,10,Uptown,Good,1.0,1,23.3,397300.0
HSE-10934,670,3,2.2,1,2018,6,Waterfront,,3.0,0,15.8,430000.0
HSE-10935,2386,3,2.2,1,1978,46,Downtown,Fair,2.0,0,16.2,543500.0
HSE-10936,1773,4,3.0,2,2004,20,Rural,Good,2.0,1,12.6,490000.0
HSE-10937,1436,3,2.2,1,2019,5,Downtown,Fair,1.0,0,9.1,412400.0
HSE-10938,2560,3,2.8,2,1979,45,Uptown,Excellent,1.0,0,3.6,645000.0
HSE-10939,2258,3,2.2,1,1981,43,Waterfront,Excellent,3.0,0,6.0,741600.0
HSE-10940,1733,2,1.5,3,2017,7,Suburbs,Fair,2.0,1,3.5,445900.0
HSE-10941,1267,1,1.0,2,1982,42,Suburbs,Fair,2.0,0,14.9,260500.0
HSE-10942,2667,3,2.8,2,1996,28,Rural,Good,1.0,0,3.7,577000.0
HSE-10943,2522,2,1.0,1,2002,22,Rural,Good,1.0,1,14.1,511200.0
HSE-10944,2035,3,2.2,1,1987,37,Rural,Fair,3.0,0,13.8,440300.0
HSE-10945,3300,4,3.0,1,2010,14,Rural,Good,2.0,1,8.1,747600.0
HSE-10946,1404,4,3.0,2,1987,37,Suburbs,Good,1.0,0,3.5,381000.0
HSE-10947,1108,3,2.2,2,1999,25,Waterfront,Fair,1.0,0,5.8,433600.0
HSE-10948,1650,2,1.5,1,2003,21,Downtown,Excellent,2.0,0,5.9,513600.0
HSE-10949,2070,4,3.0,1,1979,45,Rural,Excellent,0.0,0,14.1,461800.0
HSE-10950,2258,4,3.5,2,2017,7,Downtown,Good,2.0,0,3.2,679700.0
HSE-10951,1943,2,1.5,1,1988,36,Downtown,Excellent,1.0,0,19.7,525900.0
HSE-10952,2328,4,3.0,2,1992,32,Downtown,Good,2.0,0,16.3,572500.0
HSE-10953,1286,3,2.2,2,1980,44,Suburbs,Good,1.0,1,4.1,414700.0
HSE-10954,3038,4,2.5,2,1980,44,Suburbs,Good,3.0,0,14.7,667200.0
HSE-10955,2046,5,3.8,1,2004,20,Rural,Good,1.0,0,13.0,475100.0
HSE-10956,2826,1,1.0,1,2003,21,Waterfront,Excellent,2.0,0,15.8,767400.0
HSE-10957,2322,4,3.0,2,1970,54,Suburbs,Good,0.0,0,4.1,487700.0
HSE-10958,2396,3,1.8,3,1966,58,Uptown,Excellent,2.0,0,3.7,588100.0
HSE-10959,2470,5,3.8,1,2018,6,Uptown,Good,3.0,0,4.7,767800.0
HSE-10960,2391,3,2.2,1,1977,47,Downtown,Good,2.0,0,6.6,620800.0
HSE-10961,2517,4,3.0,2,2008,16,Suburbs,Good,2.0,0,17.8,581200.0
HSE-10962,2963,2,1.5,3,2011,13,Waterfront,Fair,2.0,0,15.4,736000.0
HSE-10963,2227,3,1.8,2,2023,1,Uptown,Fair,2.0,0,28.0,521700.0
HSE-10964,2560,2,2.0,3,1973,51,Downtown,Good,3.0,0,2.6,650500.0
HSE-10965,2041,5,4.2,1,1998,26,Uptown,Good,3.0,0,2.1,655400.0
HSE-10966,3036,4,3.0,1,1981,43,Suburbs,Good,1.0,0,14.0,648100.0
HSE-10967,1660,4,2.5,2,1991,33,Downtown,Good,3.0,0,5.3,552600.0
HSE-10968,3270,5,3.8,2,1993,31,Suburbs,Good,1.0,0,6.1,744400.0
HSE-10969,2073,2,2.0,1,2001,23,Suburbs,Good,1.0,0,9.9,462400.0
HSE-10970,1169,3,2.2,1,2007,17,Uptown,Good,0.0,0,3.1,380600.0
HSE-10971,2183,2,1.0,2,1986,38,Rural,Good,1.0,1,12.3,481600.0
HSE-10972,1657,2,1.5,1,2015,9,Downtown,Excellent,2.0,0,5.9,558900.0
HSE-10973,2646,2,2.0,1,1988,36,Suburbs,Good,2.0,0,12.0,594400.0
HSE-10974,1675,3,2.2,2,1971,53,Uptown,Good,2.0,0,20.0,441700.0
HSE-10975,1809,3,2.2,2,1998,26,Waterfront,Excellent,2.0,1,3.9,685000.0
HSE-10976,871,2,1.5,2,2012,12,Uptown,Excellent,2.0,0,28.7,333500.0
HSE-10977,1806,2,1.5,1,1976,48,Waterfront,Excellent,2.0,0,9.6,613800.0
HSE-10978,650,2,1.0,2,1987,37,Downtown,Good,1.0,0,27.6,234300.0
HSE-10979,1070,5,3.8,2,1979,45,Uptown,Fair,2.0,0,4.3,388200.0
HSE-10980,2594,4,2.5,2,1997,27,Suburbs,Good,2.0,0,11.3,617700.0
HSE-10981,2610,5,3.8,2,2021,3,Suburbs,Good,2.0,0,7.2,673600.0
HSE-10982,2376,3,2.2,1,1977,47,Downtown,Excellent,2.0,0,16.9,630900.0
HSE-10983,1471,3,2.2,1,1987,37,Downtown,Good,2.0,0,11.3,479700.0
HSE-10984,2068,4,2.5,1,2002,22,Rural,Fair,1.0,0,8.8,433500.0
HSE-10985,2097,3,2.2,1,1996,28,Waterfront,Fair,1.0,0,26.4,555800.0
HSE-10986,1347,3,2.2,2,2009,15,Suburbs,Fair,2.0,0,6.7,368700.0
HSE-10987,3077,2,1.0,2,2014,10,Suburbs,Good,2.0,1,4.5,727700.0
HSE-10988,2670,2,1.0,2,1999,25,Suburbs,Good,2.0,0,11.4,569800.0
HSE-10989,1956,3,1.8,2,1965,59,Suburbs,Excellent,1.0,0,11.8,469200.0
HSE-10990,2117,3,2.8,1,2011,13,Uptown,Excellent,1.0,0,7.8,588200.0
HSE-10991,2235,3,2.2,1,2022,2,Rural,Good,2.0,1,8.7,567700.0
HSE-10992,772,2,1.5,1,2009,15,Rural,Good,2.0,0,34.1,189700.0
HSE-10993,1939,2,1.0,1,1969,55,Uptown,Good,2.0,0,15.2,442800.0
HSE-10994,1656,4,3.0,1,2021,3,Waterfront,Good,1.0,0,3.2,666000.0
HSE-10995,1448,2,2.0,2,1977,47,Downtown,,1.0,0,4.4,480100.0
HSE-10996,1917,3,2.8,3,2018,6,Suburbs,Good,2.0,0,39.1,427400.0
HSE-10997,3268,4,3.0,1,1969,55,Downtown,Good,1.0,0,15.0,746900.0
HSE-10998,2516,2,1.0,1,1996,28,Downtown,Good,2.0,0,26.7,566400.0
HSE-10999,1728,2,1.0,2,2015,9,Uptown,Fair,2.0,0,5.6,497100.0
HSE-11000,2472,3,1.8,1,1985,39,Suburbs,Fair,1.0,0,15.5,516600.0
HSE-11001,3009,3,2.2,2,1988,36,Suburbs,,2.0,0,14.5,651100.0
HSE-11002,2701,3,1.8,2,1982,42,Suburbs,Good,2.0,0,5.5,636700.0
HSE-11003,2138,4,3.0,3,1985,39,Rural,Good,1.0,0,10.0,454900.0
HSE-11004,1679,2,1.5,1,2018,6,Downtown,Good,1.0,1,11.9,536800.0
HSE-11005,2553,3,2.8,2,1974,50,Uptown,Excellent,1.0,0,8.6,660500.0
HSE-11006,2355,3,2.2,2,1988,36,Uptown,Good,2.0,0,19.6,565900.0
HSE-11007,2681,2,2.0,2,2004,20,Suburbs,Good,2.0,1,19.9,600600.0
HSE-11008,2512,3,2.2,1,2011,13,Downtown,Good,,0,21.0,655600.0
HSE-11009,2782,3,1.8,1,1985,39,Rural,Good,2.0,0,18.3,563200.0
HSE-11010,1752,3,2.2,2,1989,35,Downtown,Good,2.0,1,8.7,519300.0
HSE-11011,2956,2,1.5,2,2016,8,Rural,Excellent,2.0,0,6.8,687800.0
HSE-11012,2228,3,2.2,2,2021,3,Suburbs,Good,2.0,0,19.8,556000.0
HSE-11013,3448,3,2.2,2,2023,1,Suburbs,Good,1.0,1,8.7,772500.0
HSE-11014,1652,4,3.5,2,1987,37,Rural,Fair,2.0,1,4.8,419500.0
HSE-11015,3228,2,1.5,1,1986,38,Waterfront,Good,2.0,0,9.1,823100.0
HSE-11016,2228,3,2.2,2,1968,56,Rural,Good,2.0,0,3.5,490500.0
HSE-11017,1676,3,2.8,2,1998,26,Uptown,Excellent,2.0,0,13.8,543900.0
HSE-11018,1785,4,2.5,2,2020,4,Rural,Good,1.0,0,6.1,465600.0
HSE-11019,1891,3,2.2,2,1970,54,Waterfront,Fair,2.0,0,5.0,594000.0
HSE-11020,2375,3,2.2,1,1992,32,Waterfront,Good,1.0,0,33.4,634700.0
HSE-11021,2439,4,3.5,2,1995,29,Downtown,Good,2.0,1,17.0,673300.0
HSE-11022,1727,4,3.5,1,1999,25,Downtown,Good,2.0,1,17.5,557200.0
HSE-11023,2084,3,2.8,1,2003,21,Rural,Good,2.0,0,11.8,487800.0
HSE-11024,3492,3,1.8,2,2006,18,Downtown,Good,2.0,0,20.3,837100.0
HSE-11025,3222,4,3.5,1,1987,37,Downtown,Fair,2.0,0,16.2,743300.0
HSE-11026,2383,5,3.8,2,1970,54,Downtown,Good,1.0,0,11.1,645600.0
HSE-11027,2124,4,3.0,1,1980,44,Downtown,Good,3.0,0,34.5,569500.0
HSE-11028,2178,3,1.8,1,1966,58,Downtown,Good,2.0,0,4.1,561600.0
HSE-11029,2498,2,1.5,2,1988,36,Suburbs,Good,2.0,0,30.7,510800.0
HSE-11030,1435,3,2.8,2,1981,43,Rural,Good,1.0,1,7.1,381600.0
HSE-11031,1932,4,3.5,2,2009,15,Downtown,Good,2.0,0,9.5,628200.0
HSE-11032,1015,3,2.2,2,1965,59,Downtown,Good,1.0,0,3.3,352300.0
HSE-11033,2359,3,1.8,2,1970,54,Suburbs,Good,2.0,0,9.8,571700.0
HSE-11034,2520,4,3.0,1,1969,55,Suburbs,Excellent,1.0,0,11.4,590300.0
HSE-11035,1785,3,2.8,1,2021,3,Suburbs,Good,2.0,1,45.0,451500.0
HSE-11036,3123,4,3.0,1,2009,15,Uptown,Good,2.0,0,39.0,697600.0
HSE-11037,1303,3,2.2,2,2019,5,Suburbs,Fair,1.0,0,35.9,270000.0
HSE-11038,1148,3,1.8,2,2014,10,Rural,Fair,2.0,0,6.3,319500.0
HSE-11039,2245,3,2.2,1,1993,31,Suburbs,Fair,2.0,0,45.0,410800.0
HSE-11040,2780,4,3.0,2,1976,48,Suburbs,Good,1.0,1,8.1,663200.0
HSE-11041,3194,2,2.0,2,2003,21,Suburbs,Fair,2.0,0,21.1,606700.0
HSE-11042,1801,2,1.5,1,2011,13,Suburbs,Good,1.0,0,4.4,443500.0
HSE-11043,2801,5,3.8,1,1967,57,Uptown,Good,0.0,0,9.0,668300.0
HSE-11044,2074,2,1.5,2,2012,12,Waterfront,Good,1.0,0,35.8,567000.0
HSE-11045,1987,3,1.8,2,1965,59,Uptown,Good,2.0,0,31.4,459600.0
HSE-11046,2674,3,2.8,2,1991,33,Suburbs,Good,1.0,0,13.5,584000.0
HSE-11047,2524,3,2.2,1,2012,12,Suburbs,Good,2.0,0,18.0,567300.0
HSE-11048,1075,3,2.2,3,1988,36,Downtown,Good,2.0,1,3.9,456300.0
HSE-11049,3059,2,1.5,1,2008,16,Rural,Good,0.0,0,14.8,579400.0
HSE-11050,2997,3,2.2,1,1983,41,Suburbs,Good,2.0,0,11.6,644200.0
HSE-11051,1693,3,2.2,3,2023,1,Uptown,Good,1.0,1,3.0,596100.0
HSE-11052,2357,3,2.2,1,1972,52,Downtown,Good,2.0,0,3.2,627600.0
HSE-11053,2421,2,1.5,2,2019,5,Suburbs,Excellent,1.0,0,3.1,639600.0
HSE-11054,2269,3,2.2,1,2008,16,Downtown,Good,1.0,0,14.9,591500.0
HSE-11055,1742,2,1.0,2,2011,13,Suburbs,Fair,2.0,0,3.5,415600.0
HSE-11056,1663,3,2.2,2,1966,58,Uptown,Good,3.0,0,8.3,465900.0
HSE-11057,2083,2,1.0,1,1994,30,Suburbs,Good,1.0,0,6.4,472500.0
HSE-11058,2862,2,1.5,2,1994,30,Uptown,Good,2.0,0,10.0,651600.0
HSE-11059,2453,4,3.5,1,2013,11,Suburbs,Good,1.0,0,14.3,584700.0
HSE-11060,1859,3,2.8,2,2003,21,Rural,Good,2.0,0,13.5,397000.0
HSE-11061,2601,4,3.0,1,2009,15,Suburbs,Excellent,2.0,0,9.2,700100.0
HSE-11062,650,5,3.8,1,1996,28,Rural,Good,1.0,0,8.2,264900.0
HSE-11063,2846,3,1.8,1,1965,59,Waterfront,Good,1.0,0,7.1,756300.0
HSE-11064,969,2,1.5,1,2002,22,Rural,Fair,1.0,0,21.8,189500.0
HSE-11065,1864,3,2.8,2,1977,47,Downtown,Excellent,1.0,0,6.0,578100.0
HSE-11066,1372,4,3.0,1,1975,49,Uptown,Excellent,1.0,0,5.0,480500.0
HSE-11067,1258,3,2.2,1,1974,50,Suburbs,Fair,2.0,0,15.6,315400.0
HSE-11068,2854,2,2.0,1,2012,12,Suburbs,Good,3.0,1,6.5,665700.0
HSE-11069,1795,3,2.8,1,2023,1,Downtown,Good,0.0,0,20.8,537700.0
HSE-11070,2325,4,3.0,2,1990,34,Suburbs,Good,2.0,0,6.0,568900.0
HSE-11071,2069,4,3.0,3,2020,4,Rural,Good,2.0,0,14.1,524100.0
HSE-11072,2410,2,1.0,1,2019,5,Suburbs,Fair,3.0,0,2.5,518800.0
HSE-11073,2149,3,1.8,2,1984,40,Downtown,Excellent,2.0,0,6.9,594800.0
HSE-11074,1266,2,2.0,2,1981,43,Uptown,,2.0,1,6.2,411300.0
HSE-11075,2747,2,2.0,1,1981,43,Downtown,Good,2.0,1,19.0,663200.0
HSE-11076,1779,4,3.0,2,1968,56,Uptown,Good,1.0,0,36.1,439700.0
HSE-11077,1088,2,1.0,2,1969,55,Suburbs,Good,0.0,0,8.2,264200.0
HSE-11078,1821,3,2.8,2,1987,37,Downtown,Fair,1.0,0,19.4,509400.0
HSE-11079,3075,1,1.0,2,2010,14,Suburbs,Fair,0.0,0,14.0,582400.0
HSE-11080,2652,4,3.0,1,2016,8,Rural,Good,2.0,0,36.2,533600.0
HSE-11081,1873,4,3.0,2,1974,50,Uptown,Good,1.0,1,18.7,516000.0
HSE-11082,1872,3,1.8,2,2010,14,Rural,Fair,2.0,1,2.8,483800.0
HSE-11083,1890,4,3.0,2,1992,32,Suburbs,Fair,1.0,1,14.5,441000.0
HSE-11084,3449,2,1.5,2,1997,27,Suburbs,Fair,3.0,0,9.7,705500.0
HSE-11085,2348,3,1.8,1,2007,17,Suburbs,Good,2.0,0,2.2,547800.0
HSE-11086,2379,3,1.8,3,1990,34,Suburbs,Good,1.0,0,4.9,565300.0
HSE-11087,2769,2,1.0,2,2019,5,Suburbs,Fair,,0,27.5,512600.0
HSE-11088,2255,3,1.8,1,2014,10,Uptown,Good,2.0,0,28.0,563400.0
HSE-11089,1931,4,3.0,1,2012,12,Suburbs,Fair,0.0,0,18.0,446800.0
HSE-11090,1972,1,1.2,2,1993,31,Downtown,Excellent,1.0,0,42.1,427000.0
HSE-11091,2053,3,1.8,1,1991,33,Rural,Excellent,1.0,0,18.4,464700.0
HSE-11092,2075,2,1.0,1,1982,42,Uptown,Good,3.0,0,2.1,525600.0
HSE-11093,2572,2,1.5,2,2004,20,Downtown,Excellent,2.0,0,5.4,704100.0
HSE-11094,2133,4,3.5,1,1974,50,Suburbs,Excellent,2.0,0,2.3,560900.0
HSE-11095,2576,3,2.2,1,2022,2,Downtown,Excellent,2.0,0,3.0,739900.0
HSE-11096,2047,3,2.2,1,2006,18,Suburbs,Good,3.0,0,4.5,538300.0
HSE-11097,2151,4,3.0,1,1969,55,Uptown,Good,3.0,0,9.0,571800.0
HSE-11098,801,2,1.5,2,1974,50,Suburbs,Good,3.0,0,20.8,268100.0
HSE-11099,2695,3,1.8,2,2014,10,Waterfront,Good,1.0,0,21.8,711000.0
HSE-11100,2325,3,2.2,1,1985,39,Uptown,Good,1.0,0,11.6,559100.0
HSE-11101,2748,3,2.2,1,1988,36,Uptown,Fair,2.0,0,28.3,591500.0
HSE-11102,650,5,3.8,2,2002,22,Suburbs,Good,2.0,1,8.9,331400.0
HSE-11103,3457,4,3.0,1,1967,57,Suburbs,Good,0.0,1,24.0,756600.0
HSE-11104,2009,3,2.2,1,2004,20,Uptown,Good,0.0,0,8.1,504800.0
HSE-11105,2820,4,3.0,1,1995,29,Downtown,Good,2.0,0,5.2,747400.0
HSE-11106,1424,2,1.5,2,2005,19,Suburbs,Excellent,2.0,1,26.8,409900.0
HSE-11107,2498,1,1.0,2,2001,23,Suburbs,Good,1.0,0,6.9,553700.0
HSE-11108,1415,2,1.0,2,1966,58,Suburbs,Good,2.0,0,9.0,340700.0
HSE-11109,1694,3,2.2,2,1966,58,Uptown,Good,2.0,1,6.0,491600.0
HSE-11110,3344,3,2.8,2,2003,21,Suburbs,Good,2.0,0,12.9,684400.0
HSE-11111,1976,3,2.8,2,2013,11,Downtown,Fair,1.0,1,45.0,450800.0
HSE-11112,2241,4,3.0,2,2006,18,Downtown,Excellent,1.0,0,2.3,672900.0
HSE-11113,2665,3,1.8,1,2008,16,Downtown,Good,1.0,0,25.0,657100.0
HSE-11114,2422,3,1.8,2,1998,26,Waterfront,Fair,2.0,1,2.0,676700.0
HSE-11115,2197,2,2.0,2,2006,18,Waterfront,Good,2.0,0,6.5,703500.0
HSE-11116,2337,1,1.0,2,1984,40,Downtown,Fair,1.0,0,3.8,556400.0
HSE-11117,3662,3,2.2,1,1997,27,Suburbs,Good,3.0,0,16.2,737600.0
HSE-11118,2062,3,2.2,1,1968,56,Downtown,Fair,1.0,0,2.5,496800.0
HSE-11119,2230,4,3.0,2,2009,15,Uptown,Fair,1.0,0,10.1,553800.0
HSE-11120,2782,2,2.0,2,2008,16,Downtown,Fair,2.0,0,5.5,675200.0
HSE-11121,2818,1,1.0,2,1975,49,Uptown,Fair,2.0,0,3.4,597000.0
HSE-11122,2871,3,2.2,1,2006,18,Suburbs,Good,1.0,0,16.8,613800.0
HSE-11123,2515,2,2.0,2,2011,13,Uptown,Excellent,2.0,0,4.5,663700.0
HSE-11124,1357,1,1.0,2,1969,55,Suburbs,Good,2.0,0,4.5,332800.0
HSE-11125,3161,4,3.0,2,1989,35,Uptown,Excellent,2.0,1,5.2,851300.0
HSE-11126,1354,2,1.5,2,2013,11,Suburbs,Good,2.0,0,10.8,373200.0
HSE-11127,2296,3,2.8,2,2001,23,Uptown,Good,0.0,0,12.8,558100.0
HSE-11128,1609,3,1.8,2,1998,26,Suburbs,Fair,2.0,0,2.2,433700.0
HSE-11129,2058,2,1.5,2,1973,51,Downtown,Good,2.0,1,4.8,565700.0
HSE-11130,2313,3,1.8,3,1970,54,Uptown,Good,0.0,0,7.6,552600.0
HSE-11131,2308,4,3.0,1,1982,42,Suburbs,Good,1.0,0,6.0,550300.0
HSE-11132,2374,3,1.8,1,1978,46,Uptown,Good,3.0,0,23.6,585600.0
HSE-11133,3148,4,3.0,3,1983,41,Uptown,Good,1.0,0,17.5,741600.0
HSE-11134,2394,2,1.5,2,1978,46,Downtown,Good,2.0,0,11.8,608400.0
HSE-11135,1941,4,3.5,2,2004,20,Suburbs,Excellent,3.0,0,6.1,572500.0
HSE-11136,2726,2,1.5,2,1981,43,Downtown,Good,1.0,0,14.1,607700.0
HSE-11137,2873,3,1.8,1,1999,25,Downtown,Good,0.0,0,20.6,668500.0
HSE-11138,1302,3,2.2,2,1993,31,Downtown,Good,2.0,1,11.0,473200.0
HSE-11139,2488,4,3.0,2,2006,18,Uptown,Good,2.0,1,17.3,673100.0
HSE-11140,2555,3,2.8,1,1981,43,Downtown,Fair,2.0,0,15.8,591900.0
HSE-11141,1906,2,1.0,1,2023,1,Suburbs,Good,2.0,0,10.5,499300.0
HSE-11142,2994,1,1.0,2,2007,17,Suburbs,Good,2.0,0,5.7,655100.0
HSE-11143,2002,4,3.0,1,1972,52,Suburbs,Good,2.0,0,15.7,480600.0
HSE-11144,2181,3,1.8,2,1965,59,Suburbs,Fair,1.0,0,4.3,441700.0
HSE-11145,1987,4,3.0,1,2009,15,Uptown,Excellent,0.0,1,17.1,586400.0
HSE-11146,2110,2,1.5,2,2017,7,Uptown,Good,,0,18.3,539500.0
HSE-11147,1387,3,2.2,3,2000,24,Suburbs,Good,,0,19.3,381800.0
HSE-11148,1163,1,1.0,2,1971,53,Rural,Good,2.0,0,8.4,230400.0
HSE-11149,3136,5,3.8,1,2010,14,Downtown,Excellent,3.0,0,4.1,852300.0
HSE-11150,1549,3,2.2,2,1969,55,Rural,Fair,2.0,0,3.1,341200.0
HSE-11151,1455,5,4.2,1,1988,36,Uptown,Good,,0,15.6,511100.0
HSE-11152,700,3,2.2,1,1992,32,Uptown,Good,1.0,0,23.7,279400.0
HSE-11153,1684,3,2.2,3,2007,17,Suburbs,Good,2.0,0,12.5,439800.0
HSE-11154,1239,3,2.2,2,1981,43,Suburbs,Fair,2.0,0,3.6,313700.0
HSE-11155,3167,3,2.2,2,2001,23,Suburbs,Excellent,2.0,0,29.3,665000.0
HSE-11156,2756,4,3.0,1,1984,40,Uptown,Good,0.0,1,45.0,622100.0
HSE-11157,1652,5,4.2,1,1967,57,Suburbs,Good,,1,7.7,492000.0
HSE-11158,3564,4,3.0,1,2001,23,Uptown,Good,2.0,0,11.0,868800.0
HSE-11159,2738,4,3.5,2,1990,34,Suburbs,Fair,1.0,0,17.0,585500.0
HSE-11160,1888,3,1.8,2,1979,45,Waterfront,Good,2.0,1,15.3,570600.0
HSE-11161,650,3,2.2,2,2015,9,Suburbs,Excellent,2.0,0,36.4,271000.0
HSE-11162,3589,5,4.2,2,2012,12,Suburbs,Good,1.0,0,3.2,842600.0
HSE-11163,1196,1,1.0,1,1972,52,Suburbs,Excellent,2.0,0,10.7,315600.0
HSE-11164,1030,4,3.5,1,1977,47,Downtown,Excellent,1.0,0,13.8,452800.0
HSE-11165,2764,4,3.0,1,2012,12,Suburbs,Good,1.0,0,24.1,599200.0
HSE-11166,3685,3,2.8,1,1967,57,Uptown,Good,1.0,0,22.7,773700.0
HSE-11167,2999,5,3.8,1,1965,59,Suburbs,Good,2.0,1,40.2,639900.0
HSE-11168,2466,3,2.2,3,1973,51,Suburbs,Good,3.0,0,9.2,557700.0
HSE-11169,2486,3,1.8,1,1995,29,Waterfront,Fair,2.0,0,19.8,676100.0
HSE-11170,2654,2,1.5,2,2005,19,Suburbs,Good,3.0,1,7.6,658300.0
HSE-11171,2593,3,1.8,1,2018,6,Rural,Fair,1.0,0,7.5,502200.0
HSE-11172,2282,3,1.8,3,1990,34,Rural,Excellent,0.0,1,4.9,546200.0
HSE-11173,2167,3,1.8,2,1981,43,Suburbs,Excellent,2.0,1,19.1,585900.0
HSE-11174,2059,4,3.0,3,2020,4,Suburbs,Good,1.0,0,44.6,485000.0
HSE-11175,1609,5,3.8,1,1998,26,Suburbs,Good,2.0,1,5.0,507200.0
HSE-11176,1917,2,1.0,2,1973,51,Uptown,Good,2.0,0,2.6,526700.0
HSE-11177,999,3,1.8,2,2020,4,Downtown,Good,3.0,0,18.9,426500.0
HSE-11178,2036,4,3.0,1,2015,9,Uptown,Good,1.0,0,11.7,552200.0
HSE-11179,1457,2,1.0,1,1977,47,Uptown,Good,2.0,0,34.1,348500.0
HSE-11180,1382,2,1.0,1,1969,55,Suburbs,Good,2.0,1,4.9,386500.0
HSE-11181,2216,2,1.0,3,2005,19,Waterfront,Fair,1.0,0,2.7,588400.0
HSE-11182,3004,3,2.8,2,1977,47,Uptown,Fair,2.0,0,8.8,689800.0
HSE-11183,2696,2,2.0,2,1965,59,Downtown,Fair,1.0,0,2.9,659300.0
HSE-11184,1079,5,3.8,1,1989,35,Rural,Good,1.0,0,5.0,375200.0
HSE-11185,1456,3,2.2,1,2011,13,Uptown,Excellent,1.0,0,3.3,508100.0
HSE-11186,2711,3,2.2,2,1968,56,Suburbs,Good,0.0,0,4.5,562700.0
HSE-11187,1461,2,1.5,1,2000,24,Downtown,Good,2.0,0,3.1,477000.0
HSE-11188,1953,3,2.2,2,2016,8,Downtown,Fair,1.0,0,32.8,454100.0
HSE-11189,2457,3,2.2,2,1974,50,Suburbs,Good,0.0,0,5.3,520300.0
HSE-11190,1470,4,3.0,1,1992,32,Rural,Fair,1.0,0,7.9,306000.0
HSE-11191,2168,4,2.5,2,2021,3,Suburbs,Good,1.0,0,24.9,521700.0
HSE-11192,1232,3,2.2,1,1970,54,Uptown,Excellent,1.0,0,13.3,397200.0
HSE-11193,1709,4,3.5,2,1991,33,Downtown,Fair,1.0,0,11.6,511400.0
HSE-11194,2307,4,3.0,1,2020,4,Suburbs,Good,2.0,0,14.2,585400.0
HSE-11195,1064,4,3.5,2,1976,48,Rural,Fair,2.0,0,19.7,239400.0
HSE-11196,2386,2,2.0,1,2016,8,Waterfront,Good,2.0,0,23.0,668300.0
HSE-11197,2087,1,1.0,2,2012,12,Downtown,Fair,2.0,0,12.3,495700.0
HSE-11198,2459,2,1.5,2,1967,57,Suburbs,Good,2.0,0,24.1,519200.0
HSE-11199,2245,3,2.2,1,2010,14,Suburbs,Fair,2.0,0,9.7,498900.0
HSE-11200,2986,3,2.8,2,1997,27,Suburbs,Good,2.0,0,5.2,668600.0
HSE-11201,2181,3,2.8,1,1974,50,Suburbs,Good,1.0,1,23.2,476800.0
HSE-11202,1820,4,3.0,2,1995,29,Downtown,Good,2.0,0,9.8,535000.0
HSE-11203,2179,4,3.0,1,1979,45,Rural,Good,1.0,0,25.7,441800.0
HSE-11204,2453,4,3.0,2,1971,53,Downtown,Excellent,1.0,0,2.4,652200.0
HSE-11205,2131,3,1.8,1,2000,24,Rural,Good,2.0,0,7.1,474000.0
HSE-11206,2126,3,2.2,1,1978,46,Uptown,Fair,1.0,0,31.5,460600.0
HSE-11207,1643,3,2.8,1,2020,4,Downtown,Good,1.0,1,4.9,558600.0
HSE-11208,1669,2,1.5,2,2012,12,Waterfront,Excellent,1.0,1,30.4,519600.0
HSE-11209,1188,2,1.5,1,1978,46,Downtown,Good,1.0,1,32.8,379900.0
HSE-11210,3237,3,2.2,2,1967,57,Waterfront,Good,1.0,1,23.4,796300.0
HSE-11211,1291,3,2.2,2,2013,11,Suburbs,Fair,2.0,0,10.3,367600.0
HSE-11212,1649,4,3.0,1,2017,7,Suburbs,Good,2.0,0,12.4,470600.0
HSE-11213,1633,2,1.5,2,2010,14,Waterfront,,2.0,0,22.4,544200.0
HSE-11214,2681,4,3.5,1,2014,10,Downtown,Excellent,1.0,0,17.0,752700.0
HSE-11215,1908,3,2.8,1,1967,57,Rural,Excellent,3.0,0,11.9,488300.0
HSE-11216,2911,3,1.8,2,1986,38,Rural,Fair,2.0,0,42.3,485000.0
HSE-11217,1662,3,2.8,2,1983,41,Suburbs,Good,1.0,0,13.6,382800.0
HSE-11218,2281,3,2.2,2,1999,25,Downtown,Good,2.0,1,39.1,583300.0
HSE-11219,1557,3,2.2,1,1976,48,Suburbs,Good,2.0,0,2.6,424500.0
HSE-11220,3494,3,1.8,1,2018,6,Uptown,Excellent,2.0,0,3.5,841700.0
HSE-11221,1328,2,1.5,1,1969,55,Uptown,Good,1.0,1,8.0,387000.0
HSE-11222,2301,2,2.0,2,1974,50,Suburbs,Good,2.0,0,6.9,525600.0
HSE-11223,2511,3,2.2,2,2005,19,Downtown,Good,2.0,1,17.3,668700.0
HSE-11224,2368,4,3.0,2,1997,27,Uptown,Excellent,2.0,0,3.8,672400.0
HSE-11225,1979,3,2.2,1,1977,47,Suburbs,Good,2.0,0,39.3,438000.0
HSE-11226,2015,4,3.0,1,1999,25,Waterfront,Good,2.0,1,5.8,716600.0
HSE-11227,2128,3,1.8,1,2015,9,Uptown,Good,2.0,0,7.6,590300.0
HSE-11228,2004,5,3.8,1,1996,28,Rural,Good,1.0,0,5.2,530800.0
HSE-11229,2726,4,3.0,1,1975,49,Suburbs,Excellent,2.0,0,10.7,659800.0
HSE-11230,3536,3,1.8,2,2012,12,Suburbs,Good,1.0,0,2.6,742700.0
HSE-11231,1737,3,2.8,2,2002,22,Downtown,Good,2.0,0,3.6,542900.0
HSE-11232,1209,4,3.0,2,1988,36,Suburbs,Good,2.0,0,15.7,383700.0
HSE-11233,2042,3,2.2,2,1999,25,Rural,Good,0.0,0,4.1,462700.0
HSE-11234,3776,3,2.2,1,1983,41,Suburbs,Good,2.0,0,4.7,796200.0
HSE-11235,1577,1,1.0,2,1970,54,Uptown,Fair,1.0,0,17.7,315400.0
HSE-11236,3165,4,2.5,1,2004,20,Downtown,Good,1.0,0,3.0,800900.0
HSE-11237,3190,4,2.5,3,2018,6,Suburbs,Good,1.0,0,7.8,717500.0
HSE-11238,1740,2,2.0,2,2009,15,Suburbs,,1.0,0,2.2,464800.0
HSE-11239,2469,3,2.2,1,2008,16,Uptown,Excellent,1.0,1,6.3,675400.0
HSE-11240,3158,3,2.8,2,2006,18,Downtown,Good,1.0,0,14.0,794000.0
HSE-11241,1853,2,2.0,1,1999,25,Suburbs,Fair,2.0,1,2.9,480500.0
HSE-11242,1967,5,3.8,2,1968,56,Rural,Excellent,,0,23.9,466200.0
HSE-11243,1721,2,1.5,2,1997,27,Suburbs,Good,2.0,0,26.0,399100.0
HSE-11244,1440,2,1.5,1,1977,47,Downtown,Good,0.0,0,3.1,435400.0
HSE-11245,1677,3,2.8,1,2020,4,Downtown,Good,3.0,0,45.0,487300.0
HSE-11246,1304,4,3.5,2,2000,24,Suburbs,Good,2.0,0,5.5,406300.0
HSE-11247,2122,1,1.0,2,2018,6,Rural,Good,0.0,0,2.9,462600.0
HSE-11248,1599,3,2.2,1,2007,17,Suburbs,Good,2.0,0,2.1,448700.0
HSE-11249,2251,3,1.8,3,1983,41,Suburbs,Excellent,1.0,0,7.3,542000.0
HSE-11250,1088,2,2.0,1,2007,17,Downtown,Good,2.0,0,11.9,354200.0
HSE-11251,2315,2,2.0,1,1976,48,Uptown,Good,2.0,0,6.0,559800.0
HSE-11252,2641,3,1.8,1,1975,49,Downtown,Fair,1.0,0,20.1,563000.0
HSE-11253,804,3,2.2,1,1970,54,Uptown,Fair,2.0,0,14.6,289800.0
HSE-11254,2343,5,3.2,1,1976,48,Suburbs,Good,1.0,1,6.3,587900.0
HSE-11255,2897,4,3.0,3,1991,33,Suburbs,Good,0.0,0,15.3,586300.0
HSE-11256,1313,5,4.2,1,2005,19,Waterfront,Excellent,3.0,0,30.2,589100.0
HSE-11257,3187,3,2.2,1,1989,35,Suburbs,Good,3.0,0,3.0,707500.0
HSE-11258,2372,5,3.2,1,2006,18,Waterfront,Good,2.0,0,5.7,735200.0
HSE-11259,1641,3,2.2,2,1967,57,Suburbs,Good,2.0,0,8.2,412500.0
HSE-11260,2063,3,2.8,2,1967,57,Waterfront,Fair,0.0,0,8.9,527100.0
HSE-11261,2462,2,1.5,1,1984,40,Suburbs,Excellent,2.0,1,9.8,614400.0
HSE-11262,2149,2,1.5,1,1992,32,Uptown,Good,0.0,0,5.6,517700.0
HSE-11263,2450,3,1.8,1,1987,37,Suburbs,Fair,0.0,0,13.0,480400.0
HSE-11264,1501,3,2.8,1,2012,12,Suburbs,Good,2.0,0,12.4,451900.0
HSE-11265,2210,2,2.0,1,1967,57,Suburbs,Excellent,1.0,0,10.6,492300.0
HSE-11266,1181,3,2.2,1,2006,18,Suburbs,Excellent,0.0,1,3.2,428400.0
HSE-11267,2027,3,1.8,1,1988,36,Suburbs,Fair,1.0,1,8.5,471400.0
HSE-11268,1512,3,1.8,2,2007,17,Downtown,Excellent,1.0,0,6.4,586100.0
HSE-11269,1621,3,1.8,1,2004,20,Downtown,,1.0,0,8.8,500500.0
HSE-11270,2903,4,3.0,3,1970,54,Uptown,Fair,0.0,0,27.5,568600.0
HSE-11271,2809,4,3.5,2,1984,40,Uptown,Excellent,1.0,0,8.5,763600.0
HSE-11272,2495,3,2.2,2,1975,49,Uptown,Excellent,2.0,0,2.1,681600.0
HSE-11273,1389,3,2.8,1,1996,28,Downtown,Good,2.0,1,7.8,511300.0
HSE-11274,1894,3,2.2,1,1991,33,Downtown,Good,2.0,0,19.2,509100.0
HSE-11275,2888,4,3.0,1,1985,39,Downtown,Excellent,2.0,0,17.1,714200.0
HSE-11276,2192,3,2.2,2,2008,16,Waterfront,Good,0.0,1,9.2,686500.0
HSE-11277,3607,2,1.0,2,2012,12,Suburbs,Excellent,0.0,0,4.9,744100.0
HSE-11278,2355,2,1.5,2,2014,10,Suburbs,Good,1.0,1,8.3,546800.0
HSE-11279,2224,3,2.2,3,1977,47,Uptown,Excellent,2.0,0,10.3,613200.0
HSE-11280,1899,3,1.8,1,1986,38,Suburbs,Excellent,2.0,1,45.0,476600.0
HSE-11281,2186,4,3.0,2,1999,25,Rural,Fair,2.0,0,12.3,466900.0
HSE-11282,2000,2,1.5,1,2011,13,Waterfront,Excellent,1.0,0,13.9,647000.0
HSE-11283,2560,3,2.8,1,1986,38,Suburbs,Good,1.0,0,8.8,580200.0
HSE-11284,2721,4,3.0,1,1992,32,Suburbs,Good,2.0,0,6.4,651100.0
HSE-11285,1589,4,3.5,1,1985,39,Downtown,Good,1.0,0,18.8,467000.0
HSE-11286,1234,3,2.2,2,2010,14,Uptown,Fair,2.0,1,8.8,430100.0
HSE-11287,906,3,2.2,1,1982,42,Suburbs,Good,2.0,1,45.0,223100.0
HSE-11288,2430,3,2.2,2,1995,29,Uptown,Excellent,2.0,0,8.1,625700.0
HSE-11289,1382,5,4.2,2,2010,14,Downtown,Good,3.0,0,2.7,577300.0
HSE-11290,700,2,1.5,2,2001,23,Suburbs,Good,3.0,0,13.5,252700.0
HSE-11291,2352,5,3.8,1,1985,39,Suburbs,Excellent,2.0,0,2.5,626300.0
HSE-11292,3720,3,2.2,2,1978,46,Uptown,Good,2.0,0,4.9,795300.0
HSE-11293,2096,3,2.2,2,1989,35,Suburbs,Good,1.0,1,6.4,495500.0
HSE-11294,2645,1,1.0,1,1991,33,Waterfront,Good,3.0,0,15.5,641800.0
HSE-11295,2153,3,1.8,1,2004,20,Downtown,Good,2.0,0,8.8,594000.0
HSE-11296,2035,3,1.8,2,1987,37,Downtown,Good,1.0,0,2.3,499700.0
HSE-11297,2697,2,2.0,2,1995,29,Waterfront,Excellent,1.0,0,11.6,754000.0
HSE-11298,1911,3,2.2,2,2011,13,Waterfront,Good,1.0,0,7.3,630300.0
HSE-11299,2273,5,3.8,2,1993,31,Suburbs,Excellent,2.0,0,27.5,578800.0
HSE-11300,2309,3,2.2,2,2011,13,Suburbs,Good,2.0,0,8.9,562500.0
HSE-11301,1665,4,3.0,1,1994,30,Uptown,Good,1.0,0,14.3,481600.0
HSE-11302,2744,2,1.5,1,2015,9,Downtown,Good,0.0,0,4.5,669400.0
HSE-11303,1986,3,1.8,1,1990,34,Suburbs,Good,3.0,0,16.3,481400.0
HSE-11304,1608,2,2.0,2,1984,40,Rural,Good,2.0,0,14.8,378400.0
HSE-11305,2448,3,2.8,2,2002,22,Suburbs,Fair,2.0,0,25.4,550200.0
HSE-11306,1515,5,4.2,1,1983,41,Suburbs,Fair,1.0,1,2.3,500200.0
HSE-11307,2118,3,2.2,2,1991,33,Suburbs,Good,2.0,0,7.9,495200.0
HSE-11308,2094,2,1.5,1,1989,35,Uptown,Good,2.0,0,13.4,535800.0
HSE-11309,2805,3,1.8,1,2004,20,Uptown,Good,1.0,0,3.0,690200.0
HSE-11310,2408,3,1.8,1,2002,22,Suburbs,Fair,1.0,0,7.3,507000.0
HSE-11311,2083,3,1.8,1,2016,8,Suburbs,Good,1.0,0,30.5,435800.0
HSE-11312,2631,4,3.0,1,1987,37,Suburbs,Good,1.0,0,7.7,598200.0
HSE-11313,3003,4,3.0,1,1993,31,Uptown,Good,3.0,0,44.3,640400.0
HSE-11314,2462,3,2.2,1,1979,45,Suburbs,Good,0.0,1,2.6,544300.0
HSE-11315,2106,3,1.8,1,2023,1,Rural,Good,1.0,1,14.7,506600.0
HSE-11316,1247,3,2.2,2,1967,57,Suburbs,Excellent,2.0,0,10.7,375200.0
HSE-11317,1407,2,1.5,1,1974,50,Rural,Fair,1.0,0,8.9,268900.0
HSE-11318,1901,3,2.2,3,1979,45,Suburbs,Good,2.0,1,37.4,447100.0
HSE-11319,1703,3,2.2,1,2020,4,Uptown,Excellent,1.0,0,3.4,549300.0
HSE-11320,1978,3,2.2,1,1980,44,Suburbs,Good,,0,24.6,457400.0
HSE-11321,2136,3,2.8,1,1981,43,Suburbs,Good,1.0,1,13.8,504600.0
HSE-11322,2444,2,1.5,1,1983,41,Waterfront,Good,2.0,1,5.0,691900.0
HSE-11323,2054,3,2.2,2,1975,49,Waterfront,Good,2.0,0,25.2,580800.0
HSE-11324,2416,2,1.5,1,2012,12,Downtown,Excellent,2.0,0,7.6,709700.0
HSE-11325,2141,2,1.5,3,1969,55,Uptown,Excellent,2.0,0,18.8,558200.0
HSE-11326,815,4,3.5,2,1969,55,Downtown,Good,2.0,1,6.9,440800.0
HSE-11327,1489,1,1.0,2,2022,2,Waterfront,Excellent,1.0,1,21.0,519200.0
HSE-11328,2006,3,2.2,2,1978,46,Suburbs,Fair,,0,12.1,445000.0
HSE-11329,1313,2,2.0,2,2014,10,Downtown,Fair,2.0,0,3.5,454800.0
HSE-11330,2489,4,3.0,1,1990,34,Downtown,Excellent,2.0,0,12.5,739300.0
HSE-11331,3094,3,2.2,2,1972,52,Suburbs,Fair,1.0,0,4.1,583800.0
HSE-11332,2892,2,1.5,1,1969,55,Rural,Fair,1.0,1,7.3,560500.0
HSE-11333,1961,3,2.2,1,1971,53,Suburbs,Good,2.0,0,3.9,500900.0
HSE-11334,3068,4,3.0,2,1980,44,Suburbs,Good,1.0,0,2.2,695100.0
HSE-11335,2196,5,3.8,2,2019,5,Downtown,Good,1.0,0,4.4,639700.0
HSE-11336,1880,2,2.0,2,1978,46,Uptown,Good,1.0,0,9.7,482800.0
HSE-11337,1701,4,3.0,1,2001,23,Suburbs,Good,2.0,0,8.6,487600.0
HSE-11338,1903,5,3.8,2,2020,4,Downtown,Good,3.0,0,9.0,642900.0
HSE-11339,1847,4,3.0,1,2005,19,Rural,Excellent,2.0,0,4.8,495100.0
HSE-11340,2210,3,2.8,1,1968,56,Suburbs,Excellent,1.0,0,13.6,506400.0
HSE-11341,2204,3,2.8,1,2000,24,Uptown,Good,1.0,1,14.2,609200.0
HSE-11342,2101,3,2.2,1,2012,12,Uptown,Excellent,0.0,0,6.4,575600.0
HSE-11343,2384,4,3.0,1,2020,4,Downtown,Good,2.0,0,23.3,629300.0
HSE-11344,2873,3,2.2,2,1981,43,Rural,Fair,2.0,0,12.3,544200.0
HSE-11345,2717,3,2.2,2,2011,13,Uptown,Fair,1.0,1,14.5,656300.0
HSE-11346,1134,3,1.8,1,2000,24,Downtown,Fair,2.0,0,5.2,421100.0
HSE-11347,650,4,3.0,2,1970,54,Downtown,Good,2.0,0,2.0,334800.0
HSE-11348,2707,4,3.0,2,1980,44,Uptown,Fair,1.0,0,22.1,569300.0
HSE-11349,1211,2,2.0,2,1993,31,Downtown,Good,1.0,0,19.3,369600.0
HSE-11350,1953,4,3.0,2,2000,24,Waterfront,Fair,3.0,1,3.3,642900.0
HSE-11351,1339,3,2.8,1,2002,22,Suburbs,Excellent,1.0,1,6.7,474300.0
HSE-11352,928,4,3.0,2,2001,23,Suburbs,Good,2.0,0,12.8,296700.0
HSE-11353,2451,3,2.2,2,2012,12,Suburbs,Excellent,2.0,0,12.6,626900.0
HSE-11354,2593,3,2.2,1,2021,3,Suburbs,Excellent,2.0,0,21.7,645900.0
HSE-11355,1725,4,2.5,1,2012,12,Suburbs,Fair,2.0,0,3.5,471500.0
HSE-11356,650,3,2.2,2,1974,50,Waterfront,Good,2.0,1,7.6,381200.0
HSE-11357,1744,4,2.5,1,2005,19,Uptown,Fair,2.0,1,3.0,547800.0
HSE-11358,2354,3,2.2,3,2000,24,Uptown,Excellent,3.0,0,6.9,644100.0
HSE-11359,1138,3,2.2,1,1993,31,Uptown,Good,2.0,0,2.2,390200.0
HSE-11360,2219,3,2.2,2,1978,46,Waterfront,Fair,1.0,0,24.9,580000.0
HSE-11361,2090,3,2.2,1,1968,56,Downtown,Fair,1.0,0,9.5,525300.0
HSE-11362,2476,3,1.8,2,2008,16,Waterfront,Good,2.0,0,21.0,712600.0
HSE-11363,2177,1,1.0,2,2020,4,Suburbs,Excellent,2.0,0,2.6,545900.0
HSE-11364,1467,3,2.8,1,2006,18,Rural,Good,1.0,0,4.6,388100.0
HSE-11365,2877,1,1.0,2,2000,24,Uptown,Excellent,0.0,0,5.0,701500.0
HSE-11366,1996,5,3.8,1,2014,10,Suburbs,Good,2.0,0,6.9,615800.0
HSE-11367,2082,5,3.8,1,2009,15,Downtown,Fair,1.0,0,18.2,601800.0
HSE-11368,1493,3,1.8,1,1977,47,Downtown,Excellent,2.0,0,6.9,488800.0
HSE-11369,1811,4,3.5,2,2010,14,Suburbs,Fair,2.0,0,4.3,494400.0
HSE-11370,1524,3,2.2,1,1982,42,Downtown,Excellent,2.0,1,2.7,551800.0
HSE-11371,1987,3,2.2,1,1997,27,Suburbs,Good,0.0,0,2.8,496600.0
HSE-11372,3212,4,3.0,1,1985,39,Suburbs,Fair,1.0,1,16.3,663800.0
HSE-11373,1208,5,3.2,2,1980,44,Rural,Good,1.0,1,7.9,379200.0
HSE-11374,1051,3,2.8,2,1979,45,Uptown,Excellent,1.0,0,15.0,397200.0
HSE-11375,3056,4,2.5,1,2018,6,Waterfront,Excellent,2.0,0,13.5,875600.0
HSE-11376,1963,3,2.2,1,2021,3,Uptown,Fair,2.0,1,3.5,555800.0
HSE-11377,1665,5,3.8,3,1969,55,Suburbs,Fair,1.0,0,3.5,441900.0
HSE-11378,2775,1,1.0,1,1970,54,Downtown,Good,0.0,1,16.1,648900.0
HSE-11379,1706,3,2.2,2,2002,22,Uptown,Good,1.0,0,14.8,464600.0
HSE-11380,3286,3,2.2,2,1967,57,Rural,Good,3.0,0,6.7,665300.0
HSE-11381,2540,3,2.2,2,2012,12,Suburbs,Fair,2.0,0,2.8,544100.0
HSE-11382,1782,2,2.0,1,1976,48,Waterfront,Excellent,2.0,0,2.1,617000.0
HSE-11383,3502,5,3.2,2,2000,24,Rural,Good,2.0,1,5.4,794400.0
HSE-11384,1706,2,1.5,2,1997,27,Uptown,Excellent,2.0,0,2.1,527400.0
HSE-11385,2582,3,2.2,2,2000,24,Rural,Good,2.0,0,4.6,581900.0
HSE-11386,2294,2,2.0,1,1997,27,Downtown,Good,,0,7.4,583000.0
HSE-11387,2946,3,2.2,1,1995,29,Rural,Excellent,2.0,0,3.3,685100.0
HSE-11388,3114,3,2.2,1,1985,39,Uptown,Good,1.0,0,3.1,699500.0
HSE-11389,2120,3,2.2,2,1991,33,Suburbs,Excellent,2.0,0,24.7,539500.0
HSE-11390,1610,2,1.5,2,1991,33,Rural,Excellent,0.0,0,10.8,369100.0
HSE-11391,2398,2,1.5,1,1972,52,Downtown,Good,2.0,0,29.3,533400.0
HSE-11392,1659,3,2.2,2,2020,4,Downtown,Good,0.0,0,6.2,479200.0
HSE-11393,3408,4,3.0,1,2001,23,Downtown,Fair,2.0,0,13.3,764100.0
HSE-11394,2188,4,3.0,2,1996,28,Suburbs,Fair,1.0,1,4.3,559800.0
HSE-11395,1862,2,1.0,2,1990,34,Downtown,Good,2.0,0,11.6,481300.0
HSE-11396,2220,3,2.8,1,1966,58,Waterfront,Fair,2.0,0,3.4,654300.0
HSE-11397,1224,2,2.0,1,1976,48,Suburbs,Good,1.0,0,2.0,341900.0
HSE-11398,1468,1,1.0,1,1986,38,Suburbs,Good,2.0,0,28.8,273600.0
HSE-11399,2880,3,2.2,2,1981,43,Suburbs,Good,3.0,0,10.1,654500.0
HSE-11400,1673,3,1.8,2,1971,53,Downtown,Good,,0,28.2,402800.0
HSE-11401,1419,2,1.5,3,2007,17,Uptown,Fair,3.0,1,6.1,457300.0
HSE-11402,2448,2,2.0,1,1968,56,Uptown,Fair,2.0,0,6.0,577300.0
HSE-11403,2870,1,1.0,3,2001,23,Rural,,2.0,1,7.1,564000.0
HSE-11404,2567,4,2.5,1,2002,22,Uptown,Good,1.0,0,14.2,610800.0
HSE-11405,2747,5,3.8,2,1996,28,Suburbs,Good,2.0,0,10.3,675500.0
HSE-11406,1608,2,1.5,1,1975,49,Rural,Good,2.0,1,28.0,295200.0
HSE-11407,1175,2,1.0,2,1965,59,Uptown,Excellent,1.0,0,2.3,369900.0
HSE-11408,3075,4,3.0,2,1989,35,Downtown,Good,2.0,0,14.3,771300.0
HSE-11409,1890,4,3.0,2,2006,18,Uptown,Good,0.0,0,6.0,540000.0
HSE-11410,1936,3,2.2,2,2016,8,Rural,Excellent,1.0,0,4.0,466600.0
HSE-11411,2963,2,1.5,1,1988,36,Uptown,Excellent,2.0,0,9.1,711000.0
HSE-11412,2461,1,1.2,1,2017,7,Suburbs,Good,2.0,0,9.0,540500.0
HSE-11413,2396,3,2.2,2,2007,17,Uptown,Good,2.0,0,3.5,618900.0
HSE-11414,3507,3,2.8,1,2020,4,Suburbs,Fair,1.0,0,4.3,823200.0
HSE-11415,1681,1,1.0,1,1981,43,Downtown,Good,1.0,1,7.2,487900.0
HSE-11416,2703,3,2.2,2,1972,52,Downtown,Excellent,1.0,0,7.3,677400.0
HSE-11417,2137,1,1.0,2,2023,1,Suburbs,Good,2.0,0,5.8,525500.0
HSE-11418,2274,4,3.5,1,2009,15,Suburbs,Excellent,2.0,0,3.6,629900.0
HSE-11419,3093,3,2.8,1,1991,33,Suburbs,Good,2.0,0,2.0,687200.0
HSE-11420,2430,1,1.0,1,2016,8,Uptown,Excellent,0.0,0,37.1,535900.0
HSE-11421,2449,3,2.8,1,1982,42,Waterfront,Good,2.0,0,30.7,661100.0
HSE-11422,2797,3,2.8,2,1991,33,Rural,Fair,2.0,0,8.6,584300.0
HSE-11423,1862,5,3.8,3,1986,38,Suburbs,Good,2.0,0,45.0,460900.0
HSE-11424,1554,3,2.2,2,1980,44,Downtown,Good,1.0,0,13.2,478700.0
HSE-11425,1420,3,2.8,1,1966,58,Rural,Fair,2.0,1,2.7,378000.0
HSE-11426,821,4,3.5,2,1969,55,Suburbs,Excellent,1.0,0,3.3,366400.0
HSE-11427,3436,3,2.2,2,1982,42,Uptown,Good,1.0,0,26.8,738400.0
HSE-11428,1382,4,3.5,1,1967,57,Uptown,Good,0.0,0,11.9,431900.0
HSE-11429,1956,3,1.8,2,1991,33,Suburbs,Good,1.0,0,20.5,399700.0
HSE-11430,1920,3,1.8,2,2018,6,Waterfront,Fair,0.0,1,24.9,577700.0
HSE-11431,2299,2,1.5,2,1981,43,Waterfront,Excellent,1.0,0,7.9,694800.0
HSE-11432,2630,3,2.2,2,1980,44,Suburbs,Good,1.0,0,2.5,568100.0
HSE-11433,2659,4,3.0,1,1970,54,Suburbs,Good,2.0,0,4.1,609000.0
HSE-11434,1720,4,2.5,1,2015,9,Suburbs,Good,0.0,0,2.7,470400.0
HSE-11435,1991,2,2.0,2,1971,53,Suburbs,Good,2.0,1,4.1,502500.0
HSE-11436,2283,2,1.0,1,2014,10,Downtown,Excellent,1.0,0,7.3,608500.0
HSE-11437,1938,4,2.5,1,1978,46,Downtown,Good,3.0,1,3.3,616400.0
HSE-11438,3144,5,3.2,2,2002,22,Suburbs,Good,3.0,0,3.8,769600.0
HSE-11439,2419,2,1.5,2,2004,20,Rural,Excellent,1.0,0,7.9,486900.0
HSE-11440,2577,3,2.8,2,1979,45,Suburbs,Fair,2.0,0,6.2,563600.0
HSE-11441,2530,3,2.2,2,2011,13,Suburbs,Good,0.0,0,8.3,562400.0
HSE-11442,2862,4,3.5,2,2011,13,Suburbs,Excellent,3.0,0,7.6,702100.0
HSE-11443,2217,2,1.0,2,2012,12,Downtown,Good,2.0,0,12.3,587300.0
HSE-11444,1257,2,1.5,1,1997,27,Downtown,Excellent,0.0,0,29.7,383300.0
HSE-11445,2359,4,3.0,1,2007,17,Suburbs,Good,1.0,0,3.1,595300.0
HSE-11446,1676,2,1.5,1,1991,33,Suburbs,Excellent,0.0,0,3.0,447400.0
HSE-11447,1756,3,1.8,1,1993,31,Waterfront,Excellent,1.0,1,21.2,610900.0
HSE-11448,2481,3,2.2,1,2021,3,Rural,Good,2.0,0,9.1,542000.0
HSE-11449,2904,3,2.2,1,2001,23,Suburbs,Fair,2.0,0,16.5,617200.0
HSE-11450,2113,3,2.2,2,1969,55,Downtown,Good,1.0,0,4.4,575100.0
HSE-11451,2300,3,2.2,2,1993,31,Uptown,Good,1.0,1,19.7,560500.0
HSE-11452,3206,2,1.0,1,1996,28,Uptown,Good,1.0,0,27.8,671000.0
HSE-11453,2256,3,2.2,2,2017,7,Downtown,Fair,1.0,0,12.1,569900.0
HSE-11454,3791,4,2.5,2,1970,54,Rural,Good,2.0,0,3.1,771300.0
HSE-11455,2467,4,3.5,1,1966,58,Downtown,Excellent,1.0,0,24.6,636300.0
HSE-11456,955,2,1.5,2,1970,54,Downtown,Good,2.0,0,17.7,319000.0
HSE-11457,2589,2,1.0,2,2010,14,Uptown,Good,1.0,1,15.9,635600.0
HSE-11458,2347,3,2.8,1,2007,17,Rural,Fair,,0,2.4,498400.0
HSE-11459,2938,3,2.2,2,1968,56,Uptown,Good,2.0,0,18.0,675700.0
HSE-11460,2537,3,1.8,1,2020,4,Suburbs,Fair,2.0,1,3.5,642200.0
HSE-11461,2010,3,2.2,2,1993,31,Suburbs,Fair,1.0,0,4.5,449000.0
HSE-11462,1304,2,1.5,1,2023,1,Downtown,Excellent,2.0,1,10.6,511100.0
HSE-11463,1964,1,1.2,2,1989,35,Suburbs,Excellent,2.0,1,5.1,508900.0
HSE-11464,1547,3,2.8,1,1973,51,Uptown,Fair,1.0,0,12.8,414700.0
HSE-11465,1722,3,2.8,2,2020,4,Waterfront,Fair,2.0,0,11.4,611200.0
HSE-11466,2482,2,1.5,1,1967,57,Uptown,Good,2.0,0,3.1,550300.0
HSE-11467,3185,3,2.2,2,1990,34,Rural,Good,0.0,0,12.7,577100.0
HSE-11468,2356,3,2.2,2,2012,12,Suburbs,Good,2.0,1,27.8,554400.0
HSE-11469,1322,4,2.5,2,2007,17,Waterfront,Good,0.0,1,3.8,567000.0
HSE-11470,2388,4,3.0,2,1991,33,Uptown,Good,1.0,0,11.1,591300.0
HSE-11471,2877,3,2.2,2,2000,24,Suburbs,Good,2.0,0,6.2,654600.0
HSE-11472,1703,2,1.0,2,1996,28,Uptown,Good,2.0,0,8.2,448400.0
HSE-11473,2012,3,2.2,2,1965,59,Suburbs,Good,2.0,0,5.4,466700.0
HSE-11474,2109,2,2.0,2,2021,3,Uptown,Good,0.0,0,6.4,577700.0
HSE-11475,1589,3,2.8,2,2017,7,Downtown,Excellent,1.0,1,2.3,589900.0
HSE-11476,2521,4,2.5,1,2018,6,Suburbs,Excellent,2.0,0,41.9,567800.0
HSE-11477,2021,3,1.8,1,1980,44,Uptown,Fair,1.0,1,11.8,510600.0
HSE-11478,2372,4,3.0,1,2015,9,Uptown,Good,2.0,0,8.9,675500.0
HSE-11479,1523,3,2.8,2,2012,12,Suburbs,Good,2.0,0,6.8,447000.0
HSE-11480,1815,2,1.0,1,1975,49,Suburbs,Fair,3.0,0,9.8,381100.0
HSE-11481,2569,4,3.0,2,1990,34,Downtown,Good,0.0,1,6.8,702000.0
HSE-11482,1857,3,1.8,2,2004,20,Downtown,Good,1.0,0,6.5,552100.0
HSE-11483,3222,3,2.2,1,2019,5,Waterfront,Good,2.0,0,8.2,881000.0
HSE-11484,1840,3,2.2,2,1965,59,Rural,Good,2.0,0,5.2,407900.0
HSE-11485,2246,2,1.5,1,1990,34,Downtown,Good,2.0,0,4.0,598100.0
HSE-11486,2706,5,3.8,1,1992,32,Uptown,Excellent,0.0,0,10.1,732600.0
HSE-11487,1178,2,1.5,2,2017,7,Downtown,Good,2.0,0,20.5,401500.0
HSE-11488,955,5,3.8,1,2022,2,Uptown,Good,2.0,0,3.7,492200.0
HSE-11489,1108,5,3.8,1,1973,51,Suburbs,Fair,0.0,0,2.3,351600.0
HSE-11490,2920,4,3.5,2,2023,1,Suburbs,Fair,2.0,0,4.8,729800.0
HSE-11491,1741,3,1.8,1,2008,16,Uptown,Good,2.0,0,41.0,450300.0
HSE-11492,3762,3,2.8,3,1986,38,Suburbs,Fair,1.0,0,19.6,675600.0
HSE-11493,1733,4,3.0,3,1972,52,Uptown,Fair,1.0,0,11.1,447100.0
HSE-11494,2219,3,1.8,1,2022,2,Waterfront,Fair,2.0,0,28.5,571600.0
HSE-11495,3102,3,2.2,1,2013,11,Downtown,Good,2.0,0,7.9,752000.0
HSE-11496,3403,3,1.8,2,2006,18,Downtown,Good,2.0,0,42.9,709700.0
HSE-11497,3439,3,2.2,2,1991,33,Waterfront,Good,1.0,0,5.5,876600.0
HSE-11498,2885,3,2.2,1,2003,21,Uptown,Good,1.0,0,4.7,684700.0
HSE-11499,2765,3,1.8,2,1983,41,Suburbs,Fair,3.0,0,12.2,609100.0
HSE-11500,2485,3,2.2,1,1989,35,Suburbs,Good,3.0,0,6.8,573300.0
HSE-11501,2605,4,3.5,2,2002,22,Uptown,Good,0.0,0,11.8,645300.0
HSE-11502,1741,2,2.0,1,1985,39,Downtown,Good,2.0,1,5.6,509500.0
HSE-11503,1568,5,3.8,1,1988,36,Suburbs,Excellent,1.0,1,11.6,547900.0
HSE-11504,2097,3,2.8,1,1988,36,Suburbs,Excellent,0.0,0,5.2,565400.0
HSE-11505,1989,4,3.0,3,1983,41,Rural,Fair,1.0,0,2.5,436300.0
HSE-11506,1805,3,2.2,2,2014,10,Uptown,Excellent,1.0,0,26.3,477200.0
HSE-11507,2552,4,3.5,2,2011,13,Rural,Fair,2.0,0,23.5,526700.0
HSE-11508,2720,1,1.0,1,1966,58,Uptown,Excellent,2.0,0,37.3,562300.0
HSE-11509,2157,4,3.0,1,1978,46,Rural,Good,3.0,1,14.6,509200.0
HSE-11510,3060,1,1.0,1,2017,7,Suburbs,Good,2.0,0,13.5,685600.0
HSE-11511,1357,4,3.5,2,1996,28,Uptown,Fair,1.0,0,10.2,468000.0
HSE-11512,1974,5,4.2,2,2006,18,Suburbs,Fair,2.0,1,3.3,537800.0
HSE-11513,1634,3,2.2,2,1996,28,Uptown,Good,3.0,0,4.1,485400.0
HSE-11514,886,2,1.5,1,1992,32,Downtown,Excellent,2.0,0,5.4,406900.0
HSE-11515,2046,4,3.0,3,2012,12,Suburbs,Good,2.0,0,24.1,484800.0
HSE-11516,2020,3,2.2,1,2003,21,Waterfront,Good,3.0,0,3.9,670600.0
HSE-11517,3083,4,3.0,3,2004,20,Waterfront,Good,1.0,0,27.6,784700.0
HSE-11518,2510,2,1.5,1,2006,18,Suburbs,Good,2.0,0,9.4,562600.0
HSE-11519,1434,2,1.5,2,2011,13,Uptown,Fair,2.0,0,14.6,420600.0
HSE-11520,3305,5,3.8,1,2004,20,Suburbs,Fair,3.0,1,3.2,840800.0
HSE-11521,2893,3,1.8,1,1977,47,Downtown,Good,1.0,0,5.1,691600.0
HSE-11522,2478,4,3.0,2,1976,48,Waterfront,Good,2.0,0,33.8,630500.0
HSE-11523,1952,3,2.8,1,1972,52,Suburbs,Fair,2.0,0,5.1,458000.0
HSE-11524,1476,3,2.2,1,1979,45,Rural,Fair,1.0,1,5.5,336300.0
HSE-11525,1858,3,1.8,2,1990,34,Suburbs,Fair,2.0,0,4.2,484400.0
HSE-11526,2807,3,2.2,2,1976,48,Uptown,Excellent,1.0,0,3.4,709200.0
HSE-11527,3324,3,2.2,2,2007,17,Uptown,Fair,1.0,0,4.7,749500.0
HSE-11528,3103,3,1.8,1,2015,9,Suburbs,Good,1.0,0,12.3,680600.0
HSE-11529,1782,3,2.2,2,2010,14,Suburbs,Good,2.0,0,8.1,474000.0
HSE-11530,1372,3,2.2,2,1991,33,Waterfront,Good,1.0,0,10.1,532900.0
HSE-11531,2191,4,3.0,1,1982,42,Uptown,Fair,2.0,1,3.3,593100.0
HSE-11532,950,2,1.5,2,2009,15,Suburbs,Good,1.0,1,18.2,326900.0
HSE-11533,2310,3,2.2,1,2000,24,Downtown,Fair,1.0,1,17.3,623500.0
HSE-11534,2004,2,2.0,1,2013,11,Suburbs,Good,0.0,0,2.2,467000.0
HSE-11535,1797,3,2.2,1,2015,9,Suburbs,Fair,1.0,1,6.8,480700.0
HSE-11536,1063,4,3.0,1,1991,33,Downtown,Good,2.0,1,2.7,488700.0
HSE-11537,2433,2,1.5,2,1973,51,Suburbs,Good,2.0,0,17.7,475900.0
HSE-11538,1753,2,1.5,2,2019,5,Waterfront,Good,1.0,0,15.4,527400.0
HSE-11539,1339,2,1.5,3,2003,21,Uptown,Good,1.0,0,25.2,345400.0
HSE-11540,650,3,2.2,2,1965,59,Rural,Good,2.0,0,4.7,212400.0
HSE-11541,2082,4,3.0,1,1971,53,Uptown,Excellent,1.0,0,8.1,594000.0
HSE-11542,3251,1,1.0,2,1990,34,Rural,Good,3.0,0,4.0,628400.0
HSE-11543,3179,4,3.0,2,1971,53,Downtown,Good,2.0,0,6.6,810800.0
HSE-11544,1802,3,2.2,1,2016,8,Uptown,Good,1.0,0,9.4,539300.0
HSE-11545,1708,3,2.2,2,1971,53,Rural,Good,1.0,0,2.5,395000.0
HSE-11546,2404,4,3.0,3,1972,52,Uptown,Good,2.0,0,14.5,593000.0
HSE-11547,1451,3,2.2,2,1980,44,Suburbs,Good,0.0,1,9.8,393200.0
HSE-11548,2296,3,2.2,2,1967,57,Uptown,Fair,1.0,1,19.7,553200.0
HSE-11549,2597,1,1.0,1,2009,15,Rural,Fair,1.0,0,5.2,506000.0
HSE-11550,2897,2,2.0,1,1974,50,Uptown,Fair,2.0,0,25.4,607500.0
HSE-11551,2034,3,1.8,1,2014,10,Downtown,Fair,2.0,0,45.0,457800.0
HSE-11552,1967,1,1.2,2,1971,53,Uptown,Good,0.0,0,27.2,391000.0
HSE-11553,1529,3,2.2,2,1985,39,Rural,Excellent,2.0,0,17.0,351600.0
HSE-11554,1562,3,2.2,3,2017,7,Suburbs,Good,1.0,0,18.7,417400.0
HSE-11555,1952,3,2.2,1,2001,23,Uptown,Excellent,2.0,1,10.5,572200.0
HSE-11556,2338,2,2.0,1,1995,29,Suburbs,Excellent,1.0,0,4.1,567000.0
HSE-11557,2693,3,1.8,2,1987,37,Uptown,Excellent,2.0,0,13.3,659400.0
HSE-11558,1577,3,1.8,2,2021,3,Uptown,Excellent,3.0,0,14.5,532800.0
HSE-11559,3070,5,3.8,1,1991,33,Suburbs,Good,0.0,0,44.3,632900.0
HSE-11560,1923,2,1.0,2,2020,4,Suburbs,Fair,1.0,0,9.8,455800.0
HSE-11561,2086,4,2.5,2,1986,38,Uptown,Good,1.0,0,5.2,578100.0
HSE-11562,1614,3,2.8,2,2003,21,Suburbs,Good,1.0,0,13.5,407500.0
HSE-11563,650,3,2.8,2,2021,3,Suburbs,Excellent,1.0,0,40.8,251400.0
HSE-11564,2674,3,2.2,1,1991,33,Waterfront,Excellent,2.0,0,4.0,764600.0
HSE-11565,2578,2,2.0,3,2018,6,Suburbs,Good,3.0,0,5.9,603100.0
HSE-11566,1917,2,1.5,2,2013,11,Downtown,Good,1.0,0,9.8,537900.0
HSE-11567,2143,3,2.2,1,1968,56,Rural,Fair,2.0,0,3.9,413200.0
HSE-11568,2435,3,2.2,1,1988,36,Suburbs,Fair,2.0,0,2.2,535900.0
HSE-11569,1084,4,3.0,2,1987,37,Downtown,Good,2.0,0,6.1,415500.0
HSE-11570,1756,3,2.8,1,2012,12,Uptown,Good,1.0,0,22.1,500200.0
HSE-11571,2616,2,1.5,1,1983,41,Uptown,Excellent,1.0,0,2.4,639000.0
HSE-11572,1284,4,3.0,2,2006,18,Rural,Good,2.0,0,7.6,327800.0
HSE-11573,2290,3,1.8,1,1967,57,Rural,Excellent,1.0,0,16.4,507700.0
HSE-11574,1218,3,1.8,2,1991,33,Uptown,,2.0,0,32.6,370100.0
HSE-11575,2403,3,1.8,1,1967,57,Suburbs,Excellent,2.0,0,44.3,433100.0
HSE-11576,2076,4,3.5,2,1992,32,Suburbs,Fair,1.0,0,7.5,515300.0
HSE-11577,1050,4,3.5,1,1981,43,Downtown,Excellent,0.0,1,32.0,447100.0
HSE-11578,2857,3,2.2,1,1995,29,Suburbs,Good,3.0,0,2.4,661600.0
HSE-11579,1622,3,2.2,1,1974,50,Uptown,Fair,2.0,0,15.7,419300.0
HSE-11580,1573,5,3.8,3,2013,11,Uptown,Fair,2.0,0,12.3,499000.0
HSE-11581,2230,3,1.8,2,1986,38,Suburbs,Excellent,0.0,0,4.9,544900.0
HSE-11582,2846,1,1.0,1,1994,30,Waterfront,Fair,2.0,0,9.1,715000.0
HSE-11583,1439,3,2.2,2,2013,11,Suburbs,Good,2.0,0,3.4,406200.0
HSE-11584,2140,2,1.5,2,1985,39,Downtown,Good,2.0,0,22.5,505500.0
HSE-11585,2378,3,2.2,3,2000,24,Uptown,Good,0.0,1,6.4,624000.0
HSE-11586,2550,3,1.8,1,2017,7,Downtown,Excellent,1.0,0,11.8,690000.0
HSE-11587,2214,3,1.8,2,1987,37,Downtown,Good,1.0,0,3.7,592600.0
HSE-11588,1861,1,1.0,1,2002,22,Suburbs,Good,2.0,0,4.3,439600.0
HSE-11589,1562,4,3.0,1,1976,48,Downtown,Excellent,3.0,0,45.0,443700.0
HSE-11590,2155,3,2.8,3,1989,35,Uptown,Good,3.0,1,16.0,626000.0
HSE-11591,1403,3,2.2,2,2018,6,Rural,Excellent,3.0,0,34.7,338200.0
HSE-11592,650,3,2.8,1,2021,3,Downtown,Good,0.0,1,5.5,378800.0
HSE-11593,2383,3,2.2,1,1984,40,Downtown,Good,0.0,0,3.8,602100.0
HSE-11594,2687,2,1.5,2,2013,11,Uptown,Good,1.0,0,9.0,647000.0
HSE-11595,650,2,1.0,2,2013,11,Rural,Good,1.0,0,8.8,195300.0
HSE-11596,1443,4,3.5,1,2006,18,Suburbs,Fair,2.0,0,3.9,447200.0
HSE-11597,2502,4,3.0,3,1971,53,Downtown,Good,2.0,0,15.2,663500.0
HSE-11598,3437,3,1.8,1,1993,31,Uptown,Fair,1.0,0,6.5,720800.0
HSE-11599,2113,2,1.5,1,2012,12,Uptown,Good,2.0,0,4.1,575000.0
HSE-11600,1626,3,2.2,2,1993,31,Suburbs,Excellent,3.0,0,6.0,492500.0
HSE-11601,1981,4,3.0,1,1977,47,Uptown,Fair,2.0,0,10.3,510000.0
HSE-11602,2993,4,3.5,1,1967,57,Suburbs,Good,1.0,0,15.0,596800.0
HSE-11603,1680,2,1.5,2,1966,58,Downtown,Excellent,2.0,0,8.6,503300.0
HSE-11604,1580,1,1.0,2,1980,44,Downtown,Good,1.0,0,9.5,430300.0
HSE-11605,1786,4,2.5,1,1994,30,Waterfront,Good,2.0,0,3.5,647700.0
HSE-11606,1480,3,1.8,3,2002,22,Downtown,Excellent,1.0,0,26.6,449500.0
HSE-11607,2179,3,1.8,2,1970,54,Suburbs,Excellent,0.0,1,28.4,470800.0
HSE-11608,3156,1,1.0,1,2009,15,Suburbs,Good,3.0,0,13.5,636000.0
HSE-11609,2310,3,2.2,2,1971,53,Waterfront,Fair,2.0,0,2.2,578200.0
HSE-11610,1935,4,3.0,1,1969,55,Suburbs,Fair,2.0,0,9.7,444800.0
HSE-11611,1910,5,3.2,1,2020,4,Downtown,Good,3.0,0,11.9,683300.0
HSE-11612,1083,3,2.8,2,1971,53,Suburbs,Good,1.0,0,45.0,258700.0
HSE-11613,2674,3,1.8,3,1998,26,Uptown,,1.0,0,45.0,529100.0
HSE-11614,2049,2,1.5,1,1996,28,Downtown,Good,2.0,0,21.5,507600.0
HSE-11615,1982,3,2.2,1,2013,11,Suburbs,Fair,1.0,0,2.7,468200.0
HSE-11616,4175,3,2.2,2,1977,47,Suburbs,Good,2.0,0,32.6,810400.0
HSE-11617,2294,3,2.2,1,1994,30,Waterfront,Good,1.0,1,11.5,737900.0
HSE-11618,1611,3,2.2,1,1989,35,Downtown,Good,0.0,0,18.1,446700.0
HSE-11619,1822,2,1.5,1,1985,39,Uptown,Good,2.0,0,7.2,491100.0
HSE-11620,2846,2,2.0,2,2023,1,Rural,Good,1.0,0,5.9,609900.0
HSE-11621,2173,3,1.8,1,1985,39,Rural,Good,2.0,0,8.2,467900.0
HSE-11622,1165,2,1.0,1,1992,32,Suburbs,Good,2.0,0,3.6,339400.0
HSE-11623,2697,2,1.0,2,2012,12,Rural,Good,3.0,0,6.4,573300.0
HSE-11624,1665,5,3.8,2,2022,2,Suburbs,Fair,2.0,0,21.5,468100.0
HSE-11625,3317,3,1.8,2,1984,40,Suburbs,Good,1.0,1,2.4,683900.0
HSE-11626,2802,3,2.8,1,1998,26,Rural,Fair,2.0,0,3.6,572800.0
HSE-11627,1809,4,3.0,2,1969,55,Suburbs,Fair,2.0,0,3.3,422300.0
HSE-11628,2932,5,3.8,1,1982,42,Suburbs,Good,2.0,0,7.2,708200.0
HSE-11629,2144,3,2.2,1,2003,21,Suburbs,Good,2.0,0,45.0,422100.0
HSE-11630,2654,4,2.5,2,2007,17,Uptown,Good,2.0,0,3.9,659000.0
HSE-11631,2415,3,1.8,1,2021,3,Downtown,Good,2.0,0,3.6,624000.0
HSE-11632,1549,3,2.2,1,2021,3,Uptown,Good,2.0,1,26.7,494100.0
HSE-11633,1681,3,2.2,1,1975,49,Rural,Excellent,1.0,0,23.4,348800.0
HSE-11634,2769,3,2.2,1,2018,6,Uptown,Fair,1.0,0,2.3,662200.0
HSE-11635,1882,3,1.8,1,1981,43,Suburbs,Good,2.0,0,15.9,472700.0
HSE-11636,1837,3,2.8,3,2012,12,Rural,Excellent,1.0,0,12.7,474900.0
HSE-11637,1479,2,1.0,1,2009,15,Suburbs,Excellent,0.0,0,16.6,365700.0
HSE-11638,2375,3,2.8,1,1986,38,Suburbs,Fair,0.0,0,8.8,475200.0
HSE-11639,3440,2,1.5,1,2001,23,Suburbs,Good,2.0,1,45.0,668300.0
HSE-11640,1406,3,2.2,3,1984,40,Downtown,Fair,1.0,0,2.4,425000.0
HSE-11641,2115,3,1.8,2,2012,12,Suburbs,Good,2.0,0,4.7,545400.0
HSE-11642,3017,4,2.5,1,2018,6,Suburbs,Good,1.0,0,7.1,639600.0
HSE-11643,2048,4,3.0,2,2018,6,Suburbs,Good,2.0,0,8.0,578000.0
HSE-11644,2394,4,3.0,1,2012,12,Suburbs,Good,1.0,0,27.4,506200.0
HSE-11645,1409,3,2.2,1,2012,12,Uptown,Good,2.0,0,10.2,449600.0
HSE-11646,2378,4,3.5,1,2010,14,Waterfront,Good,1.0,0,2.5,773600.0
HSE-11647,1978,3,2.2,1,1970,54,Uptown,Excellent,3.0,0,7.2,521300.0
HSE-11648,2740,2,1.0,1,1998,26,Suburbs,Good,3.0,0,7.4,601700.0
HSE-11649,2871,1,1.0,2,1978,46,Suburbs,Fair,2.0,0,35.7,476300.0
HSE-11650,3783,3,2.8,1,2012,12,Rural,Good,,0,11.1,783900.0
HSE-11651,2476,3,2.2,2,1987,37,Suburbs,,1.0,0,12.1,551800.0
HSE-11652,2311,3,1.8,1,1984,40,Waterfront,Good,2.0,0,14.5,650200.0
HSE-11653,2226,4,3.0,1,1977,47,Suburbs,Excellent,2.0,0,16.7,528100.0
HSE-11654,1870,2,1.5,1,2011,13,Rural,Excellent,2.0,0,12.1,453300.0
HSE-11655,2320,2,2.0,3,2008,16,Suburbs,Good,2.0,0,4.7,553900.0
HSE-11656,1907,5,3.8,1,2005,19,Downtown,Good,2.0,0,22.7,577200.0
HSE-11657,2209,2,1.0,2,1996,28,Uptown,Good,3.0,0,15.2,591300.0
HSE-11658,2956,3,2.8,1,1990,34,Downtown,Good,1.0,0,15.5,728100.0
HSE-11659,1445,3,2.2,1,2014,10,Suburbs,Fair,2.0,0,45.0,344700.0
HSE-11660,2840,3,2.2,1,2017,7,Downtown,Good,2.0,0,18.2,709400.0
HSE-11661,2956,2,1.5,1,1978,46,Uptown,Fair,2.0,1,19.7,677000.0
HSE-11662,2023,2,1.0,1,2016,8,Suburbs,Good,1.0,0,32.2,396100.0
HSE-11663,720,2,1.5,1,2021,3,Suburbs,Good,2.0,0,3.6,288400.0
HSE-11664,1704,3,1.8,2,2000,24,Downtown,Excellent,3.0,1,8.9,581600.0
HSE-11665,2943,3,2.2,1,1972,52,Suburbs,Good,1.0,0,10.7,599200.0
HSE-11666,2085,2,1.5,2,2004,20,Uptown,Good,2.0,0,6.0,550500.0
HSE-11667,1450,3,2.2,1,1986,38,Suburbs,Fair,1.0,0,20.3,328500.0
HSE-11668,1771,4,3.5,2,1986,38,Downtown,Good,3.0,0,16.4,559200.0
HSE-11669,2646,1,1.0,2,1980,44,Suburbs,Good,2.0,0,14.8,565700.0
HSE-11670,2455,3,2.2,1,1991,33,Downtown,Good,1.0,0,45.0,501800.0
HSE-11671,1944,3,2.2,1,2020,4,Suburbs,Excellent,1.0,0,5.0,513000.0
HSE-11672,1861,3,1.8,2,1974,50,Suburbs,Good,2.0,1,15.3,407500.0
HSE-11673,1845,3,2.2,2,1989,35,Suburbs,Good,0.0,0,10.0,414300.0
HSE-11674,1500,3,2.2,1,1995,29,Rural,Good,2.0,0,5.8,369900.0
HSE-11675,3149,4,2.5,1,1985,39,Suburbs,Excellent,3.0,0,3.8,738000.0
HSE-11676,1890,4,3.0,2,1991,33,Uptown,Excellent,2.0,0,24.6,521400.0
HSE-11677,2891,3,1.8,1,1981,43,Suburbs,Good,0.0,0,11.0,590100.0
HSE-11678,3088,4,3.0,2,1997,27,Suburbs,Good,3.0,0,19.4,682800.0
HSE-11679,2748,3,1.8,1,1995,29,Downtown,Good,2.0,0,9.9,659000.0
HSE-11680,1819,3,2.8,1,2014,10,Downtown,Fair,1.0,0,4.5,533600.0
HSE-11681,2362,3,2.2,2,2006,18,Rural,Good,0.0,0,6.1,491000.0
HSE-11682,2084,2,1.5,2,1990,34,Rural,Good,1.0,0,6.8,455700.0
HSE-11683,1512,4,3.0,1,1985,39,Uptown,Fair,2.0,0,38.1,377400.0
HSE-11684,2310,3,2.8,2,2000,24,Uptown,,0.0,0,2.1,562000.0
HSE-11685,1333,3,2.2,2,1965,59,Downtown,Good,1.0,0,44.5,332400.0
HSE-11686,2871,4,2.5,2,1968,56,Suburbs,Excellent,2.0,1,41.4,575000.0
HSE-11687,1797,1,1.0,1,1968,56,Rural,Good,2.0,0,45.0,290000.0
HSE-11688,2230,3,2.8,2,1990,34,Uptown,Good,2.0,0,8.5,606900.0
HSE-11689,2284,2,1.5,2,1968,56,Downtown,Good,2.0,0,35.2,480700.0
HSE-11690,1931,4,3.0,2,2013,11,Suburbs,Good,0.0,0,7.0,478500.0
HSE-11691,2481,4,3.5,2,1973,51,Suburbs,Good,2.0,0,2.3,582200.0
HSE-11692,1791,3,2.8,1,1994,30,Rural,Good,1.0,0,4.5,395600.0
HSE-11693,2666,3,2.8,2,2015,9,Suburbs,,2.0,0,31.1,513800.0
HSE-11694,1225,3,1.8,2,2009,15,Downtown,Good,2.0,0,2.1,427500.0
HSE-11695,2182,4,3.0,1,1968,56,Suburbs,Good,1.0,0,9.9,450800.0
HSE-11696,3360,3,2.2,1,1969,55,Waterfront,Good,3.0,0,2.8,850000.0
HSE-11697,1449,3,2.2,1,2009,15,Suburbs,Excellent,2.0,0,5.4,457500.0
HSE-11698,1659,5,3.8,2,1987,37,Waterfront,Fair,0.0,0,2.9,603200.0
HSE-11699,2434,3,1.8,1,1980,44,Suburbs,Good,3.0,0,21.6,550100.0
HSE-11700,2216,2,1.5,2,1986,38,Rural,Good,2.0,0,10.9,436200.0
HSE-11701,2327,3,2.2,2,2001,23,Uptown,Excellent,2.0,1,25.2,626800.0
HSE-11702,2417,5,3.2,2,1972,52,Suburbs,Good,2.0,0,13.7,596400.0
HSE-11703,2512,3,2.2,2,2012,12,Downtown,Good,2.0,1,37.4,619100.0
HSE-11704,2821,2,1.0,3,1997,27,Suburbs,Excellent,0.0,0,9.1,608700.0
HSE-11705,2366,3,2.2,1,2019,5,Suburbs,Good,1.0,0,12.2,542600.0
HSE-11706,1943,3,1.8,2,2002,22,Waterfront,Good,2.0,0,10.6,616500.0
HSE-11707,2537,2,1.5,1,2007,17,Downtown,Good,0.0,0,8.6,614700.0
HSE-11708,3334,3,2.2,2,1980,44,Downtown,Excellent,2.0,0,20.7,769600.0
HSE-11709,2013,5,3.8,1,1969,55,Suburbs,Fair,1.0,0,12.3,496200.0
HSE-11710,1466,3,2.2,3,1980,44,Downtown,Good,1.0,0,18.2,407000.0
HSE-11711,2819,3,2.8,2,1971,53,Waterfront,Good,0.0,0,17.4,707000.0
HSE-11712,2021,3,2.2,2,2015,9,Suburbs,Good,2.0,0,4.1,567900.0
HSE-11713,687,2,1.0,1,1965,59,Rural,Good,2.0,0,12.5,174200.0
HSE-11714,2650,4,3.5,1,1973,51,Rural,Good,1.0,0,4.2,556200.0
HSE-11715,1752,3,1.8,2,1982,42,Suburbs,Fair,2.0,0,10.8,407300.0
HSE-11716,2041,3,2.8,1,2009,15,Suburbs,Good,1.0,0,13.3,554500.0
HSE-11717,2315,3,2.8,2,2022,2,Waterfront,Good,2.0,0,45.0,632300.0
HSE-11718,2223,3,2.2,1,2011,13,Downtown,Excellent,0.0,0,2.3,657000.0
HSE-11719,2561,3,2.8,2,1967,57,Suburbs,Good,2.0,0,3.0,585700.0
HSE-11720,1816,2,1.0,1,1988,36,Suburbs,Excellent,2.0,0,2.8,479800.0
HSE-11721,2433,4,3.0,2,1992,32,Downtown,Good,3.0,0,7.1,676300.0
HSE-11722,1931,5,3.8,2,1974,50,Uptown,Fair,1.0,0,19.2,475000.0
HSE-11723,2580,3,2.2,1,1973,51,Suburbs,Good,2.0,0,20.6,549600.0
HSE-11724,2499,5,4.2,1,1977,47,Suburbs,Fair,2.0,0,15.4,547400.0
HSE-11725,1491,2,1.0,1,2012,12,Rural,Excellent,3.0,0,24.7,357500.0
HSE-11726,2805,3,2.2,2,1999,25,Uptown,Excellent,1.0,0,5.9,751600.0
HSE-11727,1751,3,2.2,2,2018,6,Downtown,Good,1.0,0,2.9,544300.0
HSE-11728,2625,3,2.2,2,1987,37,Uptown,Good,2.0,0,2.6,635000.0
HSE-11729,2338,3,2.2,2,2011,13,Downtown,Good,0.0,0,21.1,583700.0
HSE-11730,3294,3,2.2,1,1981,43,Uptown,Good,1.0,1,15.1,735800.0
HSE-11731,1954,2,2.0,1,2010,14,Suburbs,Good,0.0,0,14.0,447900.0
HSE-11732,1872,3,1.8,1,1971,53,Suburbs,Good,2.0,0,6.2,424200.0
HSE-11733,2087,2,2.0,1,2016,8,Uptown,Good,0.0,1,6.8,589600.0
HSE-11734,1902,4,3.0,3,1980,44,Downtown,Fair,2.0,0,33.7,473900.0
HSE-11735,2619,2,1.5,2,2017,7,Rural,Excellent,2.0,1,2.7,613000.0
HSE-11736,1049,2,1.5,1,2004,20,Suburbs,Excellent,0.0,0,16.9,317400.0
HSE-11737,1415,3,2.2,2,2000,24,Rural,Good,1.0,0,5.7,399200.0
HSE-11738,1405,3,2.2,2,1984,40,Rural,Excellent,1.0,0,2.4,365200.0
HSE-11739,2717,4,3.5,1,1988,36,Suburbs,Good,2.0,0,15.6,642300.0
HSE-11740,3211,3,2.2,1,2011,13,Uptown,Fair,2.0,0,6.0,745900.0
HSE-11741,2032,3,2.8,1,1969,55,Downtown,Good,2.0,0,14.8,550800.0
HSE-11742,1990,4,3.0,2,2009,15,Rural,Good,0.0,0,14.3,471600.0
HSE-11743,2145,3,1.8,3,1970,54,Downtown,Good,2.0,0,9.7,549700.0
HSE-11744,2855,2,1.5,2,1992,32,Uptown,Excellent,2.0,0,17.0,677200.0
HSE-11745,1497,3,2.8,1,2023,1,Downtown,Excellent,2.0,0,10.7,551900.0
HSE-11746,2254,4,3.0,1,1969,55,Suburbs,Good,2.0,1,5.4,559900.0
HSE-11747,2733,3,2.8,2,2013,11,Suburbs,Good,1.0,0,15.2,624500.0
HSE-11748,2425,3,2.8,2,2003,21,Downtown,Fair,2.0,0,10.9,610400.0
HSE-11749,2223,2,1.5,2,2002,22,Uptown,Fair,1.0,0,2.1,576100.0
HSE-11750,2750,2,1.0,2,1966,58,Uptown,Good,0.0,0,25.2,529000.0
HSE-11751,650,3,2.2,1,2007,17,Uptown,Good,2.0,0,9.9,301900.0
HSE-11752,2540,3,2.2,2,2003,21,Suburbs,Good,3.0,0,22.3,597900.0
HSE-11753,1674,2,1.5,2,2018,6,Downtown,Good,2.0,0,23.4,457000.0
HSE-11754,910,5,3.8,1,1985,39,Suburbs,Good,1.0,0,7.9,319800.0
HSE-11755,2432,4,3.0,2,2004,20,Waterfront,Fair,1.0,0,9.1,700000.0
HSE-11756,2992,3,2.2,1,2001,23,Rural,Good,2.0,0,7.4,657000.0
HSE-11757,2010,4,3.0,1,2023,1,Downtown,Fair,2.0,0,8.0,607700.0
HSE-11758,2719,2,1.5,1,1982,42,Suburbs,Fair,1.0,0,24.6,482100.0
HSE-11759,3147,3,2.2,1,2018,6,Suburbs,Good,2.0,1,17.5,720000.0
HSE-11760,2954,3,2.2,1,2012,12,Uptown,Good,1.0,1,3.4,743100.0
HSE-11761,3165,4,3.0,1,2010,14,Uptown,Excellent,2.0,0,11.4,843100.0
HSE-11762,2582,4,3.5,2,1976,48,Uptown,Fair,3.0,0,45.0,545800.0
HSE-11763,2149,3,2.2,2,1981,43,Suburbs,Fair,1.0,1,11.1,490900.0
HSE-11764,1058,5,3.8,1,2001,23,Uptown,Good,1.0,0,17.4,417100.0
HSE-11765,1940,2,1.5,1,2010,14,Uptown,Good,2.0,0,16.7,480200.0
HSE-11766,1551,4,3.0,2,2002,22,Suburbs,Fair,2.0,0,6.3,425700.0
HSE-11767,3511,5,3.8,1,1979,45,Downtown,Fair,2.0,1,6.6,855200.0
HSE-11768,1985,2,2.0,1,1971,53,Suburbs,Excellent,2.0,0,14.9,504700.0
HSE-11769,2180,4,3.0,2,1978,46,Downtown,Good,1.0,0,8.9,594900.0
HSE-11770,2458,1,1.0,2,2014,10,Rural,Good,2.0,0,10.5,490500.0
HSE-11771,2128,3,2.2,2,1965,59,Downtown,Good,1.0,0,14.5,526700.0
HSE-11772,3201,3,1.8,2,2002,22,Waterfront,Good,3.0,0,17.0,820400.0
HSE-11773,1695,3,2.2,1,1967,57,Downtown,Good,1.0,0,5.2,481800.0
HSE-11774,2226,5,3.8,2,2001,23,Suburbs,Good,2.0,0,3.6,623600.0
HSE-11775,1617,3,2.2,1,2008,16,Downtown,Excellent,1.0,0,5.5,564500.0
HSE-11776,1241,3,2.2,1,1995,29,Downtown,Fair,1.0,0,9.1,373200.0
HSE-11777,1702,4,2.5,1,2007,17,Downtown,Excellent,1.0,0,6.2,595300.0
HSE-11778,2075,5,3.2,2,1977,47,Suburbs,Fair,2.0,0,10.4,514900.0
HSE-11779,1820,1,1.2,1,2012,12,Downtown,Good,2.0,0,2.5,523300.0
HSE-11780,1649,5,3.8,2,1982,42,Suburbs,Fair,2.0,0,9.1,414300.0
HSE-11781,1185,2,1.5,2,1981,43,Suburbs,Fair,1.0,0,6.6,288500.0
HSE-11782,2045,4,2.5,2,1981,43,Downtown,Excellent,2.0,0,9.7,601500.0
HSE-11783,1121,3,1.8,2,1975,49,Suburbs,Good,2.0,1,7.5,371000.0
HSE-11784,2594,2,1.5,2,1984,40,Rural,Fair,1.0,0,5.3,496500.0
HSE-11785,2153,3,2.2,2,1974,50,Suburbs,Excellent,1.0,0,25.4,510400.0
HSE-11786,1152,3,2.2,1,1993,31,Uptown,Excellent,2.0,0,4.0,426300.0
HSE-11787,1899,3,2.2,2,2012,12,Downtown,Good,1.0,0,13.4,586400.0
HSE-11788,1611,2,1.5,2,1998,26,Uptown,Excellent,1.0,1,27.9,485900.0
HSE-11789,2307,3,1.8,3,1981,43,Suburbs,Good,2.0,0,9.7,538600.0
HSE-11790,2971,4,2.5,2,2018,6,Rural,Excellent,1.0,0,22.9,683700.0
HSE-11791,881,3,2.2,2,2016,8,Downtown,Good,2.0,1,3.3,452400.0
HSE-11792,2174,2,1.5,2,2006,18,Waterfront,Excellent,3.0,0,8.8,716200.0
HSE-11793,1995,3,2.2,2,1977,47,Suburbs,Good,2.0,0,8.1,482400.0
HSE-11794,2536,1,1.0,2,2008,16,Suburbs,Good,2.0,0,2.1,584700.0
HSE-11795,2238,4,3.0,1,2011,13,Uptown,Good,0.0,0,7.9,625500.0
HSE-11796,1611,4,3.5,2,2003,21,Suburbs,,2.0,1,6.6,534300.0
HSE-11797,1892,3,2.2,3,1991,33,Downtown,Good,1.0,0,13.1,485700.0
HSE-11798,1582,3,1.8,2,2018,6,Suburbs,,2.0,1,29.9,382900.0
HSE-11799,2799,4,3.0,2,2017,7,Uptown,Excellent,3.0,1,2.9,845000.0
HSE-11800,2113,3,2.8,1,1990,34,Rural,Good,2.0,0,6.0,497300.0
HSE-11801,3335,4,3.0,2,1992,32,Downtown,Good,2.0,0,7.9,809800.0
HSE-11802,2060,3,2.2,2,1977,47,Waterfront,Good,,0,8.1,621600.0
HSE-11803,1639,4,2.5,2,1976,48,Downtown,Excellent,0.0,0,16.9,468000.0
HSE-11804,1116,3,2.2,1,2008,16,Downtown,Good,2.0,0,7.9,450900.0
HSE-11805,927,3,1.8,2,1992,32,Rural,Good,0.0,0,2.3,263600.0
HSE-11806,1070,5,3.8,2,1966,58,Rural,Excellent,2.0,0,14.4,350200.0
HSE-11807,2273,3,2.8,1,2001,23,Uptown,Good,0.0,1,23.6,571000.0
HSE-11808,2430,3,2.8,1,2021,3,Suburbs,Good,2.0,0,9.2,605500.0
HSE-11809,1072,2,1.5,1,2021,3,Downtown,Good,1.0,0,10.7,387300.0
HSE-11810,2681,3,2.2,2,1998,26,Suburbs,Excellent,2.0,1,3.8,682000.0
HSE-11811,1786,3,2.8,1,1987,37,Downtown,Good,2.0,0,4.5,582500.0
HSE-11812,2195,2,1.5,1,2022,2,Downtown,Good,2.0,0,4.7,573100.0
HSE-11813,3147,2,1.0,2,2016,8,Waterfront,Excellent,1.0,0,7.6,795000.0
HSE-11814,2682,3,2.2,1,2009,15,Rural,Good,2.0,0,28.3,551200.0
HSE-11815,1925,4,3.0,1,1993,31,Downtown,Good,1.0,0,9.4,534800.0
HSE-11816,1520,3,2.2,2,1999,25,Suburbs,Excellent,1.0,0,4.1,407700.0
HSE-11817,701,2,1.5,2,1975,49,Waterfront,Fair,1.0,0,5.1,359200.0
HSE-11818,1632,3,2.2,2,2012,12,Suburbs,Good,2.0,1,6.8,514900.0
HSE-11819,1962,2,1.5,1,1997,27,Uptown,Good,1.0,0,11.8,466000.0
HSE-11820,1458,3,1.8,2,2015,9,Suburbs,Excellent,3.0,0,7.8,429200.0
HSE-11821,2014,2,1.5,2,1975,49,Downtown,Fair,2.0,0,7.0,471100.0
HSE-11822,2149,2,2.0,1,1973,51,Rural,Good,1.0,0,10.3,410000.0
HSE-11823,1953,2,1.5,1,1978,46,Suburbs,Excellent,2.0,0,4.8,533100.0
HSE-11824,1677,3,2.2,1,1973,51,Downtown,Fair,2.0,1,2.8,497700.0
HSE-11825,2209,2,2.0,1,2003,21,Suburbs,Fair,0.0,0,2.2,497600.0
HSE-11826,2387,3,2.8,2,2012,12,Rural,Excellent,2.0,0,4.9,606000.0
HSE-11827,1391,3,2.2,2,1967,57,Waterfront,Good,2.0,0,3.0,545900.0
HSE-11828,3017,3,1.8,1,1993,31,Suburbs,Excellent,1.0,0,6.1,667300.0
HSE-11829,2035,3,2.2,1,1983,41,Suburbs,Fair,2.0,0,16.8,439900.0
HSE-11830,2112,4,3.5,1,2000,24,Uptown,Good,1.0,0,14.6,570800.0
HSE-11831,2560,2,2.0,2,1996,28,Suburbs,Good,1.0,0,11.4,564300.0
HSE-11832,2251,3,2.8,1,1971,53,Uptown,Good,2.0,0,21.1,571600.0
HSE-11833,2719,2,1.5,2,2019,5,Suburbs,Good,2.0,0,5.3,668100.0
HSE-11834,2286,2,1.5,1,1992,32,Suburbs,Good,2.0,0,23.6,470600.0
HSE-11835,1701,3,1.8,2,2008,16,Uptown,Excellent,2.0,0,7.1,542900.0
HSE-11836,2334,3,2.2,2,1982,42,Suburbs,Good,2.0,1,7.1,592800.0
HSE-11837,1356,4,3.0,1,1969,55,Waterfront,Good,2.0,0,7.2,542700.0
HSE-11838,2170,3,2.2,2,1987,37,Suburbs,Fair,0.0,0,3.0,509000.0
HSE-11839,2078,5,3.8,3,2019,5,Suburbs,Good,2.0,0,39.1,508300.0
HSE-11840,1964,1,1.0,1,1986,38,Rural,Good,2.0,0,3.5,398800.0
HSE-11841,2016,2,1.5,2,1990,34,Downtown,Good,0.0,0,6.2,546700.0
HSE-11842,876,1,1.0,1,2006,18,Uptown,Good,2.0,0,5.8,338200.0
HSE-11843,1743,2,1.0,2,1976,48,Suburbs,Fair,0.0,0,2.8,369200.0
HSE-11844,2160,3,2.2,1,2004,20,Uptown,Fair,2.0,0,3.7,560500.0
HSE-11845,2203,3,2.2,3,1983,41,Uptown,Good,2.0,1,2.5,634500.0
HSE-11846,1432,1,1.0,2,2011,13,Suburbs,Good,3.0,0,5.5,373700.0
HSE-11847,2922,5,4.2,2,1965,59,Waterfront,Excellent,1.0,0,22.1,792600.0
HSE-11848,1536,4,3.0,2,1967,57,Uptown,Good,2.0,0,6.1,416400.0
HSE-11849,2730,3,2.2,2,1991,33,Downtown,Fair,1.0,1,3.3,669000.0
HSE-11850,2377,2,1.5,1,1982,42,Downtown,Good,2.0,0,12.4,602000.0
HSE-11851,1679,2,1.5,2,2014,10,Downtown,Fair,2.0,0,45.0,389600.0
HSE-11852,3253,2,2.0,3,1994,30,Suburbs,Good,2.0,1,4.6,706900.0
HSE-11853,1324,2,1.5,2,1966,58,Downtown,Excellent,2.0,0,5.3,476100.0
HSE-11854,2697,3,2.8,3,1969,55,Suburbs,Good,2.0,0,37.7,529700.0
HSE-11855,2750,2,1.5,2,1993,31,Downtown,Good,0.0,0,4.0,683000.0
HSE-11856,1664,3,2.8,2,1997,27,Uptown,Good,1.0,1,9.2,538100.0
HSE-11857,3005,5,3.2,2,2006,18,Downtown,Good,2.0,1,4.7,829200.0
HSE-11858,1937,3,2.8,1,1984,40,Rural,Excellent,2.0,1,28.9,504000.0
HSE-11859,2287,5,3.8,1,1994,30,Suburbs,Fair,1.0,0,41.9,462500.0
HSE-11860,2269,2,1.5,1,2006,18,Downtown,Good,2.0,1,18.9,578800.0
HSE-11861,2012,3,2.2,2,1969,55,Uptown,Good,1.0,0,5.8,550600.0
HSE-11862,2627,3,2.8,1,2014,10,Downtown,Good,1.0,0,7.2,700400.0
HSE-11863,2615,2,1.0,1,1985,39,Downtown,Good,2.0,0,4.8,663600.0
HSE-11864,963,1,1.0,3,2022,2,Suburbs,Excellent,1.0,0,24.1,307500.0
HSE-11865,2947,3,2.8,1,1979,45,Downtown,Fair,0.0,0,26.6,652200.0
HSE-11866,1019,3,2.2,2,1984,40,Suburbs,Good,0.0,0,7.4,286700.0
HSE-11867,2771,3,1.8,1,1972,52,Rural,Good,2.0,1,12.7,571600.0
HSE-11868,2832,3,2.2,1,2013,11,Suburbs,Good,3.0,0,3.8,670900.0
HSE-11869,1390,3,2.2,2,1995,29,Rural,Good,2.0,0,7.7,352800.0
HSE-11870,1832,1,1.2,2,1976,48,Uptown,Fair,1.0,1,12.0,403000.0
HSE-11871,1381,3,2.2,2,1985,39,Suburbs,Fair,3.0,0,6.9,375500.0
HSE-11872,1960,2,1.5,1,1994,30,Downtown,Fair,2.0,0,6.4,525900.0
HSE-11873,1899,2,2.0,2,1991,33,Waterfront,Excellent,2.0,0,2.0,630200.0
HSE-11874,2606,5,3.8,1,2008,16,Rural,Good,2.0,0,18.3,577200.0
HSE-11875,2951,3,1.8,1,1990,34,Suburbs,Good,1.0,0,24.0,586400.0
HSE-11876,3007,4,3.0,1,1997,27,Suburbs,Good,2.0,0,36.9,639200.0
HSE-11877,1734,3,2.2,1,1990,34,Suburbs,Good,1.0,1,14.7,426500.0
HSE-11878,1964,3,1.8,1,1990,34,Suburbs,Good,1.0,0,10.0,511500.0
HSE-11879,1005,2,2.0,1,2000,24,Downtown,Excellent,2.0,0,5.1,405200.0
HSE-11880,1576,2,1.5,3,2004,20,Waterfront,Good,2.0,0,45.0,444500.0
HSE-11881,2727,2,1.5,1,1965,59,Downtown,Good,2.0,0,10.9,651700.0
HSE-11882,3150,4,3.0,1,2023,1,Uptown,Fair,2.0,0,13.4,767900.0
HSE-11883,1297,3,2.2,1,1979,45,Uptown,Good,0.0,1,13.5,425800.0
HSE-11884,1714,3,2.8,2,2014,10,Suburbs,Good,0.0,0,20.7,405000.0
HSE-11885,2082,3,2.8,1,1965,59,Suburbs,Excellent,1.0,0,2.1,516900.0
HSE-11886,2282,4,3.0,2,1975,49,Uptown,Good,2.0,1,4.5,622300.0
HSE-11887,1573,2,1.5,3,2019,5,Waterfront,Good,2.0,0,13.0,540600.0
HSE-11888,2375,3,2.2,1,1966,58,Uptown,Good,0.0,0,24.6,521800.0
HSE-11889,1792,3,2.2,2,1965,59,Suburbs,Good,3.0,0,13.6,415600.0
HSE-11890,2090,4,2.5,1,1995,29,Suburbs,Fair,1.0,0,7.3,448300.0
HSE-11891,2455,5,3.2,2,2008,16,Suburbs,Excellent,2.0,1,6.5,722600.0
HSE-11892,2104,2,1.5,1,1980,44,Downtown,Good,2.0,0,15.4,523400.0
HSE-11893,1816,4,3.0,1,2018,6,Uptown,Excellent,1.0,0,15.5,584200.0
HSE-11894,2028,4,2.5,1,1986,38,Suburbs,Excellent,2.0,0,11.3,530600.0
HSE-11895,2042,2,1.5,2,2006,18,Waterfront,Good,2.0,1,5.4,674800.0
HSE-11896,1859,3,1.8,1,1982,42,Downtown,,2.0,1,27.9,559500.0
HSE-11897,1931,3,2.2,1,2011,13,Uptown,Fair,2.0,0,10.0,490700.0
HSE-11898,3139,5,3.8,2,1981,43,Rural,Excellent,,0,17.6,651100.0
HSE-11899,2464,2,2.0,2,1994,30,Suburbs,Good,2.0,0,4.4,545700.0
HSE-11900,1907,4,3.0,2,1974,50,Rural,Good,3.0,0,6.2,512600.0
HSE-11901,2553,3,1.8,1,1999,25,Suburbs,Good,0.0,1,22.8,552800.0
HSE-11902,1883,4,3.0,2,2022,2,Downtown,Good,1.0,1,2.5,650300.0
HSE-11903,2862,3,2.8,2,1985,39,Waterfront,Good,3.0,1,9.2,760300.0
HSE-11904,2340,3,2.8,1,1980,44,Rural,Good,1.0,0,8.6,502300.0
HSE-11905,2030,4,3.0,2,1970,54,Downtown,Good,2.0,1,15.9,579600.0
HSE-11906,2391,4,3.0,1,1967,57,Downtown,Excellent,2.0,1,5.3,735200.0
HSE-11907,1078,4,3.5,3,2005,19,Uptown,Good,2.0,0,4.5,462500.0
HSE-11908,1367,2,1.0,1,2007,17,Waterfront,Good,1.0,0,28.1,433700.0
HSE-11909,1323,3,2.2,2,1985,39,Suburbs,Excellent,1.0,0,10.5,425400.0
HSE-11910,2192,2,1.5,1,1977,47,Waterfront,Fair,0.0,0,3.1,612400.0
HSE-11911,3226,3,1.8,3,1982,42,Downtown,Excellent,2.0,1,4.1,859100.0
HSE-11912,3550,3,2.2,1,2022,2,Downtown,Good,2.0,0,45.0,776200.0
HSE-11913,2514,3,2.2,3,2018,6,Downtown,Good,2.0,0,4.2,676500.0
HSE-11914,2425,3,2.2,2,1988,36,Downtown,Good,2.0,0,11.4,627300.0
HSE-11915,929,5,4.2,1,1991,33,Rural,Good,1.0,0,7.4,314600.0
HSE-11916,1747,2,1.5,2,2018,6,Downtown,Excellent,0.0,1,23.7,528500.0
HSE-11917,1587,3,2.8,3,1968,56,Rural,Fair,,0,16.1,311300.0
HSE-11918,1696,3,1.8,1,1986,38,Suburbs,Good,2.0,0,11.1,419800.0
HSE-11919,1990,2,1.5,1,1988,36,Uptown,Good,1.0,0,2.1,561300.0
HSE-11920,1793,2,1.0,2,2004,20,Waterfront,Excellent,1.0,0,23.2,564000.0
HSE-11921,813,5,4.2,1,2009,15,Uptown,Good,0.0,0,7.9,387100.0
HSE-11922,2586,4,3.0,1,1974,50,Uptown,Excellent,1.0,1,28.8,628900.0
HSE-11923,1402,4,3.0,1,1966,58,Downtown,Good,2.0,0,8.8,462900.0
HSE-11924,2255,5,4.2,1,2004,20,Waterfront,Fair,3.0,0,13.8,729000.0
HSE-11925,3448,2,1.5,1,1970,54,Waterfront,Good,2.0,0,2.7,838100.0
HSE-11926,1502,3,2.8,1,2012,12,Suburbs,Fair,3.0,0,15.7,406000.0
HSE-11927,650,3,2.2,2,1982,42,Waterfront,Good,3.0,1,6.1,456700.0
HSE-11928,1914,3,2.8,2,1981,43,Downtown,Fair,2.0,0,6.3,532900.0
HSE-11929,2815,3,2.2,1,2002,22,Suburbs,Good,1.0,0,3.3,650800.0
HSE-11930,3372,3,1.8,2,2009,15,Waterfront,Good,2.0,0,3.6,891000.0
HSE-11931,1300,3,2.2,2,1987,37,Downtown,Good,1.0,0,4.1,437200.0
HSE-11932,2422,3,1.8,3,2010,14,Waterfront,Good,1.0,0,6.0,696300.0
HSE-11933,1797,2,1.5,1,1994,30,Suburbs,Good,1.0,0,24.3,384700.0
HSE-11934,2031,3,2.2,1,2022,2,Suburbs,Good,2.0,0,6.6,543300.0
HSE-11935,3818,3,2.2,2,1985,39,Downtown,Good,1.0,1,14.9,883400.0
HSE-11936,1123,3,1.8,3,1974,50,Suburbs,Excellent,1.0,0,2.9,350800.0
HSE-11937,2264,2,1.0,2,2020,4,Uptown,Excellent,2.0,0,10.9,605000.0
HSE-11938,2404,4,3.0,2,2007,17,Suburbs,Fair,2.0,1,8.6,584000.0
HSE-11939,2805,1,1.2,1,1977,47,Downtown,Fair,2.0,1,40.1,532600.0
HSE-11940,2163,3,2.2,2,1976,48,Suburbs,Excellent,2.0,0,20.7,483000.0
HSE-11941,2300,4,3.0,1,1973,51,Suburbs,Good,1.0,0,8.1,515500.0
HSE-11942,1845,3,2.2,1,1968,56,Uptown,Good,1.0,0,16.9,445600.0
HSE-11943,2274,3,2.2,2,2003,21,Suburbs,Good,2.0,0,4.1,569100.0
HSE-11944,1876,3,2.2,1,1988,36,Uptown,Good,2.0,0,10.3,490700.0
HSE-11945,2504,3,2.2,2,2018,6,Rural,Good,2.0,0,2.8,574700.0
HSE-11946,1859,4,3.0,3,1998,26,Uptown,Excellent,2.0,0,6.3,610300.0
HSE-11947,2345,4,3.5,1,2003,21,Waterfront,Good,2.0,0,4.6,721700.0
HSE-11948,2080,3,1.8,3,2005,19,Suburbs,Fair,3.0,0,14.7,469400.0
HSE-11949,2831,3,2.2,3,1969,55,Suburbs,Fair,1.0,0,8.7,534500.0
HSE-11950,2066,2,1.0,2,1979,45,Rural,Good,1.0,0,15.9,365000.0
HSE-11951,947,3,2.2,1,2014,10,Uptown,Good,2.0,0,9.2,418400.0
HSE-11952,2920,3,2.2,1,1968,56,Uptown,Good,1.0,0,2.9,682300.0
HSE-11953,1511,3,2.2,1,2015,9,Uptown,Fair,1.0,0,15.3,470900.0
HSE-11954,1675,3,1.8,1,2016,8,Downtown,Excellent,1.0,0,19.9,502200.0
HSE-11955,1712,3,2.2,1,2022,2,Suburbs,Fair,1.0,0,25.4,422400.0
HSE-11956,2993,1,1.0,3,2003,21,Uptown,Fair,1.0,0,10.5,606700.0
HSE-11957,711,3,1.8,1,2022,2,Uptown,Good,0.0,0,16.0,294400.0
HSE-11958,4139,3,2.8,2,1972,52,Downtown,Good,2.0,0,15.9,949700.0
HSE-11959,2786,4,3.0,1,2013,11,Rural,Good,2.0,0,3.7,622000.0
HSE-11960,2245,1,1.2,2,2009,15,Suburbs,Excellent,2.0,0,3.8,588600.0
HSE-11961,2064,3,2.8,2,1988,36,Suburbs,Excellent,2.0,0,2.7,558600.0
HSE-11962,2285,5,3.8,1,2017,7,Waterfront,Good,1.0,0,5.9,719900.0
HSE-11963,2438,2,1.0,1,1992,32,Uptown,Good,1.0,0,8.4,536200.0
HSE-11964,2519,3,2.2,2,2019,5,Downtown,Good,1.0,0,45.0,574800.0
HSE-11965,2461,2,2.0,2,2007,17,Suburbs,Good,2.0,0,7.6,545000.0
HSE-11966,2158,3,2.2,2,1991,33,Suburbs,Fair,2.0,1,15.0,497800.0
HSE-11967,1971,3,2.2,1,1965,59,Uptown,Excellent,1.0,0,13.8,478700.0
HSE-11968,2001,3,2.2,1,1998,26,Downtown,Fair,1.0,0,4.3,542500.0
HSE-11969,1973,3,2.8,3,1981,43,Waterfront,Fair,3.0,0,2.6,587900.0
HSE-11970,2836,4,3.0,2,2001,23,Rural,Good,2.0,0,9.9,621000.0
HSE-11971,2485,2,2.0,2,2002,22,Waterfront,Good,2.0,0,14.0,658100.0
HSE-11972,650,1,1.0,2,1990,34,Suburbs,Fair,1.0,0,45.0,117900.0
HSE-11973,2526,4,3.0,2,2021,3,Uptown,Fair,1.0,0,6.4,598200.0
HSE-11974,2226,3,2.2,1,1988,36,Suburbs,Good,2.0,0,24.7,481200.0
HSE-11975,2087,4,3.0,1,2003,21,Suburbs,Good,2.0,0,6.8,560400.0
HSE-11976,1847,3,1.8,1,1985,39,Suburbs,Good,2.0,0,13.7,449100.0
HSE-11977,2830,4,2.5,2,1994,30,Downtown,Good,2.0,0,11.1,685400.0
HSE-11978,2715,3,2.8,1,2011,13,Rural,Good,2.0,0,2.5,575800.0
HSE-11979,1597,4,2.5,1,2015,9,Suburbs,Excellent,2.0,0,2.8,531400.0
HSE-11980,2364,4,3.5,2,2012,12,Suburbs,Good,1.0,0,2.2,605700.0
HSE-11981,1468,3,2.2,2,2021,3,Rural,Fair,1.0,0,6.6,329600.0
HSE-11982,1203,2,2.0,2,1977,47,Suburbs,Good,2.0,0,15.7,332200.0
HSE-11983,1692,3,2.2,2,2001,23,Uptown,Good,1.0,0,3.9,485200.0
HSE-11984,2660,2,2.0,1,1967,57,Suburbs,Fair,2.0,0,11.3,511200.0
HSE-11985,2719,2,2.0,2,1996,28,Suburbs,Good,2.0,0,5.4,588000.0
HSE-11986,2433,3,1.8,2,1999,25,Rural,Fair,3.0,1,17.9,500400.0
HSE-11987,2571,3,1.8,2,1983,41,Suburbs,Fair,1.0,0,18.0,487000.0
HSE-11988,2435,3,2.2,1,1978,46,Downtown,Good,1.0,0,16.9,594300.0
HSE-11989,1683,3,2.2,1,2012,12,Suburbs,Good,2.0,0,9.4,491400.0
HSE-11990,2380,3,2.8,2,1986,38,Suburbs,Excellent,2.0,1,5.3,604600.0
HSE-11991,2620,2,1.5,2,1981,43,Suburbs,Good,2.0,1,18.6,560300.0
HSE-11992,2590,2,1.5,2,2023,1,Suburbs,Good,2.0,0,4.1,602000.0
HSE-11993,2872,2,1.0,2,1968,56,Suburbs,Good,1.0,0,5.4,583900.0
HSE-11994,2560,3,2.8,2,2009,15,Uptown,Good,2.0,0,4.0,694700.0
HSE-11995,2328,2,2.0,2,2004,20,Downtown,Fair,2.0,0,13.2,567900.0
HSE-11996,2795,3,2.2,2,1983,41,Suburbs,Excellent,2.0,0,13.6,624200.0
HSE-11997,2082,3,2.2,1,2001,23,Downtown,Excellent,1.0,1,12.6,640800.0
HSE-11998,1526,4,2.5,2,1966,58,Rural,Fair,1.0,0,7.4,289800.0
HSE-11999,1994,1,1.0,2,1979,45,Rural,Fair,2.0,0,3.1,329700.0
HSE-12000,1615,3,2.2,1,1966,58,Uptown,Fair,3.0,0,26.2,453100.0
