Transaction_ID,Date,Customer_ID,Gender,Age,Age_Group,Region,Product_Category,Product_Name,Quantity,Unit_Price,Discount_Pct,Total_Revenue,Total_Cost,Profit,Payment_Method
TXN-100001,2023-01-01,CUST-1040,Male,52,51+,East,Beauty & Personal Care,Sonic Electric Toothbrush,5,64.99,0.1,292.46,145.0,147.46,UPI / Digital Wallet
TXN-100002,2023-01-01,CUST-1815,Male,45,36-50,West,Electronics,Bluetooth Portable Speaker,1,59.99,0.2,47.99,32.0,15.99,Credit Card
TXN-100003,2023-01-01,CUST-1172,Female,29,26-35,West,Home & Kitchen,Automatic Robotic Vacuum Cleaner,3,299.99,0.0,899.97,525.0,374.97,UPI / Digital Wallet
TXN-100004,2023-01-01,CUST-1233,Male,18,18-25,North,Books,Designing Data-Intensive Applications,1,54.99,0.05,52.24,22.0,30.24,Credit Card
TXN-100005,2023-01-01,CUST-1792,Male,19,18-25,South,Electronics,Ultra-Slim Laptop Stand,3,39.99,0.2,95.98,54.0,41.98,UPI / Digital Wallet
TXN-100006,2023-01-02,CUST-1589,Female,47,36-50,South,Home & Kitchen,Non-Stick Ceramic Frying Pan,1,34.99,0.05,33.24,15.0,18.24,Credit Card
TXN-100007,2023-01-02,CUST-1619,Female,35,26-35,South,Electronics,4K Ultra HD Streaming Stick,1,49.99,0.05,47.49,28.0,19.49,Credit Card
TXN-100008,2023-01-02,CUST-1792,Male,19,18-25,North,Home & Kitchen,Compact Espresso Machine,1,179.99,0.35,116.99,98.0,18.99,Debit Card
TXN-100009,2023-01-02,CUST-1402,Female,39,36-50,East,Electronics,Wireless Noise-Canceling Headphones,2,149.99,0.0,299.98,170.0,129.98,Credit Card
TXN-100010,2023-01-03,CUST-1038,Male,33,26-35,South,Beauty & Personal Care,Vitamin C Brightening Face Serum,1,28.99,0.0,28.99,8.5,20.49,Debit Card
TXN-100011,2023-01-03,CUST-1118,Female,52,51+,West,Clothing,Waterproof Hooded Windbreaker,4,89.99,0.2,287.97,168.0,119.97,Debit Card
TXN-100012,2023-01-03,CUST-1334,Female,30,26-35,West,Clothing,Classic Wool Blend Sweater,1,69.99,0.2,55.99,31.0,24.99,UPI / Digital Wallet
TXN-100013,2023-01-03,CUST-1335,Female,19,18-25,North,Home & Kitchen,Compact Espresso Machine,4,179.99,0.05,683.96,392.0,291.96,Debit Card
TXN-100014,2023-01-04,CUST-1538,Female,24,18-25,West,Electronics,4K Ultra HD Streaming Stick,2,49.99,0.05,94.98,56.0,38.98,Credit Card
TXN-100015,2023-01-04,CUST-1615,Male,28,26-35,East,Beauty & Personal Care,Argan Oil Hair Repair Mask,1,19.99,0.15,16.99,5.5,11.49,Credit Card
TXN-100016,2023-01-05,CUST-1073,Male,48,36-50,South,Clothing,Waterproof Hooded Windbreaker,1,89.99,0.15,76.49,42.0,34.49,Credit Card
TXN-100017,2023-01-05,CUST-1190,Male,30,26-35,South,Home & Kitchen,Automatic Robotic Vacuum Cleaner,2,299.99,0.0,599.98,350.0,249.98,Debit Card
TXN-100018,2023-01-06,CUST-1323,Male,31,26-35,South,Electronics,Bluetooth Portable Speaker,2,59.99,0.0,119.98,64.0,55.98,UPI / Digital Wallet
TXN-100019,2023-01-07,CUST-1146,Male,42,36-50,South,Home & Kitchen,Stainless Steel Cookware Set (10-Pc),2,219.99,0.05,417.98,250.0,167.98,Credit Card
TXN-100020,2023-01-07,CUST-1766,Female,54,51+,East,Electronics,Wireless Noise-Canceling Headphones,1,149.99,0.2,119.99,85.0,34.99,Credit Card
TXN-100021,2023-01-07,CUST-1283,Male,25,18-25,North,Clothing,Classic Wool Blend Sweater,1,69.99,0.2,55.99,31.0,24.99,Credit Card
TXN-100022,2023-01-07,CUST-1212,Male,30,26-35,East,Electronics,Smart Fitness Watch,5,199.99,0.25,749.96,550.0,199.96,Credit Card
TXN-100023,2023-01-07,CUST-1634,Female,41,36-50,North,Beauty & Personal Care,Rosewater Revitalizing Facial Mist,1,16.99,0.2,13.59,4.2,9.39,Credit Card
TXN-100024,2023-01-07,CUST-1717,Male,36,36-50,North,Electronics,Bluetooth Portable Speaker,1,59.99,0.1,53.99,32.0,21.99,UPI / Digital Wallet
TXN-100025,2023-01-07,CUST-1751,Female,24,18-25,South,Books,Designing Data-Intensive Applications,1,54.99,0.05,52.24,22.0,30.24,Credit Card
TXN-100026,2023-01-07,CUST-1393,Male,23,18-25,South,Books,Data Science & Machine Learning Handbook,3,44.99,0.15,114.72,54.0,60.72,Debit Card
TXN-100027,2023-01-08,CUST-1338,Male,36,36-50,South,Electronics,Smart Fitness Watch,3,199.99,0.15,509.97,330.0,179.97,Debit Card
TXN-100028,2023-01-08,CUST-1797,Female,18,18-25,North,Home & Kitchen,Compact Espresso Machine,1,179.99,0.05,170.99,98.0,72.99,Credit Card
TXN-100029,2023-01-08,CUST-1021,Male,29,26-35,West,Electronics,4K Ultra HD Streaming Stick,1,49.99,0.0,49.99,28.0,21.99,UPI / Digital Wallet
TXN-100030,2023-01-08,CUST-1770,Male,23,18-25,East,Clothing,Organic Cotton Crew T-Shirt,1,24.99,0.2,19.99,9.5,10.49,Debit Card
TXN-100031,2023-01-08,CUST-1104,Female,41,36-50,North,Home & Kitchen,Aroma Oil Diffuser & Humidifier,1,29.99,0.05,28.49,12.0,16.49,Debit Card
TXN-100032,2023-01-09,CUST-1465,Male,25,18-25,South,Home & Kitchen,Automatic Robotic Vacuum Cleaner,1,299.99,0.05,284.99,175.0,109.99,UPI / Digital Wallet
TXN-100033,2023-01-10,CUST-1458,Female,44,36-50,South,Home & Kitchen,Compact Espresso Machine,5,179.99,0.1,809.96,490.0,319.96,Credit Card
TXN-100034,2023-01-10,CUST-1431,Female,26,26-35,North,Clothing,Denim Slim Fit Jeans,1,59.99,0.1,53.99,26.0,27.99,UPI / Digital Wallet
TXN-100035,2023-01-10,CUST-1769,Female,24,18-25,East,Clothing,Classic Wool Blend Sweater,1,69.99,0.0,69.99,31.0,38.99,Debit Card
TXN-100036,2023-01-10,CUST-1715,Female,64,51+,West,Electronics,Wireless Noise-Canceling Headphones,4,149.99,0.15,509.97,340.0,169.97,Debit Card
TXN-100037,2023-01-10,CUST-1821,Female,45,36-50,East,Home & Kitchen,Compact Espresso Machine,1,179.99,0.0,179.99,98.0,81.99,UPI / Digital Wallet
TXN-100038,2023-01-11,CUST-1773,Female,38,36-50,North,Clothing,Waterproof Hooded Windbreaker,2,89.99,0.0,179.98,84.0,95.98,UPI / Digital Wallet
TXN-100039,2023-01-11,CUST-1618,Male,39,36-50,West,Home & Kitchen,Non-Stick Ceramic Frying Pan,1,34.99,0.05,33.24,15.0,18.24,Debit Card
TXN-100040,2023-01-11,CUST-1762,Male,32,26-35,South,Electronics,Wireless Noise-Canceling Headphones,1,149.99,0.15,127.49,85.0,42.49,UPI / Digital Wallet
TXN-100041,2023-01-11,CUST-1220,Male,37,36-50,West,Clothing,Classic Wool Blend Sweater,4,69.99,0.25,209.97,124.0,85.97,Debit Card
TXN-100042,2023-01-12,CUST-1378,Male,37,36-50,North,Clothing,Athletic Performance Joggers,2,44.99,0.15,76.48,38.0,38.48,Debit Card
TXN-100043,2023-01-12,CUST-1221,Female,55,51+,South,Electronics,Wireless Noise-Canceling Headphones,1,149.99,0.25,112.49,85.0,27.49,Credit Card
TXN-100044,2023-01-12,CUST-1257,Female,34,26-35,East,Clothing,Athletic Performance Joggers,2,44.99,0.0,89.98,38.0,51.98,Credit Card
TXN-100045,2023-01-12,CUST-1712,Male,37,36-50,North,Beauty & Personal Care,Vitamin C Brightening Face Serum,4,28.99,0.0,115.96,34.0,81.96,UPI / Digital Wallet
TXN-100046,2023-01-14,CUST-1366,Male,36,36-50,East,Books,The Psychology of Money & Wealth,1,23.99,0.1,21.59,8.0,13.59,Credit Card
TXN-100047,2023-01-14,CUST-1769,Female,24,18-25,East,Clothing,Classic Wool Blend Sweater,2,69.99,0.0,139.98,62.0,77.98,Credit Card
TXN-100048,2023-01-15,CUST-1348,Male,34,26-35,North,Clothing,Waterproof Hooded Windbreaker,4,89.99,0.15,305.97,168.0,137.97,UPI / Digital Wallet
TXN-100049,2023-01-15,CUST-1224,Male,50,36-50,East,Electronics,Ultra-Slim Laptop Stand,1,39.99,0.1,35.99,18.0,17.99,Credit Card
TXN-100050,2023-01-15,CUST-1713,Male,39,36-50,South,Beauty & Personal Care,Rosewater Revitalizing Facial Mist,2,16.99,0.25,25.48,8.4,17.08,Credit Card
TXN-100051,2023-01-16,CUST-1737,Female,29,26-35,North,Electronics,Wireless Noise-Canceling Headphones,2,149.99,0.0,299.98,170.0,129.98,Debit Card
TXN-100052,2023-01-16,CUST-1235,Male,42,36-50,West,Books,Atomic Habits for Daily Productivity,2,21.99,0.05,41.78,15.0,26.78,Debit Card
TXN-100053,2023-01-16,CUST-1182,Female,53,51+,West,Clothing,Denim Slim Fit Jeans,1,59.99,0.05,56.99,26.0,30.99,UPI / Digital Wallet
TXN-100054,2023-01-16,CUST-1711,Female,51,51+,North,Clothing,Classic Wool Blend Sweater,1,69.99,0.0,69.99,31.0,38.99,Debit Card
TXN-100055,2023-01-17,CUST-1757,Female,35,26-35,South,Books,Deep Work & Focus in a Distracted World,2,22.5,0.1,40.5,14.4,26.1,Debit Card
TXN-100056,2023-01-17,CUST-1443,Female,42,36-50,South,Electronics,Bluetooth Portable Speaker,1,59.99,0.05,56.99,32.0,24.99,UPI / Digital Wallet
TXN-100057,2023-01-17,CUST-1622,Female,45,36-50,East,Home & Kitchen,Compact Espresso Machine,1,179.99,0.05,170.99,98.0,72.99,Debit Card
TXN-100058,2023-01-17,CUST-1005,Male,47,36-50,West,Home & Kitchen,Non-Stick Ceramic Frying Pan,1,34.99,0.05,33.24,15.0,18.24,Debit Card
TXN-100059,2023-01-17,CUST-1235,Male,42,36-50,South,Electronics,4K Ultra HD Streaming Stick,1,49.99,0.0,49.99,28.0,21.99,UPI / Digital Wallet
TXN-100060,2023-01-17,CUST-1126,Male,31,26-35,West,Clothing,Denim Slim Fit Jeans,5,59.99,0.05,284.95,130.0,154.95,Credit Card
TXN-100061,2023-01-17,CUST-1103,Male,18,18-25,South,Home & Kitchen,Aroma Oil Diffuser & Humidifier,1,29.99,0.0,29.99,12.0,17.99,Credit Card
TXN-100062,2023-01-17,CUST-1748,Female,20,18-25,South,Beauty & Personal Care,Vitamin C Brightening Face Serum,5,28.99,0.0,144.95,42.5,102.45,Credit Card
TXN-100063,2023-01-17,CUST-1479,Male,27,26-35,West,Electronics,Bluetooth Portable Speaker,1,59.99,0.0,59.99,32.0,27.99,Debit Card
TXN-100064,2023-01-17,CUST-1154,Female,57,51+,South,Books,Deep Work & Focus in a Distracted World,2,22.5,0.0,45.0,14.4,30.6,Credit Card
TXN-100065,2023-01-19,CUST-1256,Female,25,18-25,South,Electronics,Smart Fitness Watch,1,199.99,0.05,189.99,110.0,79.99,Debit Card
TXN-100066,2023-01-19,CUST-1234,Female,47,36-50,East,Electronics,Bluetooth Portable Speaker,3,59.99,0.0,179.97,96.0,83.97,UPI / Digital Wallet
TXN-100067,2023-01-19,CUST-1499,Male,38,36-50,North,Electronics,Ultra-Slim Laptop Stand,3,39.99,0.05,113.97,54.0,59.97,Debit Card
TXN-100068,2023-01-19,CUST-1288,Male,21,18-25,South,Electronics,Wireless Noise-Canceling Headphones,1,149.99,0.1,134.99,85.0,49.99,Credit Card
TXN-100069,2023-01-19,CUST-1509,Female,33,26-35,West,Electronics,Smart Fitness Watch,4,199.99,0.1,719.96,440.0,279.96,UPI / Digital Wallet
TXN-100070,2023-01-20,CUST-1551,Male,51,51+,East,Books,Designing Data-Intensive Applications,1,54.99,0.15,46.74,22.0,24.74,Credit Card
TXN-100071,2023-01-20,CUST-1799,Female,19,18-25,West,Clothing,Organic Cotton Crew T-Shirt,2,24.99,0.05,47.48,19.0,28.48,UPI / Digital Wallet
TXN-100072,2023-01-20,CUST-1708,Male,30,26-35,North,Electronics,Ultra-Slim Laptop Stand,5,39.99,0.05,189.95,90.0,99.95,Debit Card
TXN-100073,2023-01-21,CUST-1784,Female,42,36-50,South,Electronics,Smart Fitness Watch,3,199.99,0.15,509.97,330.0,179.97,Credit Card
TXN-100074,2023-01-21,CUST-1775,Male,18,18-25,West,Home & Kitchen,Compact Espresso Machine,4,179.99,0.05,683.96,392.0,291.96,Cash on Delivery
TXN-100075,2023-01-21,CUST-1568,Male,58,51+,South,Beauty & Personal Care,Vitamin C Brightening Face Serum,1,28.99,0.1,26.09,8.5,17.59,Credit Card
TXN-100076,2023-01-21,CUST-1297,Male,29,26-35,North,Electronics,Smart Fitness Watch,1,199.99,0.05,189.99,110.0,79.99,Cash on Delivery
TXN-100077,2023-01-21,CUST-1609,Male,18,18-25,South,Electronics,Ultra-Slim Laptop Stand,1,39.99,0.05,37.99,18.0,19.99,Credit Card
TXN-100078,2023-01-21,CUST-1136,Female,46,36-50,South,Electronics,Wireless Noise-Canceling Headphones,2,149.99,0.15,254.98,170.0,84.98,Credit Card
TXN-100079,2023-01-21,CUST-1375,Male,26,26-35,North,Electronics,4K Ultra HD Streaming Stick,3,49.99,0.0,149.97,84.0,65.97,Credit Card
TXN-100080,2023-01-22,CUST-1086,Female,18,18-25,West,Electronics,Wireless Noise-Canceling Headphones,1,149.99,0.0,149.99,85.0,64.99,Credit Card
TXN-100081,2023-01-22,CUST-1418,Male,42,36-50,West,Clothing,Organic Cotton Crew T-Shirt,2,24.99,0.0,49.98,19.0,30.98,UPI / Digital Wallet
TXN-100082,2023-01-22,CUST-1753,Female,37,36-50,South,Electronics,4K Ultra HD Streaming Stick,1,49.99,0.05,47.49,28.0,19.49,UPI / Digital Wallet
TXN-100083,2023-01-22,CUST-1198,Male,32,26-35,East,Clothing,Classic Wool Blend Sweater,1,69.99,0.0,69.99,31.0,38.99,UPI / Digital Wallet
TXN-100084,2023-01-22,CUST-1462,Female,28,26-35,West,Electronics,Bluetooth Portable Speaker,2,59.99,0.1,107.98,64.0,43.98,Credit Card
TXN-100085,2023-01-22,CUST-1436,Male,35,26-35,East,Books,The Psychology of Money & Wealth,1,23.99,0.15,20.39,8.0,12.39,Debit Card
TXN-100086,2023-01-23,CUST-1309,Male,67,51+,North,Books,Designing Data-Intensive Applications,3,54.99,0.15,140.22,66.0,74.22,UPI / Digital Wallet
TXN-100087,2023-01-23,CUST-1595,Female,34,26-35,North,Home & Kitchen,Automatic Robotic Vacuum Cleaner,1,299.99,0.05,284.99,175.0,109.99,Debit Card
TXN-100088,2023-01-23,CUST-1753,Female,37,36-50,North,Clothing,Denim Slim Fit Jeans,3,59.99,0.35,116.98,78.0,38.98,UPI / Digital Wallet
TXN-100089,2023-01-23,CUST-1280,Male,40,36-50,North,Clothing,Athletic Performance Joggers,1,44.99,0.1,40.49,19.0,21.49,Debit Card
TXN-100090,2023-01-23,CUST-1322,Female,50,36-50,South,Clothing,Waterproof Hooded Windbreaker,1,89.99,0.05,85.49,42.0,43.49,Credit Card
TXN-100091,2023-01-23,CUST-1763,Male,25,18-25,South,Beauty & Personal Care,Argan Oil Hair Repair Mask,2,19.99,0.15,33.98,11.0,22.98,UPI / Digital Wallet
TXN-100092,2023-01-23,CUST-1701,Female,31,26-35,North,Clothing,Organic Cotton Crew T-Shirt,3,24.99,0.1,67.47,28.5,38.97,UPI / Digital Wallet
TXN-100093,2023-01-23,CUST-1151,Male,18,18-25,North,Beauty & Personal Care,Argan Oil Hair Repair Mask,1,19.99,0.15,16.99,5.5,11.49,UPI / Digital Wallet
TXN-100094,2023-01-25,CUST-1301,Male,45,36-50,South,Books,Deep Work & Focus in a Distracted World,1,22.5,0.0,22.5,7.2,15.3,Credit Card
TXN-100095,2023-01-25,CUST-1277,Male,56,51+,North,Clothing,Waterproof Hooded Windbreaker,2,89.99,0.05,170.98,84.0,86.98,Credit Card
TXN-100096,2023-01-25,CUST-1650,Female,39,36-50,East,Home & Kitchen,Non-Stick Ceramic Frying Pan,1,34.99,0.2,27.99,15.0,12.99,Credit Card
TXN-100097,2023-01-26,CUST-1687,Male,30,26-35,North,Electronics,Smart Fitness Watch,3,199.99,0.05,569.97,330.0,239.97,Credit Card
TXN-100098,2023-01-27,CUST-1007,Female,40,36-50,West,Electronics,Smart Fitness Watch,3,199.99,0.1,539.97,330.0,209.97,Credit Card
TXN-100099,2023-01-27,CUST-1806,Female,19,18-25,West,Clothing,Athletic Performance Joggers,1,44.99,0.1,40.49,19.0,21.49,UPI / Digital Wallet
TXN-100100,2023-01-27,CUST-1234,Female,47,36-50,East,Electronics,Wireless Noise-Canceling Headphones,1,149.99,0.15,127.49,85.0,42.49,Debit Card
TXN-100101,2023-01-28,CUST-1674,Female,48,36-50,East,Beauty & Personal Care,Hydrating Hyaluronic Acid Cream,3,22.99,0.0,68.97,20.4,48.57,Debit Card
TXN-100102,2023-01-28,CUST-1560,Female,31,26-35,West,Electronics,Bluetooth Portable Speaker,1,59.99,0.1,53.99,32.0,21.99,Credit Card
TXN-100103,2023-01-28,CUST-1301,Male,45,36-50,North,Clothing,Classic Wool Blend Sweater,2,69.99,0.0,139.98,62.0,77.98,Cash on Delivery
TXN-100104,2023-01-28,CUST-1037,Female,53,51+,West,Home & Kitchen,Aroma Oil Diffuser & Humidifier,1,29.99,0.1,26.99,12.0,14.99,Credit Card
TXN-100105,2023-01-29,CUST-1135,Male,39,36-50,East,Home & Kitchen,Compact Espresso Machine,2,179.99,0.15,305.98,196.0,109.98,UPI / Digital Wallet
TXN-100106,2023-01-31,CUST-1821,Female,45,36-50,East,Clothing,Classic Wool Blend Sweater,1,69.99,0.0,69.99,31.0,38.99,Cash on Delivery
TXN-100107,2023-02-01,CUST-1420,Female,43,36-50,South,Beauty & Personal Care,Argan Oil Hair Repair Mask,3,19.99,0.1,53.97,16.5,37.47,UPI / Digital Wallet
TXN-100108,2023-02-02,CUST-1218,Male,40,36-50,South,Home & Kitchen,Compact Espresso Machine,1,179.99,0.05,170.99,98.0,72.99,Cash on Delivery
TXN-100109,2023-02-02,CUST-1347,Male,40,36-50,East,Clothing,Organic Cotton Crew T-Shirt,1,24.99,0.0,24.99,9.5,15.49,UPI / Digital Wallet
TXN-100110,2023-02-02,CUST-1807,Male,28,26-35,East,Electronics,Wireless Noise-Canceling Headphones,3,149.99,0.05,427.47,255.0,172.47,Credit Card
TXN-100111,2023-02-02,CUST-1545,Male,28,26-35,East,Clothing,Athletic Performance Joggers,1,44.99,0.0,44.99,19.0,25.99,Credit Card
TXN-100112,2023-02-03,CUST-1078,Female,18,18-25,North,Beauty & Personal Care,Vitamin C Brightening Face Serum,1,28.99,0.05,27.54,8.5,19.04,Credit Card
TXN-100113,2023-02-03,CUST-1747,Female,30,26-35,South,Home & Kitchen,Aroma Oil Diffuser & Humidifier,1,29.99,0.05,28.49,12.0,16.49,Credit Card
TXN-100114,2023-02-03,CUST-1272,Female,57,51+,South,Beauty & Personal Care,Sonic Electric Toothbrush,1,64.99,0.15,55.24,29.0,26.24,UPI / Digital Wallet
TXN-100115,2023-02-03,CUST-1160,Female,43,36-50,North,Clothing,Denim Slim Fit Jeans,4,59.99,0.15,203.97,104.0,99.97,Credit Card
TXN-100116,2023-02-03,CUST-1686,Female,32,26-35,North,Electronics,Ultra-Slim Laptop Stand,3,39.99,0.1,107.97,54.0,53.97,UPI / Digital Wallet
TXN-100117,2023-02-04,CUST-1307,Female,33,26-35,North,Electronics,4K Ultra HD Streaming Stick,1,49.99,0.0,49.99,28.0,21.99,Credit Card
TXN-100118,2023-02-04,CUST-1373,Female,28,26-35,South,Clothing,Organic Cotton Crew T-Shirt,2,24.99,0.25,37.48,19.0,18.48,Debit Card
TXN-100119,2023-02-04,CUST-1732,Female,35,26-35,South,Home & Kitchen,Aroma Oil Diffuser & Humidifier,2,29.99,0.1,53.98,24.0,29.98,Cash on Delivery
TXN-100120,2023-02-05,CUST-1008,Female,19,18-25,North,Beauty & Personal Care,Rosewater Revitalizing Facial Mist,4,16.99,0.0,67.96,16.8,51.16,Credit Card
TXN-100121,2023-02-05,CUST-1800,Male,18,18-25,West,Clothing,Organic Cotton Crew T-Shirt,1,24.99,0.15,21.24,9.5,11.74,UPI / Digital Wallet
TXN-100122,2023-02-05,CUST-1443,Female,42,36-50,East,Clothing,Organic Cotton Crew T-Shirt,2,24.99,0.0,49.98,19.0,30.98,UPI / Digital Wallet
TXN-100123,2023-02-05,CUST-1112,Male,35,26-35,East,Clothing,Denim Slim Fit Jeans,2,59.99,0.1,107.98,52.0,55.98,Credit Card
TXN-100124,2023-02-05,CUST-1204,Male,42,36-50,North,Clothing,Classic Wool Blend Sweater,1,69.99,0.05,66.49,31.0,35.49,Debit Card
TXN-100125,2023-02-06,CUST-1404,Female,47,36-50,East,Electronics,Smart Fitness Watch,1,199.99,0.05,189.99,110.0,79.99,Credit Card
TXN-100126,2023-02-06,CUST-1697,Male,23,18-25,South,Electronics,Smart Fitness Watch,1,199.99,0.2,159.99,110.0,49.99,UPI / Digital Wallet
TXN-100127,2023-02-06,CUST-1196,Male,46,36-50,West,Electronics,Wireless Noise-Canceling Headphones,3,149.99,0.05,427.47,255.0,172.47,Debit Card
TXN-100128,2023-02-06,CUST-1777,Female,47,36-50,East,Electronics,Wireless Noise-Canceling Headphones,1,149.99,0.0,149.99,85.0,64.99,Debit Card
TXN-100129,2023-02-07,CUST-1773,Female,38,36-50,South,Electronics,Ultra-Slim Laptop Stand,4,39.99,0.25,119.97,72.0,47.97,UPI / Digital Wallet
TXN-100130,2023-02-07,CUST-1759,Male,30,26-35,West,Electronics,4K Ultra HD Streaming Stick,1,49.99,0.2,39.99,28.0,11.99,Credit Card
TXN-100131,2023-02-07,CUST-1114,Female,31,26-35,North,Home & Kitchen,Compact Espresso Machine,2,179.99,0.1,323.98,196.0,127.98,UPI / Digital Wallet
TXN-100132,2023-02-07,CUST-1120,Male,23,18-25,North,Clothing,Classic Wool Blend Sweater,4,69.99,0.05,265.96,124.0,141.96,UPI / Digital Wallet
TXN-100133,2023-02-08,CUST-1652,Female,42,36-50,East,Books,Atomic Habits for Daily Productivity,2,21.99,0.0,43.98,15.0,28.98,UPI / Digital Wallet
TXN-100134,2023-02-08,CUST-1064,Male,31,26-35,North,Electronics,4K Ultra HD Streaming Stick,3,49.99,0.15,127.47,84.0,43.47,UPI / Digital Wallet
TXN-100135,2023-02-08,CUST-1275,Male,20,18-25,North,Clothing,Denim Slim Fit Jeans,3,59.99,0.0,179.97,78.0,101.97,Credit Card
TXN-100136,2023-02-08,CUST-1824,Male,32,26-35,East,Clothing,Waterproof Hooded Windbreaker,1,89.99,0.0,89.99,42.0,47.99,Cash on Delivery
TXN-100137,2023-02-08,CUST-1238,Female,38,36-50,North,Electronics,Ultra-Slim Laptop Stand,2,39.99,0.05,75.98,36.0,39.98,Credit Card
TXN-100138,2023-02-08,CUST-1301,Male,45,36-50,East,Beauty & Personal Care,Vitamin C Brightening Face Serum,1,28.99,0.0,28.99,8.5,20.49,Debit Card
TXN-100139,2023-02-08,CUST-1391,Male,42,36-50,West,Electronics,Smart Fitness Watch,2,199.99,0.0,399.98,220.0,179.98,Credit Card
TXN-100140,2023-02-08,CUST-1521,Female,39,36-50,South,Books,Deep Work & Focus in a Distracted World,1,22.5,0.05,21.38,7.2,14.18,Cash on Delivery
TXN-100141,2023-02-08,CUST-1368,Female,23,18-25,North,Books,Deep Work & Focus in a Distracted World,2,22.5,0.0,45.0,14.4,30.6,UPI / Digital Wallet
TXN-100142,2023-02-08,CUST-1232,Male,27,26-35,North,Home & Kitchen,Compact Espresso Machine,2,179.99,0.0,359.98,196.0,163.98,UPI / Digital Wallet
TXN-100143,2023-02-09,CUST-1194,Female,38,36-50,North,Home & Kitchen,Stainless Steel Cookware Set (10-Pc),1,219.99,0.0,219.99,125.0,94.99,Credit Card
TXN-100144,2023-02-09,CUST-1011,Male,47,36-50,North,Home & Kitchen,Stainless Steel Cookware Set (10-Pc),1,219.99,0.0,219.99,125.0,94.99,UPI / Digital Wallet
TXN-100145,2023-02-09,CUST-1688,Female,49,36-50,North,Clothing,Denim Slim Fit Jeans,5,59.99,0.1,269.96,130.0,139.96,UPI / Digital Wallet
TXN-100146,2023-02-09,CUST-1176,Female,25,18-25,South,Home & Kitchen,Automatic Robotic Vacuum Cleaner,1,299.99,0.15,254.99,175.0,79.99,UPI / Digital Wallet
TXN-100147,2023-02-09,CUST-1216,Male,32,26-35,South,Electronics,Wireless Noise-Canceling Headphones,1,149.99,0.05,142.49,85.0,57.49,Credit Card
TXN-100148,2023-02-09,CUST-1010,Male,24,18-25,East,Electronics,Smart Fitness Watch,1,199.99,0.05,189.99,110.0,79.99,Debit Card
TXN-100149,2023-02-10,CUST-1445,Female,41,36-50,West,Clothing,Denim Slim Fit Jeans,5,59.99,0.0,299.95,130.0,169.95,Credit Card
TXN-100150,2023-02-10,CUST-1629,Female,49,36-50,East,Home & Kitchen,Compact Espresso Machine,5,179.99,0.0,899.95,490.0,409.95,Debit Card
TXN-100151,2023-02-10,CUST-1163,Male,57,51+,South,Books,Deep Work & Focus in a Distracted World,2,22.5,0.0,45.0,14.4,30.6,Credit Card
TXN-100152,2023-02-10,CUST-1550,Male,21,18-25,North,Electronics,Wireless Noise-Canceling Headphones,3,149.99,0.05,427.47,255.0,172.47,Credit Card
TXN-100153,2023-02-10,CUST-1052,Male,23,18-25,East,Beauty & Personal Care,Argan Oil Hair Repair Mask,1,19.99,0.15,16.99,5.5,11.49,Credit Card
TXN-100154,2023-02-11,CUST-1217,Female,30,26-35,South,Electronics,Bluetooth Portable Speaker,5,59.99,0.1,269.96,160.0,109.96,Credit Card
TXN-100155,2023-02-11,CUST-1717,Male,36,36-50,North,Clothing,Organic Cotton Crew T-Shirt,1,24.99,0.05,23.74,9.5,14.24,Credit Card
TXN-100156,2023-02-11,CUST-1823,Male,18,18-25,West,Clothing,Classic Wool Blend Sweater,1,69.99,0.0,69.99,31.0,38.99,Cash on Delivery
TXN-100157,2023-02-11,CUST-1359,Female,34,26-35,South,Clothing,Organic Cotton Crew T-Shirt,1,24.99,0.15,21.24,9.5,11.74,Debit Card
TXN-100158,2023-02-11,CUST-1384,Male,49,36-50,North,Electronics,Bluetooth Portable Speaker,2,59.99,0.05,113.98,64.0,49.98,Credit Card
TXN-100159,2023-02-11,CUST-1055,Female,20,18-25,West,Clothing,Athletic Performance Joggers,3,44.99,0.15,114.72,57.0,57.72,Debit Card
TXN-100160,2023-02-12,CUST-1117,Female,32,26-35,West,Beauty & Personal Care,Hydrating Hyaluronic Acid Cream,1,22.99,0.05,21.84,6.8,15.04,Debit Card
TXN-100161,2023-02-12,CUST-1252,Female,49,36-50,South,Clothing,Classic Wool Blend Sweater,5,69.99,0.15,297.46,155.0,142.46,Cash on Delivery
TXN-100162,2023-02-13,CUST-1797,Female,18,18-25,South,Clothing,Waterproof Hooded Windbreaker,1,89.99,0.2,71.99,42.0,29.99,Credit Card
TXN-100163,2023-02-13,CUST-1779,Male,64,51+,South,Beauty & Personal Care,Sonic Electric Toothbrush,1,64.99,0.2,51.99,29.0,22.99,Credit Card
TXN-100164,2023-02-15,CUST-1802,Female,36,36-50,East,Home & Kitchen,Stainless Steel Cookware Set (10-Pc),1,219.99,0.05,208.99,125.0,83.99,Cash on Delivery
TXN-100165,2023-02-15,CUST-1844,Male,22,18-25,North,Clothing,Organic Cotton Crew T-Shirt,2,24.99,0.05,47.48,19.0,28.48,Credit Card
TXN-100166,2023-02-15,CUST-1179,Male,40,36-50,East,Electronics,Smart Fitness Watch,3,199.99,0.0,599.97,330.0,269.97,Credit Card
TXN-100167,2023-02-16,CUST-1414,Male,49,36-50,West,Books,Data Science & Machine Learning Handbook,1,44.99,0.25,33.74,18.0,15.74,Credit Card
TXN-100168,2023-02-16,CUST-1234,Female,47,36-50,North,Home & Kitchen,Automatic Robotic Vacuum Cleaner,2,299.99,0.05,569.98,350.0,219.98,Credit Card
TXN-100169,2023-02-16,CUST-1707,Male,29,26-35,West,Electronics,Ultra-Slim Laptop Stand,1,39.99,0.0,39.99,18.0,21.99,Cash on Delivery
TXN-100170,2023-02-16,CUST-1819,Female,39,36-50,West,Electronics,Ultra-Slim Laptop Stand,2,39.99,0.05,75.98,36.0,39.98,Credit Card
TXN-100171,2023-02-16,CUST-1079,Male,42,36-50,North,Beauty & Personal Care,Rosewater Revitalizing Facial Mist,5,16.99,0.0,84.95,21.0,63.95,Cash on Delivery
TXN-100172,2023-02-16,CUST-1646,Female,37,36-50,East,Electronics,Ultra-Slim Laptop Stand,1,39.99,0.05,37.99,18.0,19.99,Cash on Delivery
TXN-100173,2023-02-16,CUST-1021,Male,29,26-35,North,Books,Data Science & Machine Learning Handbook,3,44.99,0.1,121.47,54.0,67.47,Debit Card
TXN-100174,2023-02-17,CUST-1476,Female,23,18-25,East,Electronics,Wireless Noise-Canceling Headphones,2,149.99,0.0,299.98,170.0,129.98,Credit Card
TXN-100175,2023-02-17,CUST-1842,Male,18,18-25,East,Beauty & Personal Care,Argan Oil Hair Repair Mask,1,19.99,0.0,19.99,5.5,14.49,Credit Card
TXN-100176,2023-02-17,CUST-1439,Male,32,26-35,North,Clothing,Waterproof Hooded Windbreaker,4,89.99,0.25,269.97,168.0,101.97,Debit Card
TXN-100177,2023-02-17,CUST-1736,Female,38,36-50,East,Clothing,Waterproof Hooded Windbreaker,1,89.99,0.15,76.49,42.0,34.49,Credit Card
TXN-100178,2023-02-18,CUST-1569,Male,53,51+,West,Books,The Psychology of Money & Wealth,1,23.99,0.15,20.39,8.0,12.39,Debit Card
TXN-100179,2023-02-18,CUST-1092,Female,33,26-35,South,Clothing,Denim Slim Fit Jeans,1,59.99,0.05,56.99,26.0,30.99,Debit Card
TXN-100180,2023-02-18,CUST-1191,Female,30,26-35,North,Home & Kitchen,Aroma Oil Diffuser & Humidifier,1,29.99,0.15,25.49,12.0,13.49,Cash on Delivery
TXN-100181,2023-02-19,CUST-1102,Male,36,36-50,North,Electronics,Ultra-Slim Laptop Stand,3,39.99,0.05,113.97,54.0,59.97,Debit Card
TXN-100182,2023-02-19,CUST-1395,Female,33,26-35,South,Electronics,Smart Fitness Watch,2,199.99,0.0,399.98,220.0,179.98,UPI / Digital Wallet
TXN-100183,2023-02-20,CUST-1006,Male,30,26-35,West,Electronics,Bluetooth Portable Speaker,4,59.99,0.0,239.96,128.0,111.96,UPI / Digital Wallet
TXN-100184,2023-02-20,CUST-1639,Female,34,26-35,West,Home & Kitchen,Automatic Robotic Vacuum Cleaner,1,299.99,0.0,299.99,175.0,124.99,Credit Card
TXN-100185,2023-02-20,CUST-1566,Female,27,26-35,South,Electronics,Smart Fitness Watch,1,199.99,0.0,199.99,110.0,89.99,Credit Card
TXN-100186,2023-02-20,CUST-1230,Female,39,36-50,South,Electronics,Wireless Noise-Canceling Headphones,1,149.99,0.35,97.49,85.0,12.49,Credit Card
TXN-100187,2023-02-20,CUST-1573,Male,37,36-50,North,Clothing,Waterproof Hooded Windbreaker,2,89.99,0.0,179.98,84.0,95.98,Credit Card
TXN-100188,2023-02-22,CUST-1239,Male,41,36-50,North,Home & Kitchen,Compact Espresso Machine,5,179.99,0.05,854.95,490.0,364.95,Debit Card
TXN-100189,2023-02-22,CUST-1089,Male,39,36-50,South,Home & Kitchen,Stainless Steel Cookware Set (10-Pc),2,219.99,0.05,417.98,250.0,167.98,Credit Card
TXN-100190,2023-02-22,CUST-1231,Male,35,26-35,South,Electronics,Bluetooth Portable Speaker,1,59.99,0.0,59.99,32.0,27.99,Debit Card
TXN-100191,2023-02-22,CUST-1456,Female,19,18-25,South,Electronics,4K Ultra HD Streaming Stick,3,49.99,0.1,134.97,84.0,50.97,Cash on Delivery
TXN-100192,2023-02-22,CUST-1232,Male,27,26-35,West,Books,The Psychology of Money & Wealth,3,23.99,0.0,71.97,24.0,47.97,Credit Card
TXN-100193,2023-02-22,CUST-1353,Female,42,36-50,East,Electronics,4K Ultra HD Streaming Stick,1,49.99,0.15,42.49,28.0,14.49,Debit Card
TXN-100194,2023-02-23,CUST-1332,Female,55,51+,East,Beauty & Personal Care,Rosewater Revitalizing Facial Mist,3,16.99,0.0,50.97,12.6,38.37,Credit Card
TXN-100195,2023-02-23,CUST-1438,Female,18,18-25,North,Beauty & Personal Care,Rosewater Revitalizing Facial Mist,1,16.99,0.1,15.29,4.2,11.09,Credit Card
TXN-100196,2023-02-23,CUST-1374,Female,21,18-25,West,Beauty & Personal Care,Argan Oil Hair Repair Mask,1,19.99,0.1,17.99,5.5,12.49,Debit Card
TXN-100197,2023-02-24,CUST-1291,Female,18,18-25,East,Electronics,Ultra-Slim Laptop Stand,1,39.99,0.2,31.99,18.0,13.99,Cash on Delivery
TXN-100198,2023-02-24,CUST-1344,Female,19,18-25,West,Beauty & Personal Care,Rosewater Revitalizing Facial Mist,1,16.99,0.15,14.44,4.2,10.24,Credit Card
TXN-100199,2023-02-24,CUST-1663,Male,38,36-50,South,Beauty & Personal Care,Vitamin C Brightening Face Serum,1,28.99,0.1,26.09,8.5,17.59,Credit Card
TXN-100200,2023-02-24,CUST-1427,Male,20,18-25,South,Home & Kitchen,Aroma Oil Diffuser & Humidifier,1,29.99,0.05,28.49,12.0,16.49,Credit Card
TXN-100201,2023-02-25,CUST-1656,Male,28,26-35,South,Clothing,Denim Slim Fit Jeans,1,59.99,0.05,56.99,26.0,30.99,Credit Card
TXN-100202,2023-02-25,CUST-1129,Male,44,36-50,North,Electronics,4K Ultra HD Streaming Stick,3,49.99,0.15,127.47,84.0,43.47,Credit Card
TXN-100203,2023-02-27,CUST-1140,Female,47,36-50,East,Electronics,Ultra-Slim Laptop Stand,5,39.99,0.2,159.96,90.0,69.96,Debit Card
TXN-100204,2023-02-27,CUST-1414,Male,49,36-50,West,Clothing,Classic Wool Blend Sweater,3,69.99,0.0,209.97,93.0,116.97,Credit Card
TXN-100205,2023-02-27,CUST-1092,Female,33,26-35,North,Home & Kitchen,Compact Espresso Machine,1,179.99,0.05,170.99,98.0,72.99,Debit Card
TXN-100206,2023-02-27,CUST-1625,Male,39,36-50,North,Clothing,Denim Slim Fit Jeans,1,59.99,0.15,50.99,26.0,24.99,Debit Card
TXN-100207,2023-02-27,CUST-1283,Male,25,18-25,East,Clothing,Waterproof Hooded Windbreaker,1,89.99,0.05,85.49,42.0,43.49,Debit Card
TXN-100208,2023-02-27,CUST-1654,Male,40,36-50,North,Clothing,Organic Cotton Crew T-Shirt,1,24.99,0.0,24.99,9.5,15.49,Credit Card
TXN-100209,2023-02-27,CUST-1222,Male,37,36-50,East,Home & Kitchen,Stainless Steel Cookware Set (10-Pc),2,219.99,0.05,417.98,250.0,167.98,Cash on Delivery
TXN-100210,2023-02-27,CUST-1743,Female,64,51+,East,Books,Data Science & Machine Learning Handbook,2,44.99,0.1,80.98,36.0,44.98,Credit Card
TXN-100211,2023-02-28,CUST-1462,Female,28,26-35,South,Electronics,Ultra-Slim Laptop Stand,2,39.99,0.35,51.99,36.0,15.99,UPI / Digital Wallet
TXN-100212,2023-02-28,CUST-1544,Male,18,18-25,West,Clothing,Organic Cotton Crew T-Shirt,2,24.99,0.05,47.48,19.0,28.48,Credit Card
TXN-100213,2023-02-28,CUST-1275,Male,20,18-25,South,Electronics,Bluetooth Portable Speaker,1,59.99,0.0,59.99,32.0,27.99,Debit Card
TXN-100214,2023-02-28,CUST-1681,Male,26,26-35,West,Home & Kitchen,Non-Stick Ceramic Frying Pan,1,34.99,0.0,34.99,15.0,19.99,Credit Card
TXN-100215,2023-02-28,CUST-1139,Female,53,51+,East,Beauty & Personal Care,Vitamin C Brightening Face Serum,2,28.99,0.0,57.98,17.0,40.98,Credit Card
TXN-100216,2023-03-01,CUST-1356,Female,46,36-50,West,Books,Atomic Habits for Daily Productivity,1,21.99,0.1,19.79,7.5,12.29,Credit Card
TXN-100217,2023-03-02,CUST-1712,Male,37,36-50,North,Electronics,Bluetooth Portable Speaker,1,59.99,0.05,56.99,32.0,24.99,Credit Card
TXN-100218,2023-03-02,CUST-1022,Male,39,36-50,North,Books,Atomic Habits for Daily Productivity,1,21.99,0.0,21.99,7.5,14.49,UPI / Digital Wallet
TXN-100219,2023-03-02,CUST-1735,Female,24,18-25,North,Electronics,Ultra-Slim Laptop Stand,1,39.99,0.1,35.99,18.0,17.99,UPI / Digital Wallet
TXN-100220,2023-03-02,CUST-1269,Female,24,18-25,South,Home & Kitchen,Non-Stick Ceramic Frying Pan,1,34.99,0.15,29.74,15.0,14.74,Credit Card
TXN-100221,2023-03-03,CUST-1664,Female,51,51+,West,Electronics,Smart Fitness Watch,3,199.99,0.0,599.97,330.0,269.97,Debit Card
TXN-100222,2023-03-03,CUST-1332,Female,55,51+,South,Books,Data Science & Machine Learning Handbook,3,44.99,0.0,134.97,54.0,80.97,UPI / Digital Wallet
TXN-100223,2023-03-03,CUST-1084,Male,49,36-50,West,Home & Kitchen,Automatic Robotic Vacuum Cleaner,1,299.99,0.35,194.99,175.0,19.99,UPI / Digital Wallet
TXN-100224,2023-03-04,CUST-1620,Male,51,51+,South,Home & Kitchen,Aroma Oil Diffuser & Humidifier,1,29.99,0.05,28.49,12.0,16.49,Credit Card
TXN-100225,2023-03-04,CUST-1030,Female,34,26-35,South,Beauty & Personal Care,Rosewater Revitalizing Facial Mist,2,16.99,0.15,28.88,8.4,20.48,UPI / Digital Wallet
TXN-100226,2023-03-04,CUST-1740,Female,48,36-50,West,Electronics,Wireless Noise-Canceling Headphones,1,149.99,0.05,142.49,85.0,57.49,Credit Card
TXN-100227,2023-03-04,CUST-1239,Male,41,36-50,South,Electronics,Ultra-Slim Laptop Stand,1,39.99,0.15,33.99,18.0,15.99,Debit Card
TXN-100228,2023-03-04,CUST-1362,Male,41,36-50,East,Beauty & Personal Care,Argan Oil Hair Repair Mask,1,19.99,0.15,16.99,5.5,11.49,Debit Card
TXN-100229,2023-03-04,CUST-1821,Female,45,36-50,North,Clothing,Classic Wool Blend Sweater,1,69.99,0.1,62.99,31.0,31.99,UPI / Digital Wallet
TXN-100230,2023-03-04,CUST-1388,Male,31,26-35,West,Electronics,Ultra-Slim Laptop Stand,3,39.99,0.2,95.98,54.0,41.98,Cash on Delivery
TXN-100231,2023-03-06,CUST-1652,Female,42,36-50,South,Clothing,Athletic Performance Joggers,3,44.99,0.25,101.23,57.0,44.23,Cash on Delivery
TXN-100232,2023-03-06,CUST-1667,Male,42,36-50,East,Home & Kitchen,Compact Espresso Machine,1,179.99,0.1,161.99,98.0,63.99,Credit Card
TXN-100233,2023-03-08,CUST-1298,Male,26,26-35,North,Electronics,Ultra-Slim Laptop Stand,1,39.99,0.0,39.99,18.0,21.99,Cash on Delivery
TXN-100234,2023-03-08,CUST-1370,Male,33,26-35,South,Electronics,Smart Fitness Watch,1,199.99,0.05,189.99,110.0,79.99,Credit Card
TXN-100235,2023-03-10,CUST-1098,Female,32,26-35,West,Electronics,Ultra-Slim Laptop Stand,1,39.99,0.15,33.99,18.0,15.99,Credit Card
TXN-100236,2023-03-10,CUST-1046,Male,44,36-50,West,Clothing,Waterproof Hooded Windbreaker,5,89.99,0.1,404.96,210.0,194.96,Debit Card
TXN-100237,2023-03-10,CUST-1838,Male,39,36-50,North,Books,The Psychology of Money & Wealth,2,23.99,0.0,47.98,16.0,31.98,Debit Card
TXN-100238,2023-03-10,CUST-1421,Male,35,26-35,South,Books,The Psychology of Money & Wealth,2,23.99,0.0,47.98,16.0,31.98,Debit Card
TXN-100239,2023-03-10,CUST-1479,Male,27,26-35,South,Home & Kitchen,Automatic Robotic Vacuum Cleaner,3,299.99,0.1,809.97,525.0,284.97,Debit Card
TXN-100240,2023-03-10,CUST-1578,Female,31,26-35,North,Electronics,Smart Fitness Watch,3,199.99,0.0,599.97,330.0,269.97,Cash on Delivery
TXN-100241,2023-03-11,CUST-1061,Male,46,36-50,East,Books,Designing Data-Intensive Applications,3,54.99,0.05,156.72,66.0,90.72,Credit Card
TXN-100242,2023-03-11,CUST-1108,Female,57,51+,North,Clothing,Organic Cotton Crew T-Shirt,1,24.99,0.15,21.24,9.5,11.74,Credit Card
TXN-100243,2023-03-11,CUST-1678,Female,37,36-50,South,Electronics,4K Ultra HD Streaming Stick,1,49.99,0.1,44.99,28.0,16.99,Cash on Delivery
TXN-100244,2023-03-11,CUST-1548,Male,43,36-50,East,Books,Deep Work & Focus in a Distracted World,2,22.5,0.0,45.0,14.4,30.6,Credit Card
TXN-100245,2023-03-13,CUST-1118,Female,52,51+,South,Beauty & Personal Care,Sonic Electric Toothbrush,1,64.99,0.0,64.99,29.0,35.99,Debit Card
TXN-100246,2023-03-14,CUST-1597,Male,24,18-25,East,Beauty & Personal Care,Sonic Electric Toothbrush,5,64.99,0.0,324.95,145.0,179.95,UPI / Digital Wallet
TXN-100247,2023-03-14,CUST-1381,Female,51,51+,West,Home & Kitchen,Compact Espresso Machine,2,179.99,0.0,359.98,196.0,163.98,Debit Card
TXN-100248,2023-03-14,CUST-1391,Male,42,36-50,North,Electronics,Ultra-Slim Laptop Stand,4,39.99,0.1,143.96,72.0,71.96,UPI / Digital Wallet
TXN-100249,2023-03-14,CUST-1051,Male,29,26-35,East,Electronics,4K Ultra HD Streaming Stick,1,49.99,0.05,47.49,28.0,19.49,Credit Card
TXN-100250,2023-03-14,CUST-1602,Male,41,36-50,North,Home & Kitchen,Automatic Robotic Vacuum Cleaner,3,299.99,0.0,899.97,525.0,374.97,UPI / Digital Wallet
TXN-100251,2023-03-14,CUST-1288,Male,21,18-25,South,Electronics,Ultra-Slim Laptop Stand,1,39.99,0.0,39.99,18.0,21.99,Credit Card
TXN-100252,2023-03-14,CUST-1336,Female,39,36-50,North,Clothing,Waterproof Hooded Windbreaker,5,89.99,0.0,449.95,210.0,239.95,Credit Card
TXN-100253,2023-03-16,CUST-1809,Male,31,26-35,North,Beauty & Personal Care,Rosewater Revitalizing Facial Mist,1,16.99,0.35,11.04,4.2,6.84,Credit Card
TXN-100254,2023-03-16,CUST-1203,Male,32,26-35,South,Beauty & Personal Care,Vitamin C Brightening Face Serum,2,28.99,0.05,55.08,17.0,38.08,Debit Card
TXN-100255,2023-03-16,CUST-1237,Male,27,26-35,South,Clothing,Waterproof Hooded Windbreaker,3,89.99,0.2,215.98,126.0,89.98,UPI / Digital Wallet
TXN-100256,2023-03-16,CUST-1381,Female,51,51+,West,Beauty & Personal Care,Rosewater Revitalizing Facial Mist,1,16.99,0.15,14.44,4.2,10.24,Cash on Delivery
TXN-100257,2023-03-16,CUST-1666,Female,18,18-25,East,Beauty & Personal Care,Hydrating Hyaluronic Acid Cream,1,22.99,0.05,21.84,6.8,15.04,UPI / Digital Wallet
TXN-100258,2023-03-16,CUST-1751,Female,24,18-25,West,Home & Kitchen,Non-Stick Ceramic Frying Pan,5,34.99,0.1,157.46,75.0,82.46,Debit Card
TXN-100259,2023-03-16,CUST-1135,Male,39,36-50,East,Electronics,Smart Fitness Watch,1,199.99,0.0,199.99,110.0,89.99,Cash on Delivery
TXN-100260,2023-03-17,CUST-1406,Male,48,36-50,North,Electronics,Bluetooth Portable Speaker,2,59.99,0.1,107.98,64.0,43.98,Debit Card
TXN-100261,2023-03-17,CUST-1507,Female,34,26-35,South,Clothing,Classic Wool Blend Sweater,1,69.99,0.0,69.99,31.0,38.99,Debit Card
TXN-100262,2023-03-17,CUST-1361,Female,21,18-25,South,Electronics,4K Ultra HD Streaming Stick,3,49.99,0.15,127.47,84.0,43.47,Debit Card
TXN-100263,2023-03-17,CUST-1380,Female,55,51+,South,Electronics,Smart Fitness Watch,2,199.99,0.0,399.98,220.0,179.98,Credit Card
TXN-100264,2023-03-17,CUST-1575,Female,42,36-50,East,Electronics,Bluetooth Portable Speaker,1,59.99,0.15,50.99,32.0,18.99,UPI / Digital Wallet
TXN-100265,2023-03-18,CUST-1634,Female,41,36-50,South,Clothing,Denim Slim Fit Jeans,1,59.99,0.0,59.99,26.0,33.99,Credit Card
TXN-100266,2023-03-19,CUST-1253,Male,24,18-25,South,Books,The Psychology of Money & Wealth,2,23.99,0.2,38.38,16.0,22.38,Debit Card
TXN-100267,2023-03-19,CUST-1476,Female,23,18-25,North,Electronics,Bluetooth Portable Speaker,1,59.99,0.0,59.99,32.0,27.99,UPI / Digital Wallet
TXN-100268,2023-03-19,CUST-1113,Male,33,26-35,North,Beauty & Personal Care,Vitamin C Brightening Face Serum,1,28.99,0.1,26.09,8.5,17.59,Cash on Delivery
TXN-100269,2023-03-19,CUST-1019,Male,40,36-50,North,Home & Kitchen,Stainless Steel Cookware Set (10-Pc),2,219.99,0.05,417.98,250.0,167.98,UPI / Digital Wallet
TXN-100270,2023-03-19,CUST-1527,Male,18,18-25,North,Electronics,Wireless Noise-Canceling Headphones,1,149.99,0.05,142.49,85.0,57.49,Debit Card
TXN-100271,2023-03-19,CUST-1144,Male,39,36-50,East,Books,Atomic Habits for Daily Productivity,1,21.99,0.1,19.79,7.5,12.29,UPI / Digital Wallet
TXN-100272,2023-03-19,CUST-1207,Male,40,36-50,North,Home & Kitchen,Automatic Robotic Vacuum Cleaner,2,299.99,0.25,449.98,350.0,99.98,Credit Card
TXN-100273,2023-03-20,CUST-1530,Male,36,36-50,East,Clothing,Waterproof Hooded Windbreaker,1,89.99,0.0,89.99,42.0,47.99,Debit Card
TXN-100274,2023-03-20,CUST-1375,Male,26,26-35,South,Beauty & Personal Care,Rosewater Revitalizing Facial Mist,1,16.99,0.2,13.59,4.2,9.39,Cash on Delivery
TXN-100275,2023-03-20,CUST-1503,Female,27,26-35,North,Electronics,Wireless Noise-Canceling Headphones,1,149.99,0.1,134.99,85.0,49.99,Cash on Delivery
TXN-100276,2023-03-21,CUST-1165,Female,37,36-50,West,Home & Kitchen,Compact Espresso Machine,2,179.99,0.15,305.98,196.0,109.98,UPI / Digital Wallet
TXN-100277,2023-03-22,CUST-1549,Female,25,18-25,South,Electronics,Smart Fitness Watch,2,199.99,0.05,379.98,220.0,159.98,Credit Card
TXN-100278,2023-03-22,CUST-1180,Female,35,26-35,North,Beauty & Personal Care,Hydrating Hyaluronic Acid Cream,2,22.99,0.05,43.68,13.6,30.08,UPI / Digital Wallet
TXN-100279,2023-03-22,CUST-1616,Female,23,18-25,West,Clothing,Athletic Performance Joggers,1,44.99,0.2,35.99,19.0,16.99,Cash on Delivery
TXN-100280,2023-03-22,CUST-1611,Male,48,36-50,North,Home & Kitchen,Aroma Oil Diffuser & Humidifier,1,29.99,0.05,28.49,12.0,16.49,Credit Card
TXN-100281,2023-03-23,CUST-1601,Female,56,51+,North,Electronics,Wireless Noise-Canceling Headphones,1,149.99,0.05,142.49,85.0,57.49,Debit Card
TXN-100282,2023-03-23,CUST-1811,Female,47,36-50,East,Home & Kitchen,Aroma Oil Diffuser & Humidifier,1,29.99,0.0,29.99,12.0,17.99,UPI / Digital Wallet
TXN-100283,2023-03-24,CUST-1443,Female,42,36-50,East,Beauty & Personal Care,Vitamin C Brightening Face Serum,4,28.99,0.0,115.96,34.0,81.96,Debit Card
TXN-100284,2023-03-25,CUST-1331,Male,33,26-35,North,Clothing,Athletic Performance Joggers,1,44.99,0.1,40.49,19.0,21.49,Cash on Delivery
TXN-100285,2023-03-25,CUST-1502,Male,34,26-35,North,Home & Kitchen,Aroma Oil Diffuser & Humidifier,1,29.99,0.1,26.99,12.0,14.99,Debit Card
TXN-100286,2023-03-25,CUST-1078,Female,18,18-25,West,Clothing,Athletic Performance Joggers,1,44.99,0.1,40.49,19.0,21.49,UPI / Digital Wallet
TXN-100287,2023-03-25,CUST-1584,Female,23,18-25,South,Books,Data Science & Machine Learning Handbook,2,44.99,0.0,89.98,36.0,53.98,UPI / Digital Wallet
TXN-100288,2023-03-26,CUST-1687,Male,30,26-35,North,Clothing,Waterproof Hooded Windbreaker,2,89.99,0.05,170.98,84.0,86.98,Debit Card
TXN-100289,2023-03-26,CUST-1395,Female,33,26-35,South,Beauty & Personal Care,Vitamin C Brightening Face Serum,2,28.99,0.05,55.08,17.0,38.08,UPI / Digital Wallet
TXN-100290,2023-03-26,CUST-1607,Female,31,26-35,West,Beauty & Personal Care,Sonic Electric Toothbrush,3,64.99,0.05,185.22,87.0,98.22,Debit Card
TXN-100291,2023-03-26,CUST-1102,Male,36,36-50,North,Clothing,Denim Slim Fit Jeans,1,59.99,0.2,47.99,26.0,21.99,Credit Card
TXN-100292,2023-03-27,CUST-1401,Female,49,36-50,East,Electronics,Smart Fitness Watch,1,199.99,0.15,169.99,110.0,59.99,Credit Card
TXN-100293,2023-03-27,CUST-1223,Male,54,51+,South,Clothing,Organic Cotton Crew T-Shirt,1,24.99,0.0,24.99,9.5,15.49,Credit Card
TXN-100294,2023-03-27,CUST-1517,Male,26,26-35,South,Beauty & Personal Care,Sonic Electric Toothbrush,2,64.99,0.2,103.98,58.0,45.98,UPI / Digital Wallet
TXN-100295,2023-03-27,CUST-1633,Male,43,36-50,East,Electronics,Bluetooth Portable Speaker,2,59.99,0.05,113.98,64.0,49.98,Cash on Delivery
TXN-100296,2023-03-27,CUST-1235,Male,42,36-50,West,Home & Kitchen,Non-Stick Ceramic Frying Pan,2,34.99,0.15,59.48,30.0,29.48,Credit Card
TXN-100297,2023-03-27,CUST-1426,Female,42,36-50,North,Beauty & Personal Care,Hydrating Hyaluronic Acid Cream,2,22.99,0.0,45.98,13.6,32.38,Credit Card
TXN-100298,2023-03-28,CUST-1115,Female,34,26-35,North,Clothing,Organic Cotton Crew T-Shirt,2,24.99,0.1,44.98,19.0,25.98,Credit Card
TXN-100299,2023-03-28,CUST-1162,Female,44,36-50,West,Home & Kitchen,Automatic Robotic Vacuum Cleaner,3,299.99,0.0,899.97,525.0,374.97,UPI / Digital Wallet
TXN-100300,2023-03-28,CUST-1225,Male,43,36-50,East,Electronics,Bluetooth Portable Speaker,2,59.99,0.05,113.98,64.0,49.98,Cash on Delivery
TXN-100301,2023-03-29,CUST-1229,Male,35,26-35,South,Electronics,Bluetooth Portable Speaker,3,59.99,0.0,179.97,96.0,83.97,UPI / Digital Wallet
TXN-100302,2023-03-30,CUST-1181,Female,33,26-35,South,Beauty & Personal Care,Argan Oil Hair Repair Mask,1,19.99,0.0,19.99,5.5,14.49,Debit Card
TXN-100303,2023-03-30,CUST-1248,Female,22,18-25,East,Electronics,Wireless Noise-Canceling Headphones,2,149.99,0.0,299.98,170.0,129.98,Debit Card
TXN-100304,2023-03-31,CUST-1317,Female,51,51+,East,Electronics,Bluetooth Portable Speaker,4,59.99,0.0,239.96,128.0,111.96,Credit Card
TXN-100305,2023-03-31,CUST-1209,Male,62,51+,West,Beauty & Personal Care,Vitamin C Brightening Face Serum,1,28.99,0.0,28.99,8.5,20.49,UPI / Digital Wallet
TXN-100306,2023-03-31,CUST-1655,Male,30,26-35,South,Clothing,Waterproof Hooded Windbreaker,3,89.99,0.1,242.97,126.0,116.97,Debit Card
TXN-100307,2023-03-31,CUST-1391,Male,42,36-50,North,Books,Designing Data-Intensive Applications,2,54.99,0.0,109.98,44.0,65.98,UPI / Digital Wallet
TXN-100308,2023-04-02,CUST-1095,Male,48,36-50,East,Books,The Psychology of Money & Wealth,1,23.99,0.1,21.59,8.0,13.59,UPI / Digital Wallet
TXN-100309,2023-04-02,CUST-1755,Male,42,36-50,South,Electronics,4K Ultra HD Streaming Stick,2,49.99,0.0,99.98,56.0,43.98,UPI / Digital Wallet
TXN-100310,2023-04-02,CUST-1085,Male,36,36-50,East,Electronics,Wireless Noise-Canceling Headphones,1,149.99,0.25,112.49,85.0,27.49,UPI / Digital Wallet
TXN-100311,2023-04-02,CUST-1414,Male,49,36-50,South,Home & Kitchen,Non-Stick Ceramic Frying Pan,5,34.99,0.25,131.21,75.0,56.21,Cash on Delivery
TXN-100312,2023-04-02,CUST-1393,Male,23,18-25,North,Clothing,Denim Slim Fit Jeans,3,59.99,0.0,179.97,78.0,101.97,Cash on Delivery
TXN-100313,2023-04-02,CUST-1695,Male,18,18-25,South,Electronics,Smart Fitness Watch,1,199.99,0.1,179.99,110.0,69.99,Debit Card
TXN-100314,2023-04-02,CUST-1632,Female,29,26-35,East,Home & Kitchen,Automatic Robotic Vacuum Cleaner,1,299.99,0.0,299.99,175.0,124.99,Credit Card
TXN-100315,2023-04-02,CUST-1843,Male,19,18-25,East,Electronics,Smart Fitness Watch,2,199.99,0.25,299.98,220.0,79.98,Debit Card
TXN-100316,2023-04-04,CUST-1500,Male,37,36-50,South,Beauty & Personal Care,Rosewater Revitalizing Facial Mist,1,16.99,0.05,16.14,4.2,11.94,UPI / Digital Wallet
TXN-100317,2023-04-05,CUST-1603,Male,35,26-35,North,Electronics,Smart Fitness Watch,1,199.99,0.0,199.99,110.0,89.99,Credit Card
TXN-100318,2023-04-05,CUST-1581,Female,53,51+,South,Electronics,Smart Fitness Watch,2,199.99,0.0,399.98,220.0,179.98,Credit Card
TXN-100319,2023-04-05,CUST-1132,Male,39,36-50,East,Electronics,Smart Fitness Watch,1,199.99,0.0,199.99,110.0,89.99,Credit Card
TXN-100320,2023-04-05,CUST-1790,Female,45,36-50,South,Books,The Psychology of Money & Wealth,1,23.99,0.05,22.79,8.0,14.79,UPI / Digital Wallet
TXN-100321,2023-04-06,CUST-1648,Male,40,36-50,East,Home & Kitchen,Automatic Robotic Vacuum Cleaner,3,299.99,0.1,809.97,525.0,284.97,Debit Card
TXN-100322,2023-04-06,CUST-1313,Female,33,26-35,South,Beauty & Personal Care,Vitamin C Brightening Face Serum,4,28.99,0.05,110.16,34.0,76.16,Credit Card
TXN-100323,2023-04-06,CUST-1698,Male,39,36-50,North,Clothing,Classic Wool Blend Sweater,3,69.99,0.05,199.47,93.0,106.47,Credit Card
TXN-100324,2023-04-06,CUST-1220,Male,37,36-50,East,Clothing,Athletic Performance Joggers,3,44.99,0.0,134.97,57.0,77.97,UPI / Digital Wallet
TXN-100325,2023-04-06,CUST-1437,Male,51,51+,North,Electronics,Bluetooth Portable Speaker,1,59.99,0.0,59.99,32.0,27.99,Credit Card
TXN-100326,2023-04-06,CUST-1045,Male,42,36-50,South,Clothing,Waterproof Hooded Windbreaker,1,89.99,0.0,89.99,42.0,47.99,Credit Card
TXN-100327,2023-04-06,CUST-1789,Male,26,26-35,North,Home & Kitchen,Compact Espresso Machine,1,179.99,0.15,152.99,98.0,54.99,UPI / Digital Wallet
TXN-100328,2023-04-06,CUST-1191,Female,30,26-35,North,Home & Kitchen,Compact Espresso Machine,3,179.99,0.0,539.97,294.0,245.97,Debit Card
TXN-100329,2023-04-07,CUST-1519,Female,18,18-25,South,Electronics,4K Ultra HD Streaming Stick,4,49.99,0.1,179.96,112.0,67.96,Credit Card
TXN-100330,2023-04-07,CUST-1378,Male,37,36-50,South,Books,The Psychology of Money & Wealth,2,23.99,0.0,47.98,16.0,31.98,UPI / Digital Wallet
TXN-100331,2023-04-08,CUST-1787,Female,36,36-50,East,Electronics,Wireless Noise-Canceling Headphones,3,149.99,0.0,449.97,255.0,194.97,Credit Card
TXN-100332,2023-04-08,CUST-1690,Female,30,26-35,East,Books,Deep Work & Focus in a Distracted World,2,22.5,0.1,40.5,14.4,26.1,UPI / Digital Wallet
TXN-100333,2023-04-08,CUST-1333,Female,49,36-50,East,Electronics,Bluetooth Portable Speaker,1,59.99,0.05,56.99,32.0,24.99,Credit Card
TXN-100334,2023-04-08,CUST-1038,Male,33,26-35,South,Clothing,Organic Cotton Crew T-Shirt,1,24.99,0.05,23.74,9.5,14.24,Credit Card
TXN-100335,2023-04-09,CUST-1292,Female,43,36-50,East,Clothing,Organic Cotton Crew T-Shirt,1,24.99,0.1,22.49,9.5,12.99,UPI / Digital Wallet
TXN-100336,2023-04-09,CUST-1689,Female,26,26-35,South,Clothing,Classic Wool Blend Sweater,1,69.99,0.05,66.49,31.0,35.49,UPI / Digital Wallet
TXN-100337,2023-04-09,CUST-1161,Female,38,36-50,South,Home & Kitchen,Stainless Steel Cookware Set (10-Pc),2,219.99,0.0,439.98,250.0,189.98,Credit Card
TXN-100338,2023-04-09,CUST-1330,Female,53,51+,East,Clothing,Athletic Performance Joggers,1,44.99,0.1,40.49,19.0,21.49,Credit Card
TXN-100339,2023-04-09,CUST-1103,Male,18,18-25,West,Clothing,Organic Cotton Crew T-Shirt,2,24.99,0.1,44.98,19.0,25.98,UPI / Digital Wallet
TXN-100340,2023-04-09,CUST-1160,Female,43,36-50,North,Beauty & Personal Care,Rosewater Revitalizing Facial Mist,2,16.99,0.0,33.98,8.4,25.58,UPI / Digital Wallet
TXN-100341,2023-04-09,CUST-1798,Male,26,26-35,West,Home & Kitchen,Stainless Steel Cookware Set (10-Pc),1,219.99,0.05,208.99,125.0,83.99,Credit Card
TXN-100342,2023-04-09,CUST-1634,Female,41,36-50,North,Beauty & Personal Care,Hydrating Hyaluronic Acid Cream,1,22.99,0.0,22.99,6.8,16.19,UPI / Digital Wallet
TXN-100343,2023-04-09,CUST-1053,Male,18,18-25,South,Electronics,Wireless Noise-Canceling Headphones,1,149.99,0.0,149.99,85.0,64.99,Credit Card
TXN-100344,2023-04-09,CUST-1033,Female,47,36-50,North,Home & Kitchen,Aroma Oil Diffuser & Humidifier,1,29.99,0.1,26.99,12.0,14.99,Debit Card
TXN-100345,2023-04-09,CUST-1241,Female,34,26-35,East,Home & Kitchen,Stainless Steel Cookware Set (10-Pc),3,219.99,0.2,527.98,375.0,152.98,Credit Card
TXN-100346,2023-04-09,CUST-1112,Male,35,26-35,North,Clothing,Organic Cotton Crew T-Shirt,1,24.99,0.2,19.99,9.5,10.49,Credit Card
TXN-100347,2023-04-10,CUST-1317,Female,51,51+,West,Clothing,Organic Cotton Crew T-Shirt,2,24.99,0.0,49.98,19.0,30.98,Credit Card
TXN-100348,2023-04-10,CUST-1022,Male,39,36-50,West,Clothing,Athletic Performance Joggers,4,44.99,0.05,170.96,76.0,94.96,Debit Card
TXN-100349,2023-04-10,CUST-1557,Male,26,26-35,East,Electronics,Wireless Noise-Canceling Headphones,3,149.99,0.1,404.97,255.0,149.97,Debit Card
TXN-100350,2023-04-10,CUST-1823,Male,18,18-25,South,Electronics,Ultra-Slim Laptop Stand,4,39.99,0.0,159.96,72.0,87.96,Debit Card
TXN-100351,2023-04-10,CUST-1646,Female,37,36-50,West,Electronics,Ultra-Slim Laptop Stand,1,39.99,0.15,33.99,18.0,15.99,Credit Card
TXN-100352,2023-04-12,CUST-1117,Female,32,26-35,West,Home & Kitchen,Aroma Oil Diffuser & Humidifier,1,29.99,0.15,25.49,12.0,13.49,Credit Card
TXN-100353,2023-04-13,CUST-1700,Male,18,18-25,South,Home & Kitchen,Compact Espresso Machine,1,179.99,0.2,143.99,98.0,45.99,UPI / Digital Wallet
TXN-100354,2023-04-13,CUST-1642,Female,36,36-50,East,Books,Deep Work & Focus in a Distracted World,1,22.5,0.0,22.5,7.2,15.3,Credit Card
TXN-100355,2023-04-13,CUST-1211,Female,37,36-50,South,Beauty & Personal Care,Sonic Electric Toothbrush,4,64.99,0.0,259.96,116.0,143.96,UPI / Digital Wallet
TXN-100356,2023-04-13,CUST-1417,Male,29,26-35,East,Electronics,Ultra-Slim Laptop Stand,2,39.99,0.15,67.98,36.0,31.98,Credit Card
TXN-100357,2023-04-13,CUST-1112,Male,35,26-35,South,Books,The Psychology of Money & Wealth,1,23.99,0.1,21.59,8.0,13.59,Debit Card
TXN-100358,2023-04-14,CUST-1043,Male,25,18-25,South,Beauty & Personal Care,Rosewater Revitalizing Facial Mist,1,16.99,0.2,13.59,4.2,9.39,Debit Card
TXN-100359,2023-04-14,CUST-1127,Female,20,18-25,North,Clothing,Denim Slim Fit Jeans,1,59.99,0.0,59.99,26.0,33.99,Cash on Delivery
TXN-100360,2023-04-14,CUST-1157,Female,28,26-35,South,Home & Kitchen,Non-Stick Ceramic Frying Pan,2,34.99,0.1,62.98,30.0,32.98,Credit Card
TXN-100361,2023-04-14,CUST-1784,Female,42,36-50,East,Books,The Psychology of Money & Wealth,2,23.99,0.1,43.18,16.0,27.18,Credit Card
TXN-100362,2023-04-16,CUST-1826,Female,28,26-35,West,Home & Kitchen,Automatic Robotic Vacuum Cleaner,3,299.99,0.0,899.97,525.0,374.97,Debit Card
TXN-100363,2023-04-16,CUST-1393,Male,23,18-25,West,Books,The Psychology of Money & Wealth,4,23.99,0.05,91.16,32.0,59.16,Cash on Delivery
TXN-100364,2023-04-16,CUST-1511,Male,56,51+,South,Electronics,4K Ultra HD Streaming Stick,1,49.99,0.1,44.99,28.0,16.99,Cash on Delivery
TXN-100365,2023-04-16,CUST-1044,Female,21,18-25,East,Electronics,4K Ultra HD Streaming Stick,1,49.99,0.0,49.99,28.0,21.99,Debit Card
TXN-100366,2023-04-16,CUST-1107,Female,40,36-50,North,Clothing,Athletic Performance Joggers,1,44.99,0.0,44.99,19.0,25.99,Debit Card
TXN-100367,2023-04-16,CUST-1218,Male,40,36-50,East,Home & Kitchen,Automatic Robotic Vacuum Cleaner,1,299.99,0.1,269.99,175.0,94.99,UPI / Digital Wallet
TXN-100368,2023-04-17,CUST-1442,Female,20,18-25,North,Beauty & Personal Care,Hydrating Hyaluronic Acid Cream,4,22.99,0.05,87.36,27.2,60.16,Debit Card
TXN-100369,2023-04-17,CUST-1829,Male,31,26-35,North,Books,Deep Work & Focus in a Distracted World,2,22.5,0.2,36.0,14.4,21.6,Debit Card
TXN-100370,2023-04-17,CUST-1314,Male,23,18-25,East,Clothing,Athletic Performance Joggers,2,44.99,0.0,89.98,38.0,51.98,UPI / Digital Wallet
TXN-100371,2023-04-18,CUST-1176,Female,25,18-25,South,Electronics,Ultra-Slim Laptop Stand,1,39.99,0.0,39.99,18.0,21.99,UPI / Digital Wallet
TXN-100372,2023-04-18,CUST-1227,Female,48,36-50,North,Beauty & Personal Care,Rosewater Revitalizing Facial Mist,1,16.99,0.35,11.04,4.2,6.84,Debit Card
TXN-100373,2023-04-18,CUST-1702,Female,41,36-50,West,Home & Kitchen,Stainless Steel Cookware Set (10-Pc),1,219.99,0.2,175.99,125.0,50.99,Debit Card
TXN-100374,2023-04-18,CUST-1671,Female,25,18-25,South,Electronics,Wireless Noise-Canceling Headphones,2,149.99,0.0,299.98,170.0,129.98,Debit Card
TXN-100375,2023-04-19,CUST-1266,Male,49,36-50,North,Clothing,Waterproof Hooded Windbreaker,2,89.99,0.15,152.98,84.0,68.98,Debit Card
TXN-100376,2023-04-21,CUST-1837,Male,33,26-35,North,Beauty & Personal Care,Hydrating Hyaluronic Acid Cream,1,22.99,0.0,22.99,6.8,16.19,Debit Card
TXN-100377,2023-04-21,CUST-1378,Male,37,36-50,North,Beauty & Personal Care,Vitamin C Brightening Face Serum,2,28.99,0.0,57.98,17.0,40.98,Credit Card
TXN-100378,2023-04-21,CUST-1488,Female,30,26-35,North,Clothing,Athletic Performance Joggers,3,44.99,0.0,134.97,57.0,77.97,Credit Card
TXN-100379,2023-04-21,CUST-1701,Female,31,26-35,East,Clothing,Classic Wool Blend Sweater,1,69.99,0.0,69.99,31.0,38.99,Debit Card
TXN-100380,2023-04-22,CUST-1686,Female,32,26-35,South,Books,Deep Work & Focus in a Distracted World,2,22.5,0.15,38.25,14.4,23.85,UPI / Digital Wallet
TXN-100381,2023-04-22,CUST-1289,Female,34,26-35,West,Home & Kitchen,Non-Stick Ceramic Frying Pan,1,34.99,0.1,31.49,15.0,16.49,Credit Card
TXN-100382,2023-04-23,CUST-1356,Female,46,36-50,North,Clothing,Classic Wool Blend Sweater,2,69.99,0.35,90.99,62.0,28.99,Debit Card
TXN-100383,2023-04-23,CUST-1656,Male,28,26-35,South,Clothing,Organic Cotton Crew T-Shirt,3,24.99,0.1,67.47,28.5,38.97,Credit Card
TXN-100384,2023-04-23,CUST-1743,Female,64,51+,East,Beauty & Personal Care,Argan Oil Hair Repair Mask,5,19.99,0.05,94.95,27.5,67.45,Credit Card
TXN-100385,2023-04-23,CUST-1203,Male,32,26-35,East,Electronics,Wireless Noise-Canceling Headphones,1,149.99,0.1,134.99,85.0,49.99,Cash on Delivery
TXN-100386,2023-04-23,CUST-1212,Male,30,26-35,East,Electronics,Wireless Noise-Canceling Headphones,1,149.99,0.35,97.49,85.0,12.49,UPI / Digital Wallet
TXN-100387,2023-04-23,CUST-1551,Male,51,51+,West,Home & Kitchen,Compact Espresso Machine,1,179.99,0.1,161.99,98.0,63.99,Credit Card
TXN-100388,2023-04-23,CUST-1786,Male,60,51+,North,Clothing,Waterproof Hooded Windbreaker,1,89.99,0.15,76.49,42.0,34.49,UPI / Digital Wallet
TXN-100389,2023-04-23,CUST-1322,Female,50,36-50,South,Home & Kitchen,Aroma Oil Diffuser & Humidifier,2,29.99,0.25,44.98,24.0,20.98,Credit Card
TXN-100390,2023-04-23,CUST-1593,Female,34,26-35,West,Electronics,Wireless Noise-Canceling Headphones,4,149.99,0.0,599.96,340.0,259.96,Cash on Delivery
TXN-100391,2023-04-24,CUST-1180,Female,35,26-35,North,Home & Kitchen,Non-Stick Ceramic Frying Pan,1,34.99,0.1,31.49,15.0,16.49,Credit Card
TXN-100392,2023-04-24,CUST-1498,Male,33,26-35,North,Clothing,Athletic Performance Joggers,1,44.99,0.2,35.99,19.0,16.99,Credit Card
TXN-100393,2023-04-24,CUST-1319,Female,18,18-25,North,Electronics,Ultra-Slim Laptop Stand,1,39.99,0.25,29.99,18.0,11.99,Debit Card
TXN-100394,2023-04-25,CUST-1082,Male,26,26-35,East,Electronics,Bluetooth Portable Speaker,1,59.99,0.0,59.99,32.0,27.99,UPI / Digital Wallet
TXN-100395,2023-04-25,CUST-1302,Male,35,26-35,North,Books,The Psychology of Money & Wealth,1,23.99,0.05,22.79,8.0,14.79,Credit Card
TXN-100396,2023-04-25,CUST-1261,Male,20,18-25,North,Beauty & Personal Care,Sonic Electric Toothbrush,1,64.99,0.1,58.49,29.0,29.49,UPI / Digital Wallet
TXN-100397,2023-04-25,CUST-1783,Male,24,18-25,South,Electronics,Ultra-Slim Laptop Stand,2,39.99,0.0,79.98,36.0,43.98,Credit Card
TXN-100398,2023-04-26,CUST-1199,Male,18,18-25,East,Beauty & Personal Care,Argan Oil Hair Repair Mask,1,19.99,0.1,17.99,5.5,12.49,Cash on Delivery
TXN-100399,2023-04-26,CUST-1239,Male,41,36-50,North,Home & Kitchen,Non-Stick Ceramic Frying Pan,2,34.99,0.0,69.98,30.0,39.98,Credit Card
TXN-100400,2023-04-27,CUST-1691,Female,50,36-50,South,Books,Atomic Habits for Daily Productivity,3,21.99,0.0,65.97,22.5,43.47,Cash on Delivery
TXN-100401,2023-04-27,CUST-1682,Male,41,36-50,East,Clothing,Organic Cotton Crew T-Shirt,1,24.99,0.05,23.74,9.5,14.24,Debit Card
TXN-100402,2023-04-27,CUST-1294,Female,24,18-25,West,Home & Kitchen,Automatic Robotic Vacuum Cleaner,2,299.99,0.05,569.98,350.0,219.98,Debit Card
TXN-100403,2023-04-27,CUST-1511,Male,56,51+,East,Electronics,Smart Fitness Watch,2,199.99,0.05,379.98,220.0,159.98,Cash on Delivery
TXN-100404,2023-04-27,CUST-1688,Female,49,36-50,East,Clothing,Classic Wool Blend Sweater,2,69.99,0.05,132.98,62.0,70.98,Cash on Delivery
TXN-100405,2023-04-28,CUST-1395,Female,33,26-35,South,Books,The Psychology of Money & Wealth,1,23.99,0.0,23.99,8.0,15.99,UPI / Digital Wallet
TXN-100406,2023-04-28,CUST-1748,Female,20,18-25,North,Home & Kitchen,Compact Espresso Machine,1,179.99,0.0,179.99,98.0,81.99,Credit Card
TXN-100407,2023-04-28,CUST-1137,Male,36,36-50,South,Clothing,Athletic Performance Joggers,3,44.99,0.0,134.97,57.0,77.97,Debit Card
TXN-100408,2023-04-28,CUST-1838,Male,39,36-50,West,Electronics,Wireless Noise-Canceling Headphones,3,149.99,0.0,449.97,255.0,194.97,Debit Card
TXN-100409,2023-04-28,CUST-1822,Female,37,36-50,South,Home & Kitchen,Stainless Steel Cookware Set (10-Pc),1,219.99,0.1,197.99,125.0,72.99,Debit Card
TXN-100410,2023-04-28,CUST-1128,Male,35,26-35,West,Home & Kitchen,Automatic Robotic Vacuum Cleaner,1,299.99,0.15,254.99,175.0,79.99,Debit Card
TXN-100411,2023-04-29,CUST-1048,Male,26,26-35,West,Clothing,Organic Cotton Crew T-Shirt,1,24.99,0.0,24.99,9.5,15.49,Credit Card
TXN-100412,2023-04-29,CUST-1675,Female,42,36-50,North,Books,Designing Data-Intensive Applications,1,54.99,0.0,54.99,22.0,32.99,UPI / Digital Wallet
TXN-100413,2023-04-29,CUST-1788,Male,43,36-50,North,Electronics,Smart Fitness Watch,2,199.99,0.15,339.98,220.0,119.98,UPI / Digital Wallet
TXN-100414,2023-04-30,CUST-1292,Female,43,36-50,North,Clothing,Denim Slim Fit Jeans,1,59.99,0.0,59.99,26.0,33.99,Credit Card
TXN-100415,2023-04-30,CUST-1627,Male,22,18-25,South,Books,The Psychology of Money & Wealth,1,23.99,0.25,17.99,8.0,9.99,Debit Card
TXN-100416,2023-04-30,CUST-1535,Female,40,36-50,North,Clothing,Denim Slim Fit Jeans,3,59.99,0.1,161.97,78.0,83.97,Debit Card
TXN-100417,2023-04-30,CUST-1310,Male,60,51+,West,Electronics,Ultra-Slim Laptop Stand,1,39.99,0.0,39.99,18.0,21.99,UPI / Digital Wallet
TXN-100418,2023-04-30,CUST-1536,Female,22,18-25,North,Home & Kitchen,Aroma Oil Diffuser & Humidifier,3,29.99,0.0,89.97,36.0,53.97,Credit Card
TXN-100419,2023-04-30,CUST-1638,Female,40,36-50,South,Beauty & Personal Care,Sonic Electric Toothbrush,2,64.99,0.05,123.48,58.0,65.48,Debit Card
TXN-100420,2023-04-30,CUST-1233,Male,18,18-25,North,Electronics,Ultra-Slim Laptop Stand,1,39.99,0.0,39.99,18.0,21.99,Credit Card
TXN-100421,2023-04-30,CUST-1208,Female,49,36-50,West,Books,Deep Work & Focus in a Distracted World,2,22.5,0.0,45.0,14.4,30.6,Debit Card
TXN-100422,2023-05-01,CUST-1604,Male,36,36-50,East,Beauty & Personal Care,Argan Oil Hair Repair Mask,2,19.99,0.0,39.98,11.0,28.98,UPI / Digital Wallet
TXN-100423,2023-05-01,CUST-1093,Male,18,18-25,West,Electronics,Wireless Noise-Canceling Headphones,1,149.99,0.15,127.49,85.0,42.49,UPI / Digital Wallet
TXN-100424,2023-05-01,CUST-1326,Male,69,51+,West,Home & Kitchen,Automatic Robotic Vacuum Cleaner,1,299.99,0.05,284.99,175.0,109.99,Credit Card
TXN-100425,2023-05-01,CUST-1224,Male,50,36-50,South,Clothing,Organic Cotton Crew T-Shirt,2,24.99,0.0,49.98,19.0,30.98,Debit Card
TXN-100426,2023-05-02,CUST-1791,Male,35,26-35,North,Clothing,Denim Slim Fit Jeans,4,59.99,0.1,215.96,104.0,111.96,Cash on Delivery
TXN-100427,2023-05-02,CUST-1010,Male,24,18-25,North,Beauty & Personal Care,Vitamin C Brightening Face Serum,2,28.99,0.05,55.08,17.0,38.08,Credit Card
TXN-100428,2023-05-02,CUST-1328,Female,33,26-35,North,Books,Deep Work & Focus in a Distracted World,1,22.5,0.05,21.38,7.2,14.18,UPI / Digital Wallet
TXN-100429,2023-05-02,CUST-1011,Male,47,36-50,East,Electronics,4K Ultra HD Streaming Stick,2,49.99,0.0,99.98,56.0,43.98,UPI / Digital Wallet
TXN-100430,2023-05-02,CUST-1034,Female,18,18-25,North,Clothing,Athletic Performance Joggers,1,44.99,0.1,40.49,19.0,21.49,UPI / Digital Wallet
TXN-100431,2023-05-02,CUST-1446,Female,37,36-50,North,Clothing,Denim Slim Fit Jeans,2,59.99,0.25,89.98,52.0,37.98,Credit Card
TXN-100432,2023-05-02,CUST-1451,Female,48,36-50,East,Clothing,Classic Wool Blend Sweater,2,69.99,0.0,139.98,62.0,77.98,Credit Card
TXN-100433,2023-05-02,CUST-1739,Male,18,18-25,East,Clothing,Organic Cotton Crew T-Shirt,2,24.99,0.0,49.98,19.0,30.98,Cash on Delivery
TXN-100434,2023-05-03,CUST-1219,Male,28,26-35,East,Electronics,4K Ultra HD Streaming Stick,3,49.99,0.0,149.97,84.0,65.97,Credit Card
TXN-100435,2023-05-03,CUST-1440,Female,33,26-35,South,Home & Kitchen,Non-Stick Ceramic Frying Pan,2,34.99,0.0,69.98,30.0,39.98,Credit Card
TXN-100436,2023-05-03,CUST-1652,Female,42,36-50,West,Clothing,Classic Wool Blend Sweater,2,69.99,0.05,132.98,62.0,70.98,Debit Card
TXN-100437,2023-05-04,CUST-1534,Female,47,36-50,South,Electronics,Ultra-Slim Laptop Stand,1,39.99,0.15,33.99,18.0,15.99,Credit Card
TXN-100438,2023-05-06,CUST-1594,Female,50,36-50,North,Beauty & Personal Care,Sonic Electric Toothbrush,3,64.99,0.2,155.98,87.0,68.98,UPI / Digital Wallet
TXN-100439,2023-05-07,CUST-1228,Male,33,26-35,East,Beauty & Personal Care,Rosewater Revitalizing Facial Mist,4,16.99,0.0,67.96,16.8,51.16,UPI / Digital Wallet
TXN-100440,2023-05-08,CUST-1343,Male,45,36-50,West,Clothing,Waterproof Hooded Windbreaker,1,89.99,0.05,85.49,42.0,43.49,UPI / Digital Wallet
TXN-100441,2023-05-08,CUST-1079,Male,42,36-50,North,Clothing,Denim Slim Fit Jeans,1,59.99,0.1,53.99,26.0,27.99,UPI / Digital Wallet
TXN-100442,2023-05-08,CUST-1352,Male,33,26-35,South,Home & Kitchen,Stainless Steel Cookware Set (10-Pc),1,219.99,0.05,208.99,125.0,83.99,Credit Card
TXN-100443,2023-05-08,CUST-1395,Female,33,26-35,South,Clothing,Organic Cotton Crew T-Shirt,3,24.99,0.05,71.22,28.5,42.72,Credit Card
TXN-100444,2023-05-08,CUST-1289,Female,34,26-35,North,Electronics,4K Ultra HD Streaming Stick,2,49.99,0.0,99.98,56.0,43.98,UPI / Digital Wallet
TXN-100445,2023-05-09,CUST-1454,Male,24,18-25,West,Beauty & Personal Care,Sonic Electric Toothbrush,1,64.99,0.05,61.74,29.0,32.74,Credit Card
TXN-100446,2023-05-10,CUST-1842,Male,18,18-25,North,Electronics,Ultra-Slim Laptop Stand,3,39.99,0.05,113.97,54.0,59.97,Cash on Delivery
TXN-100447,2023-05-10,CUST-1670,Male,44,36-50,East,Electronics,Ultra-Slim Laptop Stand,1,39.99,0.15,33.99,18.0,15.99,UPI / Digital Wallet
TXN-100448,2023-05-10,CUST-1127,Female,20,18-25,East,Electronics,Ultra-Slim Laptop Stand,3,39.99,0.15,101.97,54.0,47.97,Credit Card
TXN-100449,2023-05-10,CUST-1701,Female,31,26-35,East,Electronics,Smart Fitness Watch,1,199.99,0.0,199.99,110.0,89.99,UPI / Digital Wallet
TXN-100450,2023-05-10,CUST-1542,Female,19,18-25,North,Electronics,Smart Fitness Watch,1,199.99,0.0,199.99,110.0,89.99,Credit Card
TXN-100451,2023-05-10,CUST-1358,Female,31,26-35,North,Books,Deep Work & Focus in a Distracted World,1,22.5,0.2,18.0,7.2,10.8,Credit Card
TXN-100452,2023-05-10,CUST-1526,Male,33,26-35,North,Clothing,Athletic Performance Joggers,1,44.99,0.05,42.74,19.0,23.74,UPI / Digital Wallet
TXN-100453,2023-05-10,CUST-1312,Male,41,36-50,North,Electronics,Smart Fitness Watch,2,199.99,0.2,319.98,220.0,99.98,UPI / Digital Wallet
TXN-100454,2023-05-10,CUST-1074,Male,49,36-50,South,Electronics,Smart Fitness Watch,2,199.99,0.0,399.98,220.0,179.98,Debit Card
TXN-100455,2023-05-10,CUST-1545,Male,28,26-35,West,Books,Data Science & Machine Learning Handbook,1,44.99,0.05,42.74,18.0,24.74,Credit Card
TXN-100456,2023-05-10,CUST-1195,Male,30,26-35,South,Home & Kitchen,Stainless Steel Cookware Set (10-Pc),1,219.99,0.05,208.99,125.0,83.99,Credit Card
TXN-100457,2023-05-10,CUST-1842,Male,18,18-25,East,Clothing,Athletic Performance Joggers,1,44.99,0.2,35.99,19.0,16.99,Credit Card
TXN-100458,2023-05-11,CUST-1028,Female,31,26-35,South,Beauty & Personal Care,Hydrating Hyaluronic Acid Cream,2,22.99,0.0,45.98,13.6,32.38,Credit Card
TXN-100459,2023-05-11,CUST-1705,Female,40,36-50,East,Clothing,Denim Slim Fit Jeans,2,59.99,0.0,119.98,52.0,67.98,Credit Card
TXN-100460,2023-05-11,CUST-1015,Male,32,26-35,West,Clothing,Waterproof Hooded Windbreaker,1,89.99,0.05,85.49,42.0,43.49,Debit Card
TXN-100461,2023-05-11,CUST-1422,Male,30,26-35,North,Electronics,4K Ultra HD Streaming Stick,2,49.99,0.2,79.98,56.0,23.98,Cash on Delivery
TXN-100462,2023-05-11,CUST-1588,Male,34,26-35,West,Clothing,Athletic Performance Joggers,1,44.99,0.25,33.74,19.0,14.74,Credit Card
TXN-100463,2023-05-12,CUST-1804,Female,24,18-25,East,Clothing,Waterproof Hooded Windbreaker,4,89.99,0.35,233.97,168.0,65.97,Credit Card
TXN-100464,2023-05-13,CUST-1592,Female,32,26-35,West,Home & Kitchen,Non-Stick Ceramic Frying Pan,4,34.99,0.25,104.97,60.0,44.97,UPI / Digital Wallet
TXN-100465,2023-05-13,CUST-1404,Female,47,36-50,East,Clothing,Organic Cotton Crew T-Shirt,2,24.99,0.0,49.98,19.0,30.98,UPI / Digital Wallet
TXN-100466,2023-05-13,CUST-1635,Male,36,36-50,South,Home & Kitchen,Aroma Oil Diffuser & Humidifier,4,29.99,0.0,119.96,48.0,71.96,Cash on Delivery
TXN-100467,2023-05-13,CUST-1530,Male,36,36-50,North,Electronics,4K Ultra HD Streaming Stick,3,49.99,0.0,149.97,84.0,65.97,Credit Card
TXN-100468,2023-05-14,CUST-1613,Male,43,36-50,North,Electronics,Bluetooth Portable Speaker,3,59.99,0.0,179.97,96.0,83.97,Credit Card
TXN-100469,2023-05-15,CUST-1076,Female,33,26-35,South,Clothing,Classic Wool Blend Sweater,2,69.99,0.15,118.98,62.0,56.98,Debit Card
TXN-100470,2023-05-17,CUST-1228,Male,33,26-35,West,Books,Deep Work & Focus in a Distracted World,1,22.5,0.2,18.0,7.2,10.8,Debit Card
TXN-100471,2023-05-17,CUST-1296,Male,35,26-35,East,Clothing,Organic Cotton Crew T-Shirt,1,24.99,0.0,24.99,9.5,15.49,Debit Card
TXN-100472,2023-05-18,CUST-1509,Female,33,26-35,South,Home & Kitchen,Automatic Robotic Vacuum Cleaner,1,299.99,0.1,269.99,175.0,94.99,Debit Card
TXN-100473,2023-05-19,CUST-1714,Female,43,36-50,West,Electronics,Ultra-Slim Laptop Stand,2,39.99,0.2,63.98,36.0,27.98,Credit Card
TXN-100474,2023-05-19,CUST-1572,Female,32,26-35,East,Electronics,Ultra-Slim Laptop Stand,1,39.99,0.05,37.99,18.0,19.99,Debit Card
TXN-100475,2023-05-19,CUST-1537,Female,18,18-25,North,Electronics,Smart Fitness Watch,1,199.99,0.0,199.99,110.0,89.99,UPI / Digital Wallet
TXN-100476,2023-05-20,CUST-1582,Female,44,36-50,North,Clothing,Organic Cotton Crew T-Shirt,1,24.99,0.05,23.74,9.5,14.24,Debit Card
TXN-100477,2023-05-20,CUST-1614,Female,39,36-50,North,Electronics,Bluetooth Portable Speaker,1,59.99,0.05,56.99,32.0,24.99,UPI / Digital Wallet
TXN-100478,2023-05-20,CUST-1325,Female,41,36-50,West,Electronics,Ultra-Slim Laptop Stand,2,39.99,0.1,71.98,36.0,35.98,Debit Card
TXN-100479,2023-05-21,CUST-1362,Male,41,36-50,West,Beauty & Personal Care,Hydrating Hyaluronic Acid Cream,4,22.99,0.05,87.36,27.2,60.16,Credit Card
TXN-100480,2023-05-21,CUST-1668,Male,43,36-50,North,Electronics,Ultra-Slim Laptop Stand,2,39.99,0.0,79.98,36.0,43.98,Credit Card
TXN-100481,2023-05-21,CUST-1358,Female,31,26-35,North,Home & Kitchen,Compact Espresso Machine,2,179.99,0.35,233.99,196.0,37.99,Credit Card
TXN-100482,2023-05-22,CUST-1705,Female,40,36-50,East,Clothing,Organic Cotton Crew T-Shirt,2,24.99,0.05,47.48,19.0,28.48,Credit Card
TXN-100483,2023-05-23,CUST-1786,Male,60,51+,West,Clothing,Classic Wool Blend Sweater,1,69.99,0.05,66.49,31.0,35.49,UPI / Digital Wallet
TXN-100484,2023-05-23,CUST-1323,Male,31,26-35,East,Home & Kitchen,Compact Espresso Machine,1,179.99,0.25,134.99,98.0,36.99,UPI / Digital Wallet
TXN-100485,2023-05-23,CUST-1697,Male,23,18-25,East,Clothing,Athletic Performance Joggers,4,44.99,0.0,179.96,76.0,103.96,Credit Card
TXN-100486,2023-05-23,CUST-1325,Female,41,36-50,North,Clothing,Athletic Performance Joggers,1,44.99,0.0,44.99,19.0,25.99,Credit Card
TXN-100487,2023-05-23,CUST-1624,Female,24,18-25,South,Beauty & Personal Care,Hydrating Hyaluronic Acid Cream,1,22.99,0.15,19.54,6.8,12.74,Cash on Delivery
TXN-100488,2023-05-24,CUST-1824,Male,32,26-35,North,Beauty & Personal Care,Argan Oil Hair Repair Mask,3,19.99,0.0,59.97,16.5,43.47,Credit Card
TXN-100489,2023-05-24,CUST-1164,Male,43,36-50,West,Electronics,Ultra-Slim Laptop Stand,1,39.99,0.15,33.99,18.0,15.99,Credit Card
TXN-100490,2023-05-24,CUST-1572,Female,32,26-35,South,Electronics,Wireless Noise-Canceling Headphones,1,149.99,0.0,149.99,85.0,64.99,Credit Card
TXN-100491,2023-05-24,CUST-1603,Male,35,26-35,West,Books,Data Science & Machine Learning Handbook,1,44.99,0.0,44.99,18.0,26.99,UPI / Digital Wallet
TXN-100492,2023-05-24,CUST-1797,Female,18,18-25,South,Clothing,Waterproof Hooded Windbreaker,1,89.99,0.05,85.49,42.0,43.49,Credit Card
TXN-100493,2023-05-24,CUST-1454,Male,24,18-25,West,Home & Kitchen,Stainless Steel Cookware Set (10-Pc),1,219.99,0.0,219.99,125.0,94.99,Debit Card
TXN-100494,2023-05-24,CUST-1152,Female,26,26-35,South,Clothing,Classic Wool Blend Sweater,1,69.99,0.15,59.49,31.0,28.49,Credit Card
TXN-100495,2023-05-24,CUST-1736,Female,38,36-50,South,Electronics,Bluetooth Portable Speaker,2,59.99,0.1,107.98,64.0,43.98,Credit Card
TXN-100496,2023-05-24,CUST-1126,Male,31,26-35,East,Home & Kitchen,Stainless Steel Cookware Set (10-Pc),3,219.99,0.2,527.98,375.0,152.98,Credit Card
TXN-100497,2023-05-24,CUST-1192,Female,50,36-50,North,Home & Kitchen,Compact Espresso Machine,1,179.99,0.15,152.99,98.0,54.99,UPI / Digital Wallet
TXN-100498,2023-05-24,CUST-1626,Male,36,36-50,West,Electronics,4K Ultra HD Streaming Stick,3,49.99,0.0,149.97,84.0,65.97,Debit Card
TXN-100499,2023-05-25,CUST-1773,Female,38,36-50,South,Clothing,Organic Cotton Crew T-Shirt,1,24.99,0.15,21.24,9.5,11.74,Credit Card
TXN-100500,2023-05-25,CUST-1529,Male,28,26-35,South,Beauty & Personal Care,Vitamin C Brightening Face Serum,1,28.99,0.1,26.09,8.5,17.59,Credit Card
TXN-100501,2023-05-25,CUST-1009,Female,37,36-50,West,Home & Kitchen,Compact Espresso Machine,1,179.99,0.1,161.99,98.0,63.99,UPI / Digital Wallet
TXN-100502,2023-05-25,CUST-1091,Female,34,26-35,West,Electronics,Ultra-Slim Laptop Stand,2,39.99,0.15,67.98,36.0,31.98,UPI / Digital Wallet
TXN-100503,2023-05-25,CUST-1138,Female,35,26-35,South,Home & Kitchen,Compact Espresso Machine,1,179.99,0.1,161.99,98.0,63.99,Credit Card
TXN-100504,2023-05-25,CUST-1480,Female,39,36-50,West,Home & Kitchen,Stainless Steel Cookware Set (10-Pc),2,219.99,0.05,417.98,250.0,167.98,Debit Card
TXN-100505,2023-05-26,CUST-1448,Female,26,26-35,North,Beauty & Personal Care,Argan Oil Hair Repair Mask,3,19.99,0.1,53.97,16.5,37.47,Credit Card
TXN-100506,2023-05-26,CUST-1332,Female,55,51+,North,Home & Kitchen,Non-Stick Ceramic Frying Pan,2,34.99,0.0,69.98,30.0,39.98,Credit Card
TXN-100507,2023-05-26,CUST-1339,Female,48,36-50,East,Electronics,Wireless Noise-Canceling Headphones,2,149.99,0.0,299.98,170.0,129.98,Credit Card
TXN-100508,2023-05-27,CUST-1051,Male,29,26-35,South,Home & Kitchen,Compact Espresso Machine,4,179.99,0.1,647.96,392.0,255.96,UPI / Digital Wallet
TXN-100509,2023-05-27,CUST-1706,Female,48,36-50,South,Home & Kitchen,Non-Stick Ceramic Frying Pan,1,34.99,0.0,34.99,15.0,19.99,Credit Card
TXN-100510,2023-05-27,CUST-1465,Male,25,18-25,South,Electronics,4K Ultra HD Streaming Stick,1,49.99,0.0,49.99,28.0,21.99,UPI / Digital Wallet
TXN-100511,2023-05-27,CUST-1717,Male,36,36-50,South,Clothing,Waterproof Hooded Windbreaker,2,89.99,0.0,179.98,84.0,95.98,UPI / Digital Wallet
TXN-100512,2023-05-27,CUST-1798,Male,26,26-35,West,Clothing,Denim Slim Fit Jeans,2,59.99,0.1,107.98,52.0,55.98,UPI / Digital Wallet
TXN-100513,2023-05-28,CUST-1474,Female,35,26-35,East,Home & Kitchen,Non-Stick Ceramic Frying Pan,1,34.99,0.05,33.24,15.0,18.24,Credit Card
TXN-100514,2023-05-29,CUST-1400,Male,47,36-50,West,Electronics,Smart Fitness Watch,1,199.99,0.15,169.99,110.0,59.99,Credit Card
TXN-100515,2023-05-31,CUST-1438,Female,18,18-25,East,Home & Kitchen,Stainless Steel Cookware Set (10-Pc),1,219.99,0.05,208.99,125.0,83.99,Cash on Delivery
TXN-100516,2023-05-31,CUST-1604,Male,36,36-50,North,Books,Deep Work & Focus in a Distracted World,1,22.5,0.05,21.38,7.2,14.18,UPI / Digital Wallet
TXN-100517,2023-05-31,CUST-1820,Male,23,18-25,North,Beauty & Personal Care,Rosewater Revitalizing Facial Mist,1,16.99,0.05,16.14,4.2,11.94,UPI / Digital Wallet
TXN-100518,2023-05-31,CUST-1656,Male,28,26-35,South,Books,Deep Work & Focus in a Distracted World,4,22.5,0.1,81.0,28.8,52.2,Credit Card
TXN-100519,2023-05-31,CUST-1597,Male,24,18-25,West,Books,Deep Work & Focus in a Distracted World,3,22.5,0.05,64.12,21.6,42.52,Credit Card
TXN-100520,2023-06-01,CUST-1508,Male,29,26-35,North,Electronics,Ultra-Slim Laptop Stand,1,39.99,0.25,29.99,18.0,11.99,UPI / Digital Wallet
TXN-100521,2023-06-01,CUST-1152,Female,26,26-35,North,Home & Kitchen,Compact Espresso Machine,2,179.99,0.25,269.98,196.0,73.98,Credit Card
TXN-100522,2023-06-01,CUST-1513,Female,28,26-35,West,Clothing,Denim Slim Fit Jeans,4,59.99,0.15,203.97,104.0,99.97,Debit Card
TXN-100523,2023-06-02,CUST-1502,Male,34,26-35,East,Beauty & Personal Care,Rosewater Revitalizing Facial Mist,1,16.99,0.2,13.59,4.2,9.39,Debit Card
TXN-100524,2023-06-02,CUST-1771,Female,43,36-50,North,Electronics,Smart Fitness Watch,1,199.99,0.05,189.99,110.0,79.99,Credit Card
TXN-100525,2023-06-02,CUST-1675,Female,42,36-50,North,Books,Atomic Habits for Daily Productivity,2,21.99,0.05,41.78,15.0,26.78,Credit Card
TXN-100526,2023-06-02,CUST-1005,Male,47,36-50,West,Home & Kitchen,Compact Espresso Machine,3,179.99,0.15,458.97,294.0,164.97,Credit Card
TXN-100527,2023-06-02,CUST-1499,Male,38,36-50,West,Beauty & Personal Care,Hydrating Hyaluronic Acid Cream,1,22.99,0.1,20.69,6.8,13.89,Credit Card
TXN-100528,2023-06-02,CUST-1660,Female,31,26-35,North,Electronics,Wireless Noise-Canceling Headphones,5,149.99,0.2,599.96,425.0,174.96,Debit Card
TXN-100529,2023-06-02,CUST-1716,Male,40,36-50,South,Electronics,4K Ultra HD Streaming Stick,1,49.99,0.1,44.99,28.0,16.99,Credit Card
TXN-100530,2023-06-02,CUST-1117,Female,32,26-35,West,Beauty & Personal Care,Hydrating Hyaluronic Acid Cream,1,22.99,0.35,14.94,6.8,8.14,Credit Card
TXN-100531,2023-06-02,CUST-1484,Male,25,18-25,East,Electronics,4K Ultra HD Streaming Stick,1,49.99,0.0,49.99,28.0,21.99,UPI / Digital Wallet
TXN-100532,2023-06-03,CUST-1600,Male,29,26-35,West,Beauty & Personal Care,Sonic Electric Toothbrush,1,64.99,0.15,55.24,29.0,26.24,Debit Card
TXN-100533,2023-06-03,CUST-1665,Male,44,36-50,South,Electronics,Wireless Noise-Canceling Headphones,3,149.99,0.1,404.97,255.0,149.97,Credit Card
TXN-100534,2023-06-03,CUST-1678,Female,37,36-50,West,Home & Kitchen,Compact Espresso Machine,4,179.99,0.1,647.96,392.0,255.96,UPI / Digital Wallet
TXN-100535,2023-06-03,CUST-1467,Female,27,26-35,South,Clothing,Organic Cotton Crew T-Shirt,1,24.99,0.0,24.99,9.5,15.49,Cash on Delivery
TXN-100536,2023-06-04,CUST-1160,Female,43,36-50,North,Home & Kitchen,Stainless Steel Cookware Set (10-Pc),4,219.99,0.15,747.97,500.0,247.97,Credit Card
TXN-100537,2023-06-04,CUST-1269,Female,24,18-25,East,Home & Kitchen,Non-Stick Ceramic Frying Pan,3,34.99,0.2,83.98,45.0,38.98,Debit Card
TXN-100538,2023-06-05,CUST-1055,Female,20,18-25,South,Clothing,Athletic Performance Joggers,1,44.99,0.0,44.99,19.0,25.99,Debit Card
TXN-100539,2023-06-05,CUST-1227,Female,48,36-50,West,Electronics,Wireless Noise-Canceling Headphones,2,149.99,0.1,269.98,170.0,99.98,Credit Card
TXN-100540,2023-06-05,CUST-1848,Female,18,18-25,North,Electronics,Ultra-Slim Laptop Stand,1,39.99,0.05,37.99,18.0,19.99,UPI / Digital Wallet
TXN-100541,2023-06-05,CUST-1148,Male,50,36-50,West,Home & Kitchen,Non-Stick Ceramic Frying Pan,2,34.99,0.35,45.49,30.0,15.49,Cash on Delivery
TXN-100542,2023-06-05,CUST-1045,Male,42,36-50,North,Home & Kitchen,Automatic Robotic Vacuum Cleaner,1,299.99,0.05,284.99,175.0,109.99,Cash on Delivery
TXN-100543,2023-06-06,CUST-1143,Male,18,18-25,East,Beauty & Personal Care,Sonic Electric Toothbrush,2,64.99,0.0,129.98,58.0,71.98,Credit Card
TXN-100544,2023-06-06,CUST-1749,Male,32,26-35,North,Clothing,Classic Wool Blend Sweater,1,69.99,0.05,66.49,31.0,35.49,Credit Card
TXN-100545,2023-06-06,CUST-1783,Male,24,18-25,East,Clothing,Classic Wool Blend Sweater,3,69.99,0.1,188.97,93.0,95.97,Cash on Delivery
TXN-100546,2023-06-06,CUST-1631,Male,28,26-35,East,Clothing,Organic Cotton Crew T-Shirt,3,24.99,0.0,74.97,28.5,46.47,Debit Card
TXN-100547,2023-06-06,CUST-1339,Female,48,36-50,South,Electronics,Wireless Noise-Canceling Headphones,1,149.99,0.1,134.99,85.0,49.99,Credit Card
TXN-100548,2023-06-06,CUST-1412,Male,47,36-50,North,Clothing,Waterproof Hooded Windbreaker,1,89.99,0.25,67.49,42.0,25.49,UPI / Digital Wallet
TXN-100549,2023-06-06,CUST-1731,Male,24,18-25,South,Books,Designing Data-Intensive Applications,1,54.99,0.2,43.99,22.0,21.99,Credit Card
TXN-100550,2023-06-07,CUST-1519,Female,18,18-25,West,Beauty & Personal Care,Vitamin C Brightening Face Serum,2,28.99,0.0,57.98,17.0,40.98,Credit Card
TXN-100551,2023-06-07,CUST-1343,Male,45,36-50,South,Clothing,Organic Cotton Crew T-Shirt,1,24.99,0.35,16.24,9.5,6.74,UPI / Digital Wallet
TXN-100552,2023-06-07,CUST-1386,Female,43,36-50,North,Home & Kitchen,Compact Espresso Machine,2,179.99,0.1,323.98,196.0,127.98,Credit Card
TXN-100553,2023-06-08,CUST-1472,Female,23,18-25,North,Beauty & Personal Care,Vitamin C Brightening Face Serum,1,28.99,0.0,28.99,8.5,20.49,Credit Card
TXN-100554,2023-06-08,CUST-1274,Female,38,36-50,West,Clothing,Athletic Performance Joggers,1,44.99,0.0,44.99,19.0,25.99,Credit Card
TXN-100555,2023-06-08,CUST-1352,Male,33,26-35,South,Electronics,Smart Fitness Watch,1,199.99,0.0,199.99,110.0,89.99,Debit Card
TXN-100556,2023-06-08,CUST-1065,Female,29,26-35,North,Electronics,Ultra-Slim Laptop Stand,1,39.99,0.15,33.99,18.0,15.99,Credit Card
TXN-100557,2023-06-08,CUST-1078,Female,18,18-25,East,Clothing,Classic Wool Blend Sweater,3,69.99,0.0,209.97,93.0,116.97,Debit Card
TXN-100558,2023-06-08,CUST-1597,Male,24,18-25,East,Books,Atomic Habits for Daily Productivity,5,21.99,0.0,109.95,37.5,72.45,Debit Card
TXN-100559,2023-06-09,CUST-1635,Male,36,36-50,North,Home & Kitchen,Compact Espresso Machine,1,179.99,0.15,152.99,98.0,54.99,UPI / Digital Wallet
TXN-100560,2023-06-09,CUST-1201,Male,42,36-50,West,Electronics,Smart Fitness Watch,2,199.99,0.1,359.98,220.0,139.98,Credit Card
TXN-100561,2023-06-09,CUST-1661,Female,41,36-50,East,Electronics,Bluetooth Portable Speaker,1,59.99,0.15,50.99,32.0,18.99,UPI / Digital Wallet
TXN-100562,2023-06-09,CUST-1557,Male,26,26-35,South,Beauty & Personal Care,Rosewater Revitalizing Facial Mist,2,16.99,0.15,28.88,8.4,20.48,Credit Card
TXN-100563,2023-06-10,CUST-1112,Male,35,26-35,South,Beauty & Personal Care,Rosewater Revitalizing Facial Mist,1,16.99,0.0,16.99,4.2,12.79,UPI / Digital Wallet
TXN-100564,2023-06-10,CUST-1090,Female,44,36-50,West,Home & Kitchen,Automatic Robotic Vacuum Cleaner,2,299.99,0.2,479.98,350.0,129.98,Debit Card
TXN-100565,2023-06-10,CUST-1140,Female,47,36-50,North,Home & Kitchen,Automatic Robotic Vacuum Cleaner,4,299.99,0.0,1199.96,700.0,499.96,Credit Card
TXN-100566,2023-06-10,CUST-1288,Male,21,18-25,North,Electronics,Ultra-Slim Laptop Stand,1,39.99,0.1,35.99,18.0,17.99,UPI / Digital Wallet
TXN-100567,2023-06-10,CUST-1729,Male,21,18-25,North,Beauty & Personal Care,Vitamin C Brightening Face Serum,3,28.99,0.1,78.27,25.5,52.77,Credit Card
TXN-100568,2023-06-10,CUST-1588,Male,34,26-35,East,Beauty & Personal Care,Argan Oil Hair Repair Mask,1,19.99,0.0,19.99,5.5,14.49,Credit Card
TXN-100569,2023-06-10,CUST-1410,Male,18,18-25,East,Electronics,Smart Fitness Watch,1,199.99,0.25,149.99,110.0,39.99,Credit Card
TXN-100570,2023-06-10,CUST-1376,Female,33,26-35,East,Home & Kitchen,Automatic Robotic Vacuum Cleaner,1,299.99,0.05,284.99,175.0,109.99,UPI / Digital Wallet
TXN-100571,2023-06-11,CUST-1383,Male,45,36-50,North,Electronics,Smart Fitness Watch,1,199.99,0.0,199.99,110.0,89.99,Credit Card
TXN-100572,2023-06-11,CUST-1845,Male,43,36-50,East,Electronics,Bluetooth Portable Speaker,1,59.99,0.25,44.99,32.0,12.99,Credit Card
TXN-100573,2023-06-11,CUST-1151,Male,18,18-25,East,Electronics,Wireless Noise-Canceling Headphones,1,149.99,0.1,134.99,85.0,49.99,Credit Card
TXN-100574,2023-06-11,CUST-1834,Male,18,18-25,South,Electronics,Wireless Noise-Canceling Headphones,1,149.99,0.1,134.99,85.0,49.99,Debit Card
TXN-100575,2023-06-12,CUST-1750,Male,24,18-25,West,Clothing,Athletic Performance Joggers,1,44.99,0.05,42.74,19.0,23.74,Debit Card
TXN-100576,2023-06-12,CUST-1626,Male,36,36-50,South,Clothing,Waterproof Hooded Windbreaker,2,89.99,0.15,152.98,84.0,68.98,Credit Card
TXN-100577,2023-06-12,CUST-1318,Female,47,36-50,East,Clothing,Denim Slim Fit Jeans,4,59.99,0.0,239.96,104.0,135.96,Credit Card
TXN-100578,2023-06-12,CUST-1368,Female,23,18-25,North,Clothing,Waterproof Hooded Windbreaker,1,89.99,0.0,89.99,42.0,47.99,Debit Card
TXN-100579,2023-06-13,CUST-1605,Male,24,18-25,South,Electronics,Wireless Noise-Canceling Headphones,1,149.99,0.05,142.49,85.0,57.49,UPI / Digital Wallet
TXN-100580,2023-06-14,CUST-1559,Female,41,36-50,West,Electronics,Smart Fitness Watch,1,199.99,0.0,199.99,110.0,89.99,UPI / Digital Wallet
TXN-100581,2023-06-14,CUST-1702,Female,41,36-50,West,Home & Kitchen,Non-Stick Ceramic Frying Pan,3,34.99,0.1,94.47,45.0,49.47,UPI / Digital Wallet
TXN-100582,2023-06-15,CUST-1461,Male,37,36-50,North,Clothing,Organic Cotton Crew T-Shirt,2,24.99,0.05,47.48,19.0,28.48,Credit Card
TXN-100583,2023-06-15,CUST-1011,Male,47,36-50,South,Clothing,Denim Slim Fit Jeans,1,59.99,0.0,59.99,26.0,33.99,Cash on Delivery
TXN-100584,2023-06-15,CUST-1155,Male,33,26-35,North,Beauty & Personal Care,Hydrating Hyaluronic Acid Cream,1,22.99,0.0,22.99,6.8,16.19,Credit Card
TXN-100585,2023-06-16,CUST-1683,Female,37,36-50,West,Beauty & Personal Care,Vitamin C Brightening Face Serum,1,28.99,0.1,26.09,8.5,17.59,Cash on Delivery
TXN-100586,2023-06-16,CUST-1476,Female,23,18-25,South,Beauty & Personal Care,Hydrating Hyaluronic Acid Cream,1,22.99,0.15,19.54,6.8,12.74,Credit Card
TXN-100587,2023-06-16,CUST-1400,Male,47,36-50,South,Clothing,Organic Cotton Crew T-Shirt,4,24.99,0.05,94.96,38.0,56.96,Debit Card
TXN-100588,2023-06-16,CUST-1807,Male,28,26-35,North,Electronics,Ultra-Slim Laptop Stand,3,39.99,0.1,107.97,54.0,53.97,Credit Card
TXN-100589,2023-06-16,CUST-1176,Female,25,18-25,West,Home & Kitchen,Automatic Robotic Vacuum Cleaner,1,299.99,0.0,299.99,175.0,124.99,Credit Card
TXN-100590,2023-06-17,CUST-1340,Male,18,18-25,South,Electronics,Smart Fitness Watch,2,199.99,0.1,359.98,220.0,139.98,UPI / Digital Wallet
TXN-100591,2023-06-17,CUST-1056,Female,47,36-50,North,Clothing,Denim Slim Fit Jeans,1,59.99,0.0,59.99,26.0,33.99,UPI / Digital Wallet
TXN-100592,2023-06-17,CUST-1447,Female,19,18-25,South,Electronics,Wireless Noise-Canceling Headphones,1,149.99,0.05,142.49,85.0,57.49,Cash on Delivery
TXN-100593,2023-06-17,CUST-1202,Female,24,18-25,North,Beauty & Personal Care,Hydrating Hyaluronic Acid Cream,3,22.99,0.1,62.07,20.4,41.67,Debit Card
TXN-100594,2023-06-17,CUST-1696,Male,34,26-35,East,Electronics,4K Ultra HD Streaming Stick,2,49.99,0.2,79.98,56.0,23.98,Debit Card
TXN-100595,2023-06-19,CUST-1632,Female,29,26-35,West,Books,Deep Work & Focus in a Distracted World,1,22.5,0.05,21.38,7.2,14.18,Credit Card
TXN-100596,2023-06-19,CUST-1737,Female,29,26-35,West,Beauty & Personal Care,Hydrating Hyaluronic Acid Cream,1,22.99,0.15,19.54,6.8,12.74,Cash on Delivery
TXN-100597,2023-06-20,CUST-1201,Male,42,36-50,South,Clothing,Denim Slim Fit Jeans,3,59.99,0.1,161.97,78.0,83.97,Debit Card
TXN-100598,2023-06-20,CUST-1329,Male,21,18-25,West,Beauty & Personal Care,Sonic Electric Toothbrush,2,64.99,0.2,103.98,58.0,45.98,UPI / Digital Wallet
TXN-100599,2023-06-21,CUST-1362,Male,41,36-50,South,Home & Kitchen,Compact Espresso Machine,1,179.99,0.05,170.99,98.0,72.99,Credit Card
TXN-100600,2023-06-21,CUST-1453,Male,68,51+,North,Beauty & Personal Care,Rosewater Revitalizing Facial Mist,1,16.99,0.0,16.99,4.2,12.79,Debit Card
TXN-100601,2023-06-21,CUST-1355,Female,42,36-50,West,Clothing,Classic Wool Blend Sweater,1,69.99,0.2,55.99,31.0,24.99,Cash on Delivery
TXN-100602,2023-06-21,CUST-1215,Female,26,26-35,South,Beauty & Personal Care,Sonic Electric Toothbrush,4,64.99,0.0,259.96,116.0,143.96,Credit Card
TXN-100603,2023-06-22,CUST-1554,Male,48,36-50,South,Clothing,Organic Cotton Crew T-Shirt,2,24.99,0.0,49.98,19.0,30.98,Credit Card
TXN-100604,2023-06-22,CUST-1022,Male,39,36-50,West,Books,Data Science & Machine Learning Handbook,1,44.99,0.0,44.99,18.0,26.99,Credit Card
TXN-100605,2023-06-22,CUST-1154,Female,57,51+,North,Clothing,Classic Wool Blend Sweater,2,69.99,0.15,118.98,62.0,56.98,UPI / Digital Wallet
TXN-100606,2023-06-22,CUST-1185,Female,24,18-25,East,Clothing,Organic Cotton Crew T-Shirt,3,24.99,0.0,74.97,28.5,46.47,Credit Card
TXN-100607,2023-06-22,CUST-1248,Female,22,18-25,West,Beauty & Personal Care,Rosewater Revitalizing Facial Mist,1,16.99,0.2,13.59,4.2,9.39,Credit Card
TXN-100608,2023-06-22,CUST-1748,Female,20,18-25,South,Beauty & Personal Care,Hydrating Hyaluronic Acid Cream,1,22.99,0.05,21.84,6.8,15.04,Credit Card
TXN-100609,2023-06-22,CUST-1804,Female,24,18-25,North,Home & Kitchen,Automatic Robotic Vacuum Cleaner,2,299.99,0.0,599.98,350.0,249.98,Debit Card
TXN-100610,2023-06-23,CUST-1133,Female,25,18-25,South,Electronics,Bluetooth Portable Speaker,2,59.99,0.05,113.98,64.0,49.98,Credit Card
TXN-100611,2023-06-24,CUST-1320,Female,32,26-35,North,Clothing,Denim Slim Fit Jeans,2,59.99,0.0,119.98,52.0,67.98,Credit Card
TXN-100612,2023-06-24,CUST-1389,Male,21,18-25,South,Books,Data Science & Machine Learning Handbook,3,44.99,0.1,121.47,54.0,67.47,Cash on Delivery
TXN-100613,2023-06-25,CUST-1433,Male,32,26-35,East,Beauty & Personal Care,Vitamin C Brightening Face Serum,1,28.99,0.1,26.09,8.5,17.59,Cash on Delivery
TXN-100614,2023-06-25,CUST-1021,Male,29,26-35,South,Beauty & Personal Care,Sonic Electric Toothbrush,1,64.99,0.05,61.74,29.0,32.74,Credit Card
TXN-100615,2023-06-25,CUST-1599,Male,18,18-25,South,Electronics,4K Ultra HD Streaming Stick,4,49.99,0.0,199.96,112.0,87.96,UPI / Digital Wallet
TXN-100616,2023-06-26,CUST-1664,Female,51,51+,South,Clothing,Waterproof Hooded Windbreaker,1,89.99,0.1,80.99,42.0,38.99,Debit Card
TXN-100617,2023-06-26,CUST-1124,Female,34,26-35,East,Home & Kitchen,Automatic Robotic Vacuum Cleaner,2,299.99,0.15,509.98,350.0,159.98,Credit Card
TXN-100618,2023-06-27,CUST-1078,Female,18,18-25,West,Beauty & Personal Care,Sonic Electric Toothbrush,2,64.99,0.1,116.98,58.0,58.98,Credit Card
TXN-100619,2023-06-28,CUST-1050,Male,18,18-25,South,Electronics,Wireless Noise-Canceling Headphones,2,149.99,0.15,254.98,170.0,84.98,Debit Card
TXN-100620,2023-06-28,CUST-1727,Female,33,26-35,West,Beauty & Personal Care,Rosewater Revitalizing Facial Mist,1,16.99,0.0,16.99,4.2,12.79,Credit Card
TXN-100621,2023-06-29,CUST-1175,Male,32,26-35,South,Home & Kitchen,Aroma Oil Diffuser & Humidifier,3,29.99,0.2,71.98,36.0,35.98,Credit Card
TXN-100622,2023-06-29,CUST-1252,Female,49,36-50,South,Electronics,Bluetooth Portable Speaker,3,59.99,0.0,179.97,96.0,83.97,UPI / Digital Wallet
TXN-100623,2023-06-29,CUST-1245,Male,30,26-35,North,Clothing,Classic Wool Blend Sweater,2,69.99,0.0,139.98,62.0,77.98,Debit Card
TXN-100624,2023-06-30,CUST-1738,Male,35,26-35,South,Clothing,Organic Cotton Crew T-Shirt,1,24.99,0.15,21.24,9.5,11.74,UPI / Digital Wallet
TXN-100625,2023-07-01,CUST-1105,Female,47,36-50,East,Home & Kitchen,Compact Espresso Machine,1,179.99,0.25,134.99,98.0,36.99,Credit Card
TXN-100626,2023-07-01,CUST-1192,Female,50,36-50,North,Electronics,4K Ultra HD Streaming Stick,1,49.99,0.1,44.99,28.0,16.99,Debit Card
TXN-100627,2023-07-01,CUST-1315,Male,33,26-35,West,Electronics,Bluetooth Portable Speaker,1,59.99,0.0,59.99,32.0,27.99,Credit Card
TXN-100628,2023-07-01,CUST-1301,Male,45,36-50,South,Beauty & Personal Care,Argan Oil Hair Repair Mask,1,19.99,0.0,19.99,5.5,14.49,Debit Card
TXN-100629,2023-07-02,CUST-1547,Female,22,18-25,West,Electronics,Ultra-Slim Laptop Stand,4,39.99,0.05,151.96,72.0,79.96,UPI / Digital Wallet
TXN-100630,2023-07-02,CUST-1715,Female,64,51+,North,Electronics,Wireless Noise-Canceling Headphones,3,149.99,0.2,359.98,255.0,104.98,UPI / Digital Wallet
TXN-100631,2023-07-02,CUST-1778,Male,18,18-25,South,Clothing,Athletic Performance Joggers,2,44.99,0.0,89.98,38.0,51.98,Credit Card
TXN-100632,2023-07-02,CUST-1267,Male,65,51+,North,Clothing,Organic Cotton Crew T-Shirt,2,24.99,0.15,42.48,19.0,23.48,UPI / Digital Wallet
TXN-100633,2023-07-02,CUST-1169,Female,44,36-50,North,Beauty & Personal Care,Hydrating Hyaluronic Acid Cream,1,22.99,0.0,22.99,6.8,16.19,Cash on Delivery
TXN-100634,2023-07-02,CUST-1550,Male,21,18-25,West,Clothing,Denim Slim Fit Jeans,5,59.99,0.15,254.96,130.0,124.96,Debit Card
TXN-100635,2023-07-02,CUST-1454,Male,24,18-25,North,Beauty & Personal Care,Hydrating Hyaluronic Acid Cream,1,22.99,0.2,18.39,6.8,11.59,Credit Card
TXN-100636,2023-07-03,CUST-1650,Female,39,36-50,South,Home & Kitchen,Automatic Robotic Vacuum Cleaner,1,299.99,0.05,284.99,175.0,109.99,UPI / Digital Wallet
TXN-100637,2023-07-05,CUST-1291,Female,18,18-25,North,Electronics,4K Ultra HD Streaming Stick,1,49.99,0.05,47.49,28.0,19.49,Credit Card
TXN-100638,2023-07-05,CUST-1563,Female,38,36-50,South,Electronics,Wireless Noise-Canceling Headphones,3,149.99,0.15,382.47,255.0,127.47,UPI / Digital Wallet
TXN-100639,2023-07-05,CUST-1798,Male,26,26-35,West,Clothing,Organic Cotton Crew T-Shirt,3,24.99,0.05,71.22,28.5,42.72,Debit Card
TXN-100640,2023-07-06,CUST-1800,Male,18,18-25,East,Clothing,Denim Slim Fit Jeans,1,59.99,0.1,53.99,26.0,27.99,Credit Card
TXN-100641,2023-07-09,CUST-1140,Female,47,36-50,East,Beauty & Personal Care,Rosewater Revitalizing Facial Mist,3,16.99,0.1,45.87,12.6,33.27,Credit Card
TXN-100642,2023-07-09,CUST-1145,Female,34,26-35,South,Home & Kitchen,Aroma Oil Diffuser & Humidifier,1,29.99,0.0,29.99,12.0,17.99,Credit Card
TXN-100643,2023-07-09,CUST-1424,Female,43,36-50,West,Clothing,Waterproof Hooded Windbreaker,1,89.99,0.15,76.49,42.0,34.49,Cash on Delivery
TXN-100644,2023-07-10,CUST-1313,Female,33,26-35,East,Electronics,4K Ultra HD Streaming Stick,3,49.99,0.0,149.97,84.0,65.97,Credit Card
TXN-100645,2023-07-10,CUST-1183,Male,36,36-50,South,Electronics,4K Ultra HD Streaming Stick,3,49.99,0.25,112.48,84.0,28.48,Debit Card
TXN-100646,2023-07-11,CUST-1663,Male,38,36-50,South,Home & Kitchen,Stainless Steel Cookware Set (10-Pc),2,219.99,0.0,439.98,250.0,189.98,Cash on Delivery
TXN-100647,2023-07-11,CUST-1712,Male,37,36-50,West,Clothing,Athletic Performance Joggers,2,44.99,0.15,76.48,38.0,38.48,Credit Card
TXN-100648,2023-07-11,CUST-1127,Female,20,18-25,South,Clothing,Athletic Performance Joggers,3,44.99,0.0,134.97,57.0,77.97,Debit Card
TXN-100649,2023-07-11,CUST-1286,Male,18,18-25,East,Electronics,Wireless Noise-Canceling Headphones,3,149.99,0.0,449.97,255.0,194.97,Debit Card
TXN-100650,2023-07-12,CUST-1822,Female,37,36-50,South,Home & Kitchen,Aroma Oil Diffuser & Humidifier,4,29.99,0.0,119.96,48.0,71.96,Debit Card
TXN-100651,2023-07-13,CUST-1252,Female,49,36-50,North,Beauty & Personal Care,Vitamin C Brightening Face Serum,2,28.99,0.15,49.28,17.0,32.28,Credit Card
TXN-100652,2023-07-13,CUST-1777,Female,47,36-50,East,Electronics,Bluetooth Portable Speaker,5,59.99,0.1,269.96,160.0,109.96,Credit Card
TXN-100653,2023-07-13,CUST-1699,Male,49,36-50,East,Clothing,Classic Wool Blend Sweater,5,69.99,0.2,279.96,155.0,124.96,Debit Card
TXN-100654,2023-07-13,CUST-1385,Female,45,36-50,South,Books,Data Science & Machine Learning Handbook,1,44.99,0.0,44.99,18.0,26.99,Cash on Delivery
TXN-100655,2023-07-13,CUST-1229,Male,35,26-35,East,Clothing,Organic Cotton Crew T-Shirt,3,24.99,0.1,67.47,28.5,38.97,Credit Card
TXN-100656,2023-07-14,CUST-1270,Female,57,51+,North,Home & Kitchen,Aroma Oil Diffuser & Humidifier,1,29.99,0.15,25.49,12.0,13.49,Credit Card
TXN-100657,2023-07-15,CUST-1770,Male,23,18-25,East,Electronics,Wireless Noise-Canceling Headphones,1,149.99,0.0,149.99,85.0,64.99,Credit Card
TXN-100658,2023-07-15,CUST-1810,Female,36,36-50,West,Home & Kitchen,Compact Espresso Machine,2,179.99,0.05,341.98,196.0,145.98,UPI / Digital Wallet
TXN-100659,2023-07-15,CUST-1414,Male,49,36-50,West,Electronics,Smart Fitness Watch,1,199.99,0.05,189.99,110.0,79.99,Credit Card
TXN-100660,2023-07-15,CUST-1197,Female,40,36-50,South,Books,The Psychology of Money & Wealth,2,23.99,0.05,45.58,16.0,29.58,UPI / Digital Wallet
TXN-100661,2023-07-15,CUST-1322,Female,50,36-50,South,Home & Kitchen,Stainless Steel Cookware Set (10-Pc),3,219.99,0.0,659.97,375.0,284.97,Credit Card
TXN-100662,2023-07-15,CUST-1055,Female,20,18-25,West,Beauty & Personal Care,Rosewater Revitalizing Facial Mist,1,16.99,0.1,15.29,4.2,11.09,Cash on Delivery
TXN-100663,2023-07-17,CUST-1830,Female,30,26-35,East,Home & Kitchen,Aroma Oil Diffuser & Humidifier,1,29.99,0.0,29.99,12.0,17.99,Debit Card
TXN-100664,2023-07-17,CUST-1202,Female,24,18-25,South,Home & Kitchen,Automatic Robotic Vacuum Cleaner,4,299.99,0.1,1079.96,700.0,379.96,UPI / Digital Wallet
TXN-100665,2023-07-17,CUST-1782,Female,42,36-50,West,Clothing,Waterproof Hooded Windbreaker,1,89.99,0.25,67.49,42.0,25.49,Credit Card
TXN-100666,2023-07-17,CUST-1620,Male,51,51+,South,Beauty & Personal Care,Rosewater Revitalizing Facial Mist,1,16.99,0.1,15.29,4.2,11.09,UPI / Digital Wallet
TXN-100667,2023-07-18,CUST-1627,Male,22,18-25,South,Books,Deep Work & Focus in a Distracted World,1,22.5,0.1,20.25,7.2,13.05,Credit Card
TXN-100668,2023-07-20,CUST-1603,Male,35,26-35,North,Clothing,Athletic Performance Joggers,2,44.99,0.0,89.98,38.0,51.98,Credit Card
TXN-100669,2023-07-20,CUST-1137,Male,36,36-50,North,Books,Deep Work & Focus in a Distracted World,2,22.5,0.2,36.0,14.4,21.6,Credit Card
TXN-100670,2023-07-20,CUST-1421,Male,35,26-35,North,Home & Kitchen,Compact Espresso Machine,3,179.99,0.0,539.97,294.0,245.97,UPI / Digital Wallet
TXN-100671,2023-07-20,CUST-1814,Male,35,26-35,West,Home & Kitchen,Compact Espresso Machine,1,179.99,0.1,161.99,98.0,63.99,UPI / Digital Wallet
TXN-100672,2023-07-20,CUST-1056,Female,47,36-50,South,Clothing,Athletic Performance Joggers,3,44.99,0.25,101.23,57.0,44.23,Debit Card
TXN-100673,2023-07-20,CUST-1561,Female,43,36-50,South,Electronics,Bluetooth Portable Speaker,2,59.99,0.1,107.98,64.0,43.98,Debit Card
TXN-100674,2023-07-21,CUST-1070,Female,53,51+,West,Electronics,Wireless Noise-Canceling Headphones,1,149.99,0.1,134.99,85.0,49.99,Credit Card
TXN-100675,2023-07-21,CUST-1593,Female,34,26-35,East,Electronics,Bluetooth Portable Speaker,2,59.99,0.05,113.98,64.0,49.98,UPI / Digital Wallet
TXN-100676,2023-07-21,CUST-1371,Male,42,36-50,East,Clothing,Waterproof Hooded Windbreaker,2,89.99,0.0,179.98,84.0,95.98,UPI / Digital Wallet
TXN-100677,2023-07-21,CUST-1616,Female,23,18-25,North,Clothing,Organic Cotton Crew T-Shirt,2,24.99,0.15,42.48,19.0,23.48,UPI / Digital Wallet
TXN-100678,2023-07-21,CUST-1599,Male,18,18-25,West,Clothing,Denim Slim Fit Jeans,1,59.99,0.0,59.99,26.0,33.99,Debit Card
TXN-100679,2023-07-22,CUST-1513,Female,28,26-35,North,Books,Atomic Habits for Daily Productivity,1,21.99,0.1,19.79,7.5,12.29,Cash on Delivery
TXN-100680,2023-07-23,CUST-1083,Female,49,36-50,North,Clothing,Organic Cotton Crew T-Shirt,1,24.99,0.0,24.99,9.5,15.49,UPI / Digital Wallet
TXN-100681,2023-07-23,CUST-1042,Female,34,26-35,North,Clothing,Classic Wool Blend Sweater,1,69.99,0.2,55.99,31.0,24.99,UPI / Digital Wallet
TXN-100682,2023-07-23,CUST-1665,Male,44,36-50,North,Electronics,Bluetooth Portable Speaker,2,59.99,0.0,119.98,64.0,55.98,Credit Card
TXN-100683,2023-07-24,CUST-1838,Male,39,36-50,North,Electronics,4K Ultra HD Streaming Stick,1,49.99,0.05,47.49,28.0,19.49,Debit Card
TXN-100684,2023-07-25,CUST-1605,Male,24,18-25,East,Beauty & Personal Care,Hydrating Hyaluronic Acid Cream,3,22.99,0.1,62.07,20.4,41.67,Debit Card
TXN-100685,2023-07-26,CUST-1809,Male,31,26-35,North,Home & Kitchen,Aroma Oil Diffuser & Humidifier,1,29.99,0.05,28.49,12.0,16.49,Credit Card
TXN-100686,2023-07-26,CUST-1132,Male,39,36-50,East,Beauty & Personal Care,Vitamin C Brightening Face Serum,1,28.99,0.0,28.99,8.5,20.49,Credit Card
TXN-100687,2023-07-26,CUST-1394,Male,34,26-35,North,Electronics,4K Ultra HD Streaming Stick,2,49.99,0.05,94.98,56.0,38.98,Credit Card
TXN-100688,2023-07-26,CUST-1064,Male,31,26-35,North,Home & Kitchen,Aroma Oil Diffuser & Humidifier,1,29.99,0.0,29.99,12.0,17.99,Debit Card
TXN-100689,2023-07-27,CUST-1289,Female,34,26-35,South,Electronics,Bluetooth Portable Speaker,3,59.99,0.05,170.97,96.0,74.97,Debit Card
TXN-100690,2023-07-27,CUST-1375,Male,26,26-35,West,Electronics,Wireless Noise-Canceling Headphones,1,149.99,0.05,142.49,85.0,57.49,Credit Card
TXN-100691,2023-07-28,CUST-1768,Male,38,36-50,West,Electronics,4K Ultra HD Streaming Stick,1,49.99,0.1,44.99,28.0,16.99,UPI / Digital Wallet
TXN-100692,2023-07-28,CUST-1466,Male,27,26-35,West,Electronics,Smart Fitness Watch,3,199.99,0.0,599.97,330.0,269.97,Debit Card
TXN-100693,2023-07-28,CUST-1212,Male,30,26-35,East,Clothing,Organic Cotton Crew T-Shirt,2,24.99,0.35,32.49,19.0,13.49,Credit Card
TXN-100694,2023-07-28,CUST-1147,Female,46,36-50,East,Electronics,Smart Fitness Watch,1,199.99,0.05,189.99,110.0,79.99,Credit Card
TXN-100695,2023-07-28,CUST-1572,Female,32,26-35,East,Books,Deep Work & Focus in a Distracted World,1,22.5,0.0,22.5,7.2,15.3,UPI / Digital Wallet
TXN-100696,2023-07-29,CUST-1470,Female,33,26-35,East,Clothing,Athletic Performance Joggers,2,44.99,0.05,85.48,38.0,47.48,UPI / Digital Wallet
TXN-100697,2023-07-29,CUST-1148,Male,50,36-50,North,Electronics,Wireless Noise-Canceling Headphones,5,149.99,0.2,599.96,425.0,174.96,Credit Card
TXN-100698,2023-08-01,CUST-1087,Male,29,26-35,South,Electronics,Smart Fitness Watch,4,199.99,0.0,799.96,440.0,359.96,Cash on Delivery
TXN-100699,2023-08-01,CUST-1323,Male,31,26-35,South,Home & Kitchen,Aroma Oil Diffuser & Humidifier,1,29.99,0.1,26.99,12.0,14.99,Credit Card
TXN-100700,2023-08-01,CUST-1395,Female,33,26-35,South,Electronics,Bluetooth Portable Speaker,5,59.99,0.05,284.95,160.0,124.95,Cash on Delivery
TXN-100701,2023-08-02,CUST-1789,Male,26,26-35,South,Beauty & Personal Care,Hydrating Hyaluronic Acid Cream,1,22.99,0.0,22.99,6.8,16.19,Credit Card
TXN-100702,2023-08-03,CUST-1403,Female,43,36-50,North,Books,Atomic Habits for Daily Productivity,1,21.99,0.15,18.69,7.5,11.19,Credit Card
TXN-100703,2023-08-03,CUST-1081,Female,53,51+,South,Electronics,Ultra-Slim Laptop Stand,3,39.99,0.05,113.97,54.0,59.97,Debit Card
TXN-100704,2023-08-04,CUST-1640,Male,27,26-35,North,Clothing,Waterproof Hooded Windbreaker,1,89.99,0.0,89.99,42.0,47.99,Credit Card
TXN-100705,2023-08-04,CUST-1285,Male,28,26-35,West,Electronics,Ultra-Slim Laptop Stand,1,39.99,0.15,33.99,18.0,15.99,Debit Card
TXN-100706,2023-08-04,CUST-1381,Female,51,51+,North,Home & Kitchen,Non-Stick Ceramic Frying Pan,1,34.99,0.1,31.49,15.0,16.49,UPI / Digital Wallet
TXN-100707,2023-08-04,CUST-1791,Male,35,26-35,North,Clothing,Denim Slim Fit Jeans,1,59.99,0.2,47.99,26.0,21.99,UPI / Digital Wallet
TXN-100708,2023-08-04,CUST-1269,Female,24,18-25,West,Electronics,Ultra-Slim Laptop Stand,2,39.99,0.1,71.98,36.0,35.98,Credit Card
TXN-100709,2023-08-04,CUST-1291,Female,18,18-25,South,Electronics,4K Ultra HD Streaming Stick,2,49.99,0.15,84.98,56.0,28.98,Debit Card
TXN-100710,2023-08-04,CUST-1452,Male,42,36-50,North,Home & Kitchen,Non-Stick Ceramic Frying Pan,1,34.99,0.15,29.74,15.0,14.74,Credit Card
TXN-100711,2023-08-04,CUST-1714,Female,43,36-50,South,Clothing,Denim Slim Fit Jeans,2,59.99,0.0,119.98,52.0,67.98,Credit Card
TXN-100712,2023-08-04,CUST-1023,Female,37,36-50,North,Electronics,Wireless Noise-Canceling Headphones,4,149.99,0.15,509.97,340.0,169.97,UPI / Digital Wallet
TXN-100713,2023-08-04,CUST-1310,Male,60,51+,North,Home & Kitchen,Non-Stick Ceramic Frying Pan,3,34.99,0.1,94.47,45.0,49.47,Credit Card
TXN-100714,2023-08-04,CUST-1460,Male,25,18-25,North,Home & Kitchen,Non-Stick Ceramic Frying Pan,1,34.99,0.0,34.99,15.0,19.99,UPI / Digital Wallet
TXN-100715,2023-08-05,CUST-1207,Male,40,36-50,South,Beauty & Personal Care,Rosewater Revitalizing Facial Mist,5,16.99,0.05,80.7,21.0,59.7,Debit Card
TXN-100716,2023-08-05,CUST-1791,Male,35,26-35,West,Electronics,Bluetooth Portable Speaker,2,59.99,0.0,119.98,64.0,55.98,Credit Card
TXN-100717,2023-08-05,CUST-1716,Male,40,36-50,East,Beauty & Personal Care,Sonic Electric Toothbrush,1,64.99,0.15,55.24,29.0,26.24,Debit Card
TXN-100718,2023-08-06,CUST-1663,Male,38,36-50,East,Home & Kitchen,Aroma Oil Diffuser & Humidifier,1,29.99,0.05,28.49,12.0,16.49,Credit Card
TXN-100719,2023-08-06,CUST-1437,Male,51,51+,North,Electronics,4K Ultra HD Streaming Stick,1,49.99,0.25,37.49,28.0,9.49,Debit Card
TXN-100720,2023-08-06,CUST-1537,Female,18,18-25,South,Home & Kitchen,Automatic Robotic Vacuum Cleaner,2,299.99,0.0,599.98,350.0,249.98,UPI / Digital Wallet
TXN-100721,2023-08-06,CUST-1705,Female,40,36-50,West,Clothing,Denim Slim Fit Jeans,1,59.99,0.1,53.99,26.0,27.99,Debit Card
TXN-100722,2023-08-06,CUST-1335,Female,19,18-25,North,Books,Atomic Habits for Daily Productivity,2,21.99,0.0,43.98,15.0,28.98,Credit Card
TXN-100723,2023-08-06,CUST-1421,Male,35,26-35,West,Electronics,Ultra-Slim Laptop Stand,1,39.99,0.1,35.99,18.0,17.99,UPI / Digital Wallet
TXN-100724,2023-08-08,CUST-1749,Male,32,26-35,South,Home & Kitchen,Compact Espresso Machine,4,179.99,0.1,647.96,392.0,255.96,Credit Card
TXN-100725,2023-08-08,CUST-1320,Female,32,26-35,West,Clothing,Waterproof Hooded Windbreaker,1,89.99,0.1,80.99,42.0,38.99,UPI / Digital Wallet
TXN-100726,2023-08-08,CUST-1496,Female,31,26-35,South,Books,Deep Work & Focus in a Distracted World,4,22.5,0.15,76.5,28.8,47.7,Debit Card
TXN-100727,2023-08-08,CUST-1586,Female,38,36-50,South,Clothing,Classic Wool Blend Sweater,4,69.99,0.2,223.97,124.0,99.97,Debit Card
TXN-100728,2023-08-09,CUST-1162,Female,44,36-50,East,Books,Atomic Habits for Daily Productivity,1,21.99,0.0,21.99,7.5,14.49,UPI / Digital Wallet
TXN-100729,2023-08-10,CUST-1810,Female,36,36-50,East,Books,Data Science & Machine Learning Handbook,1,44.99,0.0,44.99,18.0,26.99,UPI / Digital Wallet
TXN-100730,2023-08-10,CUST-1540,Female,32,26-35,North,Electronics,Smart Fitness Watch,1,199.99,0.1,179.99,110.0,69.99,Credit Card
TXN-100731,2023-08-11,CUST-1164,Male,43,36-50,West,Beauty & Personal Care,Vitamin C Brightening Face Serum,4,28.99,0.05,110.16,34.0,76.16,Credit Card
TXN-100732,2023-08-11,CUST-1848,Female,18,18-25,North,Books,Deep Work & Focus in a Distracted World,2,22.5,0.0,45.0,14.4,30.6,UPI / Digital Wallet
TXN-100733,2023-08-11,CUST-1697,Male,23,18-25,North,Electronics,Wireless Noise-Canceling Headphones,1,149.99,0.1,134.99,85.0,49.99,Credit Card
TXN-100734,2023-08-11,CUST-1565,Female,23,18-25,East,Clothing,Waterproof Hooded Windbreaker,1,89.99,0.05,85.49,42.0,43.49,Debit Card
TXN-100735,2023-08-11,CUST-1294,Female,24,18-25,East,Home & Kitchen,Aroma Oil Diffuser & Humidifier,1,29.99,0.05,28.49,12.0,16.49,UPI / Digital Wallet
TXN-100736,2023-08-11,CUST-1041,Female,35,26-35,West,Clothing,Organic Cotton Crew T-Shirt,4,24.99,0.15,84.97,38.0,46.97,Debit Card
TXN-100737,2023-08-11,CUST-1284,Female,35,26-35,South,Electronics,4K Ultra HD Streaming Stick,2,49.99,0.05,94.98,56.0,38.98,UPI / Digital Wallet
TXN-100738,2023-08-11,CUST-1386,Female,43,36-50,North,Electronics,Bluetooth Portable Speaker,3,59.99,0.0,179.97,96.0,83.97,UPI / Digital Wallet
TXN-100739,2023-08-11,CUST-1137,Male,36,36-50,East,Clothing,Athletic Performance Joggers,1,44.99,0.0,44.99,19.0,25.99,UPI / Digital Wallet
TXN-100740,2023-08-11,CUST-1186,Male,43,36-50,North,Clothing,Waterproof Hooded Windbreaker,1,89.99,0.2,71.99,42.0,29.99,UPI / Digital Wallet
TXN-100741,2023-08-12,CUST-1715,Female,64,51+,South,Electronics,4K Ultra HD Streaming Stick,5,49.99,0.25,187.46,140.0,47.46,UPI / Digital Wallet
TXN-100742,2023-08-12,CUST-1430,Female,43,36-50,South,Beauty & Personal Care,Rosewater Revitalizing Facial Mist,1,16.99,0.1,15.29,4.2,11.09,Credit Card
TXN-100743,2023-08-13,CUST-1553,Male,42,36-50,North,Home & Kitchen,Compact Espresso Machine,4,179.99,0.05,683.96,392.0,291.96,Debit Card
TXN-100744,2023-08-13,CUST-1415,Male,27,26-35,South,Electronics,Wireless Noise-Canceling Headphones,1,149.99,0.25,112.49,85.0,27.49,UPI / Digital Wallet
TXN-100745,2023-08-13,CUST-1799,Female,19,18-25,South,Home & Kitchen,Aroma Oil Diffuser & Humidifier,1,29.99,0.1,26.99,12.0,14.99,UPI / Digital Wallet
TXN-100746,2023-08-13,CUST-1425,Female,44,36-50,East,Home & Kitchen,Automatic Robotic Vacuum Cleaner,2,299.99,0.15,509.98,350.0,159.98,Credit Card
TXN-100747,2023-08-13,CUST-1415,Male,27,26-35,East,Books,Atomic Habits for Daily Productivity,5,21.99,0.15,93.46,37.5,55.96,Credit Card
TXN-100748,2023-08-14,CUST-1025,Male,37,36-50,North,Electronics,Wireless Noise-Canceling Headphones,5,149.99,0.05,712.45,425.0,287.45,Cash on Delivery
TXN-100749,2023-08-14,CUST-1370,Male,33,26-35,North,Electronics,Smart Fitness Watch,1,199.99,0.05,189.99,110.0,79.99,Debit Card
TXN-100750,2023-08-14,CUST-1384,Male,49,36-50,North,Books,Data Science & Machine Learning Handbook,1,44.99,0.0,44.99,18.0,26.99,Credit Card
TXN-100751,2023-08-14,CUST-1055,Female,20,18-25,North,Books,The Psychology of Money & Wealth,2,23.99,0.0,47.98,16.0,31.98,UPI / Digital Wallet
TXN-100752,2023-08-14,CUST-1252,Female,49,36-50,East,Beauty & Personal Care,Rosewater Revitalizing Facial Mist,2,16.99,0.15,28.88,8.4,20.48,Cash on Delivery
TXN-100753,2023-08-15,CUST-1633,Male,43,36-50,West,Beauty & Personal Care,Argan Oil Hair Repair Mask,2,19.99,0.2,31.98,11.0,20.98,UPI / Digital Wallet
TXN-100754,2023-08-15,CUST-1105,Female,47,36-50,East,Electronics,Smart Fitness Watch,1,199.99,0.1,179.99,110.0,69.99,UPI / Digital Wallet
TXN-100755,2023-08-15,CUST-1129,Male,44,36-50,East,Clothing,Denim Slim Fit Jeans,4,59.99,0.05,227.96,104.0,123.96,Credit Card
TXN-100756,2023-08-15,CUST-1848,Female,18,18-25,South,Electronics,Smart Fitness Watch,2,199.99,0.0,399.98,220.0,179.98,UPI / Digital Wallet
TXN-100757,2023-08-15,CUST-1669,Male,38,36-50,South,Electronics,Smart Fitness Watch,3,199.99,0.0,599.97,330.0,269.97,Debit Card
TXN-100758,2023-08-15,CUST-1375,Male,26,26-35,West,Beauty & Personal Care,Rosewater Revitalizing Facial Mist,2,16.99,0.05,32.28,8.4,23.88,UPI / Digital Wallet
TXN-100759,2023-08-15,CUST-1742,Male,23,18-25,West,Electronics,Wireless Noise-Canceling Headphones,1,149.99,0.05,142.49,85.0,57.49,Credit Card
TXN-100760,2023-08-16,CUST-1307,Female,33,26-35,South,Clothing,Athletic Performance Joggers,5,44.99,0.1,202.46,95.0,107.46,Credit Card
TXN-100761,2023-08-17,CUST-1090,Female,44,36-50,North,Books,The Psychology of Money & Wealth,2,23.99,0.0,47.98,16.0,31.98,Debit Card
TXN-100762,2023-08-17,CUST-1392,Male,36,36-50,East,Electronics,4K Ultra HD Streaming Stick,3,49.99,0.35,97.48,84.0,13.48,Credit Card
TXN-100763,2023-08-17,CUST-1533,Male,23,18-25,North,Books,Designing Data-Intensive Applications,4,54.99,0.05,208.96,88.0,120.96,UPI / Digital Wallet
TXN-100764,2023-08-17,CUST-1801,Male,45,36-50,East,Books,The Psychology of Money & Wealth,2,23.99,0.15,40.78,16.0,24.78,Cash on Delivery
TXN-100765,2023-08-17,CUST-1109,Male,37,36-50,West,Home & Kitchen,Aroma Oil Diffuser & Humidifier,2,29.99,0.05,56.98,24.0,32.98,UPI / Digital Wallet
TXN-100766,2023-08-18,CUST-1560,Female,31,26-35,North,Electronics,Wireless Noise-Canceling Headphones,1,149.99,0.0,149.99,85.0,64.99,UPI / Digital Wallet
TXN-100767,2023-08-18,CUST-1640,Male,27,26-35,West,Clothing,Classic Wool Blend Sweater,1,69.99,0.15,59.49,31.0,28.49,Debit Card
TXN-100768,2023-08-19,CUST-1584,Female,23,18-25,West,Clothing,Waterproof Hooded Windbreaker,1,89.99,0.1,80.99,42.0,38.99,UPI / Digital Wallet
TXN-100769,2023-08-19,CUST-1339,Female,48,36-50,West,Clothing,Denim Slim Fit Jeans,1,59.99,0.05,56.99,26.0,30.99,UPI / Digital Wallet
TXN-100770,2023-08-19,CUST-1564,Female,30,26-35,South,Clothing,Organic Cotton Crew T-Shirt,1,24.99,0.05,23.74,9.5,14.24,UPI / Digital Wallet
TXN-100771,2023-08-19,CUST-1355,Female,42,36-50,North,Books,Deep Work & Focus in a Distracted World,1,22.5,0.0,22.5,7.2,15.3,Debit Card
TXN-100772,2023-08-19,CUST-1167,Female,40,36-50,East,Electronics,Wireless Noise-Canceling Headphones,1,149.99,0.1,134.99,85.0,49.99,Debit Card
TXN-100773,2023-08-19,CUST-1556,Male,43,36-50,South,Beauty & Personal Care,Vitamin C Brightening Face Serum,1,28.99,0.2,23.19,8.5,14.69,UPI / Digital Wallet
TXN-100774,2023-08-19,CUST-1451,Female,48,36-50,North,Electronics,Smart Fitness Watch,1,199.99,0.0,199.99,110.0,89.99,Credit Card
TXN-100775,2023-08-19,CUST-1104,Female,41,36-50,South,Home & Kitchen,Automatic Robotic Vacuum Cleaner,1,299.99,0.0,299.99,175.0,124.99,UPI / Digital Wallet
TXN-100776,2023-08-19,CUST-1149,Male,40,36-50,East,Books,Data Science & Machine Learning Handbook,2,44.99,0.2,71.98,36.0,35.98,Cash on Delivery
TXN-100777,2023-08-19,CUST-1145,Female,34,26-35,North,Clothing,Denim Slim Fit Jeans,2,59.99,0.0,119.98,52.0,67.98,Debit Card
TXN-100778,2023-08-19,CUST-1715,Female,64,51+,South,Electronics,Bluetooth Portable Speaker,1,59.99,0.1,53.99,32.0,21.99,UPI / Digital Wallet
TXN-100779,2023-08-19,CUST-1298,Male,26,26-35,North,Home & Kitchen,Compact Espresso Machine,2,179.99,0.05,341.98,196.0,145.98,UPI / Digital Wallet
TXN-100780,2023-08-19,CUST-1166,Male,59,51+,East,Home & Kitchen,Aroma Oil Diffuser & Humidifier,3,29.99,0.1,80.97,36.0,44.97,UPI / Digital Wallet
TXN-100781,2023-08-21,CUST-1712,Male,37,36-50,East,Home & Kitchen,Compact Espresso Machine,1,179.99,0.05,170.99,98.0,72.99,Debit Card
TXN-100782,2023-08-21,CUST-1645,Male,36,36-50,North,Clothing,Denim Slim Fit Jeans,2,59.99,0.0,119.98,52.0,67.98,UPI / Digital Wallet
TXN-100783,2023-08-21,CUST-1722,Male,18,18-25,West,Electronics,Smart Fitness Watch,4,199.99,0.0,799.96,440.0,359.96,Debit Card
TXN-100784,2023-08-21,CUST-1047,Female,38,36-50,North,Books,Data Science & Machine Learning Handbook,3,44.99,0.15,114.72,54.0,60.72,Credit Card
TXN-100785,2023-08-21,CUST-1637,Female,20,18-25,East,Books,Deep Work & Focus in a Distracted World,1,22.5,0.15,19.12,7.2,11.92,UPI / Digital Wallet
TXN-100786,2023-08-23,CUST-1238,Female,38,36-50,East,Clothing,Denim Slim Fit Jeans,2,59.99,0.1,107.98,52.0,55.98,UPI / Digital Wallet
TXN-100787,2023-08-24,CUST-1006,Male,30,26-35,East,Beauty & Personal Care,Hydrating Hyaluronic Acid Cream,1,22.99,0.1,20.69,6.8,13.89,UPI / Digital Wallet
TXN-100788,2023-08-25,CUST-1463,Male,30,26-35,North,Clothing,Athletic Performance Joggers,2,44.99,0.0,89.98,38.0,51.98,Credit Card
TXN-100789,2023-08-25,CUST-1452,Male,42,36-50,West,Clothing,Athletic Performance Joggers,5,44.99,0.0,224.95,95.0,129.95,Credit Card
TXN-100790,2023-08-25,CUST-1783,Male,24,18-25,West,Electronics,Bluetooth Portable Speaker,2,59.99,0.15,101.98,64.0,37.98,Cash on Delivery
TXN-100791,2023-08-25,CUST-1370,Male,33,26-35,South,Clothing,Waterproof Hooded Windbreaker,4,89.99,0.05,341.96,168.0,173.96,Credit Card
TXN-100792,2023-08-25,CUST-1548,Male,43,36-50,South,Home & Kitchen,Aroma Oil Diffuser & Humidifier,1,29.99,0.0,29.99,12.0,17.99,UPI / Digital Wallet
TXN-100793,2023-08-26,CUST-1486,Female,44,36-50,North,Electronics,Ultra-Slim Laptop Stand,5,39.99,0.0,199.95,90.0,109.95,UPI / Digital Wallet
TXN-100794,2023-08-26,CUST-1210,Male,59,51+,South,Clothing,Waterproof Hooded Windbreaker,2,89.99,0.0,179.98,84.0,95.98,UPI / Digital Wallet
TXN-100795,2023-08-27,CUST-1164,Male,43,36-50,South,Beauty & Personal Care,Argan Oil Hair Repair Mask,1,19.99,0.0,19.99,5.5,14.49,Credit Card
TXN-100796,2023-08-27,CUST-1124,Female,34,26-35,East,Home & Kitchen,Aroma Oil Diffuser & Humidifier,2,29.99,0.15,50.98,24.0,26.98,UPI / Digital Wallet
TXN-100797,2023-08-30,CUST-1336,Female,39,36-50,South,Home & Kitchen,Non-Stick Ceramic Frying Pan,1,34.99,0.2,27.99,15.0,12.99,UPI / Digital Wallet
TXN-100798,2023-08-30,CUST-1191,Female,30,26-35,East,Books,Atomic Habits for Daily Productivity,1,21.99,0.2,17.59,7.5,10.09,Debit Card
TXN-100799,2023-08-30,CUST-1729,Male,21,18-25,North,Electronics,4K Ultra HD Streaming Stick,3,49.99,0.2,119.98,84.0,35.98,Credit Card
TXN-100800,2023-08-30,CUST-1213,Male,47,36-50,North,Home & Kitchen,Non-Stick Ceramic Frying Pan,1,34.99,0.2,27.99,15.0,12.99,Debit Card
TXN-100801,2023-08-30,CUST-1573,Male,37,36-50,North,Beauty & Personal Care,Argan Oil Hair Repair Mask,3,19.99,0.05,56.97,16.5,40.47,Credit Card
TXN-100802,2023-08-30,CUST-1327,Female,39,36-50,North,Home & Kitchen,Automatic Robotic Vacuum Cleaner,1,299.99,0.0,299.99,175.0,124.99,UPI / Digital Wallet
TXN-100803,2023-08-30,CUST-1380,Female,55,51+,South,Clothing,Waterproof Hooded Windbreaker,1,89.99,0.15,76.49,42.0,34.49,UPI / Digital Wallet
TXN-100804,2023-08-30,CUST-1672,Male,36,36-50,East,Electronics,Ultra-Slim Laptop Stand,5,39.99,0.0,199.95,90.0,109.95,Cash on Delivery
TXN-100805,2023-08-31,CUST-1577,Female,40,36-50,East,Books,The Psychology of Money & Wealth,1,23.99,0.0,23.99,8.0,15.99,Debit Card
TXN-100806,2023-08-31,CUST-1797,Female,18,18-25,South,Clothing,Waterproof Hooded Windbreaker,2,89.99,0.0,179.98,84.0,95.98,UPI / Digital Wallet
TXN-100807,2023-09-01,CUST-1238,Female,38,36-50,East,Beauty & Personal Care,Argan Oil Hair Repair Mask,2,19.99,0.05,37.98,11.0,26.98,Credit Card
TXN-100808,2023-09-01,CUST-1531,Female,55,51+,South,Home & Kitchen,Stainless Steel Cookware Set (10-Pc),2,219.99,0.0,439.98,250.0,189.98,UPI / Digital Wallet
TXN-100809,2023-09-03,CUST-1699,Male,49,36-50,South,Home & Kitchen,Compact Espresso Machine,4,179.99,0.0,719.96,392.0,327.96,UPI / Digital Wallet
TXN-100810,2023-09-03,CUST-1081,Female,53,51+,South,Beauty & Personal Care,Rosewater Revitalizing Facial Mist,2,16.99,0.05,32.28,8.4,23.88,Cash on Delivery
TXN-100811,2023-09-03,CUST-1362,Male,41,36-50,East,Home & Kitchen,Compact Espresso Machine,1,179.99,0.2,143.99,98.0,45.99,UPI / Digital Wallet
TXN-100812,2023-09-03,CUST-1504,Female,22,18-25,North,Clothing,Athletic Performance Joggers,3,44.99,0.1,121.47,57.0,64.47,Cash on Delivery
TXN-100813,2023-09-04,CUST-1201,Male,42,36-50,North,Clothing,Athletic Performance Joggers,1,44.99,0.2,35.99,19.0,16.99,UPI / Digital Wallet
TXN-100814,2023-09-04,CUST-1503,Female,27,26-35,East,Beauty & Personal Care,Hydrating Hyaluronic Acid Cream,2,22.99,0.0,45.98,13.6,32.38,UPI / Digital Wallet
TXN-100815,2023-09-05,CUST-1643,Male,40,36-50,West,Clothing,Waterproof Hooded Windbreaker,4,89.99,0.0,359.96,168.0,191.96,Credit Card
TXN-100816,2023-09-06,CUST-1036,Male,52,51+,East,Clothing,Classic Wool Blend Sweater,2,69.99,0.1,125.98,62.0,63.98,UPI / Digital Wallet
TXN-100817,2023-09-06,CUST-1643,Male,40,36-50,East,Electronics,Wireless Noise-Canceling Headphones,3,149.99,0.05,427.47,255.0,172.47,Debit Card
TXN-100818,2023-09-06,CUST-1588,Male,34,26-35,East,Books,Data Science & Machine Learning Handbook,2,44.99,0.1,80.98,36.0,44.98,Credit Card
TXN-100819,2023-09-06,CUST-1600,Male,29,26-35,South,Electronics,Wireless Noise-Canceling Headphones,3,149.99,0.15,382.47,255.0,127.47,Credit Card
TXN-100820,2023-09-08,CUST-1401,Female,49,36-50,East,Home & Kitchen,Compact Espresso Machine,4,179.99,0.15,611.97,392.0,219.97,UPI / Digital Wallet
TXN-100821,2023-09-08,CUST-1764,Male,37,36-50,West,Clothing,Denim Slim Fit Jeans,1,59.99,0.25,44.99,26.0,18.99,Credit Card
TXN-100822,2023-09-08,CUST-1705,Female,40,36-50,North,Clothing,Waterproof Hooded Windbreaker,1,89.99,0.05,85.49,42.0,43.49,Debit Card
TXN-100823,2023-09-08,CUST-1175,Male,32,26-35,South,Home & Kitchen,Stainless Steel Cookware Set (10-Pc),1,219.99,0.0,219.99,125.0,94.99,UPI / Digital Wallet
TXN-100824,2023-09-08,CUST-1544,Male,18,18-25,North,Electronics,Bluetooth Portable Speaker,2,59.99,0.1,107.98,64.0,43.98,Cash on Delivery
TXN-100825,2023-09-08,CUST-1569,Male,53,51+,South,Home & Kitchen,Stainless Steel Cookware Set (10-Pc),1,219.99,0.0,219.99,125.0,94.99,UPI / Digital Wallet
TXN-100826,2023-09-09,CUST-1466,Male,27,26-35,West,Beauty & Personal Care,Hydrating Hyaluronic Acid Cream,1,22.99,0.0,22.99,6.8,16.19,Debit Card
TXN-100827,2023-09-09,CUST-1200,Male,38,36-50,South,Beauty & Personal Care,Argan Oil Hair Repair Mask,1,19.99,0.0,19.99,5.5,14.49,Credit Card
TXN-100828,2023-09-10,CUST-1539,Female,46,36-50,South,Electronics,Ultra-Slim Laptop Stand,5,39.99,0.05,189.95,90.0,99.95,Credit Card
TXN-100829,2023-09-10,CUST-1546,Female,41,36-50,West,Books,Deep Work & Focus in a Distracted World,2,22.5,0.0,45.0,14.4,30.6,Credit Card
TXN-100830,2023-09-10,CUST-1636,Male,39,36-50,South,Home & Kitchen,Automatic Robotic Vacuum Cleaner,1,299.99,0.0,299.99,175.0,124.99,Credit Card
TXN-100831,2023-09-10,CUST-1393,Male,23,18-25,South,Books,Designing Data-Intensive Applications,1,54.99,0.1,49.49,22.0,27.49,Cash on Delivery
TXN-100832,2023-09-10,CUST-1832,Female,33,26-35,West,Clothing,Organic Cotton Crew T-Shirt,1,24.99,0.1,22.49,9.5,12.99,Debit Card
TXN-100833,2023-09-10,CUST-1041,Female,35,26-35,South,Home & Kitchen,Automatic Robotic Vacuum Cleaner,1,299.99,0.1,269.99,175.0,94.99,Credit Card
TXN-100834,2023-09-11,CUST-1596,Female,32,26-35,East,Books,Designing Data-Intensive Applications,1,54.99,0.1,49.49,22.0,27.49,Credit Card
TXN-100835,2023-09-11,CUST-1392,Male,36,36-50,North,Books,Designing Data-Intensive Applications,4,54.99,0.0,219.96,88.0,131.96,Debit Card
TXN-100836,2023-09-13,CUST-1699,Male,49,36-50,North,Clothing,Athletic Performance Joggers,5,44.99,0.0,224.95,95.0,129.95,Debit Card
TXN-100837,2023-09-13,CUST-1622,Female,45,36-50,South,Electronics,Bluetooth Portable Speaker,1,59.99,0.0,59.99,32.0,27.99,Credit Card
TXN-100838,2023-09-13,CUST-1782,Female,42,36-50,South,Clothing,Waterproof Hooded Windbreaker,1,89.99,0.15,76.49,42.0,34.49,Cash on Delivery
TXN-100839,2023-09-14,CUST-1440,Female,33,26-35,West,Clothing,Athletic Performance Joggers,1,44.99,0.15,38.24,19.0,19.24,Credit Card
TXN-100840,2023-09-15,CUST-1836,Male,36,36-50,West,Clothing,Classic Wool Blend Sweater,1,69.99,0.0,69.99,31.0,38.99,Credit Card
TXN-100841,2023-09-16,CUST-1616,Female,23,18-25,West,Electronics,Wireless Noise-Canceling Headphones,1,149.99,0.0,149.99,85.0,64.99,Credit Card
TXN-100842,2023-09-16,CUST-1505,Female,45,36-50,South,Beauty & Personal Care,Hydrating Hyaluronic Acid Cream,1,22.99,0.25,17.24,6.8,10.44,Debit Card
TXN-100843,2023-09-16,CUST-1319,Female,18,18-25,West,Electronics,Bluetooth Portable Speaker,1,59.99,0.1,53.99,32.0,21.99,Credit Card
TXN-100844,2023-09-16,CUST-1552,Female,37,36-50,East,Home & Kitchen,Automatic Robotic Vacuum Cleaner,3,299.99,0.15,764.97,525.0,239.97,Credit Card
TXN-100845,2023-09-16,CUST-1214,Male,29,26-35,South,Electronics,Ultra-Slim Laptop Stand,2,39.99,0.0,79.98,36.0,43.98,Credit Card
TXN-100846,2023-09-16,CUST-1070,Female,53,51+,East,Clothing,Denim Slim Fit Jeans,2,59.99,0.0,119.98,52.0,67.98,Debit Card
TXN-100847,2023-09-17,CUST-1567,Female,34,26-35,North,Electronics,Smart Fitness Watch,1,199.99,0.15,169.99,110.0,59.99,Credit Card
TXN-100848,2023-09-18,CUST-1235,Male,42,36-50,North,Electronics,Ultra-Slim Laptop Stand,4,39.99,0.1,143.96,72.0,71.96,Credit Card
TXN-100849,2023-09-18,CUST-1280,Male,40,36-50,West,Beauty & Personal Care,Hydrating Hyaluronic Acid Cream,5,22.99,0.1,103.46,34.0,69.46,Credit Card
TXN-100850,2023-09-18,CUST-1616,Female,23,18-25,East,Books,Deep Work & Focus in a Distracted World,1,22.5,0.1,20.25,7.2,13.05,Credit Card
TXN-100851,2023-09-18,CUST-1161,Female,38,36-50,South,Electronics,Smart Fitness Watch,1,199.99,0.1,179.99,110.0,69.99,Debit Card
TXN-100852,2023-09-19,CUST-1190,Male,30,26-35,South,Clothing,Denim Slim Fit Jeans,2,59.99,0.15,101.98,52.0,49.98,Credit Card
TXN-100853,2023-09-19,CUST-1008,Female,19,18-25,West,Clothing,Classic Wool Blend Sweater,1,69.99,0.0,69.99,31.0,38.99,Credit Card
TXN-100854,2023-09-20,CUST-1059,Male,55,51+,East,Beauty & Personal Care,Rosewater Revitalizing Facial Mist,1,16.99,0.05,16.14,4.2,11.94,Debit Card
TXN-100855,2023-09-20,CUST-1816,Female,48,36-50,South,Beauty & Personal Care,Argan Oil Hair Repair Mask,2,19.99,0.2,31.98,11.0,20.98,Credit Card
TXN-100856,2023-09-21,CUST-1224,Male,50,36-50,North,Clothing,Organic Cotton Crew T-Shirt,2,24.99,0.0,49.98,19.0,30.98,Credit Card
TXN-100857,2023-09-21,CUST-1818,Male,44,36-50,North,Home & Kitchen,Compact Espresso Machine,1,179.99,0.05,170.99,98.0,72.99,Debit Card
TXN-100858,2023-09-21,CUST-1699,Male,49,36-50,West,Beauty & Personal Care,Sonic Electric Toothbrush,2,64.99,0.1,116.98,58.0,58.98,Cash on Delivery
TXN-100859,2023-09-22,CUST-1581,Female,53,51+,South,Electronics,Smart Fitness Watch,4,199.99,0.35,519.97,440.0,79.97,UPI / Digital Wallet
TXN-100860,2023-09-22,CUST-1804,Female,24,18-25,South,Clothing,Organic Cotton Crew T-Shirt,1,24.99,0.05,23.74,9.5,14.24,UPI / Digital Wallet
TXN-100861,2023-09-23,CUST-1286,Male,18,18-25,South,Books,The Psychology of Money & Wealth,2,23.99,0.05,45.58,16.0,29.58,UPI / Digital Wallet
TXN-100862,2023-09-23,CUST-1168,Male,26,26-35,West,Beauty & Personal Care,Sonic Electric Toothbrush,1,64.99,0.15,55.24,29.0,26.24,Cash on Delivery
TXN-100863,2023-09-23,CUST-1061,Male,46,36-50,East,Home & Kitchen,Automatic Robotic Vacuum Cleaner,1,299.99,0.15,254.99,175.0,79.99,UPI / Digital Wallet
TXN-100864,2023-09-24,CUST-1348,Male,34,26-35,East,Home & Kitchen,Aroma Oil Diffuser & Humidifier,2,29.99,0.15,50.98,24.0,26.98,Debit Card
TXN-100865,2023-09-24,CUST-1441,Male,39,36-50,South,Clothing,Classic Wool Blend Sweater,1,69.99,0.05,66.49,31.0,35.49,Credit Card
TXN-100866,2023-09-24,CUST-1013,Female,30,26-35,North,Home & Kitchen,Non-Stick Ceramic Frying Pan,1,34.99,0.0,34.99,15.0,19.99,Credit Card
TXN-100867,2023-09-24,CUST-1163,Male,57,51+,West,Home & Kitchen,Non-Stick Ceramic Frying Pan,1,34.99,0.1,31.49,15.0,16.49,UPI / Digital Wallet
TXN-100868,2023-09-25,CUST-1419,Female,48,36-50,West,Clothing,Athletic Performance Joggers,2,44.99,0.2,71.98,38.0,33.98,Cash on Delivery
TXN-100869,2023-09-25,CUST-1756,Male,34,26-35,West,Home & Kitchen,Compact Espresso Machine,2,179.99,0.2,287.98,196.0,91.98,Debit Card
TXN-100870,2023-09-25,CUST-1846,Female,44,36-50,West,Beauty & Personal Care,Rosewater Revitalizing Facial Mist,1,16.99,0.0,16.99,4.2,12.79,UPI / Digital Wallet
TXN-100871,2023-09-25,CUST-1519,Female,18,18-25,West,Electronics,Ultra-Slim Laptop Stand,2,39.99,0.05,75.98,36.0,39.98,Debit Card
TXN-100872,2023-09-26,CUST-1665,Male,44,36-50,East,Clothing,Denim Slim Fit Jeans,1,59.99,0.05,56.99,26.0,30.99,Debit Card
TXN-100873,2023-09-27,CUST-1547,Female,22,18-25,West,Clothing,Classic Wool Blend Sweater,2,69.99,0.25,104.98,62.0,42.98,Credit Card
TXN-100874,2023-09-27,CUST-1559,Female,41,36-50,East,Home & Kitchen,Aroma Oil Diffuser & Humidifier,1,29.99,0.1,26.99,12.0,14.99,Debit Card
TXN-100875,2023-09-28,CUST-1596,Female,32,26-35,North,Electronics,Smart Fitness Watch,2,199.99,0.05,379.98,220.0,159.98,Credit Card
TXN-100876,2023-09-28,CUST-1027,Male,18,18-25,South,Home & Kitchen,Aroma Oil Diffuser & Humidifier,5,29.99,0.0,149.95,60.0,89.95,UPI / Digital Wallet
TXN-100877,2023-09-29,CUST-1707,Male,29,26-35,West,Beauty & Personal Care,Vitamin C Brightening Face Serum,4,28.99,0.1,104.36,34.0,70.36,UPI / Digital Wallet
TXN-100878,2023-09-29,CUST-1445,Female,41,36-50,South,Clothing,Waterproof Hooded Windbreaker,1,89.99,0.0,89.99,42.0,47.99,UPI / Digital Wallet
TXN-100879,2023-09-29,CUST-1207,Male,40,36-50,West,Books,Atomic Habits for Daily Productivity,3,21.99,0.15,56.07,22.5,33.57,Credit Card
TXN-100880,2023-09-30,CUST-1469,Female,18,18-25,North,Books,The Psychology of Money & Wealth,1,23.99,0.15,20.39,8.0,12.39,UPI / Digital Wallet
TXN-100881,2023-09-30,CUST-1715,Female,64,51+,South,Electronics,Wireless Noise-Canceling Headphones,4,149.99,0.05,569.96,340.0,229.96,Credit Card
TXN-100882,2023-09-30,CUST-1818,Male,44,36-50,South,Electronics,Smart Fitness Watch,1,199.99,0.05,189.99,110.0,79.99,Credit Card
TXN-100883,2023-09-30,CUST-1103,Male,18,18-25,North,Books,The Psychology of Money & Wealth,1,23.99,0.2,19.19,8.0,11.19,UPI / Digital Wallet
TXN-100884,2023-09-30,CUST-1741,Male,24,18-25,North,Books,The Psychology of Money & Wealth,1,23.99,0.0,23.99,8.0,15.99,Credit Card
TXN-100885,2023-09-30,CUST-1425,Female,44,36-50,North,Electronics,Smart Fitness Watch,1,199.99,0.0,199.99,110.0,89.99,Credit Card
TXN-100886,2023-09-30,CUST-1100,Female,29,26-35,West,Electronics,Bluetooth Portable Speaker,2,59.99,0.25,89.98,64.0,25.98,Credit Card
TXN-100887,2023-10-01,CUST-1540,Female,32,26-35,North,Electronics,Bluetooth Portable Speaker,4,59.99,0.15,203.97,128.0,75.97,UPI / Digital Wallet
TXN-100888,2023-10-01,CUST-1638,Female,40,36-50,North,Books,Atomic Habits for Daily Productivity,2,21.99,0.15,37.38,15.0,22.38,Credit Card
TXN-100889,2023-10-01,CUST-1849,Female,36,36-50,North,Electronics,Bluetooth Portable Speaker,2,59.99,0.0,119.98,64.0,55.98,Debit Card
TXN-100890,2023-10-03,CUST-1521,Female,39,36-50,East,Clothing,Waterproof Hooded Windbreaker,3,89.99,0.0,269.97,126.0,143.97,UPI / Digital Wallet
TXN-100891,2023-10-03,CUST-1105,Female,47,36-50,East,Beauty & Personal Care,Argan Oil Hair Repair Mask,1,19.99,0.0,19.99,5.5,14.49,UPI / Digital Wallet
TXN-100892,2023-10-04,CUST-1678,Female,37,36-50,East,Electronics,Ultra-Slim Laptop Stand,1,39.99,0.0,39.99,18.0,21.99,UPI / Digital Wallet
TXN-100893,2023-10-04,CUST-1768,Male,38,36-50,South,Home & Kitchen,Stainless Steel Cookware Set (10-Pc),1,219.99,0.15,186.99,125.0,61.99,Debit Card
TXN-100894,2023-10-04,CUST-1806,Female,19,18-25,North,Electronics,Ultra-Slim Laptop Stand,1,39.99,0.0,39.99,18.0,21.99,Credit Card
TXN-100895,2023-10-04,CUST-1276,Female,30,26-35,East,Beauty & Personal Care,Argan Oil Hair Repair Mask,1,19.99,0.1,17.99,5.5,12.49,Credit Card
TXN-100896,2023-10-04,CUST-1064,Male,31,26-35,West,Clothing,Organic Cotton Crew T-Shirt,1,24.99,0.0,24.99,9.5,15.49,Debit Card
TXN-100897,2023-10-04,CUST-1782,Female,42,36-50,North,Home & Kitchen,Non-Stick Ceramic Frying Pan,1,34.99,0.05,33.24,15.0,18.24,UPI / Digital Wallet
TXN-100898,2023-10-04,CUST-1187,Male,27,26-35,South,Home & Kitchen,Non-Stick Ceramic Frying Pan,1,34.99,0.35,22.74,15.0,7.74,Credit Card
TXN-100899,2023-10-04,CUST-1316,Female,45,36-50,North,Electronics,Ultra-Slim Laptop Stand,4,39.99,0.0,159.96,72.0,87.96,Credit Card
TXN-100900,2023-10-04,CUST-1137,Male,36,36-50,North,Electronics,Wireless Noise-Canceling Headphones,1,149.99,0.05,142.49,85.0,57.49,UPI / Digital Wallet
TXN-100901,2023-10-04,CUST-1342,Male,45,36-50,East,Clothing,Waterproof Hooded Windbreaker,2,89.99,0.0,179.98,84.0,95.98,UPI / Digital Wallet
TXN-100902,2023-10-04,CUST-1104,Female,41,36-50,South,Clothing,Athletic Performance Joggers,2,44.99,0.0,89.98,38.0,51.98,UPI / Digital Wallet
TXN-100903,2023-10-04,CUST-1545,Male,28,26-35,North,Beauty & Personal Care,Hydrating Hyaluronic Acid Cream,2,22.99,0.05,43.68,13.6,30.08,UPI / Digital Wallet
TXN-100904,2023-10-05,CUST-1379,Female,57,51+,South,Beauty & Personal Care,Hydrating Hyaluronic Acid Cream,1,22.99,0.05,21.84,6.8,15.04,UPI / Digital Wallet
TXN-100905,2023-10-05,CUST-1109,Male,37,36-50,West,Clothing,Denim Slim Fit Jeans,1,59.99,0.1,53.99,26.0,27.99,UPI / Digital Wallet
TXN-100906,2023-10-05,CUST-1544,Male,18,18-25,West,Home & Kitchen,Automatic Robotic Vacuum Cleaner,1,299.99,0.15,254.99,175.0,79.99,Debit Card
TXN-100907,2023-10-06,CUST-1353,Female,42,36-50,West,Home & Kitchen,Compact Espresso Machine,1,179.99,0.05,170.99,98.0,72.99,Cash on Delivery
TXN-100908,2023-10-06,CUST-1742,Male,23,18-25,South,Beauty & Personal Care,Hydrating Hyaluronic Acid Cream,1,22.99,0.0,22.99,6.8,16.19,Debit Card
TXN-100909,2023-10-06,CUST-1316,Female,45,36-50,East,Clothing,Athletic Performance Joggers,2,44.99,0.1,80.98,38.0,42.98,Credit Card
TXN-100910,2023-10-06,CUST-1265,Male,48,36-50,South,Electronics,Bluetooth Portable Speaker,2,59.99,0.0,119.98,64.0,55.98,Credit Card
TXN-100911,2023-10-07,CUST-1693,Female,34,26-35,North,Electronics,4K Ultra HD Streaming Stick,2,49.99,0.1,89.98,56.0,33.98,UPI / Digital Wallet
TXN-100912,2023-10-07,CUST-1064,Male,31,26-35,South,Home & Kitchen,Automatic Robotic Vacuum Cleaner,1,299.99,0.1,269.99,175.0,94.99,Cash on Delivery
TXN-100913,2023-10-07,CUST-1332,Female,55,51+,East,Clothing,Denim Slim Fit Jeans,1,59.99,0.0,59.99,26.0,33.99,Credit Card
TXN-100914,2023-10-07,CUST-1512,Female,43,36-50,North,Clothing,Waterproof Hooded Windbreaker,3,89.99,0.15,229.47,126.0,103.47,Credit Card
TXN-100915,2023-10-07,CUST-1132,Male,39,36-50,West,Electronics,Smart Fitness Watch,1,199.99,0.2,159.99,110.0,49.99,UPI / Digital Wallet
TXN-100916,2023-10-07,CUST-1591,Female,33,26-35,North,Home & Kitchen,Compact Espresso Machine,2,179.99,0.15,305.98,196.0,109.98,Cash on Delivery
TXN-100917,2023-10-07,CUST-1782,Female,42,36-50,South,Electronics,Ultra-Slim Laptop Stand,3,39.99,0.0,119.97,54.0,65.97,Credit Card
TXN-100918,2023-10-07,CUST-1752,Female,18,18-25,North,Electronics,Smart Fitness Watch,1,199.99,0.1,179.99,110.0,69.99,Credit Card
TXN-100919,2023-10-07,CUST-1539,Female,46,36-50,South,Clothing,Organic Cotton Crew T-Shirt,1,24.99,0.2,19.99,9.5,10.49,UPI / Digital Wallet
TXN-100920,2023-10-08,CUST-1734,Female,47,36-50,North,Electronics,Bluetooth Portable Speaker,1,59.99,0.0,59.99,32.0,27.99,Credit Card
TXN-100921,2023-10-08,CUST-1534,Female,47,36-50,North,Home & Kitchen,Non-Stick Ceramic Frying Pan,1,34.99,0.15,29.74,15.0,14.74,UPI / Digital Wallet
TXN-100922,2023-10-08,CUST-1495,Male,48,36-50,South,Clothing,Organic Cotton Crew T-Shirt,1,24.99,0.0,24.99,9.5,15.49,Credit Card
TXN-100923,2023-10-09,CUST-1620,Male,51,51+,South,Clothing,Classic Wool Blend Sweater,1,69.99,0.0,69.99,31.0,38.99,Credit Card
TXN-100924,2023-10-10,CUST-1618,Male,39,36-50,South,Home & Kitchen,Compact Espresso Machine,1,179.99,0.15,152.99,98.0,54.99,Credit Card
TXN-100925,2023-10-10,CUST-1656,Male,28,26-35,North,Electronics,Smart Fitness Watch,2,199.99,0.15,339.98,220.0,119.98,Credit Card
TXN-100926,2023-10-10,CUST-1368,Female,23,18-25,South,Electronics,Bluetooth Portable Speaker,3,59.99,0.15,152.97,96.0,56.97,Credit Card
TXN-100927,2023-10-10,CUST-1650,Female,39,36-50,South,Books,Deep Work & Focus in a Distracted World,1,22.5,0.25,16.88,7.2,9.68,Credit Card
TXN-100928,2023-10-11,CUST-1795,Male,46,36-50,South,Clothing,Classic Wool Blend Sweater,4,69.99,0.0,279.96,124.0,155.96,UPI / Digital Wallet
TXN-100929,2023-10-11,CUST-1809,Male,31,26-35,West,Clothing,Classic Wool Blend Sweater,4,69.99,0.0,279.96,124.0,155.96,Credit Card
TXN-100930,2023-10-11,CUST-1098,Female,32,26-35,South,Electronics,Smart Fitness Watch,4,199.99,0.2,639.97,440.0,199.97,Cash on Delivery
TXN-100931,2023-10-11,CUST-1316,Female,45,36-50,South,Clothing,Classic Wool Blend Sweater,3,69.99,0.0,209.97,93.0,116.97,Credit Card
TXN-100932,2023-10-11,CUST-1122,Female,37,36-50,West,Home & Kitchen,Stainless Steel Cookware Set (10-Pc),1,219.99,0.1,197.99,125.0,72.99,UPI / Digital Wallet
TXN-100933,2023-10-11,CUST-1319,Female,18,18-25,West,Home & Kitchen,Aroma Oil Diffuser & Humidifier,1,29.99,0.05,28.49,12.0,16.49,Credit Card
TXN-100934,2023-10-11,CUST-1798,Male,26,26-35,West,Home & Kitchen,Automatic Robotic Vacuum Cleaner,2,299.99,0.0,599.98,350.0,249.98,Credit Card
TXN-100935,2023-10-11,CUST-1592,Female,32,26-35,East,Electronics,4K Ultra HD Streaming Stick,2,49.99,0.0,99.98,56.0,43.98,Debit Card
TXN-100936,2023-10-12,CUST-1494,Female,43,36-50,South,Electronics,Smart Fitness Watch,3,199.99,0.05,569.97,330.0,239.97,Debit Card
TXN-100937,2023-10-12,CUST-1456,Female,19,18-25,North,Beauty & Personal Care,Argan Oil Hair Repair Mask,5,19.99,0.2,79.96,27.5,52.46,UPI / Digital Wallet
TXN-100938,2023-10-12,CUST-1521,Female,39,36-50,East,Books,The Psychology of Money & Wealth,2,23.99,0.1,43.18,16.0,27.18,UPI / Digital Wallet
TXN-100939,2023-10-12,CUST-1519,Female,18,18-25,West,Electronics,Smart Fitness Watch,1,199.99,0.1,179.99,110.0,69.99,UPI / Digital Wallet
TXN-100940,2023-10-12,CUST-1716,Male,40,36-50,East,Clothing,Organic Cotton Crew T-Shirt,1,24.99,0.05,23.74,9.5,14.24,Debit Card
TXN-100941,2023-10-12,CUST-1314,Male,23,18-25,West,Electronics,Wireless Noise-Canceling Headphones,1,149.99,0.0,149.99,85.0,64.99,UPI / Digital Wallet
TXN-100942,2023-10-12,CUST-1708,Male,30,26-35,South,Electronics,4K Ultra HD Streaming Stick,2,49.99,0.0,99.98,56.0,43.98,Debit Card
TXN-100943,2023-10-12,CUST-1709,Female,34,26-35,South,Clothing,Athletic Performance Joggers,2,44.99,0.05,85.48,38.0,47.48,Cash on Delivery
TXN-100944,2023-10-12,CUST-1541,Male,36,36-50,West,Electronics,Bluetooth Portable Speaker,3,59.99,0.0,179.97,96.0,83.97,UPI / Digital Wallet
TXN-100945,2023-10-12,CUST-1478,Female,25,18-25,East,Home & Kitchen,Non-Stick Ceramic Frying Pan,2,34.99,0.0,69.98,30.0,39.98,Credit Card
TXN-100946,2023-10-13,CUST-1019,Male,40,36-50,West,Home & Kitchen,Stainless Steel Cookware Set (10-Pc),4,219.99,0.05,835.96,500.0,335.96,Credit Card
TXN-100947,2023-10-13,CUST-1559,Female,41,36-50,East,Electronics,Ultra-Slim Laptop Stand,2,39.99,0.05,75.98,36.0,39.98,Debit Card
TXN-100948,2023-10-13,CUST-1129,Male,44,36-50,South,Electronics,Wireless Noise-Canceling Headphones,3,149.99,0.0,449.97,255.0,194.97,UPI / Digital Wallet
TXN-100949,2023-10-14,CUST-1292,Female,43,36-50,South,Beauty & Personal Care,Vitamin C Brightening Face Serum,1,28.99,0.1,26.09,8.5,17.59,Debit Card
TXN-100950,2023-10-14,CUST-1131,Female,18,18-25,West,Electronics,Bluetooth Portable Speaker,3,59.99,0.05,170.97,96.0,74.97,UPI / Digital Wallet
TXN-100951,2023-10-14,CUST-1355,Female,42,36-50,South,Home & Kitchen,Aroma Oil Diffuser & Humidifier,2,29.99,0.0,59.98,24.0,35.98,Credit Card
TXN-100952,2023-10-15,CUST-1053,Male,18,18-25,North,Clothing,Waterproof Hooded Windbreaker,1,89.99,0.25,67.49,42.0,25.49,Credit Card
TXN-100953,2023-10-15,CUST-1792,Male,19,18-25,South,Home & Kitchen,Non-Stick Ceramic Frying Pan,1,34.99,0.0,34.99,15.0,19.99,Credit Card
TXN-100954,2023-10-15,CUST-1386,Female,43,36-50,South,Clothing,Waterproof Hooded Windbreaker,4,89.99,0.2,287.97,168.0,119.97,Debit Card
TXN-100955,2023-10-15,CUST-1264,Female,34,26-35,North,Electronics,Wireless Noise-Canceling Headphones,1,149.99,0.0,149.99,85.0,64.99,UPI / Digital Wallet
TXN-100956,2023-10-15,CUST-1214,Male,29,26-35,East,Electronics,Ultra-Slim Laptop Stand,1,39.99,0.2,31.99,18.0,13.99,Credit Card
TXN-100957,2023-10-15,CUST-1459,Female,41,36-50,North,Electronics,Wireless Noise-Canceling Headphones,1,149.99,0.0,149.99,85.0,64.99,Debit Card
TXN-100958,2023-10-15,CUST-1457,Male,18,18-25,South,Clothing,Denim Slim Fit Jeans,2,59.99,0.15,101.98,52.0,49.98,Credit Card
TXN-100959,2023-10-15,CUST-1801,Male,45,36-50,West,Home & Kitchen,Non-Stick Ceramic Frying Pan,3,34.99,0.05,99.72,45.0,54.72,Credit Card
TXN-100960,2023-10-15,CUST-1042,Female,34,26-35,South,Electronics,Bluetooth Portable Speaker,1,59.99,0.15,50.99,32.0,18.99,UPI / Digital Wallet
TXN-100961,2023-10-16,CUST-1585,Female,18,18-25,West,Electronics,Smart Fitness Watch,1,199.99,0.05,189.99,110.0,79.99,Credit Card
TXN-100962,2023-10-16,CUST-1277,Male,56,51+,South,Clothing,Waterproof Hooded Windbreaker,5,89.99,0.0,449.95,210.0,239.95,UPI / Digital Wallet
TXN-100963,2023-10-16,CUST-1837,Male,33,26-35,West,Home & Kitchen,Non-Stick Ceramic Frying Pan,3,34.99,0.15,89.22,45.0,44.22,UPI / Digital Wallet
TXN-100964,2023-10-16,CUST-1753,Female,37,36-50,North,Books,The Psychology of Money & Wealth,4,23.99,0.0,95.96,32.0,63.96,UPI / Digital Wallet
TXN-100965,2023-10-16,CUST-1129,Male,44,36-50,North,Home & Kitchen,Compact Espresso Machine,1,179.99,0.2,143.99,98.0,45.99,Credit Card
TXN-100966,2023-10-16,CUST-1349,Male,49,36-50,West,Clothing,Organic Cotton Crew T-Shirt,1,24.99,0.0,24.99,9.5,15.49,Debit Card
TXN-100967,2023-10-16,CUST-1705,Female,40,36-50,East,Home & Kitchen,Non-Stick Ceramic Frying Pan,1,34.99,0.05,33.24,15.0,18.24,UPI / Digital Wallet
TXN-100968,2023-10-16,CUST-1543,Female,46,36-50,North,Books,Deep Work & Focus in a Distracted World,2,22.5,0.1,40.5,14.4,26.1,UPI / Digital Wallet
TXN-100969,2023-10-16,CUST-1105,Female,47,36-50,West,Beauty & Personal Care,Hydrating Hyaluronic Acid Cream,1,22.99,0.05,21.84,6.8,15.04,UPI / Digital Wallet
TXN-100970,2023-10-18,CUST-1715,Female,64,51+,South,Clothing,Athletic Performance Joggers,1,44.99,0.0,44.99,19.0,25.99,Credit Card
TXN-100971,2023-10-18,CUST-1000,Male,38,36-50,West,Electronics,Smart Fitness Watch,1,199.99,0.15,169.99,110.0,59.99,Credit Card
TXN-100972,2023-10-18,CUST-1756,Male,34,26-35,South,Electronics,Wireless Noise-Canceling Headphones,1,149.99,0.15,127.49,85.0,42.49,Debit Card
TXN-100973,2023-10-18,CUST-1583,Female,29,26-35,South,Clothing,Denim Slim Fit Jeans,3,59.99,0.2,143.98,78.0,65.98,UPI / Digital Wallet
TXN-100974,2023-10-18,CUST-1431,Female,26,26-35,South,Beauty & Personal Care,Rosewater Revitalizing Facial Mist,1,16.99,0.05,16.14,4.2,11.94,Credit Card
TXN-100975,2023-10-19,CUST-1305,Female,25,18-25,South,Clothing,Classic Wool Blend Sweater,2,69.99,0.05,132.98,62.0,70.98,Credit Card
TXN-100976,2023-10-20,CUST-1526,Male,33,26-35,South,Electronics,4K Ultra HD Streaming Stick,4,49.99,0.05,189.96,112.0,77.96,UPI / Digital Wallet
TXN-100977,2023-10-20,CUST-1052,Male,23,18-25,South,Beauty & Personal Care,Hydrating Hyaluronic Acid Cream,1,22.99,0.0,22.99,6.8,16.19,Credit Card
TXN-100978,2023-10-20,CUST-1519,Female,18,18-25,North,Beauty & Personal Care,Rosewater Revitalizing Facial Mist,2,16.99,0.15,28.88,8.4,20.48,Credit Card
TXN-100979,2023-10-20,CUST-1329,Male,21,18-25,North,Clothing,Denim Slim Fit Jeans,5,59.99,0.0,299.95,130.0,169.95,Credit Card
TXN-100980,2023-10-20,CUST-1557,Male,26,26-35,North,Home & Kitchen,Automatic Robotic Vacuum Cleaner,5,299.99,0.05,1424.95,875.0,549.95,Credit Card
TXN-100981,2023-10-20,CUST-1324,Female,35,26-35,West,Clothing,Classic Wool Blend Sweater,1,69.99,0.05,66.49,31.0,35.49,Debit Card
TXN-100982,2023-10-20,CUST-1113,Male,33,26-35,East,Books,Data Science & Machine Learning Handbook,1,44.99,0.1,40.49,18.0,22.49,Credit Card
TXN-100983,2023-10-20,CUST-1146,Male,42,36-50,East,Beauty & Personal Care,Argan Oil Hair Repair Mask,1,19.99,0.2,15.99,5.5,10.49,Credit Card
TXN-100984,2023-10-21,CUST-1165,Female,37,36-50,West,Home & Kitchen,Non-Stick Ceramic Frying Pan,2,34.99,0.1,62.98,30.0,32.98,Credit Card
TXN-100985,2023-10-21,CUST-1378,Male,37,36-50,East,Home & Kitchen,Aroma Oil Diffuser & Humidifier,2,29.99,0.05,56.98,24.0,32.98,Credit Card
TXN-100986,2023-10-21,CUST-1138,Female,35,26-35,West,Books,Designing Data-Intensive Applications,2,54.99,0.15,93.48,44.0,49.48,UPI / Digital Wallet
TXN-100987,2023-10-21,CUST-1628,Male,50,36-50,South,Clothing,Denim Slim Fit Jeans,1,59.99,0.1,53.99,26.0,27.99,Credit Card
TXN-100988,2023-10-22,CUST-1298,Male,26,26-35,North,Clothing,Classic Wool Blend Sweater,1,69.99,0.0,69.99,31.0,38.99,Debit Card
TXN-100989,2023-10-22,CUST-1275,Male,20,18-25,South,Beauty & Personal Care,Vitamin C Brightening Face Serum,2,28.99,0.0,57.98,17.0,40.98,Credit Card
TXN-100990,2023-10-22,CUST-1788,Male,43,36-50,South,Electronics,Wireless Noise-Canceling Headphones,1,149.99,0.0,149.99,85.0,64.99,Credit Card
TXN-100991,2023-10-22,CUST-1849,Female,36,36-50,West,Clothing,Organic Cotton Crew T-Shirt,2,24.99,0.05,47.48,19.0,28.48,Credit Card
TXN-100992,2023-10-22,CUST-1824,Male,32,26-35,South,Beauty & Personal Care,Sonic Electric Toothbrush,1,64.99,0.15,55.24,29.0,26.24,Credit Card
TXN-100993,2023-10-22,CUST-1177,Female,40,36-50,North,Beauty & Personal Care,Argan Oil Hair Repair Mask,1,19.99,0.0,19.99,5.5,14.49,UPI / Digital Wallet
TXN-100994,2023-10-22,CUST-1841,Female,23,18-25,East,Clothing,Organic Cotton Crew T-Shirt,1,24.99,0.05,23.74,9.5,14.24,Debit Card
TXN-100995,2023-10-23,CUST-1353,Female,42,36-50,South,Electronics,Bluetooth Portable Speaker,1,59.99,0.2,47.99,32.0,15.99,UPI / Digital Wallet
TXN-100996,2023-10-23,CUST-1153,Female,52,51+,North,Clothing,Athletic Performance Joggers,1,44.99,0.15,38.24,19.0,19.24,Credit Card
TXN-100997,2023-10-23,CUST-1200,Male,38,36-50,South,Clothing,Denim Slim Fit Jeans,1,59.99,0.1,53.99,26.0,27.99,Credit Card
TXN-100998,2023-10-23,CUST-1114,Female,31,26-35,West,Electronics,Ultra-Slim Laptop Stand,1,39.99,0.0,39.99,18.0,21.99,Credit Card
TXN-100999,2023-10-23,CUST-1670,Male,44,36-50,West,Beauty & Personal Care,Argan Oil Hair Repair Mask,1,19.99,0.0,19.99,5.5,14.49,UPI / Digital Wallet
TXN-101000,2023-10-23,CUST-1553,Male,42,36-50,East,Electronics,4K Ultra HD Streaming Stick,1,49.99,0.0,49.99,28.0,21.99,Credit Card
TXN-101001,2023-10-23,CUST-1758,Male,18,18-25,South,Clothing,Classic Wool Blend Sweater,2,69.99,0.0,139.98,62.0,77.98,Credit Card
TXN-101002,2023-10-23,CUST-1067,Male,33,26-35,North,Clothing,Classic Wool Blend Sweater,1,69.99,0.0,69.99,31.0,38.99,Credit Card
TXN-101003,2023-10-23,CUST-1444,Male,58,51+,South,Books,Deep Work & Focus in a Distracted World,2,22.5,0.1,40.5,14.4,26.1,Credit Card
TXN-101004,2023-10-23,CUST-1444,Male,58,51+,East,Clothing,Classic Wool Blend Sweater,2,69.99,0.0,139.98,62.0,77.98,Cash on Delivery
TXN-101005,2023-10-25,CUST-1325,Female,41,36-50,South,Electronics,Bluetooth Portable Speaker,2,59.99,0.0,119.98,64.0,55.98,Debit Card
TXN-101006,2023-10-25,CUST-1845,Male,43,36-50,North,Electronics,Bluetooth Portable Speaker,4,59.99,0.0,239.96,128.0,111.96,UPI / Digital Wallet
TXN-101007,2023-10-25,CUST-1707,Male,29,26-35,West,Home & Kitchen,Compact Espresso Machine,1,179.99,0.1,161.99,98.0,63.99,UPI / Digital Wallet
TXN-101008,2023-10-25,CUST-1601,Female,56,51+,West,Home & Kitchen,Automatic Robotic Vacuum Cleaner,2,299.99,0.1,539.98,350.0,189.98,Debit Card
TXN-101009,2023-10-25,CUST-1622,Female,45,36-50,East,Clothing,Athletic Performance Joggers,4,44.99,0.1,161.96,76.0,85.96,Credit Card
TXN-101010,2023-10-25,CUST-1358,Female,31,26-35,North,Clothing,Organic Cotton Crew T-Shirt,3,24.99,0.0,74.97,28.5,46.47,UPI / Digital Wallet
TXN-101011,2023-10-27,CUST-1144,Male,39,36-50,North,Electronics,Smart Fitness Watch,1,199.99,0.05,189.99,110.0,79.99,Credit Card
TXN-101012,2023-10-28,CUST-1274,Female,38,36-50,North,Clothing,Organic Cotton Crew T-Shirt,1,24.99,0.0,24.99,9.5,15.49,Credit Card
TXN-101013,2023-10-28,CUST-1508,Male,29,26-35,East,Clothing,Organic Cotton Crew T-Shirt,1,24.99,0.0,24.99,9.5,15.49,Debit Card
TXN-101014,2023-10-28,CUST-1178,Female,39,36-50,North,Electronics,Ultra-Slim Laptop Stand,2,39.99,0.2,63.98,36.0,27.98,UPI / Digital Wallet
TXN-101015,2023-10-28,CUST-1752,Female,18,18-25,West,Electronics,4K Ultra HD Streaming Stick,2,49.99,0.25,74.98,56.0,18.98,UPI / Digital Wallet
TXN-101016,2023-10-28,CUST-1837,Male,33,26-35,West,Electronics,Wireless Noise-Canceling Headphones,1,149.99,0.1,134.99,85.0,49.99,UPI / Digital Wallet
TXN-101017,2023-10-29,CUST-1830,Female,30,26-35,South,Electronics,Wireless Noise-Canceling Headphones,2,149.99,0.2,239.98,170.0,69.98,Credit Card
TXN-101018,2023-10-29,CUST-1476,Female,23,18-25,South,Home & Kitchen,Compact Espresso Machine,2,179.99,0.1,323.98,196.0,127.98,Credit Card
TXN-101019,2023-10-29,CUST-1842,Male,18,18-25,East,Electronics,4K Ultra HD Streaming Stick,1,49.99,0.0,49.99,28.0,21.99,Credit Card
TXN-101020,2023-10-29,CUST-1413,Male,18,18-25,West,Electronics,4K Ultra HD Streaming Stick,3,49.99,0.35,97.48,84.0,13.48,UPI / Digital Wallet
TXN-101021,2023-10-29,CUST-1152,Female,26,26-35,West,Electronics,Wireless Noise-Canceling Headphones,3,149.99,0.0,449.97,255.0,194.97,Cash on Delivery
TXN-101022,2023-10-30,CUST-1103,Male,18,18-25,North,Books,Designing Data-Intensive Applications,1,54.99,0.1,49.49,22.0,27.49,Credit Card
TXN-101023,2023-10-30,CUST-1074,Male,49,36-50,North,Beauty & Personal Care,Hydrating Hyaluronic Acid Cream,2,22.99,0.0,45.98,13.6,32.38,Credit Card
TXN-101024,2023-10-30,CUST-1127,Female,20,18-25,East,Electronics,Smart Fitness Watch,1,199.99,0.05,189.99,110.0,79.99,Debit Card
TXN-101025,2023-10-30,CUST-1710,Female,61,51+,East,Clothing,Denim Slim Fit Jeans,2,59.99,0.1,107.98,52.0,55.98,UPI / Digital Wallet
TXN-101026,2023-10-30,CUST-1665,Male,44,36-50,North,Electronics,Ultra-Slim Laptop Stand,4,39.99,0.05,151.96,72.0,79.96,Debit Card
TXN-101027,2023-10-30,CUST-1567,Female,34,26-35,South,Clothing,Organic Cotton Crew T-Shirt,3,24.99,0.0,74.97,28.5,46.47,Credit Card
TXN-101028,2023-10-30,CUST-1789,Male,26,26-35,East,Electronics,4K Ultra HD Streaming Stick,1,49.99,0.0,49.99,28.0,21.99,Cash on Delivery
TXN-101029,2023-10-30,CUST-1344,Female,19,18-25,North,Home & Kitchen,Compact Espresso Machine,1,179.99,0.0,179.99,98.0,81.99,UPI / Digital Wallet
TXN-101030,2023-10-31,CUST-1530,Male,36,36-50,West,Home & Kitchen,Stainless Steel Cookware Set (10-Pc),1,219.99,0.25,164.99,125.0,39.99,Credit Card
TXN-101031,2023-10-31,CUST-1158,Female,49,36-50,North,Books,Data Science & Machine Learning Handbook,2,44.99,0.15,76.48,36.0,40.48,Cash on Delivery
TXN-101032,2023-10-31,CUST-1537,Female,18,18-25,East,Electronics,Ultra-Slim Laptop Stand,1,39.99,0.05,37.99,18.0,19.99,Debit Card
TXN-101033,2023-10-31,CUST-1425,Female,44,36-50,East,Beauty & Personal Care,Rosewater Revitalizing Facial Mist,2,16.99,0.0,33.98,8.4,25.58,Credit Card
TXN-101034,2023-11-01,CUST-1680,Male,34,26-35,South,Beauty & Personal Care,Rosewater Revitalizing Facial Mist,1,16.99,0.15,14.44,4.2,10.24,Debit Card
TXN-101035,2023-11-01,CUST-1022,Male,39,36-50,East,Electronics,Smart Fitness Watch,1,199.99,0.0,199.99,110.0,89.99,UPI / Digital Wallet
TXN-101036,2023-11-01,CUST-1046,Male,44,36-50,East,Clothing,Denim Slim Fit Jeans,1,59.99,0.0,59.99,26.0,33.99,UPI / Digital Wallet
TXN-101037,2023-11-01,CUST-1524,Male,27,26-35,West,Electronics,Wireless Noise-Canceling Headphones,5,149.99,0.05,712.45,425.0,287.45,Credit Card
TXN-101038,2023-11-01,CUST-1728,Female,48,36-50,South,Electronics,4K Ultra HD Streaming Stick,2,49.99,0.2,79.98,56.0,23.98,Cash on Delivery
TXN-101039,2023-11-01,CUST-1833,Male,28,26-35,East,Electronics,4K Ultra HD Streaming Stick,1,49.99,0.0,49.99,28.0,21.99,Credit Card
TXN-101040,2023-11-01,CUST-1705,Female,40,36-50,East,Home & Kitchen,Compact Espresso Machine,1,179.99,0.0,179.99,98.0,81.99,UPI / Digital Wallet
TXN-101041,2023-11-01,CUST-1143,Male,18,18-25,South,Clothing,Waterproof Hooded Windbreaker,2,89.99,0.05,170.98,84.0,86.98,Debit Card
TXN-101042,2023-11-01,CUST-1584,Female,23,18-25,West,Books,Data Science & Machine Learning Handbook,1,44.99,0.0,44.99,18.0,26.99,Credit Card
TXN-101043,2023-11-01,CUST-1667,Male,42,36-50,North,Electronics,4K Ultra HD Streaming Stick,2,49.99,0.1,89.98,56.0,33.98,Credit Card
TXN-101044,2023-11-01,CUST-1588,Male,34,26-35,North,Books,Deep Work & Focus in a Distracted World,3,22.5,0.05,64.12,21.6,42.52,UPI / Digital Wallet
TXN-101045,2023-11-01,CUST-1418,Male,42,36-50,South,Electronics,Ultra-Slim Laptop Stand,2,39.99,0.05,75.98,36.0,39.98,Credit Card
TXN-101046,2023-11-02,CUST-1680,Male,34,26-35,North,Beauty & Personal Care,Sonic Electric Toothbrush,2,64.99,0.0,129.98,58.0,71.98,UPI / Digital Wallet
TXN-101047,2023-11-02,CUST-1798,Male,26,26-35,West,Clothing,Denim Slim Fit Jeans,2,59.99,0.0,119.98,52.0,67.98,Debit Card
TXN-101048,2023-11-03,CUST-1084,Male,49,36-50,East,Electronics,Smart Fitness Watch,4,199.99,0.15,679.97,440.0,239.97,UPI / Digital Wallet
TXN-101049,2023-11-04,CUST-1415,Male,27,26-35,South,Beauty & Personal Care,Hydrating Hyaluronic Acid Cream,4,22.99,0.2,73.57,27.2,46.37,Debit Card
TXN-101050,2023-11-04,CUST-1693,Female,34,26-35,West,Clothing,Classic Wool Blend Sweater,2,69.99,0.0,139.98,62.0,77.98,Credit Card
TXN-101051,2023-11-04,CUST-1481,Female,39,36-50,South,Home & Kitchen,Compact Espresso Machine,1,179.99,0.0,179.99,98.0,81.99,Credit Card
TXN-101052,2023-11-04,CUST-1455,Female,36,36-50,South,Home & Kitchen,Automatic Robotic Vacuum Cleaner,1,299.99,0.0,299.99,175.0,124.99,UPI / Digital Wallet
TXN-101053,2023-11-04,CUST-1826,Female,28,26-35,North,Clothing,Waterproof Hooded Windbreaker,1,89.99,0.1,80.99,42.0,38.99,Debit Card
TXN-101054,2023-11-05,CUST-1296,Male,35,26-35,South,Clothing,Organic Cotton Crew T-Shirt,2,24.99,0.1,44.98,19.0,25.98,Credit Card
TXN-101055,2023-11-05,CUST-1111,Female,30,26-35,North,Beauty & Personal Care,Rosewater Revitalizing Facial Mist,2,16.99,0.05,32.28,8.4,23.88,Cash on Delivery
TXN-101056,2023-11-05,CUST-1229,Male,35,26-35,East,Electronics,Bluetooth Portable Speaker,1,59.99,0.1,53.99,32.0,21.99,UPI / Digital Wallet
TXN-101057,2023-11-05,CUST-1095,Male,48,36-50,South,Home & Kitchen,Automatic Robotic Vacuum Cleaner,1,299.99,0.1,269.99,175.0,94.99,Credit Card
TXN-101058,2023-11-05,CUST-1679,Female,38,36-50,South,Books,The Psychology of Money & Wealth,1,23.99,0.25,17.99,8.0,9.99,Cash on Delivery
TXN-101059,2023-11-06,CUST-1377,Male,36,36-50,South,Electronics,4K Ultra HD Streaming Stick,3,49.99,0.0,149.97,84.0,65.97,UPI / Digital Wallet
TXN-101060,2023-11-06,CUST-1155,Male,33,26-35,North,Electronics,Wireless Noise-Canceling Headphones,2,149.99,0.0,299.98,170.0,129.98,Credit Card
TXN-101061,2023-11-07,CUST-1420,Female,43,36-50,West,Home & Kitchen,Aroma Oil Diffuser & Humidifier,2,29.99,0.0,59.98,24.0,35.98,Credit Card
TXN-101062,2023-11-07,CUST-1104,Female,41,36-50,North,Clothing,Classic Wool Blend Sweater,1,69.99,0.2,55.99,31.0,24.99,UPI / Digital Wallet
TXN-101063,2023-11-07,CUST-1704,Female,52,51+,West,Clothing,Athletic Performance Joggers,2,44.99,0.15,76.48,38.0,38.48,UPI / Digital Wallet
TXN-101064,2023-11-07,CUST-1329,Male,21,18-25,South,Electronics,Bluetooth Portable Speaker,1,59.99,0.1,53.99,32.0,21.99,Credit Card
TXN-101065,2023-11-07,CUST-1438,Female,18,18-25,East,Clothing,Denim Slim Fit Jeans,2,59.99,0.0,119.98,52.0,67.98,Credit Card
TXN-101066,2023-11-07,CUST-1131,Female,18,18-25,South,Electronics,Bluetooth Portable Speaker,1,59.99,0.0,59.99,32.0,27.99,Credit Card
TXN-101067,2023-11-07,CUST-1381,Female,51,51+,West,Clothing,Classic Wool Blend Sweater,1,69.99,0.0,69.99,31.0,38.99,Debit Card
TXN-101068,2023-11-07,CUST-1137,Male,36,36-50,North,Beauty & Personal Care,Vitamin C Brightening Face Serum,1,28.99,0.1,26.09,8.5,17.59,Credit Card
TXN-101069,2023-11-07,CUST-1842,Male,18,18-25,East,Electronics,4K Ultra HD Streaming Stick,1,49.99,0.0,49.99,28.0,21.99,Credit Card
TXN-101070,2023-11-07,CUST-1269,Female,24,18-25,West,Clothing,Organic Cotton Crew T-Shirt,5,24.99,0.0,124.95,47.5,77.45,UPI / Digital Wallet
TXN-101071,2023-11-08,CUST-1549,Female,25,18-25,West,Books,Deep Work & Focus in a Distracted World,1,22.5,0.15,19.12,7.2,11.92,UPI / Digital Wallet
TXN-101072,2023-11-08,CUST-1395,Female,33,26-35,South,Home & Kitchen,Aroma Oil Diffuser & Humidifier,1,29.99,0.0,29.99,12.0,17.99,Debit Card
TXN-101073,2023-11-08,CUST-1556,Male,43,36-50,West,Beauty & Personal Care,Sonic Electric Toothbrush,2,64.99,0.05,123.48,58.0,65.48,Credit Card
TXN-101074,2023-11-08,CUST-1463,Male,30,26-35,East,Clothing,Waterproof Hooded Windbreaker,3,89.99,0.0,269.97,126.0,143.97,Debit Card
TXN-101075,2023-11-09,CUST-1674,Female,48,36-50,North,Beauty & Personal Care,Argan Oil Hair Repair Mask,1,19.99,0.15,16.99,5.5,11.49,Credit Card
TXN-101076,2023-11-09,CUST-1449,Female,35,26-35,South,Electronics,4K Ultra HD Streaming Stick,2,49.99,0.1,89.98,56.0,33.98,Cash on Delivery
TXN-101077,2023-11-09,CUST-1330,Female,53,51+,South,Electronics,Bluetooth Portable Speaker,3,59.99,0.2,143.98,96.0,47.98,UPI / Digital Wallet
TXN-101078,2023-11-09,CUST-1252,Female,49,36-50,South,Electronics,Ultra-Slim Laptop Stand,1,39.99,0.05,37.99,18.0,19.99,Credit Card
TXN-101079,2023-11-10,CUST-1680,Male,34,26-35,East,Clothing,Classic Wool Blend Sweater,1,69.99,0.25,52.49,31.0,21.49,Credit Card
TXN-101080,2023-11-10,CUST-1284,Female,35,26-35,East,Beauty & Personal Care,Vitamin C Brightening Face Serum,1,28.99,0.2,23.19,8.5,14.69,Debit Card
TXN-101081,2023-11-10,CUST-1273,Female,37,36-50,North,Clothing,Waterproof Hooded Windbreaker,3,89.99,0.1,242.97,126.0,116.97,Debit Card
TXN-101082,2023-11-10,CUST-1019,Male,40,36-50,West,Home & Kitchen,Aroma Oil Diffuser & Humidifier,1,29.99,0.25,22.49,12.0,10.49,Debit Card
TXN-101083,2023-11-10,CUST-1238,Female,38,36-50,North,Home & Kitchen,Non-Stick Ceramic Frying Pan,1,34.99,0.0,34.99,15.0,19.99,UPI / Digital Wallet
TXN-101084,2023-11-10,CUST-1269,Female,24,18-25,West,Home & Kitchen,Non-Stick Ceramic Frying Pan,2,34.99,0.05,66.48,30.0,36.48,UPI / Digital Wallet
TXN-101085,2023-11-11,CUST-1417,Male,29,26-35,West,Clothing,Waterproof Hooded Windbreaker,2,89.99,0.0,179.98,84.0,95.98,Debit Card
TXN-101086,2023-11-12,CUST-1309,Male,67,51+,West,Home & Kitchen,Automatic Robotic Vacuum Cleaner,1,299.99,0.1,269.99,175.0,94.99,UPI / Digital Wallet
TXN-101087,2023-11-12,CUST-1030,Female,34,26-35,West,Clothing,Denim Slim Fit Jeans,2,59.99,0.1,107.98,52.0,55.98,UPI / Digital Wallet
TXN-101088,2023-11-12,CUST-1825,Female,36,36-50,North,Electronics,Smart Fitness Watch,1,199.99,0.15,169.99,110.0,59.99,UPI / Digital Wallet
TXN-101089,2023-11-12,CUST-1103,Male,18,18-25,South,Books,Data Science & Machine Learning Handbook,1,44.99,0.0,44.99,18.0,26.99,Cash on Delivery
TXN-101090,2023-11-14,CUST-1681,Male,26,26-35,North,Electronics,Bluetooth Portable Speaker,2,59.99,0.05,113.98,64.0,49.98,Credit Card
TXN-101091,2023-11-14,CUST-1185,Female,24,18-25,North,Electronics,Smart Fitness Watch,4,199.99,0.0,799.96,440.0,359.96,Credit Card
TXN-101092,2023-11-14,CUST-1127,Female,20,18-25,East,Beauty & Personal Care,Vitamin C Brightening Face Serum,1,28.99,0.1,26.09,8.5,17.59,UPI / Digital Wallet
TXN-101093,2023-11-14,CUST-1209,Male,62,51+,North,Clothing,Classic Wool Blend Sweater,3,69.99,0.0,209.97,93.0,116.97,UPI / Digital Wallet
TXN-101094,2023-11-14,CUST-1413,Male,18,18-25,West,Home & Kitchen,Non-Stick Ceramic Frying Pan,2,34.99,0.2,55.98,30.0,25.98,Cash on Delivery
TXN-101095,2023-11-14,CUST-1280,Male,40,36-50,West,Clothing,Athletic Performance Joggers,1,44.99,0.0,44.99,19.0,25.99,Credit Card
TXN-101096,2023-11-14,CUST-1252,Female,49,36-50,South,Clothing,Classic Wool Blend Sweater,2,69.99,0.0,139.98,62.0,77.98,Debit Card
TXN-101097,2023-11-14,CUST-1018,Male,23,18-25,South,Electronics,Wireless Noise-Canceling Headphones,1,149.99,0.2,119.99,85.0,34.99,Credit Card
TXN-101098,2023-11-14,CUST-1711,Female,51,51+,South,Clothing,Classic Wool Blend Sweater,5,69.99,0.05,332.45,155.0,177.45,Debit Card
TXN-101099,2023-11-14,CUST-1731,Male,24,18-25,West,Clothing,Athletic Performance Joggers,3,44.99,0.0,134.97,57.0,77.97,Credit Card
TXN-101100,2023-11-14,CUST-1135,Male,39,36-50,East,Beauty & Personal Care,Argan Oil Hair Repair Mask,1,19.99,0.05,18.99,5.5,13.49,Credit Card
TXN-101101,2023-11-14,CUST-1222,Male,37,36-50,North,Clothing,Organic Cotton Crew T-Shirt,1,24.99,0.0,24.99,9.5,15.49,Credit Card
TXN-101102,2023-11-14,CUST-1002,Male,41,36-50,South,Books,Designing Data-Intensive Applications,1,54.99,0.35,35.74,22.0,13.74,Debit Card
TXN-101103,2023-11-14,CUST-1235,Male,42,36-50,South,Electronics,4K Ultra HD Streaming Stick,1,49.99,0.1,44.99,28.0,16.99,Credit Card
TXN-101104,2023-11-15,CUST-1464,Female,32,26-35,West,Clothing,Classic Wool Blend Sweater,1,69.99,0.0,69.99,31.0,38.99,Credit Card
TXN-101105,2023-11-16,CUST-1227,Female,48,36-50,North,Home & Kitchen,Aroma Oil Diffuser & Humidifier,1,29.99,0.1,26.99,12.0,14.99,Credit Card
TXN-101106,2023-11-16,CUST-1653,Female,48,36-50,North,Books,Deep Work & Focus in a Distracted World,2,22.5,0.0,45.0,14.4,30.6,Credit Card
TXN-101107,2023-11-16,CUST-1498,Male,33,26-35,West,Electronics,Bluetooth Portable Speaker,1,59.99,0.15,50.99,32.0,18.99,Cash on Delivery
TXN-101108,2023-11-16,CUST-1520,Male,42,36-50,West,Home & Kitchen,Aroma Oil Diffuser & Humidifier,3,29.99,0.2,71.98,36.0,35.98,Credit Card
TXN-101109,2023-11-17,CUST-1701,Female,31,26-35,West,Beauty & Personal Care,Argan Oil Hair Repair Mask,3,19.99,0.2,47.98,16.5,31.48,Credit Card
TXN-101110,2023-11-17,CUST-1676,Male,25,18-25,South,Electronics,Bluetooth Portable Speaker,1,59.99,0.0,59.99,32.0,27.99,UPI / Digital Wallet
TXN-101111,2023-11-17,CUST-1138,Female,35,26-35,East,Beauty & Personal Care,Rosewater Revitalizing Facial Mist,3,16.99,0.0,50.97,12.6,38.37,UPI / Digital Wallet
TXN-101112,2023-11-17,CUST-1275,Male,20,18-25,South,Electronics,Bluetooth Portable Speaker,1,59.99,0.0,59.99,32.0,27.99,UPI / Digital Wallet
TXN-101113,2023-11-17,CUST-1290,Male,47,36-50,North,Beauty & Personal Care,Rosewater Revitalizing Facial Mist,1,16.99,0.1,15.29,4.2,11.09,Debit Card
TXN-101114,2023-11-19,CUST-1052,Male,23,18-25,East,Books,Data Science & Machine Learning Handbook,2,44.99,0.05,85.48,36.0,49.48,Cash on Delivery
TXN-101115,2023-11-20,CUST-1686,Female,32,26-35,North,Home & Kitchen,Stainless Steel Cookware Set (10-Pc),1,219.99,0.05,208.99,125.0,83.99,Credit Card
TXN-101116,2023-11-20,CUST-1109,Male,37,36-50,South,Clothing,Classic Wool Blend Sweater,2,69.99,0.2,111.98,62.0,49.98,Cash on Delivery
TXN-101117,2023-11-20,CUST-1714,Female,43,36-50,West,Electronics,Smart Fitness Watch,4,199.99,0.0,799.96,440.0,359.96,UPI / Digital Wallet
TXN-101118,2023-11-20,CUST-1647,Female,29,26-35,South,Books,Data Science & Machine Learning Handbook,5,44.99,0.0,224.95,90.0,134.95,Debit Card
TXN-101119,2023-11-20,CUST-1003,Male,45,36-50,West,Clothing,Denim Slim Fit Jeans,2,59.99,0.0,119.98,52.0,67.98,UPI / Digital Wallet
TXN-101120,2023-11-20,CUST-1666,Female,18,18-25,North,Electronics,Bluetooth Portable Speaker,3,59.99,0.0,179.97,96.0,83.97,UPI / Digital Wallet
TXN-101121,2023-11-20,CUST-1683,Female,37,36-50,South,Home & Kitchen,Non-Stick Ceramic Frying Pan,1,34.99,0.0,34.99,15.0,19.99,Credit Card
TXN-101122,2023-11-20,CUST-1046,Male,44,36-50,East,Clothing,Denim Slim Fit Jeans,1,59.99,0.05,56.99,26.0,30.99,Credit Card
TXN-101123,2023-11-20,CUST-1093,Male,18,18-25,East,Electronics,Ultra-Slim Laptop Stand,2,39.99,0.0,79.98,36.0,43.98,Cash on Delivery
TXN-101124,2023-11-21,CUST-1559,Female,41,36-50,South,Electronics,4K Ultra HD Streaming Stick,1,49.99,0.0,49.99,28.0,21.99,Debit Card
TXN-101125,2023-11-22,CUST-1751,Female,24,18-25,West,Electronics,Smart Fitness Watch,1,199.99,0.15,169.99,110.0,59.99,Credit Card
TXN-101126,2023-11-22,CUST-1212,Male,30,26-35,North,Home & Kitchen,Compact Espresso Machine,1,179.99,0.0,179.99,98.0,81.99,UPI / Digital Wallet
TXN-101127,2023-11-22,CUST-1435,Male,47,36-50,West,Home & Kitchen,Compact Espresso Machine,2,179.99,0.1,323.98,196.0,127.98,Debit Card
TXN-101128,2023-11-22,CUST-1507,Female,34,26-35,North,Clothing,Denim Slim Fit Jeans,1,59.99,0.0,59.99,26.0,33.99,Credit Card
TXN-101129,2023-11-22,CUST-1835,Male,57,51+,West,Beauty & Personal Care,Hydrating Hyaluronic Acid Cream,2,22.99,0.05,43.68,13.6,30.08,UPI / Digital Wallet
TXN-101130,2023-11-22,CUST-1650,Female,39,36-50,South,Beauty & Personal Care,Argan Oil Hair Repair Mask,1,19.99,0.25,14.99,5.5,9.49,UPI / Digital Wallet
TXN-101131,2023-11-22,CUST-1204,Male,42,36-50,West,Home & Kitchen,Stainless Steel Cookware Set (10-Pc),1,219.99,0.0,219.99,125.0,94.99,Credit Card
TXN-101132,2023-11-22,CUST-1380,Female,55,51+,East,Electronics,4K Ultra HD Streaming Stick,1,49.99,0.05,47.49,28.0,19.49,Cash on Delivery
TXN-101133,2023-11-23,CUST-1072,Male,38,36-50,North,Home & Kitchen,Stainless Steel Cookware Set (10-Pc),1,219.99,0.2,175.99,125.0,50.99,Credit Card
TXN-101134,2023-11-23,CUST-1515,Female,26,26-35,West,Clothing,Denim Slim Fit Jeans,3,59.99,0.1,161.97,78.0,83.97,Debit Card
TXN-101135,2023-11-23,CUST-1075,Male,28,26-35,North,Home & Kitchen,Stainless Steel Cookware Set (10-Pc),1,219.99,0.0,219.99,125.0,94.99,Credit Card
TXN-101136,2023-11-23,CUST-1840,Male,30,26-35,North,Home & Kitchen,Automatic Robotic Vacuum Cleaner,1,299.99,0.05,284.99,175.0,109.99,Debit Card
TXN-101137,2023-11-25,CUST-1076,Female,33,26-35,West,Clothing,Waterproof Hooded Windbreaker,2,89.99,0.1,161.98,84.0,77.98,Credit Card
TXN-101138,2023-11-25,CUST-1815,Male,45,36-50,North,Books,Data Science & Machine Learning Handbook,1,44.99,0.2,35.99,18.0,17.99,Credit Card
TXN-101139,2023-11-26,CUST-1767,Female,44,36-50,North,Electronics,4K Ultra HD Streaming Stick,1,49.99,0.0,49.99,28.0,21.99,UPI / Digital Wallet
TXN-101140,2023-11-26,CUST-1409,Male,38,36-50,South,Home & Kitchen,Automatic Robotic Vacuum Cleaner,1,299.99,0.0,299.99,175.0,124.99,Credit Card
TXN-101141,2023-11-26,CUST-1613,Male,43,36-50,West,Electronics,Bluetooth Portable Speaker,5,59.99,0.0,299.95,160.0,139.95,UPI / Digital Wallet
TXN-101142,2023-11-26,CUST-1105,Female,47,36-50,North,Books,Deep Work & Focus in a Distracted World,2,22.5,0.0,45.0,14.4,30.6,Debit Card
TXN-101143,2023-11-26,CUST-1844,Male,22,18-25,South,Electronics,Smart Fitness Watch,1,199.99,0.0,199.99,110.0,89.99,Cash on Delivery
TXN-101144,2023-11-26,CUST-1550,Male,21,18-25,East,Electronics,Bluetooth Portable Speaker,1,59.99,0.0,59.99,32.0,27.99,Debit Card
TXN-101145,2023-11-26,CUST-1475,Male,33,26-35,West,Clothing,Athletic Performance Joggers,1,44.99,0.0,44.99,19.0,25.99,Credit Card
TXN-101146,2023-11-26,CUST-1825,Female,36,36-50,West,Clothing,Waterproof Hooded Windbreaker,1,89.99,0.0,89.99,42.0,47.99,Credit Card
TXN-101147,2023-11-27,CUST-1274,Female,38,36-50,East,Electronics,4K Ultra HD Streaming Stick,2,49.99,0.25,74.98,56.0,18.98,UPI / Digital Wallet
TXN-101148,2023-11-27,CUST-1087,Male,29,26-35,East,Home & Kitchen,Compact Espresso Machine,3,179.99,0.0,539.97,294.0,245.97,UPI / Digital Wallet
TXN-101149,2023-11-27,CUST-1722,Male,18,18-25,South,Clothing,Athletic Performance Joggers,1,44.99,0.0,44.99,19.0,25.99,Credit Card
TXN-101150,2023-11-27,CUST-1076,Female,33,26-35,North,Electronics,Ultra-Slim Laptop Stand,3,39.99,0.0,119.97,54.0,65.97,Debit Card
TXN-101151,2023-11-27,CUST-1076,Female,33,26-35,East,Clothing,Organic Cotton Crew T-Shirt,1,24.99,0.25,18.74,9.5,9.24,Debit Card
TXN-101152,2023-11-28,CUST-1441,Male,39,36-50,West,Beauty & Personal Care,Argan Oil Hair Repair Mask,1,19.99,0.15,16.99,5.5,11.49,Cash on Delivery
TXN-101153,2023-11-28,CUST-1539,Female,46,36-50,East,Home & Kitchen,Automatic Robotic Vacuum Cleaner,1,299.99,0.15,254.99,175.0,79.99,Cash on Delivery
TXN-101154,2023-11-30,CUST-1244,Male,39,36-50,North,Beauty & Personal Care,Sonic Electric Toothbrush,1,64.99,0.0,64.99,29.0,35.99,Cash on Delivery
TXN-101155,2023-11-30,CUST-1577,Female,40,36-50,South,Home & Kitchen,Compact Espresso Machine,4,179.99,0.15,611.97,392.0,219.97,UPI / Digital Wallet
TXN-101156,2023-11-30,CUST-1777,Female,47,36-50,East,Clothing,Organic Cotton Crew T-Shirt,1,24.99,0.05,23.74,9.5,14.24,Cash on Delivery
TXN-101157,2023-11-30,CUST-1381,Female,51,51+,East,Electronics,4K Ultra HD Streaming Stick,1,49.99,0.0,49.99,28.0,21.99,Credit Card
TXN-101158,2023-11-30,CUST-1716,Male,40,36-50,East,Electronics,Bluetooth Portable Speaker,4,59.99,0.1,215.96,128.0,87.96,UPI / Digital Wallet
TXN-101159,2023-11-30,CUST-1569,Male,53,51+,South,Beauty & Personal Care,Hydrating Hyaluronic Acid Cream,3,22.99,0.15,58.62,20.4,38.22,UPI / Digital Wallet
TXN-101160,2023-12-01,CUST-1712,Male,37,36-50,North,Books,Data Science & Machine Learning Handbook,3,44.99,0.15,114.72,54.0,60.72,Cash on Delivery
TXN-101161,2023-12-01,CUST-1736,Female,38,36-50,West,Clothing,Classic Wool Blend Sweater,4,69.99,0.2,223.97,124.0,99.97,Debit Card
TXN-101162,2023-12-01,CUST-1141,Male,37,36-50,East,Electronics,Smart Fitness Watch,1,199.99,0.2,159.99,110.0,49.99,Credit Card
TXN-101163,2023-12-01,CUST-1367,Female,56,51+,North,Electronics,Smart Fitness Watch,3,199.99,0.0,599.97,330.0,269.97,Debit Card
TXN-101164,2023-12-01,CUST-1083,Female,49,36-50,South,Clothing,Denim Slim Fit Jeans,2,59.99,0.05,113.98,52.0,61.98,UPI / Digital Wallet
TXN-101165,2023-12-01,CUST-1142,Female,33,26-35,West,Home & Kitchen,Automatic Robotic Vacuum Cleaner,3,299.99,0.0,899.97,525.0,374.97,Credit Card
TXN-101166,2023-12-02,CUST-1351,Male,18,18-25,West,Electronics,4K Ultra HD Streaming Stick,3,49.99,0.2,119.98,84.0,35.98,Credit Card
TXN-101167,2023-12-02,CUST-1544,Male,18,18-25,South,Books,The Psychology of Money & Wealth,1,23.99,0.0,23.99,8.0,15.99,Debit Card
TXN-101168,2023-12-02,CUST-1151,Male,18,18-25,North,Clothing,Athletic Performance Joggers,3,44.99,0.2,107.98,57.0,50.98,Credit Card
TXN-101169,2023-12-02,CUST-1157,Female,28,26-35,North,Books,Data Science & Machine Learning Handbook,1,44.99,0.0,44.99,18.0,26.99,Credit Card
TXN-101170,2023-12-02,CUST-1445,Female,41,36-50,North,Beauty & Personal Care,Sonic Electric Toothbrush,1,64.99,0.05,61.74,29.0,32.74,Credit Card
TXN-101171,2023-12-02,CUST-1652,Female,42,36-50,East,Beauty & Personal Care,Vitamin C Brightening Face Serum,1,28.99,0.0,28.99,8.5,20.49,Cash on Delivery
TXN-101172,2023-12-02,CUST-1762,Male,32,26-35,East,Home & Kitchen,Automatic Robotic Vacuum Cleaner,4,299.99,0.0,1199.96,700.0,499.96,UPI / Digital Wallet
TXN-101173,2023-12-02,CUST-1302,Male,35,26-35,East,Home & Kitchen,Aroma Oil Diffuser & Humidifier,1,29.99,0.2,23.99,12.0,11.99,Credit Card
TXN-101174,2023-12-03,CUST-1623,Female,39,36-50,East,Home & Kitchen,Compact Espresso Machine,2,179.99,0.0,359.98,196.0,163.98,UPI / Digital Wallet
TXN-101175,2023-12-03,CUST-1655,Male,30,26-35,North,Home & Kitchen,Non-Stick Ceramic Frying Pan,1,34.99,0.05,33.24,15.0,18.24,UPI / Digital Wallet
TXN-101176,2023-12-04,CUST-1449,Female,35,26-35,North,Home & Kitchen,Compact Espresso Machine,4,179.99,0.0,719.96,392.0,327.96,Credit Card
TXN-101177,2023-12-04,CUST-1720,Male,28,26-35,South,Books,Data Science & Machine Learning Handbook,1,44.99,0.05,42.74,18.0,24.74,Credit Card
TXN-101178,2023-12-04,CUST-1223,Male,54,51+,North,Beauty & Personal Care,Hydrating Hyaluronic Acid Cream,3,22.99,0.0,68.97,20.4,48.57,Debit Card
TXN-101179,2023-12-04,CUST-1042,Female,34,26-35,North,Beauty & Personal Care,Hydrating Hyaluronic Acid Cream,3,22.99,0.0,68.97,20.4,48.57,Debit Card
TXN-101180,2023-12-04,CUST-1263,Male,29,26-35,East,Beauty & Personal Care,Argan Oil Hair Repair Mask,1,19.99,0.2,15.99,5.5,10.49,UPI / Digital Wallet
TXN-101181,2023-12-04,CUST-1755,Male,42,36-50,West,Electronics,Ultra-Slim Laptop Stand,1,39.99,0.05,37.99,18.0,19.99,Debit Card
TXN-101182,2023-12-04,CUST-1002,Male,41,36-50,East,Electronics,4K Ultra HD Streaming Stick,2,49.99,0.0,99.98,56.0,43.98,Credit Card
TXN-101183,2023-12-06,CUST-1636,Male,39,36-50,West,Clothing,Organic Cotton Crew T-Shirt,4,24.99,0.1,89.96,38.0,51.96,Cash on Delivery
TXN-101184,2023-12-06,CUST-1267,Male,65,51+,East,Clothing,Classic Wool Blend Sweater,3,69.99,0.0,209.97,93.0,116.97,Credit Card
TXN-101185,2023-12-06,CUST-1595,Female,34,26-35,East,Beauty & Personal Care,Argan Oil Hair Repair Mask,1,19.99,0.0,19.99,5.5,14.49,UPI / Digital Wallet
TXN-101186,2023-12-06,CUST-1015,Male,32,26-35,North,Clothing,Athletic Performance Joggers,3,44.99,0.05,128.22,57.0,71.22,Credit Card
TXN-101187,2023-12-07,CUST-1333,Female,49,36-50,West,Home & Kitchen,Non-Stick Ceramic Frying Pan,1,34.99,0.0,34.99,15.0,19.99,Credit Card
TXN-101188,2023-12-07,CUST-1463,Male,30,26-35,North,Home & Kitchen,Aroma Oil Diffuser & Humidifier,2,29.99,0.1,53.98,24.0,29.98,Debit Card
TXN-101189,2023-12-07,CUST-1058,Male,39,36-50,North,Electronics,Smart Fitness Watch,3,199.99,0.05,569.97,330.0,239.97,Credit Card
TXN-101190,2023-12-08,CUST-1176,Female,25,18-25,North,Home & Kitchen,Compact Espresso Machine,1,179.99,0.15,152.99,98.0,54.99,Debit Card
TXN-101191,2023-12-08,CUST-1062,Female,32,26-35,West,Beauty & Personal Care,Argan Oil Hair Repair Mask,3,19.99,0.25,44.98,16.5,28.48,Credit Card
TXN-101192,2023-12-08,CUST-1560,Female,31,26-35,West,Electronics,Ultra-Slim Laptop Stand,2,39.99,0.0,79.98,36.0,43.98,Debit Card
TXN-101193,2023-12-08,CUST-1306,Male,32,26-35,East,Home & Kitchen,Aroma Oil Diffuser & Humidifier,4,29.99,0.0,119.96,48.0,71.96,UPI / Digital Wallet
TXN-101194,2023-12-08,CUST-1245,Male,30,26-35,East,Home & Kitchen,Aroma Oil Diffuser & Humidifier,1,29.99,0.0,29.99,12.0,17.99,Credit Card
TXN-101195,2023-12-08,CUST-1288,Male,21,18-25,South,Electronics,Wireless Noise-Canceling Headphones,1,149.99,0.0,149.99,85.0,64.99,UPI / Digital Wallet
TXN-101196,2023-12-08,CUST-1797,Female,18,18-25,West,Electronics,Smart Fitness Watch,3,199.99,0.15,509.97,330.0,179.97,Credit Card
TXN-101197,2023-12-08,CUST-1331,Male,33,26-35,East,Books,Designing Data-Intensive Applications,1,54.99,0.15,46.74,22.0,24.74,Credit Card
TXN-101198,2023-12-08,CUST-1526,Male,33,26-35,West,Clothing,Waterproof Hooded Windbreaker,1,89.99,0.05,85.49,42.0,43.49,UPI / Digital Wallet
TXN-101199,2023-12-08,CUST-1849,Female,36,36-50,South,Electronics,Wireless Noise-Canceling Headphones,5,149.99,0.05,712.45,425.0,287.45,Debit Card
TXN-101200,2023-12-08,CUST-1254,Female,19,18-25,South,Electronics,4K Ultra HD Streaming Stick,1,49.99,0.0,49.99,28.0,21.99,Debit Card
TXN-101201,2023-12-08,CUST-1603,Male,35,26-35,West,Home & Kitchen,Automatic Robotic Vacuum Cleaner,5,299.99,0.1,1349.96,875.0,474.96,Credit Card
TXN-101202,2023-12-08,CUST-1509,Female,33,26-35,North,Home & Kitchen,Aroma Oil Diffuser & Humidifier,1,29.99,0.15,25.49,12.0,13.49,UPI / Digital Wallet
TXN-101203,2023-12-08,CUST-1790,Female,45,36-50,West,Home & Kitchen,Automatic Robotic Vacuum Cleaner,1,299.99,0.1,269.99,175.0,94.99,Debit Card
TXN-101204,2023-12-09,CUST-1717,Male,36,36-50,South,Electronics,Ultra-Slim Laptop Stand,3,39.99,0.0,119.97,54.0,65.97,Credit Card
TXN-101205,2023-12-10,CUST-1605,Male,24,18-25,West,Books,Atomic Habits for Daily Productivity,2,21.99,0.1,39.58,15.0,24.58,Credit Card
TXN-101206,2023-12-10,CUST-1736,Female,38,36-50,South,Clothing,Denim Slim Fit Jeans,2,59.99,0.05,113.98,52.0,61.98,UPI / Digital Wallet
TXN-101207,2023-12-10,CUST-1812,Female,46,36-50,East,Clothing,Athletic Performance Joggers,2,44.99,0.05,85.48,38.0,47.48,Debit Card
TXN-101208,2023-12-10,CUST-1829,Male,31,26-35,South,Clothing,Athletic Performance Joggers,3,44.99,0.05,128.22,57.0,71.22,Credit Card
TXN-101209,2023-12-10,CUST-1462,Female,28,26-35,East,Clothing,Waterproof Hooded Windbreaker,1,89.99,0.05,85.49,42.0,43.49,Credit Card
TXN-101210,2023-12-10,CUST-1198,Male,32,26-35,South,Beauty & Personal Care,Vitamin C Brightening Face Serum,1,28.99,0.1,26.09,8.5,17.59,Credit Card
TXN-101211,2023-12-10,CUST-1270,Female,57,51+,West,Books,Data Science & Machine Learning Handbook,1,44.99,0.2,35.99,18.0,17.99,Debit Card
TXN-101212,2023-12-10,CUST-1745,Male,47,36-50,East,Clothing,Athletic Performance Joggers,2,44.99,0.0,89.98,38.0,51.98,UPI / Digital Wallet
TXN-101213,2023-12-10,CUST-1557,Male,26,26-35,North,Beauty & Personal Care,Hydrating Hyaluronic Acid Cream,1,22.99,0.25,17.24,6.8,10.44,Debit Card
TXN-101214,2023-12-11,CUST-1063,Male,66,51+,West,Beauty & Personal Care,Sonic Electric Toothbrush,1,64.99,0.05,61.74,29.0,32.74,Debit Card
TXN-101215,2023-12-11,CUST-1229,Male,35,26-35,North,Books,Data Science & Machine Learning Handbook,1,44.99,0.1,40.49,18.0,22.49,Cash on Delivery
TXN-101216,2023-12-11,CUST-1248,Female,22,18-25,South,Electronics,4K Ultra HD Streaming Stick,1,49.99,0.2,39.99,28.0,11.99,Debit Card
TXN-101217,2023-12-12,CUST-1245,Male,30,26-35,North,Home & Kitchen,Compact Espresso Machine,1,179.99,0.05,170.99,98.0,72.99,Debit Card
TXN-101218,2023-12-12,CUST-1586,Female,38,36-50,West,Electronics,Smart Fitness Watch,2,199.99,0.15,339.98,220.0,119.98,Credit Card
TXN-101219,2023-12-12,CUST-1156,Female,18,18-25,North,Beauty & Personal Care,Hydrating Hyaluronic Acid Cream,1,22.99,0.0,22.99,6.8,16.19,Debit Card
TXN-101220,2023-12-12,CUST-1734,Female,47,36-50,North,Electronics,Ultra-Slim Laptop Stand,3,39.99,0.0,119.97,54.0,65.97,Debit Card
TXN-101221,2023-12-12,CUST-1701,Female,31,26-35,West,Home & Kitchen,Compact Espresso Machine,2,179.99,0.1,323.98,196.0,127.98,Credit Card
TXN-101222,2023-12-12,CUST-1563,Female,38,36-50,West,Clothing,Athletic Performance Joggers,1,44.99,0.2,35.99,19.0,16.99,Cash on Delivery
TXN-101223,2023-12-12,CUST-1087,Male,29,26-35,North,Clothing,Waterproof Hooded Windbreaker,2,89.99,0.2,143.98,84.0,59.98,UPI / Digital Wallet
TXN-101224,2023-12-12,CUST-1312,Male,41,36-50,East,Home & Kitchen,Aroma Oil Diffuser & Humidifier,1,29.99,0.1,26.99,12.0,14.99,UPI / Digital Wallet
TXN-101225,2023-12-12,CUST-1065,Female,29,26-35,West,Beauty & Personal Care,Hydrating Hyaluronic Acid Cream,3,22.99,0.05,65.52,20.4,45.12,Debit Card
TXN-101226,2023-12-12,CUST-1661,Female,41,36-50,North,Home & Kitchen,Non-Stick Ceramic Frying Pan,5,34.99,0.0,174.95,75.0,99.95,Debit Card
TXN-101227,2023-12-12,CUST-1019,Male,40,36-50,West,Beauty & Personal Care,Vitamin C Brightening Face Serum,2,28.99,0.35,37.69,17.0,20.69,Credit Card
TXN-101228,2023-12-12,CUST-1032,Male,28,26-35,South,Electronics,Wireless Noise-Canceling Headphones,2,149.99,0.0,299.98,170.0,129.98,Credit Card
TXN-101229,2023-12-12,CUST-1839,Male,35,26-35,East,Clothing,Athletic Performance Joggers,1,44.99,0.15,38.24,19.0,19.24,UPI / Digital Wallet
TXN-101230,2023-12-12,CUST-1792,Male,19,18-25,South,Clothing,Waterproof Hooded Windbreaker,1,89.99,0.05,85.49,42.0,43.49,Debit Card
TXN-101231,2023-12-13,CUST-1557,Male,26,26-35,East,Electronics,4K Ultra HD Streaming Stick,3,49.99,0.1,134.97,84.0,50.97,UPI / Digital Wallet
TXN-101232,2023-12-13,CUST-1072,Male,38,36-50,North,Home & Kitchen,Non-Stick Ceramic Frying Pan,1,34.99,0.05,33.24,15.0,18.24,Credit Card
TXN-101233,2023-12-14,CUST-1824,Male,32,26-35,East,Home & Kitchen,Non-Stick Ceramic Frying Pan,1,34.99,0.25,26.24,15.0,11.24,Debit Card
TXN-101234,2023-12-14,CUST-1342,Male,45,36-50,North,Home & Kitchen,Aroma Oil Diffuser & Humidifier,1,29.99,0.1,26.99,12.0,14.99,UPI / Digital Wallet
TXN-101235,2023-12-14,CUST-1132,Male,39,36-50,South,Beauty & Personal Care,Sonic Electric Toothbrush,2,64.99,0.25,97.48,58.0,39.48,Debit Card
TXN-101236,2023-12-14,CUST-1054,Male,43,36-50,North,Home & Kitchen,Compact Espresso Machine,1,179.99,0.0,179.99,98.0,81.99,UPI / Digital Wallet
TXN-101237,2023-12-14,CUST-1060,Male,20,18-25,West,Electronics,Bluetooth Portable Speaker,4,59.99,0.1,215.96,128.0,87.96,Cash on Delivery
TXN-101238,2023-12-14,CUST-1519,Female,18,18-25,South,Electronics,Bluetooth Portable Speaker,1,59.99,0.1,53.99,32.0,21.99,Credit Card
TXN-101239,2023-12-14,CUST-1271,Female,18,18-25,South,Home & Kitchen,Aroma Oil Diffuser & Humidifier,1,29.99,0.15,25.49,12.0,13.49,Credit Card
TXN-101240,2023-12-15,CUST-1245,Male,30,26-35,South,Electronics,Wireless Noise-Canceling Headphones,2,149.99,0.2,239.98,170.0,69.98,Credit Card
TXN-101241,2023-12-15,CUST-1175,Male,32,26-35,East,Electronics,Ultra-Slim Laptop Stand,1,39.99,0.0,39.99,18.0,21.99,UPI / Digital Wallet
TXN-101242,2023-12-15,CUST-1627,Male,22,18-25,South,Clothing,Waterproof Hooded Windbreaker,2,89.99,0.0,179.98,84.0,95.98,Credit Card
TXN-101243,2023-12-15,CUST-1316,Female,45,36-50,East,Home & Kitchen,Automatic Robotic Vacuum Cleaner,1,299.99,0.05,284.99,175.0,109.99,UPI / Digital Wallet
TXN-101244,2023-12-15,CUST-1782,Female,42,36-50,North,Clothing,Waterproof Hooded Windbreaker,1,89.99,0.0,89.99,42.0,47.99,Credit Card
TXN-101245,2023-12-15,CUST-1704,Female,52,51+,North,Beauty & Personal Care,Rosewater Revitalizing Facial Mist,1,16.99,0.25,12.74,4.2,8.54,Debit Card
TXN-101246,2023-12-15,CUST-1661,Female,41,36-50,South,Home & Kitchen,Aroma Oil Diffuser & Humidifier,4,29.99,0.0,119.96,48.0,71.96,UPI / Digital Wallet
TXN-101247,2023-12-15,CUST-1130,Male,42,36-50,West,Clothing,Waterproof Hooded Windbreaker,2,89.99,0.05,170.98,84.0,86.98,Debit Card
TXN-101248,2023-12-15,CUST-1101,Male,47,36-50,North,Beauty & Personal Care,Rosewater Revitalizing Facial Mist,3,16.99,0.0,50.97,12.6,38.37,Debit Card
TXN-101249,2023-12-15,CUST-1309,Male,67,51+,North,Home & Kitchen,Aroma Oil Diffuser & Humidifier,1,29.99,0.05,28.49,12.0,16.49,Credit Card
TXN-101250,2023-12-16,CUST-1781,Female,30,26-35,North,Home & Kitchen,Non-Stick Ceramic Frying Pan,2,34.99,0.05,66.48,30.0,36.48,Credit Card
TXN-101251,2023-12-16,CUST-1291,Female,18,18-25,East,Home & Kitchen,Stainless Steel Cookware Set (10-Pc),1,219.99,0.0,219.99,125.0,94.99,Debit Card
TXN-101252,2023-12-16,CUST-1721,Female,41,36-50,South,Electronics,Bluetooth Portable Speaker,4,59.99,0.0,239.96,128.0,111.96,Debit Card
TXN-101253,2023-12-16,CUST-1494,Female,43,36-50,West,Home & Kitchen,Stainless Steel Cookware Set (10-Pc),2,219.99,0.05,417.98,250.0,167.98,Cash on Delivery
TXN-101254,2023-12-16,CUST-1360,Female,51,51+,North,Clothing,Athletic Performance Joggers,2,44.99,0.35,58.49,38.0,20.49,Cash on Delivery
TXN-101255,2023-12-16,CUST-1337,Female,28,26-35,North,Books,Data Science & Machine Learning Handbook,1,44.99,0.0,44.99,18.0,26.99,UPI / Digital Wallet
TXN-101256,2023-12-16,CUST-1578,Female,31,26-35,South,Beauty & Personal Care,Rosewater Revitalizing Facial Mist,2,16.99,0.05,32.28,8.4,23.88,Credit Card
TXN-101257,2023-12-16,CUST-1009,Female,37,36-50,East,Home & Kitchen,Stainless Steel Cookware Set (10-Pc),1,219.99,0.35,142.99,125.0,17.99,UPI / Digital Wallet
TXN-101258,2023-12-16,CUST-1048,Male,26,26-35,East,Electronics,Wireless Noise-Canceling Headphones,4,149.99,0.15,509.97,340.0,169.97,Credit Card
TXN-101259,2023-12-17,CUST-1486,Female,44,36-50,North,Electronics,Bluetooth Portable Speaker,1,59.99,0.35,38.99,32.0,6.99,Credit Card
TXN-101260,2023-12-17,CUST-1622,Female,45,36-50,West,Clothing,Organic Cotton Crew T-Shirt,1,24.99,0.25,18.74,9.5,9.24,Credit Card
TXN-101261,2023-12-18,CUST-1320,Female,32,26-35,South,Clothing,Athletic Performance Joggers,1,44.99,0.05,42.74,19.0,23.74,Credit Card
TXN-101262,2023-12-19,CUST-1730,Male,21,18-25,East,Clothing,Waterproof Hooded Windbreaker,1,89.99,0.1,80.99,42.0,38.99,Credit Card
TXN-101263,2023-12-19,CUST-1568,Male,58,51+,South,Clothing,Organic Cotton Crew T-Shirt,1,24.99,0.0,24.99,9.5,15.49,Debit Card
TXN-101264,2023-12-19,CUST-1794,Male,59,51+,North,Electronics,Bluetooth Portable Speaker,3,59.99,0.05,170.97,96.0,74.97,Cash on Delivery
TXN-101265,2023-12-19,CUST-1624,Female,24,18-25,West,Books,Deep Work & Focus in a Distracted World,2,22.5,0.15,38.25,14.4,23.85,Credit Card
TXN-101266,2023-12-19,CUST-1132,Male,39,36-50,West,Electronics,Bluetooth Portable Speaker,3,59.99,0.05,170.97,96.0,74.97,Cash on Delivery
TXN-101267,2023-12-19,CUST-1582,Female,44,36-50,South,Books,Deep Work & Focus in a Distracted World,3,22.5,0.1,60.75,21.6,39.15,Credit Card
TXN-101268,2023-12-20,CUST-1082,Male,26,26-35,East,Books,Deep Work & Focus in a Distracted World,1,22.5,0.15,19.12,7.2,11.92,Credit Card
TXN-101269,2023-12-20,CUST-1056,Female,47,36-50,North,Home & Kitchen,Non-Stick Ceramic Frying Pan,2,34.99,0.0,69.98,30.0,39.98,Debit Card
TXN-101270,2023-12-20,CUST-1375,Male,26,26-35,East,Beauty & Personal Care,Rosewater Revitalizing Facial Mist,1,16.99,0.2,13.59,4.2,9.39,UPI / Digital Wallet
TXN-101271,2023-12-20,CUST-1348,Male,34,26-35,South,Clothing,Athletic Performance Joggers,4,44.99,0.05,170.96,76.0,94.96,Credit Card
TXN-101272,2023-12-22,CUST-1270,Female,57,51+,West,Home & Kitchen,Aroma Oil Diffuser & Humidifier,1,29.99,0.0,29.99,12.0,17.99,Credit Card
TXN-101273,2023-12-22,CUST-1482,Male,28,26-35,North,Clothing,Denim Slim Fit Jeans,1,59.99,0.2,47.99,26.0,21.99,Debit Card
TXN-101274,2023-12-22,CUST-1110,Male,49,36-50,North,Clothing,Classic Wool Blend Sweater,1,69.99,0.05,66.49,31.0,35.49,Credit Card
TXN-101275,2023-12-22,CUST-1075,Male,28,26-35,North,Home & Kitchen,Non-Stick Ceramic Frying Pan,1,34.99,0.15,29.74,15.0,14.74,UPI / Digital Wallet
TXN-101276,2023-12-22,CUST-1157,Female,28,26-35,North,Clothing,Athletic Performance Joggers,1,44.99,0.05,42.74,19.0,23.74,Debit Card
TXN-101277,2023-12-22,CUST-1531,Female,55,51+,South,Home & Kitchen,Aroma Oil Diffuser & Humidifier,1,29.99,0.05,28.49,12.0,16.49,Credit Card
TXN-101278,2023-12-22,CUST-1642,Female,36,36-50,North,Clothing,Waterproof Hooded Windbreaker,3,89.99,0.15,229.47,126.0,103.47,UPI / Digital Wallet
TXN-101279,2023-12-22,CUST-1328,Female,33,26-35,East,Clothing,Classic Wool Blend Sweater,3,69.99,0.1,188.97,93.0,95.97,Credit Card
TXN-101280,2023-12-22,CUST-1121,Female,36,36-50,North,Electronics,Bluetooth Portable Speaker,1,59.99,0.05,56.99,32.0,24.99,UPI / Digital Wallet
TXN-101281,2023-12-23,CUST-1040,Male,52,51+,East,Electronics,Smart Fitness Watch,1,199.99,0.0,199.99,110.0,89.99,UPI / Digital Wallet
TXN-101282,2023-12-23,CUST-1166,Male,59,51+,South,Electronics,Smart Fitness Watch,3,199.99,0.2,479.98,330.0,149.98,Cash on Delivery
TXN-101283,2023-12-23,CUST-1641,Male,18,18-25,West,Electronics,Bluetooth Portable Speaker,1,59.99,0.0,59.99,32.0,27.99,Debit Card
TXN-101284,2023-12-23,CUST-1022,Male,39,36-50,West,Electronics,Ultra-Slim Laptop Stand,3,39.99,0.2,95.98,54.0,41.98,Debit Card
TXN-101285,2023-12-23,CUST-1278,Male,35,26-35,West,Beauty & Personal Care,Rosewater Revitalizing Facial Mist,1,16.99,0.05,16.14,4.2,11.94,Credit Card
TXN-101286,2023-12-23,CUST-1762,Male,32,26-35,East,Electronics,Smart Fitness Watch,2,199.99,0.1,359.98,220.0,139.98,UPI / Digital Wallet
TXN-101287,2023-12-23,CUST-1468,Female,41,36-50,South,Home & Kitchen,Compact Espresso Machine,2,179.99,0.2,287.98,196.0,91.98,Debit Card
TXN-101288,2023-12-24,CUST-1399,Female,29,26-35,East,Electronics,Ultra-Slim Laptop Stand,2,39.99,0.0,79.98,36.0,43.98,Debit Card
TXN-101289,2023-12-24,CUST-1008,Female,19,18-25,West,Beauty & Personal Care,Hydrating Hyaluronic Acid Cream,3,22.99,0.1,62.07,20.4,41.67,UPI / Digital Wallet
TXN-101290,2023-12-25,CUST-1012,Female,46,36-50,North,Clothing,Denim Slim Fit Jeans,1,59.99,0.15,50.99,26.0,24.99,Credit Card
TXN-101291,2023-12-25,CUST-1818,Male,44,36-50,South,Clothing,Classic Wool Blend Sweater,1,69.99,0.15,59.49,31.0,28.49,UPI / Digital Wallet
TXN-101292,2023-12-25,CUST-1831,Female,34,26-35,North,Clothing,Waterproof Hooded Windbreaker,2,89.99,0.05,170.98,84.0,86.98,UPI / Digital Wallet
TXN-101293,2023-12-25,CUST-1051,Male,29,26-35,South,Clothing,Athletic Performance Joggers,3,44.99,0.1,121.47,57.0,64.47,Debit Card
TXN-101294,2023-12-26,CUST-1208,Female,49,36-50,South,Home & Kitchen,Aroma Oil Diffuser & Humidifier,1,29.99,0.15,25.49,12.0,13.49,Debit Card
TXN-101295,2023-12-26,CUST-1549,Female,25,18-25,South,Electronics,Smart Fitness Watch,3,199.99,0.15,509.97,330.0,179.97,Credit Card
TXN-101296,2023-12-26,CUST-1611,Male,48,36-50,South,Books,Designing Data-Intensive Applications,1,54.99,0.15,46.74,22.0,24.74,Cash on Delivery
TXN-101297,2023-12-27,CUST-1704,Female,52,51+,West,Clothing,Waterproof Hooded Windbreaker,1,89.99,0.05,85.49,42.0,43.49,Credit Card
TXN-101298,2023-12-27,CUST-1401,Female,49,36-50,South,Clothing,Denim Slim Fit Jeans,3,59.99,0.35,116.98,78.0,38.98,Debit Card
TXN-101299,2023-12-27,CUST-1190,Male,30,26-35,West,Home & Kitchen,Aroma Oil Diffuser & Humidifier,1,29.99,0.05,28.49,12.0,16.49,UPI / Digital Wallet
TXN-101300,2023-12-27,CUST-1050,Male,18,18-25,South,Clothing,Organic Cotton Crew T-Shirt,2,24.99,0.0,49.98,19.0,30.98,Cash on Delivery
TXN-101301,2023-12-27,CUST-1392,Male,36,36-50,South,Beauty & Personal Care,Vitamin C Brightening Face Serum,1,28.99,0.05,27.54,8.5,19.04,UPI / Digital Wallet
TXN-101302,2023-12-27,CUST-1652,Female,42,36-50,South,Clothing,Organic Cotton Crew T-Shirt,1,24.99,0.0,24.99,9.5,15.49,UPI / Digital Wallet
TXN-101303,2023-12-29,CUST-1679,Female,38,36-50,North,Home & Kitchen,Stainless Steel Cookware Set (10-Pc),2,219.99,0.0,439.98,250.0,189.98,Credit Card
TXN-101304,2023-12-29,CUST-1822,Female,37,36-50,South,Electronics,Wireless Noise-Canceling Headphones,2,149.99,0.0,299.98,170.0,129.98,Credit Card
TXN-101305,2023-12-29,CUST-1620,Male,51,51+,East,Beauty & Personal Care,Hydrating Hyaluronic Acid Cream,1,22.99,0.0,22.99,6.8,16.19,Credit Card
TXN-101306,2023-12-29,CUST-1718,Female,31,26-35,East,Beauty & Personal Care,Argan Oil Hair Repair Mask,1,19.99,0.1,17.99,5.5,12.49,UPI / Digital Wallet
TXN-101307,2023-12-29,CUST-1299,Female,46,36-50,East,Electronics,Ultra-Slim Laptop Stand,1,39.99,0.0,39.99,18.0,21.99,UPI / Digital Wallet
TXN-101308,2023-12-29,CUST-1621,Male,45,36-50,South,Electronics,Smart Fitness Watch,1,199.99,0.0,199.99,110.0,89.99,UPI / Digital Wallet
TXN-101309,2023-12-29,CUST-1195,Male,30,26-35,South,Clothing,Denim Slim Fit Jeans,4,59.99,0.0,239.96,104.0,135.96,UPI / Digital Wallet
TXN-101310,2023-12-29,CUST-1416,Male,38,36-50,East,Books,The Psychology of Money & Wealth,3,23.99,0.0,71.97,24.0,47.97,Debit Card
TXN-101311,2023-12-30,CUST-1663,Male,38,36-50,North,Electronics,Ultra-Slim Laptop Stand,1,39.99,0.0,39.99,18.0,21.99,Credit Card
TXN-101312,2023-12-31,CUST-1419,Female,48,36-50,North,Clothing,Organic Cotton Crew T-Shirt,1,24.99,0.1,22.49,9.5,12.99,Credit Card
TXN-101313,2023-12-31,CUST-1754,Female,54,51+,North,Electronics,Smart Fitness Watch,4,199.99,0.25,599.97,440.0,159.97,Credit Card
TXN-101314,2023-12-31,CUST-1639,Female,34,26-35,North,Clothing,Organic Cotton Crew T-Shirt,2,24.99,0.2,39.98,19.0,20.98,UPI / Digital Wallet
TXN-101315,2023-12-31,CUST-1616,Female,23,18-25,North,Home & Kitchen,Automatic Robotic Vacuum Cleaner,2,299.99,0.2,479.98,350.0,129.98,Credit Card
TXN-101316,2023-12-31,CUST-1521,Female,39,36-50,North,Books,Designing Data-Intensive Applications,3,54.99,0.0,164.97,66.0,98.97,UPI / Digital Wallet
TXN-101317,2024-01-01,CUST-1355,Female,42,36-50,North,Clothing,Athletic Performance Joggers,1,44.99,0.0,44.99,19.0,25.99,UPI / Digital Wallet
TXN-101318,2024-01-02,CUST-1147,Female,46,36-50,East,Beauty & Personal Care,Hydrating Hyaluronic Acid Cream,1,22.99,0.0,22.99,6.8,16.19,Debit Card
TXN-101319,2024-01-02,CUST-1364,Female,49,36-50,North,Home & Kitchen,Non-Stick Ceramic Frying Pan,5,34.99,0.15,148.71,75.0,73.71,Credit Card
TXN-101320,2024-01-04,CUST-1363,Female,27,26-35,South,Electronics,Wireless Noise-Canceling Headphones,2,149.99,0.0,299.98,170.0,129.98,Credit Card
TXN-101321,2024-01-04,CUST-1651,Male,42,36-50,West,Clothing,Denim Slim Fit Jeans,1,59.99,0.1,53.99,26.0,27.99,Credit Card
TXN-101322,2024-01-04,CUST-1701,Female,31,26-35,East,Home & Kitchen,Non-Stick Ceramic Frying Pan,1,34.99,0.0,34.99,15.0,19.99,UPI / Digital Wallet
TXN-101323,2024-01-05,CUST-1401,Female,49,36-50,South,Books,Data Science & Machine Learning Handbook,1,44.99,0.0,44.99,18.0,26.99,Credit Card
TXN-101324,2024-01-05,CUST-1605,Male,24,18-25,West,Beauty & Personal Care,Argan Oil Hair Repair Mask,3,19.99,0.35,38.98,16.5,22.48,UPI / Digital Wallet
TXN-101325,2024-01-06,CUST-1491,Female,43,36-50,South,Electronics,4K Ultra HD Streaming Stick,1,49.99,0.15,42.49,28.0,14.49,UPI / Digital Wallet
TXN-101326,2024-01-08,CUST-1228,Male,33,26-35,North,Electronics,Bluetooth Portable Speaker,1,59.99,0.15,50.99,32.0,18.99,Credit Card
TXN-101327,2024-01-08,CUST-1574,Female,39,36-50,West,Electronics,Wireless Noise-Canceling Headphones,4,149.99,0.1,539.96,340.0,199.96,UPI / Digital Wallet
TXN-101328,2024-01-08,CUST-1536,Female,22,18-25,West,Books,Atomic Habits for Daily Productivity,1,21.99,0.2,17.59,7.5,10.09,UPI / Digital Wallet
TXN-101329,2024-01-08,CUST-1267,Male,65,51+,South,Beauty & Personal Care,Vitamin C Brightening Face Serum,1,28.99,0.1,26.09,8.5,17.59,UPI / Digital Wallet
TXN-101330,2024-01-08,CUST-1404,Female,47,36-50,East,Beauty & Personal Care,Hydrating Hyaluronic Acid Cream,1,22.99,0.25,17.24,6.8,10.44,Credit Card
TXN-101331,2024-01-09,CUST-1792,Male,19,18-25,East,Clothing,Athletic Performance Joggers,1,44.99,0.0,44.99,19.0,25.99,Credit Card
TXN-101332,2024-01-09,CUST-1010,Male,24,18-25,North,Clothing,Athletic Performance Joggers,1,44.99,0.1,40.49,19.0,21.49,Credit Card
TXN-101333,2024-01-09,CUST-1319,Female,18,18-25,North,Clothing,Organic Cotton Crew T-Shirt,4,24.99,0.1,89.96,38.0,51.96,Credit Card
TXN-101334,2024-01-09,CUST-1712,Male,37,36-50,South,Electronics,Wireless Noise-Canceling Headphones,3,149.99,0.05,427.47,255.0,172.47,UPI / Digital Wallet
TXN-101335,2024-01-09,CUST-1125,Male,36,36-50,West,Clothing,Denim Slim Fit Jeans,1,59.99,0.2,47.99,26.0,21.99,UPI / Digital Wallet
TXN-101336,2024-01-10,CUST-1305,Female,25,18-25,North,Electronics,Smart Fitness Watch,1,199.99,0.25,149.99,110.0,39.99,Cash on Delivery
TXN-101337,2024-01-10,CUST-1701,Female,31,26-35,East,Electronics,Bluetooth Portable Speaker,2,59.99,0.05,113.98,64.0,49.98,Credit Card
TXN-101338,2024-01-11,CUST-1510,Female,37,36-50,North,Books,The Psychology of Money & Wealth,1,23.99,0.05,22.79,8.0,14.79,Credit Card
TXN-101339,2024-01-11,CUST-1088,Female,57,51+,South,Beauty & Personal Care,Sonic Electric Toothbrush,1,64.99,0.05,61.74,29.0,32.74,UPI / Digital Wallet
TXN-101340,2024-01-11,CUST-1354,Male,48,36-50,East,Clothing,Organic Cotton Crew T-Shirt,4,24.99,0.2,79.97,38.0,41.97,Credit Card
TXN-101341,2024-01-11,CUST-1627,Male,22,18-25,East,Clothing,Waterproof Hooded Windbreaker,1,89.99,0.1,80.99,42.0,38.99,Credit Card
TXN-101342,2024-01-12,CUST-1351,Male,18,18-25,North,Clothing,Organic Cotton Crew T-Shirt,1,24.99,0.0,24.99,9.5,15.49,Debit Card
TXN-101343,2024-01-12,CUST-1688,Female,49,36-50,South,Beauty & Personal Care,Rosewater Revitalizing Facial Mist,1,16.99,0.05,16.14,4.2,11.94,Credit Card
TXN-101344,2024-01-13,CUST-1013,Female,30,26-35,East,Beauty & Personal Care,Argan Oil Hair Repair Mask,1,19.99,0.0,19.99,5.5,14.49,UPI / Digital Wallet
TXN-101345,2024-01-13,CUST-1256,Female,25,18-25,North,Beauty & Personal Care,Rosewater Revitalizing Facial Mist,1,16.99,0.15,14.44,4.2,10.24,Credit Card
TXN-101346,2024-01-13,CUST-1208,Female,49,36-50,North,Beauty & Personal Care,Vitamin C Brightening Face Serum,1,28.99,0.0,28.99,8.5,20.49,Debit Card
TXN-101347,2024-01-13,CUST-1280,Male,40,36-50,East,Electronics,Wireless Noise-Canceling Headphones,1,149.99,0.05,142.49,85.0,57.49,UPI / Digital Wallet
TXN-101348,2024-01-13,CUST-1442,Female,20,18-25,South,Clothing,Classic Wool Blend Sweater,2,69.99,0.15,118.98,62.0,56.98,Credit Card
TXN-101349,2024-01-13,CUST-1839,Male,35,26-35,North,Clothing,Denim Slim Fit Jeans,1,59.99,0.0,59.99,26.0,33.99,Cash on Delivery
TXN-101350,2024-01-14,CUST-1836,Male,36,36-50,South,Clothing,Denim Slim Fit Jeans,1,59.99,0.0,59.99,26.0,33.99,Debit Card
TXN-101351,2024-01-14,CUST-1388,Male,31,26-35,West,Beauty & Personal Care,Hydrating Hyaluronic Acid Cream,2,22.99,0.05,43.68,13.6,30.08,Cash on Delivery
TXN-101352,2024-01-14,CUST-1616,Female,23,18-25,North,Clothing,Waterproof Hooded Windbreaker,3,89.99,0.0,269.97,126.0,143.97,Credit Card
TXN-101353,2024-01-14,CUST-1482,Male,28,26-35,East,Electronics,Smart Fitness Watch,1,199.99,0.0,199.99,110.0,89.99,Debit Card
TXN-101354,2024-01-15,CUST-1146,Male,42,36-50,North,Clothing,Waterproof Hooded Windbreaker,1,89.99,0.35,58.49,42.0,16.49,Credit Card
TXN-101355,2024-01-15,CUST-1278,Male,35,26-35,North,Books,The Psychology of Money & Wealth,1,23.99,0.15,20.39,8.0,12.39,UPI / Digital Wallet
TXN-101356,2024-01-15,CUST-1520,Male,42,36-50,North,Electronics,Smart Fitness Watch,2,199.99,0.2,319.98,220.0,99.98,Debit Card
TXN-101357,2024-01-16,CUST-1629,Female,49,36-50,South,Home & Kitchen,Compact Espresso Machine,1,179.99,0.25,134.99,98.0,36.99,Debit Card
TXN-101358,2024-01-16,CUST-1605,Male,24,18-25,West,Clothing,Classic Wool Blend Sweater,1,69.99,0.0,69.99,31.0,38.99,Cash on Delivery
TXN-101359,2024-01-16,CUST-1433,Male,32,26-35,North,Electronics,Ultra-Slim Laptop Stand,1,39.99,0.0,39.99,18.0,21.99,Credit Card
TXN-101360,2024-01-16,CUST-1143,Male,18,18-25,East,Clothing,Waterproof Hooded Windbreaker,1,89.99,0.0,89.99,42.0,47.99,Credit Card
TXN-101361,2024-01-16,CUST-1288,Male,21,18-25,South,Home & Kitchen,Automatic Robotic Vacuum Cleaner,1,299.99,0.15,254.99,175.0,79.99,Debit Card
TXN-101362,2024-01-17,CUST-1385,Female,45,36-50,North,Clothing,Waterproof Hooded Windbreaker,1,89.99,0.1,80.99,42.0,38.99,Debit Card
TXN-101363,2024-01-17,CUST-1013,Female,30,26-35,South,Beauty & Personal Care,Vitamin C Brightening Face Serum,3,28.99,0.0,86.97,25.5,61.47,Debit Card
TXN-101364,2024-01-18,CUST-1256,Female,25,18-25,East,Clothing,Waterproof Hooded Windbreaker,2,89.99,0.05,170.98,84.0,86.98,Debit Card
TXN-101365,2024-01-19,CUST-1345,Male,41,36-50,West,Electronics,Bluetooth Portable Speaker,1,59.99,0.05,56.99,32.0,24.99,Cash on Delivery
TXN-101366,2024-01-20,CUST-1697,Male,23,18-25,West,Books,Deep Work & Focus in a Distracted World,1,22.5,0.05,21.38,7.2,14.18,UPI / Digital Wallet
TXN-101367,2024-01-20,CUST-1344,Female,19,18-25,South,Clothing,Organic Cotton Crew T-Shirt,1,24.99,0.2,19.99,9.5,10.49,Credit Card
TXN-101368,2024-01-20,CUST-1399,Female,29,26-35,East,Home & Kitchen,Aroma Oil Diffuser & Humidifier,1,29.99,0.05,28.49,12.0,16.49,Credit Card
TXN-101369,2024-01-20,CUST-1206,Female,28,26-35,North,Beauty & Personal Care,Rosewater Revitalizing Facial Mist,4,16.99,0.2,54.37,16.8,37.57,Cash on Delivery
TXN-101370,2024-01-20,CUST-1171,Male,32,26-35,East,Clothing,Athletic Performance Joggers,5,44.99,0.05,213.7,95.0,118.7,UPI / Digital Wallet
TXN-101371,2024-01-20,CUST-1463,Male,30,26-35,West,Home & Kitchen,Stainless Steel Cookware Set (10-Pc),1,219.99,0.15,186.99,125.0,61.99,Cash on Delivery
TXN-101372,2024-01-20,CUST-1269,Female,24,18-25,North,Electronics,Smart Fitness Watch,1,199.99,0.25,149.99,110.0,39.99,Credit Card
TXN-101373,2024-01-21,CUST-1220,Male,37,36-50,South,Clothing,Organic Cotton Crew T-Shirt,1,24.99,0.2,19.99,9.5,10.49,UPI / Digital Wallet
TXN-101374,2024-01-21,CUST-1151,Male,18,18-25,East,Electronics,Ultra-Slim Laptop Stand,2,39.99,0.0,79.98,36.0,43.98,UPI / Digital Wallet
TXN-101375,2024-01-21,CUST-1622,Female,45,36-50,East,Beauty & Personal Care,Sonic Electric Toothbrush,2,64.99,0.0,129.98,58.0,71.98,Credit Card
TXN-101376,2024-01-21,CUST-1182,Female,53,51+,North,Electronics,Bluetooth Portable Speaker,3,59.99,0.05,170.97,96.0,74.97,Debit Card
TXN-101377,2024-01-21,CUST-1398,Female,44,36-50,West,Home & Kitchen,Automatic Robotic Vacuum Cleaner,3,299.99,0.05,854.97,525.0,329.97,Debit Card
TXN-101378,2024-01-22,CUST-1071,Male,22,18-25,East,Books,Deep Work & Focus in a Distracted World,1,22.5,0.1,20.25,7.2,13.05,Debit Card
TXN-101379,2024-01-22,CUST-1417,Male,29,26-35,North,Home & Kitchen,Non-Stick Ceramic Frying Pan,2,34.99,0.25,52.48,30.0,22.48,UPI / Digital Wallet
TXN-101380,2024-01-22,CUST-1282,Male,40,36-50,North,Home & Kitchen,Compact Espresso Machine,2,179.99,0.0,359.98,196.0,163.98,UPI / Digital Wallet
TXN-101381,2024-01-22,CUST-1073,Male,48,36-50,East,Clothing,Denim Slim Fit Jeans,2,59.99,0.05,113.98,52.0,61.98,UPI / Digital Wallet
TXN-101382,2024-01-22,CUST-1354,Male,48,36-50,North,Clothing,Denim Slim Fit Jeans,1,59.99,0.0,59.99,26.0,33.99,UPI / Digital Wallet
TXN-101383,2024-01-24,CUST-1726,Female,30,26-35,North,Clothing,Classic Wool Blend Sweater,2,69.99,0.2,111.98,62.0,49.98,Debit Card
TXN-101384,2024-01-25,CUST-1496,Female,31,26-35,South,Home & Kitchen,Non-Stick Ceramic Frying Pan,2,34.99,0.25,52.48,30.0,22.48,Credit Card
TXN-101385,2024-01-25,CUST-1327,Female,39,36-50,East,Books,The Psychology of Money & Wealth,2,23.99,0.05,45.58,16.0,29.58,UPI / Digital Wallet
TXN-101386,2024-01-25,CUST-1534,Female,47,36-50,East,Books,The Psychology of Money & Wealth,2,23.99,0.0,47.98,16.0,31.98,Debit Card
TXN-101387,2024-01-25,CUST-1579,Female,27,26-35,South,Beauty & Personal Care,Vitamin C Brightening Face Serum,2,28.99,0.15,49.28,17.0,32.28,Credit Card
TXN-101388,2024-01-25,CUST-1446,Female,37,36-50,East,Books,Data Science & Machine Learning Handbook,2,44.99,0.1,80.98,36.0,44.98,Debit Card
TXN-101389,2024-01-25,CUST-1372,Female,59,51+,West,Clothing,Athletic Performance Joggers,2,44.99,0.05,85.48,38.0,47.48,Credit Card
TXN-101390,2024-01-26,CUST-1361,Female,21,18-25,North,Home & Kitchen,Stainless Steel Cookware Set (10-Pc),2,219.99,0.2,351.98,250.0,101.98,UPI / Digital Wallet
TXN-101391,2024-01-27,CUST-1092,Female,33,26-35,East,Books,Atomic Habits for Daily Productivity,1,21.99,0.25,16.49,7.5,8.99,Credit Card
TXN-101392,2024-01-27,CUST-1320,Female,32,26-35,West,Clothing,Denim Slim Fit Jeans,1,59.99,0.1,53.99,26.0,27.99,Credit Card
TXN-101393,2024-01-27,CUST-1323,Male,31,26-35,East,Books,Atomic Habits for Daily Productivity,1,21.99,0.1,19.79,7.5,12.29,Cash on Delivery
TXN-101394,2024-01-27,CUST-1383,Male,45,36-50,East,Clothing,Denim Slim Fit Jeans,2,59.99,0.0,119.98,52.0,67.98,UPI / Digital Wallet
TXN-101395,2024-01-27,CUST-1574,Female,39,36-50,North,Home & Kitchen,Aroma Oil Diffuser & Humidifier,2,29.99,0.1,53.98,24.0,29.98,UPI / Digital Wallet
TXN-101396,2024-01-27,CUST-1735,Female,24,18-25,South,Home & Kitchen,Compact Espresso Machine,5,179.99,0.05,854.95,490.0,364.95,Debit Card
TXN-101397,2024-01-28,CUST-1736,Female,38,36-50,South,Books,Deep Work & Focus in a Distracted World,1,22.5,0.0,22.5,7.2,15.3,UPI / Digital Wallet
TXN-101398,2024-01-28,CUST-1345,Male,41,36-50,East,Electronics,Ultra-Slim Laptop Stand,1,39.99,0.0,39.99,18.0,21.99,UPI / Digital Wallet
TXN-101399,2024-01-28,CUST-1848,Female,18,18-25,West,Beauty & Personal Care,Argan Oil Hair Repair Mask,1,19.99,0.0,19.99,5.5,14.49,Debit Card
TXN-101400,2024-01-28,CUST-1102,Male,36,36-50,North,Home & Kitchen,Stainless Steel Cookware Set (10-Pc),1,219.99,0.0,219.99,125.0,94.99,Cash on Delivery
TXN-101401,2024-01-29,CUST-1214,Male,29,26-35,North,Electronics,Bluetooth Portable Speaker,3,59.99,0.05,170.97,96.0,74.97,Credit Card
TXN-101402,2024-01-29,CUST-1191,Female,30,26-35,North,Beauty & Personal Care,Rosewater Revitalizing Facial Mist,1,16.99,0.1,15.29,4.2,11.09,Cash on Delivery
TXN-101403,2024-01-30,CUST-1671,Female,25,18-25,East,Home & Kitchen,Automatic Robotic Vacuum Cleaner,2,299.99,0.1,539.98,350.0,189.98,Credit Card
TXN-101404,2024-01-30,CUST-1718,Female,31,26-35,North,Home & Kitchen,Automatic Robotic Vacuum Cleaner,2,299.99,0.05,569.98,350.0,219.98,Debit Card
TXN-101405,2024-01-30,CUST-1780,Female,39,36-50,East,Clothing,Denim Slim Fit Jeans,1,59.99,0.05,56.99,26.0,30.99,Credit Card
TXN-101406,2024-01-30,CUST-1193,Female,36,36-50,South,Clothing,Classic Wool Blend Sweater,3,69.99,0.15,178.47,93.0,85.47,Debit Card
TXN-101407,2024-02-01,CUST-1379,Female,57,51+,South,Home & Kitchen,Compact Espresso Machine,1,179.99,0.05,170.99,98.0,72.99,Debit Card
TXN-101408,2024-02-01,CUST-1402,Female,39,36-50,North,Clothing,Denim Slim Fit Jeans,1,59.99,0.35,38.99,26.0,12.99,Cash on Delivery
TXN-101409,2024-02-01,CUST-1663,Male,38,36-50,West,Electronics,Bluetooth Portable Speaker,4,59.99,0.05,227.96,128.0,99.96,Cash on Delivery
TXN-101410,2024-02-01,CUST-1748,Female,20,18-25,East,Books,Data Science & Machine Learning Handbook,3,44.99,0.1,121.47,54.0,67.47,Cash on Delivery
TXN-101411,2024-02-01,CUST-1599,Male,18,18-25,West,Clothing,Denim Slim Fit Jeans,1,59.99,0.0,59.99,26.0,33.99,Credit Card
TXN-101412,2024-02-01,CUST-1010,Male,24,18-25,South,Beauty & Personal Care,Hydrating Hyaluronic Acid Cream,1,22.99,0.1,20.69,6.8,13.89,Cash on Delivery
TXN-101413,2024-02-02,CUST-1186,Male,43,36-50,North,Clothing,Waterproof Hooded Windbreaker,1,89.99,0.2,71.99,42.0,29.99,Debit Card
TXN-101414,2024-02-02,CUST-1725,Male,40,36-50,North,Clothing,Denim Slim Fit Jeans,1,59.99,0.25,44.99,26.0,18.99,UPI / Digital Wallet
TXN-101415,2024-02-02,CUST-1014,Female,60,51+,West,Clothing,Athletic Performance Joggers,5,44.99,0.35,146.22,95.0,51.22,Credit Card
TXN-101416,2024-02-02,CUST-1777,Female,47,36-50,East,Clothing,Organic Cotton Crew T-Shirt,2,24.99,0.0,49.98,19.0,30.98,Debit Card
TXN-101417,2024-02-03,CUST-1296,Male,35,26-35,North,Home & Kitchen,Aroma Oil Diffuser & Humidifier,1,29.99,0.1,26.99,12.0,14.99,Cash on Delivery
TXN-101418,2024-02-03,CUST-1410,Male,18,18-25,East,Home & Kitchen,Automatic Robotic Vacuum Cleaner,3,299.99,0.05,854.97,525.0,329.97,Cash on Delivery
TXN-101419,2024-02-03,CUST-1584,Female,23,18-25,South,Clothing,Organic Cotton Crew T-Shirt,1,24.99,0.1,22.49,9.5,12.99,UPI / Digital Wallet
TXN-101420,2024-02-04,CUST-1051,Male,29,26-35,South,Electronics,Ultra-Slim Laptop Stand,1,39.99,0.0,39.99,18.0,21.99,UPI / Digital Wallet
TXN-101421,2024-02-04,CUST-1639,Female,34,26-35,North,Clothing,Denim Slim Fit Jeans,4,59.99,0.2,191.97,104.0,87.97,Credit Card
TXN-101422,2024-02-05,CUST-1027,Male,18,18-25,West,Electronics,Bluetooth Portable Speaker,3,59.99,0.2,143.98,96.0,47.98,UPI / Digital Wallet
TXN-101423,2024-02-05,CUST-1576,Female,18,18-25,North,Electronics,4K Ultra HD Streaming Stick,3,49.99,0.05,142.47,84.0,58.47,Debit Card
TXN-101424,2024-02-05,CUST-1016,Female,18,18-25,North,Books,Deep Work & Focus in a Distracted World,2,22.5,0.0,45.0,14.4,30.6,Credit Card
TXN-101425,2024-02-06,CUST-1350,Male,27,26-35,South,Home & Kitchen,Compact Espresso Machine,3,179.99,0.0,539.97,294.0,245.97,Credit Card
TXN-101426,2024-02-06,CUST-1427,Male,20,18-25,North,Home & Kitchen,Aroma Oil Diffuser & Humidifier,1,29.99,0.1,26.99,12.0,14.99,Credit Card
TXN-101427,2024-02-06,CUST-1649,Female,34,26-35,South,Clothing,Athletic Performance Joggers,2,44.99,0.0,89.98,38.0,51.98,UPI / Digital Wallet
TXN-101428,2024-02-06,CUST-1830,Female,30,26-35,North,Books,Deep Work & Focus in a Distracted World,5,22.5,0.2,90.0,36.0,54.0,Credit Card
TXN-101429,2024-02-06,CUST-1228,Male,33,26-35,South,Home & Kitchen,Compact Espresso Machine,1,179.99,0.1,161.99,98.0,63.99,Debit Card
TXN-101430,2024-02-06,CUST-1765,Male,37,36-50,West,Beauty & Personal Care,Sonic Electric Toothbrush,3,64.99,0.1,175.47,87.0,88.47,Credit Card
TXN-101431,2024-02-07,CUST-1209,Male,62,51+,South,Clothing,Classic Wool Blend Sweater,1,69.99,0.1,62.99,31.0,31.99,Debit Card
TXN-101432,2024-02-07,CUST-1430,Female,43,36-50,South,Books,Designing Data-Intensive Applications,1,54.99,0.0,54.99,22.0,32.99,UPI / Digital Wallet
TXN-101433,2024-02-07,CUST-1293,Female,32,26-35,South,Beauty & Personal Care,Rosewater Revitalizing Facial Mist,3,16.99,0.25,38.23,12.6,25.63,UPI / Digital Wallet
TXN-101434,2024-02-08,CUST-1742,Male,23,18-25,South,Beauty & Personal Care,Vitamin C Brightening Face Serum,1,28.99,0.1,26.09,8.5,17.59,Debit Card
TXN-101435,2024-02-09,CUST-1752,Female,18,18-25,West,Electronics,Smart Fitness Watch,2,199.99,0.35,259.99,220.0,39.99,Debit Card
TXN-101436,2024-02-09,CUST-1581,Female,53,51+,North,Electronics,Wireless Noise-Canceling Headphones,1,149.99,0.05,142.49,85.0,57.49,Credit Card
TXN-101437,2024-02-09,CUST-1103,Male,18,18-25,West,Clothing,Waterproof Hooded Windbreaker,4,89.99,0.1,323.96,168.0,155.96,UPI / Digital Wallet
TXN-101438,2024-02-09,CUST-1203,Male,32,26-35,East,Electronics,Ultra-Slim Laptop Stand,1,39.99,0.0,39.99,18.0,21.99,Credit Card
TXN-101439,2024-02-09,CUST-1052,Male,23,18-25,East,Beauty & Personal Care,Rosewater Revitalizing Facial Mist,1,16.99,0.1,15.29,4.2,11.09,Credit Card
TXN-101440,2024-02-10,CUST-1374,Female,21,18-25,North,Electronics,Smart Fitness Watch,1,199.99,0.15,169.99,110.0,59.99,UPI / Digital Wallet
TXN-101441,2024-02-10,CUST-1841,Female,23,18-25,North,Electronics,4K Ultra HD Streaming Stick,4,49.99,0.15,169.97,112.0,57.97,Credit Card
TXN-101442,2024-02-10,CUST-1053,Male,18,18-25,East,Electronics,Wireless Noise-Canceling Headphones,2,149.99,0.15,254.98,170.0,84.98,UPI / Digital Wallet
TXN-101443,2024-02-11,CUST-1275,Male,20,18-25,West,Electronics,Wireless Noise-Canceling Headphones,2,149.99,0.0,299.98,170.0,129.98,Credit Card
TXN-101444,2024-02-11,CUST-1334,Female,30,26-35,East,Electronics,Ultra-Slim Laptop Stand,1,39.99,0.25,29.99,18.0,11.99,UPI / Digital Wallet
TXN-101445,2024-02-11,CUST-1030,Female,34,26-35,North,Beauty & Personal Care,Hydrating Hyaluronic Acid Cream,1,22.99,0.35,14.94,6.8,8.14,Credit Card
TXN-101446,2024-02-11,CUST-1134,Female,52,51+,North,Home & Kitchen,Compact Espresso Machine,1,179.99,0.0,179.99,98.0,81.99,Credit Card
TXN-101447,2024-02-11,CUST-1057,Female,40,36-50,East,Electronics,Ultra-Slim Laptop Stand,2,39.99,0.25,59.98,36.0,23.98,Credit Card
TXN-101448,2024-02-13,CUST-1104,Female,41,36-50,East,Clothing,Organic Cotton Crew T-Shirt,1,24.99,0.0,24.99,9.5,15.49,UPI / Digital Wallet
TXN-101449,2024-02-14,CUST-1265,Male,48,36-50,North,Clothing,Organic Cotton Crew T-Shirt,5,24.99,0.1,112.46,47.5,64.96,Cash on Delivery
TXN-101450,2024-02-14,CUST-1521,Female,39,36-50,North,Electronics,Wireless Noise-Canceling Headphones,3,149.99,0.0,449.97,255.0,194.97,Debit Card
TXN-101451,2024-02-14,CUST-1495,Male,48,36-50,South,Home & Kitchen,Aroma Oil Diffuser & Humidifier,1,29.99,0.25,22.49,12.0,10.49,UPI / Digital Wallet
TXN-101452,2024-02-14,CUST-1252,Female,49,36-50,East,Home & Kitchen,Non-Stick Ceramic Frying Pan,1,34.99,0.0,34.99,15.0,19.99,UPI / Digital Wallet
TXN-101453,2024-02-14,CUST-1294,Female,24,18-25,East,Beauty & Personal Care,Vitamin C Brightening Face Serum,3,28.99,0.05,82.62,25.5,57.12,Cash on Delivery
TXN-101454,2024-02-14,CUST-1667,Male,42,36-50,West,Beauty & Personal Care,Sonic Electric Toothbrush,1,64.99,0.05,61.74,29.0,32.74,UPI / Digital Wallet
TXN-101455,2024-02-15,CUST-1157,Female,28,26-35,East,Electronics,Bluetooth Portable Speaker,1,59.99,0.0,59.99,32.0,27.99,Credit Card
TXN-101456,2024-02-17,CUST-1548,Male,43,36-50,North,Books,Atomic Habits for Daily Productivity,1,21.99,0.1,19.79,7.5,12.29,UPI / Digital Wallet
TXN-101457,2024-02-18,CUST-1630,Female,22,18-25,East,Beauty & Personal Care,Argan Oil Hair Repair Mask,2,19.99,0.0,39.98,11.0,28.98,Debit Card
TXN-101458,2024-02-18,CUST-1066,Male,41,36-50,West,Books,Designing Data-Intensive Applications,3,54.99,0.1,148.47,66.0,82.47,Credit Card
TXN-101459,2024-02-19,CUST-1753,Female,37,36-50,West,Electronics,Bluetooth Portable Speaker,1,59.99,0.35,38.99,32.0,6.99,Credit Card
TXN-101460,2024-02-20,CUST-1298,Male,26,26-35,West,Books,Designing Data-Intensive Applications,1,54.99,0.15,46.74,22.0,24.74,Cash on Delivery
TXN-101461,2024-02-21,CUST-1462,Female,28,26-35,South,Beauty & Personal Care,Hydrating Hyaluronic Acid Cream,1,22.99,0.2,18.39,6.8,11.59,Cash on Delivery
TXN-101462,2024-02-22,CUST-1724,Female,44,36-50,East,Beauty & Personal Care,Vitamin C Brightening Face Serum,2,28.99,0.05,55.08,17.0,38.08,UPI / Digital Wallet
TXN-101463,2024-02-23,CUST-1819,Female,39,36-50,West,Electronics,Bluetooth Portable Speaker,1,59.99,0.0,59.99,32.0,27.99,Cash on Delivery
TXN-101464,2024-02-23,CUST-1100,Female,29,26-35,East,Beauty & Personal Care,Argan Oil Hair Repair Mask,1,19.99,0.05,18.99,5.5,13.49,UPI / Digital Wallet
TXN-101465,2024-02-23,CUST-1055,Female,20,18-25,North,Books,Atomic Habits for Daily Productivity,4,21.99,0.0,87.96,30.0,57.96,Credit Card
TXN-101466,2024-02-23,CUST-1331,Male,33,26-35,West,Home & Kitchen,Aroma Oil Diffuser & Humidifier,4,29.99,0.25,89.97,48.0,41.97,Credit Card
TXN-101467,2024-02-23,CUST-1835,Male,57,51+,South,Home & Kitchen,Stainless Steel Cookware Set (10-Pc),5,219.99,0.0,1099.95,625.0,474.95,Credit Card
TXN-101468,2024-02-24,CUST-1750,Male,24,18-25,North,Books,Designing Data-Intensive Applications,3,54.99,0.2,131.98,66.0,65.98,Credit Card
TXN-101469,2024-02-24,CUST-1392,Male,36,36-50,North,Clothing,Classic Wool Blend Sweater,1,69.99,0.0,69.99,31.0,38.99,Credit Card
TXN-101470,2024-02-24,CUST-1742,Male,23,18-25,East,Home & Kitchen,Non-Stick Ceramic Frying Pan,1,34.99,0.15,29.74,15.0,14.74,Debit Card
TXN-101471,2024-02-24,CUST-1380,Female,55,51+,South,Clothing,Classic Wool Blend Sweater,1,69.99,0.0,69.99,31.0,38.99,UPI / Digital Wallet
TXN-101472,2024-02-24,CUST-1091,Female,34,26-35,North,Books,Designing Data-Intensive Applications,1,54.99,0.0,54.99,22.0,32.99,UPI / Digital Wallet
TXN-101473,2024-02-26,CUST-1790,Female,45,36-50,East,Electronics,4K Ultra HD Streaming Stick,4,49.99,0.1,179.96,112.0,67.96,Debit Card
TXN-101474,2024-02-26,CUST-1446,Female,37,36-50,East,Clothing,Classic Wool Blend Sweater,3,69.99,0.0,209.97,93.0,116.97,Cash on Delivery
TXN-101475,2024-02-26,CUST-1108,Female,57,51+,East,Home & Kitchen,Automatic Robotic Vacuum Cleaner,2,299.99,0.1,539.98,350.0,189.98,Debit Card
TXN-101476,2024-02-26,CUST-1316,Female,45,36-50,North,Beauty & Personal Care,Argan Oil Hair Repair Mask,1,19.99,0.1,17.99,5.5,12.49,UPI / Digital Wallet
TXN-101477,2024-02-26,CUST-1167,Female,40,36-50,East,Home & Kitchen,Stainless Steel Cookware Set (10-Pc),4,219.99,0.0,879.96,500.0,379.96,Debit Card
TXN-101478,2024-02-26,CUST-1811,Female,47,36-50,North,Books,Designing Data-Intensive Applications,3,54.99,0.25,123.73,66.0,57.73,Credit Card
TXN-101479,2024-02-26,CUST-1434,Female,18,18-25,South,Books,Atomic Habits for Daily Productivity,1,21.99,0.05,20.89,7.5,13.39,Cash on Delivery
TXN-101480,2024-02-26,CUST-1441,Male,39,36-50,South,Electronics,Wireless Noise-Canceling Headphones,3,149.99,0.15,382.47,255.0,127.47,Credit Card
TXN-101481,2024-02-26,CUST-1217,Female,30,26-35,West,Clothing,Organic Cotton Crew T-Shirt,1,24.99,0.05,23.74,9.5,14.24,Debit Card
TXN-101482,2024-02-26,CUST-1221,Female,55,51+,South,Electronics,Wireless Noise-Canceling Headphones,1,149.99,0.1,134.99,85.0,49.99,Credit Card
TXN-101483,2024-02-26,CUST-1672,Male,36,36-50,North,Clothing,Denim Slim Fit Jeans,2,59.99,0.0,119.98,52.0,67.98,UPI / Digital Wallet
TXN-101484,2024-02-26,CUST-1527,Male,18,18-25,South,Home & Kitchen,Automatic Robotic Vacuum Cleaner,2,299.99,0.0,599.98,350.0,249.98,Cash on Delivery
TXN-101485,2024-02-27,CUST-1277,Male,56,51+,South,Books,Designing Data-Intensive Applications,1,54.99,0.05,52.24,22.0,30.24,Credit Card
TXN-101486,2024-02-27,CUST-1568,Male,58,51+,West,Beauty & Personal Care,Sonic Electric Toothbrush,1,64.99,0.05,61.74,29.0,32.74,UPI / Digital Wallet
TXN-101487,2024-02-28,CUST-1573,Male,37,36-50,West,Electronics,Bluetooth Portable Speaker,5,59.99,0.05,284.95,160.0,124.95,Credit Card
TXN-101488,2024-02-29,CUST-1465,Male,25,18-25,North,Electronics,4K Ultra HD Streaming Stick,2,49.99,0.1,89.98,56.0,33.98,Credit Card
TXN-101489,2024-02-29,CUST-1838,Male,39,36-50,North,Home & Kitchen,Compact Espresso Machine,2,179.99,0.1,323.98,196.0,127.98,Credit Card
TXN-101490,2024-02-29,CUST-1753,Female,37,36-50,North,Home & Kitchen,Non-Stick Ceramic Frying Pan,1,34.99,0.0,34.99,15.0,19.99,UPI / Digital Wallet
TXN-101491,2024-02-29,CUST-1601,Female,56,51+,East,Electronics,Wireless Noise-Canceling Headphones,1,149.99,0.0,149.99,85.0,64.99,Credit Card
TXN-101492,2024-02-29,CUST-1583,Female,29,26-35,North,Books,The Psychology of Money & Wealth,1,23.99,0.05,22.79,8.0,14.79,Debit Card
TXN-101493,2024-02-29,CUST-1837,Male,33,26-35,North,Books,Designing Data-Intensive Applications,1,54.99,0.0,54.99,22.0,32.99,Credit Card
TXN-101494,2024-03-01,CUST-1029,Male,41,36-50,South,Clothing,Organic Cotton Crew T-Shirt,1,24.99,0.0,24.99,9.5,15.49,Credit Card
TXN-101495,2024-03-01,CUST-1358,Female,31,26-35,North,Books,The Psychology of Money & Wealth,1,23.99,0.0,23.99,8.0,15.99,UPI / Digital Wallet
TXN-101496,2024-03-02,CUST-1287,Male,41,36-50,North,Clothing,Athletic Performance Joggers,2,44.99,0.35,58.49,38.0,20.49,Credit Card
TXN-101497,2024-03-02,CUST-1085,Male,36,36-50,South,Beauty & Personal Care,Hydrating Hyaluronic Acid Cream,1,22.99,0.15,19.54,6.8,12.74,Credit Card
TXN-101498,2024-03-02,CUST-1233,Male,18,18-25,North,Clothing,Athletic Performance Joggers,3,44.99,0.0,134.97,57.0,77.97,Credit Card
TXN-101499,2024-03-02,CUST-1746,Female,41,36-50,South,Electronics,Smart Fitness Watch,1,199.99,0.0,199.99,110.0,89.99,Debit Card
TXN-101500,2024-03-03,CUST-1312,Male,41,36-50,West,Books,Data Science & Machine Learning Handbook,1,44.99,0.1,40.49,18.0,22.49,UPI / Digital Wallet
TXN-101501,2024-03-03,CUST-1364,Female,49,36-50,North,Clothing,Athletic Performance Joggers,1,44.99,0.05,42.74,19.0,23.74,Credit Card
TXN-101502,2024-03-03,CUST-1776,Male,52,51+,South,Beauty & Personal Care,Argan Oil Hair Repair Mask,1,19.99,0.15,16.99,5.5,11.49,Credit Card
TXN-101503,2024-03-04,CUST-1798,Male,26,26-35,West,Clothing,Classic Wool Blend Sweater,1,69.99,0.2,55.99,31.0,24.99,Debit Card
TXN-101504,2024-03-04,CUST-1838,Male,39,36-50,West,Electronics,Ultra-Slim Laptop Stand,5,39.99,0.1,179.96,90.0,89.96,Credit Card
TXN-101505,2024-03-04,CUST-1268,Male,18,18-25,South,Electronics,Ultra-Slim Laptop Stand,3,39.99,0.0,119.97,54.0,65.97,UPI / Digital Wallet
TXN-101506,2024-03-05,CUST-1697,Male,23,18-25,East,Clothing,Classic Wool Blend Sweater,1,69.99,0.15,59.49,31.0,28.49,UPI / Digital Wallet
TXN-101507,2024-03-05,CUST-1130,Male,42,36-50,North,Home & Kitchen,Compact Espresso Machine,1,179.99,0.25,134.99,98.0,36.99,Debit Card
TXN-101508,2024-03-05,CUST-1802,Female,36,36-50,East,Clothing,Athletic Performance Joggers,2,44.99,0.1,80.98,38.0,42.98,Credit Card
TXN-101509,2024-03-05,CUST-1788,Male,43,36-50,West,Home & Kitchen,Stainless Steel Cookware Set (10-Pc),3,219.99,0.1,593.97,375.0,218.97,UPI / Digital Wallet
TXN-101510,2024-03-05,CUST-1831,Female,34,26-35,South,Home & Kitchen,Automatic Robotic Vacuum Cleaner,1,299.99,0.0,299.99,175.0,124.99,UPI / Digital Wallet
TXN-101511,2024-03-07,CUST-1350,Male,27,26-35,South,Home & Kitchen,Automatic Robotic Vacuum Cleaner,2,299.99,0.05,569.98,350.0,219.98,Debit Card
TXN-101512,2024-03-07,CUST-1179,Male,40,36-50,North,Clothing,Organic Cotton Crew T-Shirt,3,24.99,0.15,63.72,28.5,35.22,UPI / Digital Wallet
TXN-101513,2024-03-07,CUST-1801,Male,45,36-50,East,Books,Data Science & Machine Learning Handbook,3,44.99,0.2,107.98,54.0,53.98,UPI / Digital Wallet
TXN-101514,2024-03-07,CUST-1479,Male,27,26-35,East,Clothing,Classic Wool Blend Sweater,3,69.99,0.1,188.97,93.0,95.97,Debit Card
TXN-101515,2024-03-07,CUST-1162,Female,44,36-50,East,Clothing,Denim Slim Fit Jeans,3,59.99,0.15,152.97,78.0,74.97,Credit Card
TXN-101516,2024-03-07,CUST-1782,Female,42,36-50,North,Electronics,Wireless Noise-Canceling Headphones,4,149.99,0.0,599.96,340.0,259.96,UPI / Digital Wallet
TXN-101517,2024-03-10,CUST-1095,Male,48,36-50,South,Clothing,Athletic Performance Joggers,1,44.99,0.0,44.99,19.0,25.99,Credit Card
TXN-101518,2024-03-10,CUST-1773,Female,38,36-50,East,Electronics,4K Ultra HD Streaming Stick,2,49.99,0.05,94.98,56.0,38.98,UPI / Digital Wallet
TXN-101519,2024-03-10,CUST-1509,Female,33,26-35,North,Home & Kitchen,Compact Espresso Machine,3,179.99,0.0,539.97,294.0,245.97,UPI / Digital Wallet
TXN-101520,2024-03-10,CUST-1364,Female,49,36-50,North,Electronics,Bluetooth Portable Speaker,2,59.99,0.1,107.98,64.0,43.98,UPI / Digital Wallet
TXN-101521,2024-03-10,CUST-1352,Male,33,26-35,North,Clothing,Denim Slim Fit Jeans,5,59.99,0.0,299.95,130.0,169.95,Debit Card
TXN-101522,2024-03-11,CUST-1799,Female,19,18-25,East,Beauty & Personal Care,Argan Oil Hair Repair Mask,1,19.99,0.15,16.99,5.5,11.49,Credit Card
TXN-101523,2024-03-11,CUST-1435,Male,47,36-50,East,Clothing,Waterproof Hooded Windbreaker,1,89.99,0.15,76.49,42.0,34.49,Credit Card
TXN-101524,2024-03-11,CUST-1082,Male,26,26-35,West,Electronics,Ultra-Slim Laptop Stand,1,39.99,0.05,37.99,18.0,19.99,UPI / Digital Wallet
TXN-101525,2024-03-11,CUST-1224,Male,50,36-50,North,Electronics,4K Ultra HD Streaming Stick,1,49.99,0.0,49.99,28.0,21.99,UPI / Digital Wallet
TXN-101526,2024-03-11,CUST-1411,Male,38,36-50,West,Beauty & Personal Care,Vitamin C Brightening Face Serum,1,28.99,0.1,26.09,8.5,17.59,UPI / Digital Wallet
TXN-101527,2024-03-12,CUST-1734,Female,47,36-50,East,Electronics,Ultra-Slim Laptop Stand,2,39.99,0.35,51.99,36.0,15.99,Credit Card
TXN-101528,2024-03-12,CUST-1117,Female,32,26-35,South,Clothing,Athletic Performance Joggers,1,44.99,0.1,40.49,19.0,21.49,Cash on Delivery
TXN-101529,2024-03-13,CUST-1481,Female,39,36-50,North,Clothing,Denim Slim Fit Jeans,2,59.99,0.0,119.98,52.0,67.98,Cash on Delivery
TXN-101530,2024-03-13,CUST-1191,Female,30,26-35,North,Home & Kitchen,Automatic Robotic Vacuum Cleaner,2,299.99,0.0,599.98,350.0,249.98,Debit Card
TXN-101531,2024-03-13,CUST-1590,Female,20,18-25,West,Home & Kitchen,Aroma Oil Diffuser & Humidifier,1,29.99,0.0,29.99,12.0,17.99,Debit Card
TXN-101532,2024-03-15,CUST-1589,Female,47,36-50,South,Beauty & Personal Care,Vitamin C Brightening Face Serum,1,28.99,0.0,28.99,8.5,20.49,UPI / Digital Wallet
TXN-101533,2024-03-16,CUST-1658,Female,37,36-50,South,Electronics,Ultra-Slim Laptop Stand,2,39.99,0.15,67.98,36.0,31.98,UPI / Digital Wallet
TXN-101534,2024-03-16,CUST-1106,Female,22,18-25,North,Clothing,Athletic Performance Joggers,3,44.99,0.15,114.72,57.0,57.72,Cash on Delivery
TXN-101535,2024-03-17,CUST-1381,Female,51,51+,West,Clothing,Classic Wool Blend Sweater,3,69.99,0.0,209.97,93.0,116.97,Credit Card
TXN-101536,2024-03-17,CUST-1782,Female,42,36-50,North,Electronics,Wireless Noise-Canceling Headphones,3,149.99,0.0,449.97,255.0,194.97,Debit Card
TXN-101537,2024-03-18,CUST-1389,Male,21,18-25,South,Clothing,Classic Wool Blend Sweater,5,69.99,0.0,349.95,155.0,194.95,UPI / Digital Wallet
TXN-101538,2024-03-19,CUST-1243,Male,31,26-35,South,Clothing,Classic Wool Blend Sweater,2,69.99,0.2,111.98,62.0,49.98,UPI / Digital Wallet
TXN-101539,2024-03-19,CUST-1584,Female,23,18-25,South,Home & Kitchen,Aroma Oil Diffuser & Humidifier,4,29.99,0.05,113.96,48.0,65.96,UPI / Digital Wallet
TXN-101540,2024-03-19,CUST-1467,Female,27,26-35,South,Home & Kitchen,Non-Stick Ceramic Frying Pan,3,34.99,0.1,94.47,45.0,49.47,Cash on Delivery
TXN-101541,2024-03-20,CUST-1537,Female,18,18-25,South,Clothing,Classic Wool Blend Sweater,4,69.99,0.05,265.96,124.0,141.96,Debit Card
TXN-101542,2024-03-20,CUST-1209,Male,62,51+,West,Home & Kitchen,Non-Stick Ceramic Frying Pan,1,34.99,0.1,31.49,15.0,16.49,UPI / Digital Wallet
TXN-101543,2024-03-20,CUST-1603,Male,35,26-35,West,Clothing,Denim Slim Fit Jeans,5,59.99,0.05,284.95,130.0,154.95,Debit Card
TXN-101544,2024-03-22,CUST-1636,Male,39,36-50,East,Clothing,Classic Wool Blend Sweater,1,69.99,0.0,69.99,31.0,38.99,Debit Card
TXN-101545,2024-03-22,CUST-1072,Male,38,36-50,North,Home & Kitchen,Non-Stick Ceramic Frying Pan,3,34.99,0.1,94.47,45.0,49.47,Credit Card
TXN-101546,2024-03-22,CUST-1634,Female,41,36-50,East,Electronics,Smart Fitness Watch,1,199.99,0.1,179.99,110.0,69.99,UPI / Digital Wallet
TXN-101547,2024-03-23,CUST-1308,Female,31,26-35,North,Electronics,4K Ultra HD Streaming Stick,1,49.99,0.0,49.99,28.0,21.99,Cash on Delivery
TXN-101548,2024-03-24,CUST-1695,Male,18,18-25,North,Clothing,Classic Wool Blend Sweater,1,69.99,0.0,69.99,31.0,38.99,Credit Card
TXN-101549,2024-03-24,CUST-1698,Male,39,36-50,West,Books,Designing Data-Intensive Applications,1,54.99,0.05,52.24,22.0,30.24,Credit Card
TXN-101550,2024-03-25,CUST-1709,Female,34,26-35,West,Beauty & Personal Care,Hydrating Hyaluronic Acid Cream,1,22.99,0.05,21.84,6.8,15.04,UPI / Digital Wallet
TXN-101551,2024-03-25,CUST-1589,Female,47,36-50,South,Electronics,4K Ultra HD Streaming Stick,3,49.99,0.1,134.97,84.0,50.97,Debit Card
TXN-101552,2024-03-25,CUST-1185,Female,24,18-25,West,Beauty & Personal Care,Rosewater Revitalizing Facial Mist,1,16.99,0.2,13.59,4.2,9.39,Cash on Delivery
TXN-101553,2024-03-25,CUST-1252,Female,49,36-50,West,Beauty & Personal Care,Vitamin C Brightening Face Serum,1,28.99,0.0,28.99,8.5,20.49,Credit Card
TXN-101554,2024-03-26,CUST-1012,Female,46,36-50,East,Home & Kitchen,Compact Espresso Machine,1,179.99,0.0,179.99,98.0,81.99,Credit Card
TXN-101555,2024-03-26,CUST-1298,Male,26,26-35,East,Beauty & Personal Care,Rosewater Revitalizing Facial Mist,2,16.99,0.0,33.98,8.4,25.58,Debit Card
TXN-101556,2024-03-26,CUST-1075,Male,28,26-35,East,Clothing,Waterproof Hooded Windbreaker,1,89.99,0.05,85.49,42.0,43.49,Credit Card
TXN-101557,2024-03-27,CUST-1050,Male,18,18-25,North,Electronics,Smart Fitness Watch,1,199.99,0.05,189.99,110.0,79.99,Credit Card
TXN-101558,2024-03-28,CUST-1786,Male,60,51+,North,Clothing,Organic Cotton Crew T-Shirt,1,24.99,0.1,22.49,9.5,12.99,Credit Card
TXN-101559,2024-03-28,CUST-1148,Male,50,36-50,East,Home & Kitchen,Automatic Robotic Vacuum Cleaner,2,299.99,0.0,599.98,350.0,249.98,Credit Card
TXN-101560,2024-03-28,CUST-1730,Male,21,18-25,South,Home & Kitchen,Aroma Oil Diffuser & Humidifier,1,29.99,0.1,26.99,12.0,14.99,Credit Card
TXN-101561,2024-03-29,CUST-1121,Female,36,36-50,North,Home & Kitchen,Non-Stick Ceramic Frying Pan,1,34.99,0.2,27.99,15.0,12.99,Cash on Delivery
TXN-101562,2024-03-29,CUST-1210,Male,59,51+,South,Books,Data Science & Machine Learning Handbook,1,44.99,0.2,35.99,18.0,17.99,Credit Card
TXN-101563,2024-03-29,CUST-1279,Female,30,26-35,South,Books,Atomic Habits for Daily Productivity,5,21.99,0.25,82.46,37.5,44.96,Debit Card
TXN-101564,2024-03-30,CUST-1537,Female,18,18-25,West,Beauty & Personal Care,Rosewater Revitalizing Facial Mist,1,16.99,0.15,14.44,4.2,10.24,UPI / Digital Wallet
TXN-101565,2024-03-30,CUST-1684,Male,39,36-50,East,Beauty & Personal Care,Vitamin C Brightening Face Serum,2,28.99,0.2,46.38,17.0,29.38,UPI / Digital Wallet
TXN-101566,2024-03-30,CUST-1155,Male,33,26-35,South,Books,Data Science & Machine Learning Handbook,1,44.99,0.0,44.99,18.0,26.99,Debit Card
TXN-101567,2024-03-30,CUST-1237,Male,27,26-35,West,Electronics,Bluetooth Portable Speaker,1,59.99,0.0,59.99,32.0,27.99,UPI / Digital Wallet
TXN-101568,2024-03-30,CUST-1375,Male,26,26-35,West,Electronics,Ultra-Slim Laptop Stand,1,39.99,0.0,39.99,18.0,21.99,UPI / Digital Wallet
TXN-101569,2024-03-30,CUST-1081,Female,53,51+,South,Clothing,Classic Wool Blend Sweater,1,69.99,0.1,62.99,31.0,31.99,UPI / Digital Wallet
TXN-101570,2024-03-30,CUST-1491,Female,43,36-50,West,Beauty & Personal Care,Argan Oil Hair Repair Mask,1,19.99,0.25,14.99,5.5,9.49,UPI / Digital Wallet
TXN-101571,2024-03-30,CUST-1355,Female,42,36-50,South,Clothing,Denim Slim Fit Jeans,1,59.99,0.0,59.99,26.0,33.99,UPI / Digital Wallet
TXN-101572,2024-03-30,CUST-1272,Female,57,51+,North,Beauty & Personal Care,Vitamin C Brightening Face Serum,1,28.99,0.1,26.09,8.5,17.59,Debit Card
TXN-101573,2024-03-30,CUST-1579,Female,27,26-35,North,Electronics,Smart Fitness Watch,2,199.99,0.15,339.98,220.0,119.98,Credit Card
TXN-101574,2024-03-30,CUST-1043,Male,25,18-25,East,Electronics,Wireless Noise-Canceling Headphones,5,149.99,0.2,599.96,425.0,174.96,UPI / Digital Wallet
TXN-101575,2024-03-30,CUST-1572,Female,32,26-35,South,Beauty & Personal Care,Sonic Electric Toothbrush,1,64.99,0.1,58.49,29.0,29.49,Debit Card
TXN-101576,2024-03-30,CUST-1122,Female,37,36-50,East,Electronics,Bluetooth Portable Speaker,2,59.99,0.25,89.98,64.0,25.98,Cash on Delivery
TXN-101577,2024-03-31,CUST-1348,Male,34,26-35,East,Clothing,Denim Slim Fit Jeans,5,59.99,0.0,299.95,130.0,169.95,Credit Card
TXN-101578,2024-03-31,CUST-1707,Male,29,26-35,North,Electronics,Smart Fitness Watch,3,199.99,0.0,599.97,330.0,269.97,Credit Card
TXN-101579,2024-03-31,CUST-1329,Male,21,18-25,North,Clothing,Waterproof Hooded Windbreaker,1,89.99,0.05,85.49,42.0,43.49,Cash on Delivery
TXN-101580,2024-04-01,CUST-1408,Female,27,26-35,South,Home & Kitchen,Aroma Oil Diffuser & Humidifier,2,29.99,0.05,56.98,24.0,32.98,Credit Card
TXN-101581,2024-04-03,CUST-1322,Female,50,36-50,North,Clothing,Classic Wool Blend Sweater,1,69.99,0.0,69.99,31.0,38.99,Cash on Delivery
TXN-101582,2024-04-03,CUST-1110,Male,49,36-50,East,Home & Kitchen,Automatic Robotic Vacuum Cleaner,2,299.99,0.15,509.98,350.0,159.98,Cash on Delivery
TXN-101583,2024-04-03,CUST-1769,Female,24,18-25,South,Electronics,Bluetooth Portable Speaker,1,59.99,0.15,50.99,32.0,18.99,UPI / Digital Wallet
TXN-101584,2024-04-03,CUST-1088,Female,57,51+,East,Beauty & Personal Care,Argan Oil Hair Repair Mask,1,19.99,0.15,16.99,5.5,11.49,Debit Card
TXN-101585,2024-04-03,CUST-1432,Female,41,36-50,South,Clothing,Athletic Performance Joggers,1,44.99,0.0,44.99,19.0,25.99,UPI / Digital Wallet
TXN-101586,2024-04-03,CUST-1709,Female,34,26-35,East,Home & Kitchen,Aroma Oil Diffuser & Humidifier,1,29.99,0.05,28.49,12.0,16.49,UPI / Digital Wallet
TXN-101587,2024-04-03,CUST-1793,Male,33,26-35,West,Beauty & Personal Care,Vitamin C Brightening Face Serum,2,28.99,0.05,55.08,17.0,38.08,UPI / Digital Wallet
TXN-101588,2024-04-03,CUST-1711,Female,51,51+,West,Electronics,Smart Fitness Watch,1,199.99,0.0,199.99,110.0,89.99,Debit Card
TXN-101589,2024-04-03,CUST-1098,Female,32,26-35,West,Books,Deep Work & Focus in a Distracted World,2,22.5,0.1,40.5,14.4,26.1,Cash on Delivery
TXN-101590,2024-04-04,CUST-1538,Female,24,18-25,South,Home & Kitchen,Aroma Oil Diffuser & Humidifier,1,29.99,0.0,29.99,12.0,17.99,UPI / Digital Wallet
TXN-101591,2024-04-04,CUST-1600,Male,29,26-35,North,Clothing,Denim Slim Fit Jeans,1,59.99,0.0,59.99,26.0,33.99,Cash on Delivery
TXN-101592,2024-04-04,CUST-1145,Female,34,26-35,East,Electronics,Smart Fitness Watch,2,199.99,0.15,339.98,220.0,119.98,Credit Card
TXN-101593,2024-04-04,CUST-1693,Female,34,26-35,West,Books,Data Science & Machine Learning Handbook,5,44.99,0.0,224.95,90.0,134.95,Credit Card
TXN-101594,2024-04-04,CUST-1256,Female,25,18-25,North,Beauty & Personal Care,Hydrating Hyaluronic Acid Cream,1,22.99,0.25,17.24,6.8,10.44,Debit Card
TXN-101595,2024-04-04,CUST-1188,Male,29,26-35,North,Electronics,Smart Fitness Watch,1,199.99,0.05,189.99,110.0,79.99,Credit Card
TXN-101596,2024-04-04,CUST-1239,Male,41,36-50,North,Clothing,Waterproof Hooded Windbreaker,3,89.99,0.35,175.48,126.0,49.48,UPI / Digital Wallet
TXN-101597,2024-04-04,CUST-1502,Male,34,26-35,East,Beauty & Personal Care,Vitamin C Brightening Face Serum,1,28.99,0.0,28.99,8.5,20.49,Credit Card
TXN-101598,2024-04-05,CUST-1707,Male,29,26-35,South,Home & Kitchen,Stainless Steel Cookware Set (10-Pc),3,219.99,0.1,593.97,375.0,218.97,Cash on Delivery
TXN-101599,2024-04-05,CUST-1808,Male,33,26-35,North,Beauty & Personal Care,Argan Oil Hair Repair Mask,2,19.99,0.0,39.98,11.0,28.98,Credit Card
TXN-101600,2024-04-05,CUST-1676,Male,25,18-25,West,Clothing,Denim Slim Fit Jeans,1,59.99,0.15,50.99,26.0,24.99,Debit Card
TXN-101601,2024-04-06,CUST-1818,Male,44,36-50,South,Home & Kitchen,Automatic Robotic Vacuum Cleaner,1,299.99,0.05,284.99,175.0,109.99,Credit Card
TXN-101602,2024-04-06,CUST-1270,Female,57,51+,South,Clothing,Athletic Performance Joggers,1,44.99,0.0,44.99,19.0,25.99,Debit Card
TXN-101603,2024-04-06,CUST-1519,Female,18,18-25,South,Electronics,Smart Fitness Watch,1,199.99,0.2,159.99,110.0,49.99,Credit Card
TXN-101604,2024-04-06,CUST-1549,Female,25,18-25,North,Home & Kitchen,Aroma Oil Diffuser & Humidifier,3,29.99,0.05,85.47,36.0,49.47,Credit Card
TXN-101605,2024-04-07,CUST-1113,Male,33,26-35,South,Books,The Psychology of Money & Wealth,2,23.99,0.0,47.98,16.0,31.98,UPI / Digital Wallet
TXN-101606,2024-04-07,CUST-1338,Male,36,36-50,South,Clothing,Denim Slim Fit Jeans,2,59.99,0.05,113.98,52.0,61.98,Credit Card
TXN-101607,2024-04-09,CUST-1567,Female,34,26-35,South,Clothing,Classic Wool Blend Sweater,3,69.99,0.1,188.97,93.0,95.97,Credit Card
TXN-101608,2024-04-09,CUST-1358,Female,31,26-35,East,Home & Kitchen,Automatic Robotic Vacuum Cleaner,1,299.99,0.0,299.99,175.0,124.99,UPI / Digital Wallet
TXN-101609,2024-04-10,CUST-1649,Female,34,26-35,East,Home & Kitchen,Compact Espresso Machine,2,179.99,0.05,341.98,196.0,145.98,Credit Card
TXN-101610,2024-04-10,CUST-1613,Male,43,36-50,North,Beauty & Personal Care,Argan Oil Hair Repair Mask,1,19.99,0.0,19.99,5.5,14.49,Debit Card
TXN-101611,2024-04-10,CUST-1333,Female,49,36-50,South,Beauty & Personal Care,Hydrating Hyaluronic Acid Cream,3,22.99,0.1,62.07,20.4,41.67,Credit Card
TXN-101612,2024-04-10,CUST-1688,Female,49,36-50,West,Electronics,Wireless Noise-Canceling Headphones,1,149.99,0.15,127.49,85.0,42.49,Credit Card
TXN-101613,2024-04-10,CUST-1168,Male,26,26-35,North,Books,Deep Work & Focus in a Distracted World,2,22.5,0.05,42.75,14.4,28.35,UPI / Digital Wallet
TXN-101614,2024-04-11,CUST-1338,Male,36,36-50,North,Beauty & Personal Care,Hydrating Hyaluronic Acid Cream,3,22.99,0.05,65.52,20.4,45.12,Credit Card
TXN-101615,2024-04-11,CUST-1797,Female,18,18-25,South,Beauty & Personal Care,Hydrating Hyaluronic Acid Cream,1,22.99,0.0,22.99,6.8,16.19,UPI / Digital Wallet
TXN-101616,2024-04-11,CUST-1260,Male,43,36-50,East,Home & Kitchen,Automatic Robotic Vacuum Cleaner,1,299.99,0.0,299.99,175.0,124.99,Cash on Delivery
TXN-101617,2024-04-12,CUST-1734,Female,47,36-50,North,Beauty & Personal Care,Vitamin C Brightening Face Serum,2,28.99,0.0,57.98,17.0,40.98,Credit Card
TXN-101618,2024-04-13,CUST-1198,Male,32,26-35,East,Electronics,Ultra-Slim Laptop Stand,1,39.99,0.05,37.99,18.0,19.99,Cash on Delivery
TXN-101619,2024-04-13,CUST-1210,Male,59,51+,East,Clothing,Denim Slim Fit Jeans,2,59.99,0.05,113.98,52.0,61.98,Credit Card
TXN-101620,2024-04-14,CUST-1286,Male,18,18-25,West,Beauty & Personal Care,Vitamin C Brightening Face Serum,4,28.99,0.25,86.97,34.0,52.97,Credit Card
TXN-101621,2024-04-14,CUST-1691,Female,50,36-50,North,Electronics,4K Ultra HD Streaming Stick,1,49.99,0.0,49.99,28.0,21.99,Credit Card
TXN-101622,2024-04-15,CUST-1761,Male,37,36-50,East,Electronics,Bluetooth Portable Speaker,1,59.99,0.1,53.99,32.0,21.99,Credit Card
TXN-101623,2024-04-15,CUST-1742,Male,23,18-25,North,Beauty & Personal Care,Argan Oil Hair Repair Mask,2,19.99,0.05,37.98,11.0,26.98,Debit Card
TXN-101624,2024-04-15,CUST-1471,Female,22,18-25,South,Beauty & Personal Care,Hydrating Hyaluronic Acid Cream,1,22.99,0.05,21.84,6.8,15.04,Credit Card
TXN-101625,2024-04-18,CUST-1481,Female,39,36-50,South,Electronics,Wireless Noise-Canceling Headphones,1,149.99,0.2,119.99,85.0,34.99,UPI / Digital Wallet
TXN-101626,2024-04-18,CUST-1022,Male,39,36-50,South,Beauty & Personal Care,Vitamin C Brightening Face Serum,4,28.99,0.0,115.96,34.0,81.96,UPI / Digital Wallet
TXN-101627,2024-04-18,CUST-1559,Female,41,36-50,West,Home & Kitchen,Aroma Oil Diffuser & Humidifier,2,29.99,0.0,59.98,24.0,35.98,Credit Card
TXN-101628,2024-04-18,CUST-1108,Female,57,51+,North,Home & Kitchen,Automatic Robotic Vacuum Cleaner,1,299.99,0.1,269.99,175.0,94.99,UPI / Digital Wallet
TXN-101629,2024-04-19,CUST-1295,Female,60,51+,South,Beauty & Personal Care,Vitamin C Brightening Face Serum,1,28.99,0.0,28.99,8.5,20.49,Cash on Delivery
TXN-101630,2024-04-19,CUST-1005,Male,47,36-50,North,Clothing,Athletic Performance Joggers,2,44.99,0.0,89.98,38.0,51.98,Credit Card
TXN-101631,2024-04-19,CUST-1549,Female,25,18-25,East,Electronics,Smart Fitness Watch,3,199.99,0.0,599.97,330.0,269.97,Credit Card
TXN-101632,2024-04-20,CUST-1680,Male,34,26-35,North,Clothing,Athletic Performance Joggers,3,44.99,0.0,134.97,57.0,77.97,Debit Card
TXN-101633,2024-04-20,CUST-1794,Male,59,51+,West,Clothing,Classic Wool Blend Sweater,1,69.99,0.1,62.99,31.0,31.99,Debit Card
TXN-101634,2024-04-20,CUST-1202,Female,24,18-25,West,Home & Kitchen,Aroma Oil Diffuser & Humidifier,4,29.99,0.0,119.96,48.0,71.96,Debit Card
TXN-101635,2024-04-21,CUST-1324,Female,35,26-35,West,Beauty & Personal Care,Vitamin C Brightening Face Serum,2,28.99,0.05,55.08,17.0,38.08,Credit Card
TXN-101636,2024-04-21,CUST-1824,Male,32,26-35,North,Beauty & Personal Care,Vitamin C Brightening Face Serum,2,28.99,0.05,55.08,17.0,38.08,UPI / Digital Wallet
TXN-101637,2024-04-21,CUST-1784,Female,42,36-50,East,Home & Kitchen,Non-Stick Ceramic Frying Pan,2,34.99,0.05,66.48,30.0,36.48,UPI / Digital Wallet
TXN-101638,2024-04-21,CUST-1243,Male,31,26-35,North,Beauty & Personal Care,Rosewater Revitalizing Facial Mist,1,16.99,0.25,12.74,4.2,8.54,Debit Card
TXN-101639,2024-04-21,CUST-1326,Male,69,51+,West,Electronics,Smart Fitness Watch,5,199.99,0.0,999.95,550.0,449.95,Credit Card
TXN-101640,2024-04-22,CUST-1046,Male,44,36-50,East,Electronics,Ultra-Slim Laptop Stand,1,39.99,0.25,29.99,18.0,11.99,Debit Card
TXN-101641,2024-04-22,CUST-1760,Female,18,18-25,South,Beauty & Personal Care,Sonic Electric Toothbrush,1,64.99,0.1,58.49,29.0,29.49,Credit Card
TXN-101642,2024-04-25,CUST-1590,Female,20,18-25,East,Electronics,4K Ultra HD Streaming Stick,3,49.99,0.15,127.47,84.0,43.47,Debit Card
TXN-101643,2024-04-25,CUST-1621,Male,45,36-50,North,Electronics,Smart Fitness Watch,2,199.99,0.05,379.98,220.0,159.98,Cash on Delivery
TXN-101644,2024-04-25,CUST-1012,Female,46,36-50,South,Home & Kitchen,Non-Stick Ceramic Frying Pan,3,34.99,0.05,99.72,45.0,54.72,Debit Card
TXN-101645,2024-04-26,CUST-1379,Female,57,51+,North,Clothing,Organic Cotton Crew T-Shirt,2,24.99,0.2,39.98,19.0,20.98,Credit Card
TXN-101646,2024-04-26,CUST-1364,Female,49,36-50,West,Beauty & Personal Care,Argan Oil Hair Repair Mask,1,19.99,0.2,15.99,5.5,10.49,Debit Card
TXN-101647,2024-04-26,CUST-1601,Female,56,51+,West,Clothing,Athletic Performance Joggers,4,44.99,0.0,179.96,76.0,103.96,UPI / Digital Wallet
TXN-101648,2024-04-26,CUST-1341,Female,39,36-50,East,Electronics,Smart Fitness Watch,1,199.99,0.0,199.99,110.0,89.99,UPI / Digital Wallet
TXN-101649,2024-04-26,CUST-1791,Male,35,26-35,West,Clothing,Organic Cotton Crew T-Shirt,3,24.99,0.05,71.22,28.5,42.72,Debit Card
TXN-101650,2024-04-27,CUST-1220,Male,37,36-50,South,Home & Kitchen,Non-Stick Ceramic Frying Pan,1,34.99,0.2,27.99,15.0,12.99,Credit Card
TXN-101651,2024-04-27,CUST-1072,Male,38,36-50,West,Clothing,Classic Wool Blend Sweater,3,69.99,0.0,209.97,93.0,116.97,Debit Card
TXN-101652,2024-04-28,CUST-1745,Male,47,36-50,South,Home & Kitchen,Non-Stick Ceramic Frying Pan,1,34.99,0.1,31.49,15.0,16.49,Debit Card
TXN-101653,2024-04-29,CUST-1771,Female,43,36-50,East,Beauty & Personal Care,Sonic Electric Toothbrush,2,64.99,0.1,116.98,58.0,58.98,Cash on Delivery
TXN-101654,2024-04-29,CUST-1624,Female,24,18-25,East,Books,Atomic Habits for Daily Productivity,3,21.99,0.15,56.07,22.5,33.57,UPI / Digital Wallet
TXN-101655,2024-04-29,CUST-1045,Male,42,36-50,North,Electronics,Wireless Noise-Canceling Headphones,1,149.99,0.1,134.99,85.0,49.99,UPI / Digital Wallet
TXN-101656,2024-04-29,CUST-1503,Female,27,26-35,South,Clothing,Athletic Performance Joggers,2,44.99,0.05,85.48,38.0,47.48,Debit Card
TXN-101657,2024-04-29,CUST-1273,Female,37,36-50,North,Home & Kitchen,Compact Espresso Machine,3,179.99,0.25,404.98,294.0,110.98,Credit Card
TXN-101658,2024-04-29,CUST-1554,Male,48,36-50,West,Books,Deep Work & Focus in a Distracted World,2,22.5,0.1,40.5,14.4,26.1,UPI / Digital Wallet
TXN-101659,2024-04-29,CUST-1207,Male,40,36-50,North,Books,The Psychology of Money & Wealth,4,23.99,0.1,86.36,32.0,54.36,Debit Card
TXN-101660,2024-05-03,CUST-1614,Female,39,36-50,South,Electronics,Ultra-Slim Laptop Stand,1,39.99,0.0,39.99,18.0,21.99,Cash on Delivery
TXN-101661,2024-05-03,CUST-1123,Male,40,36-50,East,Beauty & Personal Care,Hydrating Hyaluronic Acid Cream,1,22.99,0.1,20.69,6.8,13.89,Debit Card
TXN-101662,2024-05-03,CUST-1009,Female,37,36-50,North,Clothing,Denim Slim Fit Jeans,1,59.99,0.0,59.99,26.0,33.99,Credit Card
TXN-101663,2024-05-04,CUST-1328,Female,33,26-35,South,Electronics,4K Ultra HD Streaming Stick,1,49.99,0.0,49.99,28.0,21.99,UPI / Digital Wallet
TXN-101664,2024-05-04,CUST-1186,Male,43,36-50,East,Electronics,Bluetooth Portable Speaker,1,59.99,0.1,53.99,32.0,21.99,Credit Card
TXN-101665,2024-05-04,CUST-1542,Female,19,18-25,North,Clothing,Denim Slim Fit Jeans,2,59.99,0.05,113.98,52.0,61.98,Credit Card
TXN-101666,2024-05-04,CUST-1667,Male,42,36-50,East,Clothing,Classic Wool Blend Sweater,1,69.99,0.1,62.99,31.0,31.99,Credit Card
TXN-101667,2024-05-04,CUST-1059,Male,55,51+,North,Electronics,4K Ultra HD Streaming Stick,1,49.99,0.0,49.99,28.0,21.99,UPI / Digital Wallet
TXN-101668,2024-05-04,CUST-1760,Female,18,18-25,North,Home & Kitchen,Automatic Robotic Vacuum Cleaner,1,299.99,0.1,269.99,175.0,94.99,Debit Card
TXN-101669,2024-05-05,CUST-1781,Female,30,26-35,South,Clothing,Waterproof Hooded Windbreaker,3,89.99,0.05,256.47,126.0,130.47,Credit Card
TXN-101670,2024-05-06,CUST-1441,Male,39,36-50,South,Home & Kitchen,Aroma Oil Diffuser & Humidifier,2,29.99,0.1,53.98,24.0,29.98,Debit Card
TXN-101671,2024-05-07,CUST-1216,Male,32,26-35,West,Clothing,Athletic Performance Joggers,1,44.99,0.0,44.99,19.0,25.99,Credit Card
TXN-101672,2024-05-08,CUST-1001,Male,56,51+,West,Electronics,4K Ultra HD Streaming Stick,4,49.99,0.1,179.96,112.0,67.96,Cash on Delivery
TXN-101673,2024-05-08,CUST-1535,Female,40,36-50,South,Clothing,Organic Cotton Crew T-Shirt,1,24.99,0.15,21.24,9.5,11.74,Debit Card
TXN-101674,2024-05-08,CUST-1717,Male,36,36-50,South,Electronics,4K Ultra HD Streaming Stick,5,49.99,0.0,249.95,140.0,109.95,UPI / Digital Wallet
TXN-101675,2024-05-08,CUST-1831,Female,34,26-35,South,Home & Kitchen,Automatic Robotic Vacuum Cleaner,2,299.99,0.0,599.98,350.0,249.98,Credit Card
TXN-101676,2024-05-09,CUST-1710,Female,61,51+,North,Electronics,Ultra-Slim Laptop Stand,1,39.99,0.1,35.99,18.0,17.99,UPI / Digital Wallet
TXN-101677,2024-05-09,CUST-1355,Female,42,36-50,South,Clothing,Waterproof Hooded Windbreaker,2,89.99,0.1,161.98,84.0,77.98,UPI / Digital Wallet
TXN-101678,2024-05-09,CUST-1625,Male,39,36-50,West,Electronics,Smart Fitness Watch,3,199.99,0.1,539.97,330.0,209.97,Cash on Delivery
TXN-101679,2024-05-09,CUST-1791,Male,35,26-35,South,Home & Kitchen,Compact Espresso Machine,1,179.99,0.1,161.99,98.0,63.99,Credit Card
TXN-101680,2024-05-09,CUST-1666,Female,18,18-25,North,Beauty & Personal Care,Vitamin C Brightening Face Serum,3,28.99,0.05,82.62,25.5,57.12,Debit Card
TXN-101681,2024-05-11,CUST-1164,Male,43,36-50,South,Electronics,4K Ultra HD Streaming Stick,1,49.99,0.05,47.49,28.0,19.49,UPI / Digital Wallet
TXN-101682,2024-05-11,CUST-1733,Female,19,18-25,North,Clothing,Organic Cotton Crew T-Shirt,1,24.99,0.0,24.99,9.5,15.49,Credit Card
TXN-101683,2024-05-11,CUST-1090,Female,44,36-50,East,Electronics,Bluetooth Portable Speaker,1,59.99,0.0,59.99,32.0,27.99,Credit Card
TXN-101684,2024-05-11,CUST-1166,Male,59,51+,South,Home & Kitchen,Non-Stick Ceramic Frying Pan,1,34.99,0.1,31.49,15.0,16.49,Cash on Delivery
TXN-101685,2024-05-11,CUST-1206,Female,28,26-35,South,Electronics,Smart Fitness Watch,1,199.99,0.0,199.99,110.0,89.99,Debit Card
TXN-101686,2024-05-11,CUST-1281,Male,33,26-35,South,Home & Kitchen,Non-Stick Ceramic Frying Pan,4,34.99,0.25,104.97,60.0,44.97,Cash on Delivery
TXN-101687,2024-05-11,CUST-1064,Male,31,26-35,West,Clothing,Athletic Performance Joggers,1,44.99,0.15,38.24,19.0,19.24,Credit Card
TXN-101688,2024-05-11,CUST-1515,Female,26,26-35,North,Books,Deep Work & Focus in a Distracted World,1,22.5,0.2,18.0,7.2,10.8,UPI / Digital Wallet
TXN-101689,2024-05-12,CUST-1156,Female,18,18-25,West,Home & Kitchen,Non-Stick Ceramic Frying Pan,2,34.99,0.2,55.98,30.0,25.98,Debit Card
TXN-101690,2024-05-12,CUST-1760,Female,18,18-25,South,Home & Kitchen,Stainless Steel Cookware Set (10-Pc),4,219.99,0.05,835.96,500.0,335.96,Debit Card
TXN-101691,2024-05-13,CUST-1768,Male,38,36-50,West,Clothing,Athletic Performance Joggers,5,44.99,0.15,191.21,95.0,96.21,Cash on Delivery
TXN-101692,2024-05-13,CUST-1746,Female,41,36-50,East,Books,The Psychology of Money & Wealth,3,23.99,0.0,71.97,24.0,47.97,Credit Card
TXN-101693,2024-05-13,CUST-1305,Female,25,18-25,North,Beauty & Personal Care,Sonic Electric Toothbrush,5,64.99,0.0,324.95,145.0,179.95,UPI / Digital Wallet
TXN-101694,2024-05-13,CUST-1394,Male,34,26-35,West,Clothing,Athletic Performance Joggers,3,44.99,0.15,114.72,57.0,57.72,UPI / Digital Wallet
TXN-101695,2024-05-14,CUST-1073,Male,48,36-50,East,Beauty & Personal Care,Sonic Electric Toothbrush,5,64.99,0.0,324.95,145.0,179.95,Credit Card
TXN-101696,2024-05-14,CUST-1186,Male,43,36-50,North,Clothing,Classic Wool Blend Sweater,2,69.99,0.35,90.99,62.0,28.99,Cash on Delivery
TXN-101697,2024-05-14,CUST-1573,Male,37,36-50,North,Beauty & Personal Care,Hydrating Hyaluronic Acid Cream,1,22.99,0.1,20.69,6.8,13.89,Debit Card
TXN-101698,2024-05-14,CUST-1336,Female,39,36-50,East,Beauty & Personal Care,Rosewater Revitalizing Facial Mist,1,16.99,0.15,14.44,4.2,10.24,UPI / Digital Wallet
TXN-101699,2024-05-14,CUST-1675,Female,42,36-50,East,Electronics,Wireless Noise-Canceling Headphones,2,149.99,0.0,299.98,170.0,129.98,Credit Card
TXN-101700,2024-05-14,CUST-1567,Female,34,26-35,East,Home & Kitchen,Non-Stick Ceramic Frying Pan,1,34.99,0.1,31.49,15.0,16.49,UPI / Digital Wallet
TXN-101701,2024-05-14,CUST-1622,Female,45,36-50,East,Clothing,Denim Slim Fit Jeans,1,59.99,0.0,59.99,26.0,33.99,Debit Card
TXN-101702,2024-05-14,CUST-1729,Male,21,18-25,East,Clothing,Organic Cotton Crew T-Shirt,2,24.99,0.15,42.48,19.0,23.48,Credit Card
TXN-101703,2024-05-14,CUST-1239,Male,41,36-50,East,Clothing,Organic Cotton Crew T-Shirt,4,24.99,0.0,99.96,38.0,61.96,UPI / Digital Wallet
TXN-101704,2024-05-14,CUST-1532,Female,38,36-50,South,Beauty & Personal Care,Argan Oil Hair Repair Mask,1,19.99,0.1,17.99,5.5,12.49,Credit Card
TXN-101705,2024-05-14,CUST-1140,Female,47,36-50,North,Electronics,Smart Fitness Watch,3,199.99,0.0,599.97,330.0,269.97,Credit Card
TXN-101706,2024-05-15,CUST-1264,Female,34,26-35,West,Electronics,4K Ultra HD Streaming Stick,2,49.99,0.0,99.98,56.0,43.98,Credit Card
TXN-101707,2024-05-15,CUST-1138,Female,35,26-35,North,Home & Kitchen,Compact Espresso Machine,5,179.99,0.05,854.95,490.0,364.95,Credit Card
TXN-101708,2024-05-15,CUST-1458,Female,44,36-50,South,Electronics,Smart Fitness Watch,4,199.99,0.0,799.96,440.0,359.96,Credit Card
TXN-101709,2024-05-15,CUST-1069,Male,24,18-25,East,Electronics,Wireless Noise-Canceling Headphones,3,149.99,0.1,404.97,255.0,149.97,Debit Card
TXN-101710,2024-05-16,CUST-1384,Male,49,36-50,South,Electronics,Ultra-Slim Laptop Stand,2,39.99,0.0,79.98,36.0,43.98,Debit Card
TXN-101711,2024-05-17,CUST-1629,Female,49,36-50,North,Clothing,Classic Wool Blend Sweater,1,69.99,0.0,69.99,31.0,38.99,Debit Card
TXN-101712,2024-05-17,CUST-1197,Female,40,36-50,North,Clothing,Denim Slim Fit Jeans,2,59.99,0.1,107.98,52.0,55.98,Credit Card
TXN-101713,2024-05-17,CUST-1204,Male,42,36-50,East,Electronics,Smart Fitness Watch,3,199.99,0.0,599.97,330.0,269.97,UPI / Digital Wallet
TXN-101714,2024-05-17,CUST-1725,Male,40,36-50,West,Books,The Psychology of Money & Wealth,4,23.99,0.05,91.16,32.0,59.16,UPI / Digital Wallet
TXN-101715,2024-05-17,CUST-1567,Female,34,26-35,South,Home & Kitchen,Stainless Steel Cookware Set (10-Pc),3,219.99,0.15,560.97,375.0,185.97,Credit Card
TXN-101716,2024-05-17,CUST-1798,Male,26,26-35,South,Clothing,Athletic Performance Joggers,1,44.99,0.0,44.99,19.0,25.99,UPI / Digital Wallet
TXN-101717,2024-05-17,CUST-1804,Female,24,18-25,South,Clothing,Athletic Performance Joggers,2,44.99,0.0,89.98,38.0,51.98,UPI / Digital Wallet
TXN-101718,2024-05-20,CUST-1686,Female,32,26-35,North,Clothing,Classic Wool Blend Sweater,1,69.99,0.0,69.99,31.0,38.99,UPI / Digital Wallet
TXN-101719,2024-05-20,CUST-1639,Female,34,26-35,North,Home & Kitchen,Stainless Steel Cookware Set (10-Pc),1,219.99,0.05,208.99,125.0,83.99,Credit Card
TXN-101720,2024-05-20,CUST-1430,Female,43,36-50,North,Electronics,Ultra-Slim Laptop Stand,1,39.99,0.05,37.99,18.0,19.99,Credit Card
TXN-101721,2024-05-21,CUST-1324,Female,35,26-35,South,Electronics,4K Ultra HD Streaming Stick,1,49.99,0.05,47.49,28.0,19.49,UPI / Digital Wallet
TXN-101722,2024-05-22,CUST-1441,Male,39,36-50,North,Beauty & Personal Care,Hydrating Hyaluronic Acid Cream,3,22.99,0.15,58.62,20.4,38.22,UPI / Digital Wallet
TXN-101723,2024-05-22,CUST-1803,Male,57,51+,North,Electronics,Wireless Noise-Canceling Headphones,1,149.99,0.0,149.99,85.0,64.99,Credit Card
TXN-101724,2024-05-23,CUST-1287,Male,41,36-50,East,Clothing,Organic Cotton Crew T-Shirt,1,24.99,0.05,23.74,9.5,14.24,Credit Card
TXN-101725,2024-05-23,CUST-1225,Male,43,36-50,West,Beauty & Personal Care,Sonic Electric Toothbrush,4,64.99,0.05,246.96,116.0,130.96,UPI / Digital Wallet
TXN-101726,2024-05-23,CUST-1063,Male,66,51+,West,Home & Kitchen,Compact Espresso Machine,1,179.99,0.1,161.99,98.0,63.99,UPI / Digital Wallet
TXN-101727,2024-05-23,CUST-1559,Female,41,36-50,East,Clothing,Denim Slim Fit Jeans,1,59.99,0.25,44.99,26.0,18.99,UPI / Digital Wallet
TXN-101728,2024-05-24,CUST-1713,Male,39,36-50,North,Home & Kitchen,Automatic Robotic Vacuum Cleaner,1,299.99,0.05,284.99,175.0,109.99,Credit Card
TXN-101729,2024-05-24,CUST-1497,Male,18,18-25,East,Electronics,Wireless Noise-Canceling Headphones,1,149.99,0.35,97.49,85.0,12.49,Debit Card
TXN-101730,2024-05-24,CUST-1848,Female,18,18-25,North,Beauty & Personal Care,Argan Oil Hair Repair Mask,1,19.99,0.0,19.99,5.5,14.49,Credit Card
TXN-101731,2024-05-24,CUST-1059,Male,55,51+,East,Clothing,Denim Slim Fit Jeans,1,59.99,0.0,59.99,26.0,33.99,Credit Card
TXN-101732,2024-05-24,CUST-1396,Male,35,26-35,East,Beauty & Personal Care,Sonic Electric Toothbrush,2,64.99,0.0,129.98,58.0,71.98,Credit Card
TXN-101733,2024-05-25,CUST-1256,Female,25,18-25,East,Books,Data Science & Machine Learning Handbook,1,44.99,0.05,42.74,18.0,24.74,UPI / Digital Wallet
TXN-101734,2024-05-25,CUST-1576,Female,18,18-25,West,Books,Atomic Habits for Daily Productivity,1,21.99,0.0,21.99,7.5,14.49,Debit Card
TXN-101735,2024-05-25,CUST-1238,Female,38,36-50,East,Books,The Psychology of Money & Wealth,3,23.99,0.0,71.97,24.0,47.97,UPI / Digital Wallet
TXN-101736,2024-05-25,CUST-1800,Male,18,18-25,East,Clothing,Athletic Performance Joggers,1,44.99,0.05,42.74,19.0,23.74,Credit Card
TXN-101737,2024-05-25,CUST-1037,Female,53,51+,North,Clothing,Denim Slim Fit Jeans,4,59.99,0.0,239.96,104.0,135.96,Credit Card
TXN-101738,2024-05-25,CUST-1024,Female,35,26-35,West,Clothing,Athletic Performance Joggers,1,44.99,0.0,44.99,19.0,25.99,Credit Card
TXN-101739,2024-05-25,CUST-1409,Male,38,36-50,North,Home & Kitchen,Automatic Robotic Vacuum Cleaner,1,299.99,0.0,299.99,175.0,124.99,Credit Card
TXN-101740,2024-05-25,CUST-1460,Male,25,18-25,West,Books,Designing Data-Intensive Applications,3,54.99,0.2,131.98,66.0,65.98,UPI / Digital Wallet
TXN-101741,2024-05-25,CUST-1570,Female,28,26-35,South,Electronics,Smart Fitness Watch,1,199.99,0.0,199.99,110.0,89.99,Credit Card
TXN-101742,2024-05-26,CUST-1416,Male,38,36-50,North,Books,Designing Data-Intensive Applications,1,54.99,0.1,49.49,22.0,27.49,Credit Card
TXN-101743,2024-05-26,CUST-1356,Female,46,36-50,West,Beauty & Personal Care,Vitamin C Brightening Face Serum,2,28.99,0.1,52.18,17.0,35.18,Credit Card
TXN-101744,2024-05-26,CUST-1382,Female,66,51+,North,Books,Atomic Habits for Daily Productivity,1,21.99,0.05,20.89,7.5,13.39,Credit Card
TXN-101745,2024-05-27,CUST-1808,Male,33,26-35,West,Books,The Psychology of Money & Wealth,3,23.99,0.0,71.97,24.0,47.97,UPI / Digital Wallet
TXN-101746,2024-05-27,CUST-1157,Female,28,26-35,North,Electronics,4K Ultra HD Streaming Stick,4,49.99,0.05,189.96,112.0,77.96,Debit Card
TXN-101747,2024-05-27,CUST-1568,Male,58,51+,West,Electronics,Wireless Noise-Canceling Headphones,1,149.99,0.1,134.99,85.0,49.99,UPI / Digital Wallet
TXN-101748,2024-05-29,CUST-1432,Female,41,36-50,East,Electronics,Ultra-Slim Laptop Stand,2,39.99,0.05,75.98,36.0,39.98,UPI / Digital Wallet
TXN-101749,2024-05-29,CUST-1047,Female,38,36-50,East,Clothing,Classic Wool Blend Sweater,2,69.99,0.0,139.98,62.0,77.98,Credit Card
TXN-101750,2024-05-30,CUST-1327,Female,39,36-50,South,Home & Kitchen,Aroma Oil Diffuser & Humidifier,5,29.99,0.0,149.95,60.0,89.95,Credit Card
TXN-101751,2024-05-30,CUST-1432,Female,41,36-50,North,Beauty & Personal Care,Argan Oil Hair Repair Mask,3,19.99,0.2,47.98,16.5,31.48,UPI / Digital Wallet
TXN-101752,2024-05-30,CUST-1430,Female,43,36-50,West,Books,The Psychology of Money & Wealth,4,23.99,0.05,91.16,32.0,59.16,UPI / Digital Wallet
TXN-101753,2024-05-31,CUST-1055,Female,20,18-25,North,Home & Kitchen,Compact Espresso Machine,1,179.99,0.1,161.99,98.0,63.99,Credit Card
TXN-101754,2024-05-31,CUST-1576,Female,18,18-25,South,Electronics,Wireless Noise-Canceling Headphones,3,149.99,0.05,427.47,255.0,172.47,Credit Card
TXN-101755,2024-05-31,CUST-1267,Male,65,51+,East,Electronics,4K Ultra HD Streaming Stick,1,49.99,0.2,39.99,28.0,11.99,Credit Card
TXN-101756,2024-06-01,CUST-1068,Male,26,26-35,South,Electronics,Ultra-Slim Laptop Stand,1,39.99,0.05,37.99,18.0,19.99,Credit Card
TXN-101757,2024-06-04,CUST-1727,Female,33,26-35,North,Clothing,Denim Slim Fit Jeans,4,59.99,0.05,227.96,104.0,123.96,Credit Card
TXN-101758,2024-06-04,CUST-1600,Male,29,26-35,North,Clothing,Waterproof Hooded Windbreaker,1,89.99,0.2,71.99,42.0,29.99,Credit Card
TXN-101759,2024-06-04,CUST-1448,Female,26,26-35,North,Electronics,Ultra-Slim Laptop Stand,5,39.99,0.1,179.96,90.0,89.96,Credit Card
TXN-101760,2024-06-04,CUST-1792,Male,19,18-25,West,Clothing,Classic Wool Blend Sweater,1,69.99,0.0,69.99,31.0,38.99,Credit Card
TXN-101761,2024-06-04,CUST-1256,Female,25,18-25,North,Electronics,Wireless Noise-Canceling Headphones,3,149.99,0.0,449.97,255.0,194.97,Credit Card
TXN-101762,2024-06-07,CUST-1671,Female,25,18-25,West,Home & Kitchen,Non-Stick Ceramic Frying Pan,1,34.99,0.15,29.74,15.0,14.74,UPI / Digital Wallet
TXN-101763,2024-06-07,CUST-1489,Male,63,51+,North,Clothing,Waterproof Hooded Windbreaker,1,89.99,0.15,76.49,42.0,34.49,Debit Card
TXN-101764,2024-06-07,CUST-1745,Male,47,36-50,North,Clothing,Athletic Performance Joggers,1,44.99,0.05,42.74,19.0,23.74,Cash on Delivery
TXN-101765,2024-06-07,CUST-1642,Female,36,36-50,South,Clothing,Organic Cotton Crew T-Shirt,2,24.99,0.1,44.98,19.0,25.98,Credit Card
TXN-101766,2024-06-07,CUST-1048,Male,26,26-35,North,Books,Designing Data-Intensive Applications,1,54.99,0.1,49.49,22.0,27.49,UPI / Digital Wallet
TXN-101767,2024-06-07,CUST-1658,Female,37,36-50,East,Electronics,Wireless Noise-Canceling Headphones,2,149.99,0.05,284.98,170.0,114.98,Credit Card
TXN-101768,2024-06-07,CUST-1315,Male,33,26-35,West,Clothing,Waterproof Hooded Windbreaker,1,89.99,0.1,80.99,42.0,38.99,Debit Card
TXN-101769,2024-06-08,CUST-1412,Male,47,36-50,North,Beauty & Personal Care,Vitamin C Brightening Face Serum,1,28.99,0.0,28.99,8.5,20.49,Credit Card
TXN-101770,2024-06-08,CUST-1433,Male,32,26-35,East,Home & Kitchen,Stainless Steel Cookware Set (10-Pc),1,219.99,0.25,164.99,125.0,39.99,Credit Card
TXN-101771,2024-06-08,CUST-1001,Male,56,51+,South,Books,Data Science & Machine Learning Handbook,1,44.99,0.15,38.24,18.0,20.24,Cash on Delivery
TXN-101772,2024-06-08,CUST-1840,Male,30,26-35,North,Clothing,Denim Slim Fit Jeans,3,59.99,0.1,161.97,78.0,83.97,Debit Card
TXN-101773,2024-06-08,CUST-1144,Male,39,36-50,North,Clothing,Denim Slim Fit Jeans,3,59.99,0.0,179.97,78.0,101.97,Cash on Delivery
TXN-101774,2024-06-08,CUST-1365,Female,35,26-35,West,Electronics,Bluetooth Portable Speaker,1,59.99,0.0,59.99,32.0,27.99,Credit Card
TXN-101775,2024-06-09,CUST-1419,Female,48,36-50,North,Home & Kitchen,Stainless Steel Cookware Set (10-Pc),2,219.99,0.05,417.98,250.0,167.98,Credit Card
TXN-101776,2024-06-09,CUST-1572,Female,32,26-35,West,Clothing,Waterproof Hooded Windbreaker,3,89.99,0.1,242.97,126.0,116.97,Credit Card
TXN-101777,2024-06-09,CUST-1784,Female,42,36-50,South,Electronics,Smart Fitness Watch,1,199.99,0.1,179.99,110.0,69.99,UPI / Digital Wallet
TXN-101778,2024-06-09,CUST-1560,Female,31,26-35,North,Home & Kitchen,Stainless Steel Cookware Set (10-Pc),1,219.99,0.05,208.99,125.0,83.99,Debit Card
TXN-101779,2024-06-09,CUST-1843,Male,19,18-25,South,Home & Kitchen,Aroma Oil Diffuser & Humidifier,2,29.99,0.1,53.98,24.0,29.98,Cash on Delivery
TXN-101780,2024-06-09,CUST-1443,Female,42,36-50,West,Electronics,Smart Fitness Watch,1,199.99,0.15,169.99,110.0,59.99,Credit Card
TXN-101781,2024-06-09,CUST-1433,Male,32,26-35,East,Home & Kitchen,Compact Espresso Machine,1,179.99,0.0,179.99,98.0,81.99,UPI / Digital Wallet
TXN-101782,2024-06-09,CUST-1642,Female,36,36-50,South,Home & Kitchen,Compact Espresso Machine,1,179.99,0.05,170.99,98.0,72.99,Credit Card
TXN-101783,2024-06-09,CUST-1554,Male,48,36-50,West,Electronics,Wireless Noise-Canceling Headphones,2,149.99,0.15,254.98,170.0,84.98,Credit Card
TXN-101784,2024-06-09,CUST-1056,Female,47,36-50,North,Clothing,Classic Wool Blend Sweater,1,69.99,0.05,66.49,31.0,35.49,Debit Card
TXN-101785,2024-06-09,CUST-1561,Female,43,36-50,West,Beauty & Personal Care,Rosewater Revitalizing Facial Mist,1,16.99,0.1,15.29,4.2,11.09,Debit Card
TXN-101786,2024-06-09,CUST-1177,Female,40,36-50,West,Home & Kitchen,Aroma Oil Diffuser & Humidifier,1,29.99,0.05,28.49,12.0,16.49,Credit Card
TXN-101787,2024-06-10,CUST-1292,Female,43,36-50,East,Clothing,Waterproof Hooded Windbreaker,1,89.99,0.35,58.49,42.0,16.49,Credit Card
TXN-101788,2024-06-10,CUST-1045,Male,42,36-50,West,Clothing,Organic Cotton Crew T-Shirt,1,24.99,0.0,24.99,9.5,15.49,Credit Card
TXN-101789,2024-06-13,CUST-1169,Female,44,36-50,South,Home & Kitchen,Compact Espresso Machine,4,179.99,0.05,683.96,392.0,291.96,Credit Card
TXN-101790,2024-06-14,CUST-1270,Female,57,51+,East,Books,Deep Work & Focus in a Distracted World,1,22.5,0.0,22.5,7.2,15.3,Credit Card
TXN-101791,2024-06-14,CUST-1416,Male,38,36-50,South,Home & Kitchen,Stainless Steel Cookware Set (10-Pc),2,219.99,0.0,439.98,250.0,189.98,Credit Card
TXN-101792,2024-06-14,CUST-1847,Male,25,18-25,South,Electronics,Wireless Noise-Canceling Headphones,1,149.99,0.05,142.49,85.0,57.49,Credit Card
TXN-101793,2024-06-14,CUST-1138,Female,35,26-35,South,Clothing,Classic Wool Blend Sweater,2,69.99,0.0,139.98,62.0,77.98,Cash on Delivery
TXN-101794,2024-06-15,CUST-1246,Male,46,36-50,North,Books,Atomic Habits for Daily Productivity,2,21.99,0.25,32.98,15.0,17.98,Cash on Delivery
TXN-101795,2024-06-17,CUST-1147,Female,46,36-50,South,Electronics,Wireless Noise-Canceling Headphones,1,149.99,0.25,112.49,85.0,27.49,Debit Card
TXN-101796,2024-06-17,CUST-1229,Male,35,26-35,North,Books,Designing Data-Intensive Applications,3,54.99,0.0,164.97,66.0,98.97,Cash on Delivery
TXN-101797,2024-06-17,CUST-1791,Male,35,26-35,North,Books,Designing Data-Intensive Applications,1,54.99,0.1,49.49,22.0,27.49,UPI / Digital Wallet
TXN-101798,2024-06-17,CUST-1636,Male,39,36-50,South,Electronics,Ultra-Slim Laptop Stand,3,39.99,0.05,113.97,54.0,59.97,Credit Card
TXN-101799,2024-06-18,CUST-1703,Female,18,18-25,West,Books,Atomic Habits for Daily Productivity,1,21.99,0.15,18.69,7.5,11.19,Credit Card
TXN-101800,2024-06-20,CUST-1373,Female,28,26-35,South,Clothing,Classic Wool Blend Sweater,5,69.99,0.1,314.96,155.0,159.96,Cash on Delivery
TXN-101801,2024-06-20,CUST-1079,Male,42,36-50,East,Beauty & Personal Care,Vitamin C Brightening Face Serum,3,28.99,0.0,86.97,25.5,61.47,Debit Card
TXN-101802,2024-06-20,CUST-1605,Male,24,18-25,North,Clothing,Athletic Performance Joggers,5,44.99,0.15,191.21,95.0,96.21,UPI / Digital Wallet
TXN-101803,2024-06-20,CUST-1737,Female,29,26-35,South,Clothing,Waterproof Hooded Windbreaker,2,89.99,0.15,152.98,84.0,68.98,UPI / Digital Wallet
TXN-101804,2024-06-20,CUST-1064,Male,31,26-35,North,Home & Kitchen,Automatic Robotic Vacuum Cleaner,1,299.99,0.05,284.99,175.0,109.99,Debit Card
TXN-101805,2024-06-20,CUST-1087,Male,29,26-35,North,Beauty & Personal Care,Sonic Electric Toothbrush,3,64.99,0.2,155.98,87.0,68.98,Credit Card
TXN-101806,2024-06-21,CUST-1087,Male,29,26-35,East,Electronics,Bluetooth Portable Speaker,3,59.99,0.2,143.98,96.0,47.98,Credit Card
TXN-101807,2024-06-21,CUST-1712,Male,37,36-50,East,Home & Kitchen,Aroma Oil Diffuser & Humidifier,5,29.99,0.05,142.45,60.0,82.45,Credit Card
TXN-101808,2024-06-22,CUST-1725,Male,40,36-50,North,Electronics,Ultra-Slim Laptop Stand,1,39.99,0.1,35.99,18.0,17.99,Credit Card
TXN-101809,2024-06-22,CUST-1203,Male,32,26-35,South,Clothing,Waterproof Hooded Windbreaker,3,89.99,0.35,175.48,126.0,49.48,Credit Card
TXN-101810,2024-06-22,CUST-1381,Female,51,51+,West,Clothing,Organic Cotton Crew T-Shirt,1,24.99,0.0,24.99,9.5,15.49,Credit Card
TXN-101811,2024-06-23,CUST-1600,Male,29,26-35,North,Clothing,Denim Slim Fit Jeans,2,59.99,0.0,119.98,52.0,67.98,Credit Card
TXN-101812,2024-06-24,CUST-1475,Male,33,26-35,North,Clothing,Denim Slim Fit Jeans,1,59.99,0.0,59.99,26.0,33.99,Debit Card
TXN-101813,2024-06-24,CUST-1572,Female,32,26-35,East,Electronics,4K Ultra HD Streaming Stick,1,49.99,0.2,39.99,28.0,11.99,Credit Card
TXN-101814,2024-06-25,CUST-1782,Female,42,36-50,North,Electronics,Ultra-Slim Laptop Stand,4,39.99,0.15,135.97,72.0,63.97,Debit Card
TXN-101815,2024-06-26,CUST-1605,Male,24,18-25,West,Electronics,Ultra-Slim Laptop Stand,1,39.99,0.0,39.99,18.0,21.99,Debit Card
TXN-101816,2024-06-26,CUST-1818,Male,44,36-50,East,Clothing,Denim Slim Fit Jeans,2,59.99,0.35,77.99,52.0,25.99,UPI / Digital Wallet
TXN-101817,2024-06-28,CUST-1538,Female,24,18-25,South,Books,Data Science & Machine Learning Handbook,2,44.99,0.15,76.48,36.0,40.48,Cash on Delivery
TXN-101818,2024-06-29,CUST-1213,Male,47,36-50,South,Electronics,Smart Fitness Watch,1,199.99,0.2,159.99,110.0,49.99,Credit Card
TXN-101819,2024-06-29,CUST-1073,Male,48,36-50,South,Books,Atomic Habits for Daily Productivity,1,21.99,0.0,21.99,7.5,14.49,Credit Card
TXN-101820,2024-06-30,CUST-1060,Male,20,18-25,North,Beauty & Personal Care,Argan Oil Hair Repair Mask,2,19.99,0.05,37.98,11.0,26.98,UPI / Digital Wallet
TXN-101821,2024-06-30,CUST-1697,Male,23,18-25,West,Home & Kitchen,Non-Stick Ceramic Frying Pan,1,34.99,0.1,31.49,15.0,16.49,Debit Card
TXN-101822,2024-06-30,CUST-1542,Female,19,18-25,East,Home & Kitchen,Stainless Steel Cookware Set (10-Pc),3,219.99,0.05,626.97,375.0,251.97,UPI / Digital Wallet
TXN-101823,2024-06-30,CUST-1218,Male,40,36-50,North,Beauty & Personal Care,Argan Oil Hair Repair Mask,5,19.99,0.1,89.96,27.5,62.46,Credit Card
TXN-101824,2024-06-30,CUST-1011,Male,47,36-50,South,Electronics,Smart Fitness Watch,1,199.99,0.15,169.99,110.0,59.99,UPI / Digital Wallet
TXN-101825,2024-07-01,CUST-1813,Male,26,26-35,North,Clothing,Waterproof Hooded Windbreaker,1,89.99,0.05,85.49,42.0,43.49,Cash on Delivery
TXN-101826,2024-07-01,CUST-1414,Male,49,36-50,North,Home & Kitchen,Stainless Steel Cookware Set (10-Pc),1,219.99,0.15,186.99,125.0,61.99,Debit Card
TXN-101827,2024-07-01,CUST-1031,Male,40,36-50,East,Home & Kitchen,Aroma Oil Diffuser & Humidifier,2,29.99,0.0,59.98,24.0,35.98,Credit Card
TXN-101828,2024-07-01,CUST-1159,Female,28,26-35,East,Beauty & Personal Care,Vitamin C Brightening Face Serum,1,28.99,0.0,28.99,8.5,20.49,UPI / Digital Wallet
TXN-101829,2024-07-03,CUST-1236,Female,18,18-25,East,Electronics,Wireless Noise-Canceling Headphones,1,149.99,0.0,149.99,85.0,64.99,UPI / Digital Wallet
TXN-101830,2024-07-03,CUST-1738,Male,35,26-35,North,Home & Kitchen,Compact Espresso Machine,2,179.99,0.05,341.98,196.0,145.98,UPI / Digital Wallet
TXN-101831,2024-07-03,CUST-1180,Female,35,26-35,East,Home & Kitchen,Compact Espresso Machine,4,179.99,0.05,683.96,392.0,291.96,Credit Card
TXN-101832,2024-07-03,CUST-1828,Female,51,51+,North,Clothing,Athletic Performance Joggers,1,44.99,0.15,38.24,19.0,19.24,UPI / Digital Wallet
TXN-101833,2024-07-03,CUST-1557,Male,26,26-35,East,Clothing,Athletic Performance Joggers,1,44.99,0.1,40.49,19.0,21.49,Credit Card
TXN-101834,2024-07-04,CUST-1340,Male,18,18-25,South,Home & Kitchen,Aroma Oil Diffuser & Humidifier,5,29.99,0.05,142.45,60.0,82.45,Credit Card
TXN-101835,2024-07-05,CUST-1457,Male,18,18-25,East,Books,Deep Work & Focus in a Distracted World,2,22.5,0.1,40.5,14.4,26.1,Debit Card
TXN-101836,2024-07-05,CUST-1079,Male,42,36-50,West,Clothing,Classic Wool Blend Sweater,2,69.99,0.0,139.98,62.0,77.98,Credit Card
TXN-101837,2024-07-07,CUST-1646,Female,37,36-50,West,Beauty & Personal Care,Hydrating Hyaluronic Acid Cream,2,22.99,0.0,45.98,13.6,32.38,UPI / Digital Wallet
TXN-101838,2024-07-07,CUST-1771,Female,43,36-50,West,Clothing,Denim Slim Fit Jeans,5,59.99,0.1,269.96,130.0,139.96,Debit Card
TXN-101839,2024-07-07,CUST-1819,Female,39,36-50,West,Electronics,4K Ultra HD Streaming Stick,2,49.99,0.1,89.98,56.0,33.98,Credit Card
TXN-101840,2024-07-07,CUST-1758,Male,18,18-25,East,Electronics,Ultra-Slim Laptop Stand,4,39.99,0.15,135.97,72.0,63.97,UPI / Digital Wallet
TXN-101841,2024-07-09,CUST-1472,Female,23,18-25,West,Electronics,Bluetooth Portable Speaker,2,59.99,0.05,113.98,64.0,49.98,Cash on Delivery
TXN-101842,2024-07-10,CUST-1670,Male,44,36-50,West,Clothing,Classic Wool Blend Sweater,2,69.99,0.1,125.98,62.0,63.98,Credit Card
TXN-101843,2024-07-10,CUST-1714,Female,43,36-50,East,Clothing,Denim Slim Fit Jeans,1,59.99,0.1,53.99,26.0,27.99,Debit Card
TXN-101844,2024-07-11,CUST-1111,Female,30,26-35,North,Home & Kitchen,Automatic Robotic Vacuum Cleaner,1,299.99,0.25,224.99,175.0,49.99,Credit Card
TXN-101845,2024-07-11,CUST-1291,Female,18,18-25,North,Beauty & Personal Care,Hydrating Hyaluronic Acid Cream,3,22.99,0.0,68.97,20.4,48.57,Debit Card
TXN-101846,2024-07-12,CUST-1821,Female,45,36-50,West,Electronics,4K Ultra HD Streaming Stick,1,49.99,0.1,44.99,28.0,16.99,Credit Card
TXN-101847,2024-07-12,CUST-1630,Female,22,18-25,South,Electronics,4K Ultra HD Streaming Stick,2,49.99,0.1,89.98,56.0,33.98,Credit Card
TXN-101848,2024-07-13,CUST-1382,Female,66,51+,West,Electronics,4K Ultra HD Streaming Stick,1,49.99,0.35,32.49,28.0,4.49,Credit Card
TXN-101849,2024-07-13,CUST-1016,Female,18,18-25,South,Home & Kitchen,Non-Stick Ceramic Frying Pan,3,34.99,0.0,104.97,45.0,59.97,Cash on Delivery
TXN-101850,2024-07-14,CUST-1492,Male,19,18-25,South,Electronics,Bluetooth Portable Speaker,1,59.99,0.05,56.99,32.0,24.99,Debit Card
TXN-101851,2024-07-14,CUST-1330,Female,53,51+,East,Electronics,Smart Fitness Watch,3,199.99,0.0,599.97,330.0,269.97,Debit Card
TXN-101852,2024-07-16,CUST-1738,Male,35,26-35,West,Books,Data Science & Machine Learning Handbook,2,44.99,0.05,85.48,36.0,49.48,Credit Card
TXN-101853,2024-07-16,CUST-1485,Female,37,36-50,North,Beauty & Personal Care,Sonic Electric Toothbrush,1,64.99,0.0,64.99,29.0,35.99,Debit Card
TXN-101854,2024-07-17,CUST-1405,Male,22,18-25,West,Electronics,Smart Fitness Watch,2,199.99,0.0,399.98,220.0,179.98,Credit Card
TXN-101855,2024-07-17,CUST-1116,Female,18,18-25,East,Clothing,Classic Wool Blend Sweater,1,69.99,0.1,62.99,31.0,31.99,Credit Card
TXN-101856,2024-07-17,CUST-1554,Male,48,36-50,South,Clothing,Athletic Performance Joggers,1,44.99,0.0,44.99,19.0,25.99,Debit Card
TXN-101857,2024-07-17,CUST-1114,Female,31,26-35,South,Beauty & Personal Care,Rosewater Revitalizing Facial Mist,1,16.99,0.0,16.99,4.2,12.79,Credit Card
TXN-101858,2024-07-17,CUST-1794,Male,59,51+,North,Clothing,Athletic Performance Joggers,1,44.99,0.0,44.99,19.0,25.99,Credit Card
TXN-101859,2024-07-19,CUST-1548,Male,43,36-50,North,Electronics,Smart Fitness Watch,5,199.99,0.0,999.95,550.0,449.95,Debit Card
TXN-101860,2024-07-20,CUST-1813,Male,26,26-35,South,Beauty & Personal Care,Rosewater Revitalizing Facial Mist,1,16.99,0.25,12.74,4.2,8.54,UPI / Digital Wallet
TXN-101861,2024-07-20,CUST-1624,Female,24,18-25,North,Clothing,Waterproof Hooded Windbreaker,2,89.99,0.1,161.98,84.0,77.98,Credit Card
TXN-101862,2024-07-21,CUST-1546,Female,41,36-50,North,Electronics,Ultra-Slim Laptop Stand,1,39.99,0.15,33.99,18.0,15.99,Credit Card
TXN-101863,2024-07-21,CUST-1643,Male,40,36-50,West,Clothing,Athletic Performance Joggers,2,44.99,0.05,85.48,38.0,47.48,Credit Card
TXN-101864,2024-07-22,CUST-1335,Female,19,18-25,South,Clothing,Denim Slim Fit Jeans,1,59.99,0.2,47.99,26.0,21.99,Cash on Delivery
TXN-101865,2024-07-22,CUST-1335,Female,19,18-25,East,Clothing,Classic Wool Blend Sweater,2,69.99,0.05,132.98,62.0,70.98,UPI / Digital Wallet
TXN-101866,2024-07-23,CUST-1739,Male,18,18-25,North,Electronics,4K Ultra HD Streaming Stick,2,49.99,0.1,89.98,56.0,33.98,Debit Card
TXN-101867,2024-07-23,CUST-1146,Male,42,36-50,West,Clothing,Organic Cotton Crew T-Shirt,2,24.99,0.05,47.48,19.0,28.48,Cash on Delivery
TXN-101868,2024-07-24,CUST-1121,Female,36,36-50,West,Electronics,4K Ultra HD Streaming Stick,1,49.99,0.15,42.49,28.0,14.49,Debit Card
TXN-101869,2024-07-24,CUST-1080,Female,36,36-50,South,Beauty & Personal Care,Sonic Electric Toothbrush,2,64.99,0.1,116.98,58.0,58.98,Cash on Delivery
TXN-101870,2024-07-24,CUST-1684,Male,39,36-50,West,Electronics,Ultra-Slim Laptop Stand,1,39.99,0.0,39.99,18.0,21.99,Credit Card
TXN-101871,2024-07-25,CUST-1665,Male,44,36-50,West,Electronics,Bluetooth Portable Speaker,1,59.99,0.0,59.99,32.0,27.99,Credit Card
TXN-101872,2024-07-25,CUST-1661,Female,41,36-50,East,Home & Kitchen,Stainless Steel Cookware Set (10-Pc),1,219.99,0.1,197.99,125.0,72.99,Debit Card
TXN-101873,2024-07-25,CUST-1374,Female,21,18-25,East,Beauty & Personal Care,Vitamin C Brightening Face Serum,1,28.99,0.05,27.54,8.5,19.04,Credit Card
TXN-101874,2024-07-25,CUST-1569,Male,53,51+,North,Beauty & Personal Care,Sonic Electric Toothbrush,1,64.99,0.0,64.99,29.0,35.99,Debit Card
TXN-101875,2024-07-25,CUST-1062,Female,32,26-35,North,Clothing,Classic Wool Blend Sweater,2,69.99,0.05,132.98,62.0,70.98,Credit Card
TXN-101876,2024-07-25,CUST-1503,Female,27,26-35,North,Electronics,Wireless Noise-Canceling Headphones,1,149.99,0.05,142.49,85.0,57.49,Debit Card
TXN-101877,2024-07-25,CUST-1667,Male,42,36-50,North,Beauty & Personal Care,Vitamin C Brightening Face Serum,1,28.99,0.15,24.64,8.5,16.14,Credit Card
TXN-101878,2024-07-26,CUST-1448,Female,26,26-35,North,Home & Kitchen,Aroma Oil Diffuser & Humidifier,1,29.99,0.0,29.99,12.0,17.99,Credit Card
TXN-101879,2024-07-26,CUST-1427,Male,20,18-25,West,Electronics,Smart Fitness Watch,2,199.99,0.0,399.98,220.0,179.98,Cash on Delivery
TXN-101880,2024-07-26,CUST-1426,Female,42,36-50,North,Books,Data Science & Machine Learning Handbook,2,44.99,0.15,76.48,36.0,40.48,UPI / Digital Wallet
TXN-101881,2024-07-26,CUST-1420,Female,43,36-50,West,Electronics,Ultra-Slim Laptop Stand,1,39.99,0.1,35.99,18.0,17.99,Cash on Delivery
TXN-101882,2024-07-26,CUST-1321,Male,18,18-25,East,Books,Deep Work & Focus in a Distracted World,2,22.5,0.0,45.0,14.4,30.6,UPI / Digital Wallet
TXN-101883,2024-07-27,CUST-1679,Female,38,36-50,North,Beauty & Personal Care,Rosewater Revitalizing Facial Mist,2,16.99,0.15,28.88,8.4,20.48,UPI / Digital Wallet
TXN-101884,2024-07-27,CUST-1165,Female,37,36-50,South,Home & Kitchen,Automatic Robotic Vacuum Cleaner,1,299.99,0.05,284.99,175.0,109.99,Debit Card
TXN-101885,2024-07-28,CUST-1596,Female,32,26-35,North,Books,Designing Data-Intensive Applications,2,54.99,0.05,104.48,44.0,60.48,Credit Card
TXN-101886,2024-07-28,CUST-1648,Male,40,36-50,West,Beauty & Personal Care,Vitamin C Brightening Face Serum,2,28.99,0.25,43.48,17.0,26.48,Credit Card
TXN-101887,2024-07-28,CUST-1460,Male,25,18-25,West,Electronics,Wireless Noise-Canceling Headphones,2,149.99,0.25,224.98,170.0,54.98,Credit Card
TXN-101888,2024-07-28,CUST-1458,Female,44,36-50,North,Clothing,Organic Cotton Crew T-Shirt,1,24.99,0.05,23.74,9.5,14.24,UPI / Digital Wallet
TXN-101889,2024-07-29,CUST-1188,Male,29,26-35,West,Electronics,Wireless Noise-Canceling Headphones,1,149.99,0.0,149.99,85.0,64.99,Credit Card
TXN-101890,2024-07-29,CUST-1463,Male,30,26-35,East,Clothing,Denim Slim Fit Jeans,1,59.99,0.0,59.99,26.0,33.99,Cash on Delivery
TXN-101891,2024-07-29,CUST-1378,Male,37,36-50,North,Beauty & Personal Care,Hydrating Hyaluronic Acid Cream,2,22.99,0.0,45.98,13.6,32.38,Debit Card
TXN-101892,2024-07-29,CUST-1001,Male,56,51+,East,Clothing,Organic Cotton Crew T-Shirt,3,24.99,0.0,74.97,28.5,46.47,UPI / Digital Wallet
TXN-101893,2024-07-29,CUST-1617,Male,24,18-25,East,Clothing,Classic Wool Blend Sweater,1,69.99,0.05,66.49,31.0,35.49,Credit Card
TXN-101894,2024-07-29,CUST-1363,Female,27,26-35,North,Home & Kitchen,Aroma Oil Diffuser & Humidifier,1,29.99,0.25,22.49,12.0,10.49,Credit Card
TXN-101895,2024-07-30,CUST-1071,Male,22,18-25,East,Beauty & Personal Care,Sonic Electric Toothbrush,3,64.99,0.2,155.98,87.0,68.98,Cash on Delivery
TXN-101896,2024-07-30,CUST-1426,Female,42,36-50,North,Electronics,4K Ultra HD Streaming Stick,3,49.99,0.05,142.47,84.0,58.47,Credit Card
TXN-101897,2024-07-31,CUST-1637,Female,20,18-25,South,Clothing,Waterproof Hooded Windbreaker,3,89.99,0.1,242.97,126.0,116.97,Credit Card
TXN-101898,2024-07-31,CUST-1169,Female,44,36-50,North,Electronics,Bluetooth Portable Speaker,2,59.99,0.0,119.98,64.0,55.98,Credit Card
TXN-101899,2024-08-02,CUST-1204,Male,42,36-50,West,Home & Kitchen,Stainless Steel Cookware Set (10-Pc),3,219.99,0.0,659.97,375.0,284.97,Credit Card
TXN-101900,2024-08-02,CUST-1824,Male,32,26-35,East,Electronics,Bluetooth Portable Speaker,1,59.99,0.0,59.99,32.0,27.99,Credit Card
TXN-101901,2024-08-02,CUST-1336,Female,39,36-50,North,Home & Kitchen,Stainless Steel Cookware Set (10-Pc),1,219.99,0.15,186.99,125.0,61.99,UPI / Digital Wallet
TXN-101902,2024-08-02,CUST-1471,Female,22,18-25,South,Clothing,Denim Slim Fit Jeans,1,59.99,0.0,59.99,26.0,33.99,Debit Card
TXN-101903,2024-08-03,CUST-1194,Female,38,36-50,North,Electronics,Ultra-Slim Laptop Stand,2,39.99,0.2,63.98,36.0,27.98,Debit Card
TXN-101904,2024-08-03,CUST-1669,Male,38,36-50,East,Books,The Psychology of Money & Wealth,1,23.99,0.1,21.59,8.0,13.59,Credit Card
TXN-101905,2024-08-03,CUST-1652,Female,42,36-50,North,Electronics,Ultra-Slim Laptop Stand,1,39.99,0.0,39.99,18.0,21.99,UPI / Digital Wallet
TXN-101906,2024-08-03,CUST-1274,Female,38,36-50,West,Clothing,Organic Cotton Crew T-Shirt,1,24.99,0.0,24.99,9.5,15.49,UPI / Digital Wallet
TXN-101907,2024-08-03,CUST-1006,Male,30,26-35,West,Electronics,Bluetooth Portable Speaker,1,59.99,0.1,53.99,32.0,21.99,Credit Card
TXN-101908,2024-08-04,CUST-1565,Female,23,18-25,East,Clothing,Athletic Performance Joggers,3,44.99,0.2,107.98,57.0,50.98,Credit Card
TXN-101909,2024-08-04,CUST-1615,Male,28,26-35,North,Clothing,Denim Slim Fit Jeans,1,59.99,0.1,53.99,26.0,27.99,Credit Card
TXN-101910,2024-08-04,CUST-1849,Female,36,36-50,South,Clothing,Denim Slim Fit Jeans,1,59.99,0.0,59.99,26.0,33.99,UPI / Digital Wallet
TXN-101911,2024-08-05,CUST-1572,Female,32,26-35,South,Electronics,Bluetooth Portable Speaker,3,59.99,0.1,161.97,96.0,65.97,UPI / Digital Wallet
TXN-101912,2024-08-06,CUST-1598,Male,51,51+,East,Clothing,Denim Slim Fit Jeans,1,59.99,0.0,59.99,26.0,33.99,Cash on Delivery
TXN-101913,2024-08-06,CUST-1769,Female,24,18-25,East,Home & Kitchen,Aroma Oil Diffuser & Humidifier,2,29.99,0.35,38.99,24.0,14.99,Credit Card
TXN-101914,2024-08-06,CUST-1177,Female,40,36-50,South,Beauty & Personal Care,Argan Oil Hair Repair Mask,3,19.99,0.15,50.97,16.5,34.47,Debit Card
TXN-101915,2024-08-06,CUST-1241,Female,34,26-35,South,Home & Kitchen,Aroma Oil Diffuser & Humidifier,4,29.99,0.1,107.96,48.0,59.96,Credit Card
TXN-101916,2024-08-06,CUST-1202,Female,24,18-25,West,Home & Kitchen,Compact Espresso Machine,3,179.99,0.05,512.97,294.0,218.97,Credit Card
TXN-101917,2024-08-06,CUST-1542,Female,19,18-25,North,Electronics,Ultra-Slim Laptop Stand,1,39.99,0.1,35.99,18.0,17.99,Debit Card
TXN-101918,2024-08-06,CUST-1800,Male,18,18-25,South,Clothing,Athletic Performance Joggers,2,44.99,0.0,89.98,38.0,51.98,Credit Card
TXN-101919,2024-08-08,CUST-1461,Male,37,36-50,East,Electronics,Wireless Noise-Canceling Headphones,1,149.99,0.0,149.99,85.0,64.99,UPI / Digital Wallet
TXN-101920,2024-08-09,CUST-1079,Male,42,36-50,North,Electronics,Wireless Noise-Canceling Headphones,1,149.99,0.05,142.49,85.0,57.49,Debit Card
TXN-101921,2024-08-10,CUST-1522,Male,51,51+,East,Electronics,Ultra-Slim Laptop Stand,1,39.99,0.25,29.99,18.0,11.99,UPI / Digital Wallet
TXN-101922,2024-08-10,CUST-1416,Male,38,36-50,West,Clothing,Classic Wool Blend Sweater,1,69.99,0.1,62.99,31.0,31.99,Credit Card
TXN-101923,2024-08-11,CUST-1765,Male,37,36-50,East,Home & Kitchen,Automatic Robotic Vacuum Cleaner,3,299.99,0.0,899.97,525.0,374.97,Cash on Delivery
TXN-101924,2024-08-11,CUST-1383,Male,45,36-50,North,Books,Data Science & Machine Learning Handbook,1,44.99,0.2,35.99,18.0,17.99,Cash on Delivery
TXN-101925,2024-08-11,CUST-1390,Female,34,26-35,North,Electronics,4K Ultra HD Streaming Stick,2,49.99,0.0,99.98,56.0,43.98,Cash on Delivery
TXN-101926,2024-08-11,CUST-1798,Male,26,26-35,South,Home & Kitchen,Automatic Robotic Vacuum Cleaner,1,299.99,0.0,299.99,175.0,124.99,UPI / Digital Wallet
TXN-101927,2024-08-12,CUST-1687,Male,30,26-35,North,Beauty & Personal Care,Vitamin C Brightening Face Serum,1,28.99,0.0,28.99,8.5,20.49,UPI / Digital Wallet
TXN-101928,2024-08-12,CUST-1125,Male,36,36-50,West,Home & Kitchen,Automatic Robotic Vacuum Cleaner,5,299.99,0.1,1349.96,875.0,474.96,Debit Card
TXN-101929,2024-08-12,CUST-1493,Female,22,18-25,East,Electronics,Ultra-Slim Laptop Stand,1,39.99,0.05,37.99,18.0,19.99,Credit Card
TXN-101930,2024-08-12,CUST-1046,Male,44,36-50,North,Electronics,Ultra-Slim Laptop Stand,2,39.99,0.05,75.98,36.0,39.98,UPI / Digital Wallet
TXN-101931,2024-08-14,CUST-1717,Male,36,36-50,West,Electronics,Wireless Noise-Canceling Headphones,1,149.99,0.1,134.99,85.0,49.99,UPI / Digital Wallet
TXN-101932,2024-08-14,CUST-1475,Male,33,26-35,East,Clothing,Athletic Performance Joggers,1,44.99,0.0,44.99,19.0,25.99,Cash on Delivery
TXN-101933,2024-08-14,CUST-1618,Male,39,36-50,North,Beauty & Personal Care,Vitamin C Brightening Face Serum,1,28.99,0.15,24.64,8.5,16.14,Debit Card
TXN-101934,2024-08-15,CUST-1463,Male,30,26-35,South,Electronics,Wireless Noise-Canceling Headphones,3,149.99,0.0,449.97,255.0,194.97,Credit Card
TXN-101935,2024-08-15,CUST-1786,Male,60,51+,North,Electronics,Ultra-Slim Laptop Stand,1,39.99,0.15,33.99,18.0,15.99,UPI / Digital Wallet
TXN-101936,2024-08-16,CUST-1848,Female,18,18-25,West,Home & Kitchen,Non-Stick Ceramic Frying Pan,1,34.99,0.1,31.49,15.0,16.49,Cash on Delivery
TXN-101937,2024-08-16,CUST-1122,Female,37,36-50,South,Beauty & Personal Care,Sonic Electric Toothbrush,1,64.99,0.1,58.49,29.0,29.49,Credit Card
TXN-101938,2024-08-16,CUST-1473,Male,29,26-35,West,Clothing,Waterproof Hooded Windbreaker,3,89.99,0.05,256.47,126.0,130.47,Credit Card
TXN-101939,2024-08-16,CUST-1133,Female,25,18-25,South,Home & Kitchen,Stainless Steel Cookware Set (10-Pc),2,219.99,0.1,395.98,250.0,145.98,Debit Card
TXN-101940,2024-08-16,CUST-1618,Male,39,36-50,West,Clothing,Classic Wool Blend Sweater,2,69.99,0.0,139.98,62.0,77.98,Credit Card
TXN-101941,2024-08-16,CUST-1816,Female,48,36-50,North,Electronics,Bluetooth Portable Speaker,1,59.99,0.2,47.99,32.0,15.99,Credit Card
TXN-101942,2024-08-17,CUST-1840,Male,30,26-35,West,Clothing,Denim Slim Fit Jeans,3,59.99,0.0,179.97,78.0,101.97,Credit Card
TXN-101943,2024-08-17,CUST-1561,Female,43,36-50,West,Home & Kitchen,Compact Espresso Machine,3,179.99,0.0,539.97,294.0,245.97,UPI / Digital Wallet
TXN-101944,2024-08-18,CUST-1848,Female,18,18-25,South,Books,Atomic Habits for Daily Productivity,3,21.99,0.1,59.37,22.5,36.87,Credit Card
TXN-101945,2024-08-18,CUST-1606,Female,35,26-35,East,Electronics,4K Ultra HD Streaming Stick,3,49.99,0.15,127.47,84.0,43.47,Debit Card
TXN-101946,2024-08-19,CUST-1779,Male,64,51+,East,Clothing,Classic Wool Blend Sweater,2,69.99,0.0,139.98,62.0,77.98,UPI / Digital Wallet
TXN-101947,2024-08-21,CUST-1022,Male,39,36-50,West,Clothing,Organic Cotton Crew T-Shirt,1,24.99,0.2,19.99,9.5,10.49,Cash on Delivery
TXN-101948,2024-08-21,CUST-1565,Female,23,18-25,South,Clothing,Organic Cotton Crew T-Shirt,3,24.99,0.25,56.23,28.5,27.73,Cash on Delivery
TXN-101949,2024-08-21,CUST-1765,Male,37,36-50,South,Electronics,Ultra-Slim Laptop Stand,4,39.99,0.1,143.96,72.0,71.96,Debit Card
TXN-101950,2024-08-23,CUST-1234,Female,47,36-50,West,Clothing,Athletic Performance Joggers,1,44.99,0.05,42.74,19.0,23.74,Cash on Delivery
TXN-101951,2024-08-23,CUST-1058,Male,39,36-50,East,Beauty & Personal Care,Argan Oil Hair Repair Mask,1,19.99,0.15,16.99,5.5,11.49,Credit Card
TXN-101952,2024-08-23,CUST-1163,Male,57,51+,South,Home & Kitchen,Aroma Oil Diffuser & Humidifier,4,29.99,0.0,119.96,48.0,71.96,UPI / Digital Wallet
TXN-101953,2024-08-24,CUST-1770,Male,23,18-25,West,Clothing,Waterproof Hooded Windbreaker,1,89.99,0.05,85.49,42.0,43.49,UPI / Digital Wallet
TXN-101954,2024-08-24,CUST-1825,Female,36,36-50,North,Clothing,Waterproof Hooded Windbreaker,3,89.99,0.2,215.98,126.0,89.98,Credit Card
TXN-101955,2024-08-24,CUST-1215,Female,26,26-35,East,Clothing,Athletic Performance Joggers,1,44.99,0.25,33.74,19.0,14.74,Debit Card
TXN-101956,2024-08-26,CUST-1182,Female,53,51+,North,Clothing,Classic Wool Blend Sweater,1,69.99,0.2,55.99,31.0,24.99,Credit Card
TXN-101957,2024-08-26,CUST-1568,Male,58,51+,North,Beauty & Personal Care,Sonic Electric Toothbrush,1,64.99,0.0,64.99,29.0,35.99,UPI / Digital Wallet
TXN-101958,2024-08-27,CUST-1656,Male,28,26-35,South,Books,Deep Work & Focus in a Distracted World,1,22.5,0.0,22.5,7.2,15.3,Credit Card
TXN-101959,2024-08-27,CUST-1089,Male,39,36-50,South,Clothing,Waterproof Hooded Windbreaker,1,89.99,0.0,89.99,42.0,47.99,Debit Card
TXN-101960,2024-08-27,CUST-1310,Male,60,51+,South,Clothing,Classic Wool Blend Sweater,1,69.99,0.05,66.49,31.0,35.49,Credit Card
TXN-101961,2024-08-29,CUST-1556,Male,43,36-50,South,Beauty & Personal Care,Argan Oil Hair Repair Mask,2,19.99,0.0,39.98,11.0,28.98,Credit Card
TXN-101962,2024-08-30,CUST-1256,Female,25,18-25,South,Clothing,Denim Slim Fit Jeans,5,59.99,0.05,284.95,130.0,154.95,Cash on Delivery
TXN-101963,2024-08-30,CUST-1532,Female,38,36-50,North,Home & Kitchen,Aroma Oil Diffuser & Humidifier,1,29.99,0.1,26.99,12.0,14.99,UPI / Digital Wallet
TXN-101964,2024-08-30,CUST-1532,Female,38,36-50,East,Electronics,Wireless Noise-Canceling Headphones,2,149.99,0.15,254.98,170.0,84.98,Cash on Delivery
TXN-101965,2024-08-30,CUST-1051,Male,29,26-35,South,Beauty & Personal Care,Rosewater Revitalizing Facial Mist,2,16.99,0.15,28.88,8.4,20.48,Credit Card
TXN-101966,2024-08-30,CUST-1337,Female,28,26-35,South,Home & Kitchen,Automatic Robotic Vacuum Cleaner,2,299.99,0.15,509.98,350.0,159.98,Credit Card
TXN-101967,2024-08-30,CUST-1170,Male,41,36-50,East,Beauty & Personal Care,Argan Oil Hair Repair Mask,2,19.99,0.0,39.98,11.0,28.98,Debit Card
TXN-101968,2024-08-30,CUST-1066,Male,41,36-50,West,Beauty & Personal Care,Rosewater Revitalizing Facial Mist,1,16.99,0.0,16.99,4.2,12.79,Debit Card
TXN-101969,2024-08-30,CUST-1624,Female,24,18-25,East,Electronics,Ultra-Slim Laptop Stand,1,39.99,0.15,33.99,18.0,15.99,Credit Card
TXN-101970,2024-08-31,CUST-1299,Female,46,36-50,North,Home & Kitchen,Non-Stick Ceramic Frying Pan,1,34.99,0.05,33.24,15.0,18.24,UPI / Digital Wallet
TXN-101971,2024-08-31,CUST-1671,Female,25,18-25,West,Beauty & Personal Care,Argan Oil Hair Repair Mask,1,19.99,0.1,17.99,5.5,12.49,Credit Card
TXN-101972,2024-08-31,CUST-1777,Female,47,36-50,West,Clothing,Athletic Performance Joggers,2,44.99,0.0,89.98,38.0,51.98,Credit Card
TXN-101973,2024-08-31,CUST-1831,Female,34,26-35,South,Electronics,4K Ultra HD Streaming Stick,1,49.99,0.0,49.99,28.0,21.99,Credit Card
TXN-101974,2024-08-31,CUST-1231,Male,35,26-35,West,Electronics,4K Ultra HD Streaming Stick,4,49.99,0.1,179.96,112.0,67.96,Debit Card
TXN-101975,2024-09-01,CUST-1836,Male,36,36-50,South,Clothing,Denim Slim Fit Jeans,4,59.99,0.2,191.97,104.0,87.97,UPI / Digital Wallet
TXN-101976,2024-09-01,CUST-1067,Male,33,26-35,South,Clothing,Denim Slim Fit Jeans,5,59.99,0.2,239.96,130.0,109.96,Debit Card
TXN-101977,2024-09-01,CUST-1505,Female,45,36-50,South,Home & Kitchen,Compact Espresso Machine,4,179.99,0.05,683.96,392.0,291.96,Debit Card
TXN-101978,2024-09-01,CUST-1027,Male,18,18-25,East,Electronics,Smart Fitness Watch,1,199.99,0.05,189.99,110.0,79.99,Credit Card
TXN-101979,2024-09-01,CUST-1627,Male,22,18-25,North,Beauty & Personal Care,Hydrating Hyaluronic Acid Cream,2,22.99,0.15,39.08,13.6,25.48,Cash on Delivery
TXN-101980,2024-09-01,CUST-1050,Male,18,18-25,North,Electronics,Smart Fitness Watch,1,199.99,0.05,189.99,110.0,79.99,Cash on Delivery
TXN-101981,2024-09-01,CUST-1692,Female,29,26-35,North,Electronics,Smart Fitness Watch,3,199.99,0.05,569.97,330.0,239.97,UPI / Digital Wallet
TXN-101982,2024-09-02,CUST-1259,Female,41,36-50,North,Clothing,Athletic Performance Joggers,3,44.99,0.2,107.98,57.0,50.98,Credit Card
TXN-101983,2024-09-03,CUST-1590,Female,20,18-25,South,Clothing,Organic Cotton Crew T-Shirt,3,24.99,0.15,63.72,28.5,35.22,Debit Card
TXN-101984,2024-09-03,CUST-1784,Female,42,36-50,South,Electronics,Smart Fitness Watch,1,199.99,0.2,159.99,110.0,49.99,Debit Card
TXN-101985,2024-09-03,CUST-1619,Female,35,26-35,North,Electronics,4K Ultra HD Streaming Stick,3,49.99,0.0,149.97,84.0,65.97,Cash on Delivery
TXN-101986,2024-09-03,CUST-1585,Female,18,18-25,West,Electronics,Wireless Noise-Canceling Headphones,1,149.99,0.05,142.49,85.0,57.49,Cash on Delivery
TXN-101987,2024-09-03,CUST-1686,Female,32,26-35,North,Home & Kitchen,Compact Espresso Machine,1,179.99,0.15,152.99,98.0,54.99,UPI / Digital Wallet
TXN-101988,2024-09-04,CUST-1183,Male,36,36-50,South,Beauty & Personal Care,Vitamin C Brightening Face Serum,3,28.99,0.0,86.97,25.5,61.47,Credit Card
TXN-101989,2024-09-04,CUST-1022,Male,39,36-50,North,Clothing,Organic Cotton Crew T-Shirt,1,24.99,0.15,21.24,9.5,11.74,Cash on Delivery
TXN-101990,2024-09-04,CUST-1785,Male,26,26-35,North,Home & Kitchen,Non-Stick Ceramic Frying Pan,5,34.99,0.0,174.95,75.0,99.95,Debit Card
TXN-101991,2024-09-04,CUST-1128,Male,35,26-35,North,Beauty & Personal Care,Argan Oil Hair Repair Mask,1,19.99,0.15,16.99,5.5,11.49,UPI / Digital Wallet
TXN-101992,2024-09-04,CUST-1290,Male,47,36-50,South,Electronics,Bluetooth Portable Speaker,3,59.99,0.1,161.97,96.0,65.97,Credit Card
TXN-101993,2024-09-04,CUST-1831,Female,34,26-35,East,Books,Data Science & Machine Learning Handbook,1,44.99,0.0,44.99,18.0,26.99,Credit Card
TXN-101994,2024-09-04,CUST-1500,Male,37,36-50,North,Beauty & Personal Care,Rosewater Revitalizing Facial Mist,3,16.99,0.05,48.42,12.6,35.82,Debit Card
TXN-101995,2024-09-04,CUST-1185,Female,24,18-25,South,Electronics,Smart Fitness Watch,3,199.99,0.1,539.97,330.0,209.97,Credit Card
TXN-101996,2024-09-05,CUST-1478,Female,25,18-25,North,Electronics,Ultra-Slim Laptop Stand,4,39.99,0.1,143.96,72.0,71.96,Credit Card
TXN-101997,2024-09-05,CUST-1570,Female,28,26-35,West,Electronics,Smart Fitness Watch,1,199.99,0.05,189.99,110.0,79.99,UPI / Digital Wallet
TXN-101998,2024-09-06,CUST-1491,Female,43,36-50,East,Electronics,4K Ultra HD Streaming Stick,4,49.99,0.2,159.97,112.0,47.97,Credit Card
TXN-101999,2024-09-06,CUST-1512,Female,43,36-50,North,Beauty & Personal Care,Argan Oil Hair Repair Mask,1,19.99,0.05,18.99,5.5,13.49,Credit Card
TXN-102000,2024-09-06,CUST-1642,Female,36,36-50,South,Clothing,Waterproof Hooded Windbreaker,1,89.99,0.05,85.49,42.0,43.49,Credit Card
TXN-102001,2024-09-06,CUST-1066,Male,41,36-50,West,Beauty & Personal Care,Vitamin C Brightening Face Serum,1,28.99,0.0,28.99,8.5,20.49,Credit Card
TXN-102002,2024-09-07,CUST-1804,Female,24,18-25,South,Beauty & Personal Care,Rosewater Revitalizing Facial Mist,3,16.99,0.2,40.78,12.6,28.18,Cash on Delivery
TXN-102003,2024-09-07,CUST-1466,Male,27,26-35,South,Home & Kitchen,Stainless Steel Cookware Set (10-Pc),1,219.99,0.0,219.99,125.0,94.99,Credit Card
TXN-102004,2024-09-07,CUST-1284,Female,35,26-35,South,Home & Kitchen,Stainless Steel Cookware Set (10-Pc),3,219.99,0.05,626.97,375.0,251.97,Credit Card
TXN-102005,2024-09-07,CUST-1600,Male,29,26-35,East,Electronics,Smart Fitness Watch,2,199.99,0.15,339.98,220.0,119.98,Cash on Delivery
TXN-102006,2024-09-07,CUST-1416,Male,38,36-50,West,Clothing,Athletic Performance Joggers,1,44.99,0.0,44.99,19.0,25.99,UPI / Digital Wallet
TXN-102007,2024-09-07,CUST-1099,Female,41,36-50,West,Home & Kitchen,Stainless Steel Cookware Set (10-Pc),4,219.99,0.05,835.96,500.0,335.96,Credit Card
TXN-102008,2024-09-07,CUST-1188,Male,29,26-35,East,Electronics,Bluetooth Portable Speaker,1,59.99,0.0,59.99,32.0,27.99,UPI / Digital Wallet
TXN-102009,2024-09-07,CUST-1387,Male,40,36-50,South,Electronics,Ultra-Slim Laptop Stand,4,39.99,0.15,135.97,72.0,63.97,UPI / Digital Wallet
TXN-102010,2024-09-07,CUST-1240,Female,18,18-25,South,Beauty & Personal Care,Rosewater Revitalizing Facial Mist,1,16.99,0.1,15.29,4.2,11.09,UPI / Digital Wallet
TXN-102011,2024-09-07,CUST-1781,Female,30,26-35,South,Home & Kitchen,Compact Espresso Machine,2,179.99,0.2,287.98,196.0,91.98,Debit Card
TXN-102012,2024-09-08,CUST-1730,Male,21,18-25,West,Electronics,4K Ultra HD Streaming Stick,1,49.99,0.2,39.99,28.0,11.99,Cash on Delivery
TXN-102013,2024-09-08,CUST-1416,Male,38,36-50,East,Home & Kitchen,Compact Espresso Machine,1,179.99,0.1,161.99,98.0,63.99,Credit Card
TXN-102014,2024-09-08,CUST-1175,Male,32,26-35,South,Beauty & Personal Care,Argan Oil Hair Repair Mask,1,19.99,0.1,17.99,5.5,12.49,Credit Card
TXN-102015,2024-09-09,CUST-1386,Female,43,36-50,North,Clothing,Waterproof Hooded Windbreaker,1,89.99,0.05,85.49,42.0,43.49,Credit Card
TXN-102016,2024-09-10,CUST-1470,Female,33,26-35,South,Electronics,Wireless Noise-Canceling Headphones,1,149.99,0.05,142.49,85.0,57.49,Debit Card
TXN-102017,2024-09-11,CUST-1232,Male,27,26-35,West,Books,Designing Data-Intensive Applications,1,54.99,0.1,49.49,22.0,27.49,Cash on Delivery
TXN-102018,2024-09-11,CUST-1662,Female,26,26-35,South,Clothing,Denim Slim Fit Jeans,1,59.99,0.2,47.99,26.0,21.99,Debit Card
TXN-102019,2024-09-11,CUST-1451,Female,48,36-50,North,Electronics,Ultra-Slim Laptop Stand,3,39.99,0.05,113.97,54.0,59.97,Credit Card
TXN-102020,2024-09-11,CUST-1276,Female,30,26-35,North,Clothing,Organic Cotton Crew T-Shirt,2,24.99,0.0,49.98,19.0,30.98,Credit Card
TXN-102021,2024-09-12,CUST-1228,Male,33,26-35,South,Beauty & Personal Care,Argan Oil Hair Repair Mask,4,19.99,0.05,75.96,22.0,53.96,Credit Card
TXN-102022,2024-09-13,CUST-1170,Male,41,36-50,West,Electronics,Bluetooth Portable Speaker,2,59.99,0.05,113.98,64.0,49.98,Cash on Delivery
TXN-102023,2024-09-13,CUST-1734,Female,47,36-50,West,Electronics,Wireless Noise-Canceling Headphones,2,149.99,0.0,299.98,170.0,129.98,Debit Card
TXN-102024,2024-09-13,CUST-1212,Male,30,26-35,West,Electronics,Wireless Noise-Canceling Headphones,2,149.99,0.05,284.98,170.0,114.98,Debit Card
TXN-102025,2024-09-13,CUST-1281,Male,33,26-35,East,Books,Data Science & Machine Learning Handbook,1,44.99,0.05,42.74,18.0,24.74,UPI / Digital Wallet
TXN-102026,2024-09-14,CUST-1040,Male,52,51+,South,Electronics,Smart Fitness Watch,2,199.99,0.1,359.98,220.0,139.98,UPI / Digital Wallet
TXN-102027,2024-09-14,CUST-1121,Female,36,36-50,East,Home & Kitchen,Stainless Steel Cookware Set (10-Pc),1,219.99,0.05,208.99,125.0,83.99,Debit Card
TXN-102028,2024-09-15,CUST-1226,Male,31,26-35,South,Books,Deep Work & Focus in a Distracted World,3,22.5,0.1,60.75,21.6,39.15,Credit Card
TXN-102029,2024-09-15,CUST-1293,Female,32,26-35,East,Electronics,Smart Fitness Watch,3,199.99,0.2,479.98,330.0,149.98,UPI / Digital Wallet
TXN-102030,2024-09-15,CUST-1599,Male,18,18-25,South,Books,Data Science & Machine Learning Handbook,1,44.99,0.25,33.74,18.0,15.74,UPI / Digital Wallet
TXN-102031,2024-09-15,CUST-1266,Male,49,36-50,East,Books,Deep Work & Focus in a Distracted World,3,22.5,0.1,60.75,21.6,39.15,UPI / Digital Wallet
TXN-102032,2024-09-15,CUST-1540,Female,32,26-35,North,Books,Deep Work & Focus in a Distracted World,1,22.5,0.0,22.5,7.2,15.3,Cash on Delivery
TXN-102033,2024-09-16,CUST-1758,Male,18,18-25,North,Electronics,4K Ultra HD Streaming Stick,1,49.99,0.25,37.49,28.0,9.49,UPI / Digital Wallet
TXN-102034,2024-09-16,CUST-1827,Female,50,36-50,West,Home & Kitchen,Automatic Robotic Vacuum Cleaner,1,299.99,0.1,269.99,175.0,94.99,UPI / Digital Wallet
TXN-102035,2024-09-17,CUST-1450,Male,29,26-35,West,Beauty & Personal Care,Sonic Electric Toothbrush,3,64.99,0.0,194.97,87.0,107.97,Cash on Delivery
TXN-102036,2024-09-18,CUST-1448,Female,26,26-35,South,Books,Data Science & Machine Learning Handbook,3,44.99,0.0,134.97,54.0,80.97,Credit Card
TXN-102037,2024-09-19,CUST-1755,Male,42,36-50,North,Electronics,Wireless Noise-Canceling Headphones,3,149.99,0.0,449.97,255.0,194.97,Debit Card
TXN-102038,2024-09-19,CUST-1060,Male,20,18-25,West,Beauty & Personal Care,Vitamin C Brightening Face Serum,1,28.99,0.0,28.99,8.5,20.49,Debit Card
TXN-102039,2024-09-19,CUST-1501,Male,29,26-35,East,Clothing,Classic Wool Blend Sweater,2,69.99,0.0,139.98,62.0,77.98,Credit Card
TXN-102040,2024-09-19,CUST-1146,Male,42,36-50,South,Electronics,Ultra-Slim Laptop Stand,2,39.99,0.2,63.98,36.0,27.98,UPI / Digital Wallet
TXN-102041,2024-09-20,CUST-1685,Female,43,36-50,East,Clothing,Organic Cotton Crew T-Shirt,1,24.99,0.05,23.74,9.5,14.24,UPI / Digital Wallet
TXN-102042,2024-09-20,CUST-1789,Male,26,26-35,South,Beauty & Personal Care,Hydrating Hyaluronic Acid Cream,2,22.99,0.1,41.38,13.6,27.78,UPI / Digital Wallet
TXN-102043,2024-09-20,CUST-1333,Female,49,36-50,South,Clothing,Denim Slim Fit Jeans,1,59.99,0.15,50.99,26.0,24.99,Cash on Delivery
TXN-102044,2024-09-20,CUST-1141,Male,37,36-50,West,Home & Kitchen,Non-Stick Ceramic Frying Pan,1,34.99,0.15,29.74,15.0,14.74,Credit Card
TXN-102045,2024-09-21,CUST-1043,Male,25,18-25,North,Books,Designing Data-Intensive Applications,1,54.99,0.2,43.99,22.0,21.99,UPI / Digital Wallet
TXN-102046,2024-09-21,CUST-1143,Male,18,18-25,North,Clothing,Waterproof Hooded Windbreaker,2,89.99,0.25,134.98,84.0,50.98,Debit Card
TXN-102047,2024-09-21,CUST-1332,Female,55,51+,North,Home & Kitchen,Stainless Steel Cookware Set (10-Pc),1,219.99,0.05,208.99,125.0,83.99,Credit Card
TXN-102048,2024-09-21,CUST-1496,Female,31,26-35,South,Clothing,Organic Cotton Crew T-Shirt,1,24.99,0.25,18.74,9.5,9.24,Credit Card
TXN-102049,2024-09-22,CUST-1395,Female,33,26-35,North,Clothing,Organic Cotton Crew T-Shirt,1,24.99,0.1,22.49,9.5,12.99,UPI / Digital Wallet
TXN-102050,2024-09-22,CUST-1054,Male,43,36-50,North,Home & Kitchen,Aroma Oil Diffuser & Humidifier,1,29.99,0.0,29.99,12.0,17.99,Debit Card
TXN-102051,2024-09-22,CUST-1306,Male,32,26-35,North,Books,Deep Work & Focus in a Distracted World,1,22.5,0.1,20.25,7.2,13.05,UPI / Digital Wallet
TXN-102052,2024-09-23,CUST-1422,Male,30,26-35,North,Home & Kitchen,Aroma Oil Diffuser & Humidifier,1,29.99,0.1,26.99,12.0,14.99,Debit Card
TXN-102053,2024-09-23,CUST-1416,Male,38,36-50,South,Beauty & Personal Care,Sonic Electric Toothbrush,2,64.99,0.2,103.98,58.0,45.98,Credit Card
TXN-102054,2024-09-24,CUST-1672,Male,36,36-50,North,Electronics,Ultra-Slim Laptop Stand,1,39.99,0.05,37.99,18.0,19.99,Credit Card
TXN-102055,2024-09-24,CUST-1796,Female,31,26-35,East,Electronics,Ultra-Slim Laptop Stand,3,39.99,0.1,107.97,54.0,53.97,Credit Card
TXN-102056,2024-09-24,CUST-1324,Female,35,26-35,South,Clothing,Waterproof Hooded Windbreaker,2,89.99,0.0,179.98,84.0,95.98,Cash on Delivery
TXN-102057,2024-09-25,CUST-1709,Female,34,26-35,North,Electronics,Ultra-Slim Laptop Stand,1,39.99,0.0,39.99,18.0,21.99,Credit Card
TXN-102058,2024-09-25,CUST-1670,Male,44,36-50,East,Electronics,Smart Fitness Watch,1,199.99,0.0,199.99,110.0,89.99,Cash on Delivery
TXN-102059,2024-09-25,CUST-1079,Male,42,36-50,West,Clothing,Waterproof Hooded Windbreaker,3,89.99,0.05,256.47,126.0,130.47,Cash on Delivery
TXN-102060,2024-09-26,CUST-1030,Female,34,26-35,West,Electronics,Bluetooth Portable Speaker,1,59.99,0.15,50.99,32.0,18.99,Cash on Delivery
TXN-102061,2024-09-26,CUST-1111,Female,30,26-35,North,Electronics,Smart Fitness Watch,1,199.99,0.0,199.99,110.0,89.99,Debit Card
TXN-102062,2024-09-26,CUST-1557,Male,26,26-35,East,Clothing,Athletic Performance Joggers,1,44.99,0.05,42.74,19.0,23.74,Cash on Delivery
TXN-102063,2024-09-26,CUST-1716,Male,40,36-50,South,Home & Kitchen,Aroma Oil Diffuser & Humidifier,2,29.99,0.0,59.98,24.0,35.98,Credit Card
TXN-102064,2024-09-26,CUST-1563,Female,38,36-50,North,Books,Designing Data-Intensive Applications,2,54.99,0.0,109.98,44.0,65.98,Credit Card
TXN-102065,2024-09-26,CUST-1649,Female,34,26-35,North,Home & Kitchen,Automatic Robotic Vacuum Cleaner,5,299.99,0.05,1424.95,875.0,549.95,Credit Card
TXN-102066,2024-09-27,CUST-1471,Female,22,18-25,South,Clothing,Denim Slim Fit Jeans,3,59.99,0.0,179.97,78.0,101.97,Cash on Delivery
TXN-102067,2024-09-28,CUST-1073,Male,48,36-50,South,Books,The Psychology of Money & Wealth,1,23.99,0.1,21.59,8.0,13.59,Credit Card
TXN-102068,2024-09-29,CUST-1552,Female,37,36-50,East,Beauty & Personal Care,Sonic Electric Toothbrush,1,64.99,0.0,64.99,29.0,35.99,Debit Card
TXN-102069,2024-09-29,CUST-1478,Female,25,18-25,East,Electronics,Bluetooth Portable Speaker,1,59.99,0.0,59.99,32.0,27.99,Credit Card
TXN-102070,2024-09-30,CUST-1588,Male,34,26-35,North,Electronics,Ultra-Slim Laptop Stand,1,39.99,0.05,37.99,18.0,19.99,Credit Card
TXN-102071,2024-09-30,CUST-1386,Female,43,36-50,South,Home & Kitchen,Automatic Robotic Vacuum Cleaner,1,299.99,0.1,269.99,175.0,94.99,Credit Card
TXN-102072,2024-10-01,CUST-1698,Male,39,36-50,South,Home & Kitchen,Aroma Oil Diffuser & Humidifier,1,29.99,0.0,29.99,12.0,17.99,UPI / Digital Wallet
TXN-102073,2024-10-01,CUST-1563,Female,38,36-50,South,Beauty & Personal Care,Argan Oil Hair Repair Mask,1,19.99,0.1,17.99,5.5,12.49,Debit Card
TXN-102074,2024-10-01,CUST-1432,Female,41,36-50,West,Beauty & Personal Care,Rosewater Revitalizing Facial Mist,1,16.99,0.15,14.44,4.2,10.24,Cash on Delivery
TXN-102075,2024-10-01,CUST-1411,Male,38,36-50,East,Home & Kitchen,Aroma Oil Diffuser & Humidifier,1,29.99,0.1,26.99,12.0,14.99,UPI / Digital Wallet
TXN-102076,2024-10-01,CUST-1466,Male,27,26-35,West,Books,The Psychology of Money & Wealth,5,23.99,0.0,119.95,40.0,79.95,Cash on Delivery
TXN-102077,2024-10-01,CUST-1598,Male,51,51+,East,Home & Kitchen,Automatic Robotic Vacuum Cleaner,2,299.99,0.1,539.98,350.0,189.98,Debit Card
TXN-102078,2024-10-02,CUST-1620,Male,51,51+,South,Electronics,4K Ultra HD Streaming Stick,5,49.99,0.1,224.96,140.0,84.96,Debit Card
TXN-102079,2024-10-02,CUST-1736,Female,38,36-50,South,Beauty & Personal Care,Hydrating Hyaluronic Acid Cream,1,22.99,0.0,22.99,6.8,16.19,Debit Card
TXN-102080,2024-10-02,CUST-1247,Male,26,26-35,South,Electronics,Smart Fitness Watch,1,199.99,0.2,159.99,110.0,49.99,Debit Card
TXN-102081,2024-10-02,CUST-1580,Female,45,36-50,South,Beauty & Personal Care,Argan Oil Hair Repair Mask,1,19.99,0.2,15.99,5.5,10.49,UPI / Digital Wallet
TXN-102082,2024-10-02,CUST-1119,Male,24,18-25,West,Books,The Psychology of Money & Wealth,1,23.99,0.2,19.19,8.0,11.19,UPI / Digital Wallet
TXN-102083,2024-10-02,CUST-1066,Male,41,36-50,South,Home & Kitchen,Non-Stick Ceramic Frying Pan,1,34.99,0.15,29.74,15.0,14.74,UPI / Digital Wallet
TXN-102084,2024-10-03,CUST-1572,Female,32,26-35,North,Home & Kitchen,Aroma Oil Diffuser & Humidifier,4,29.99,0.15,101.97,48.0,53.97,UPI / Digital Wallet
TXN-102085,2024-10-03,CUST-1326,Male,69,51+,East,Clothing,Classic Wool Blend Sweater,5,69.99,0.1,314.96,155.0,159.96,Credit Card
TXN-102086,2024-10-03,CUST-1702,Female,41,36-50,West,Clothing,Denim Slim Fit Jeans,1,59.99,0.1,53.99,26.0,27.99,UPI / Digital Wallet
TXN-102087,2024-10-03,CUST-1469,Female,18,18-25,South,Clothing,Athletic Performance Joggers,1,44.99,0.15,38.24,19.0,19.24,Credit Card
TXN-102088,2024-10-03,CUST-1492,Male,19,18-25,East,Home & Kitchen,Aroma Oil Diffuser & Humidifier,1,29.99,0.1,26.99,12.0,14.99,Debit Card
TXN-102089,2024-10-03,CUST-1700,Male,18,18-25,North,Beauty & Personal Care,Vitamin C Brightening Face Serum,1,28.99,0.0,28.99,8.5,20.49,UPI / Digital Wallet
TXN-102090,2024-10-03,CUST-1662,Female,26,26-35,South,Home & Kitchen,Automatic Robotic Vacuum Cleaner,1,299.99,0.05,284.99,175.0,109.99,Cash on Delivery
TXN-102091,2024-10-04,CUST-1285,Male,28,26-35,North,Electronics,4K Ultra HD Streaming Stick,1,49.99,0.2,39.99,28.0,11.99,Credit Card
TXN-102092,2024-10-04,CUST-1607,Female,31,26-35,North,Clothing,Denim Slim Fit Jeans,1,59.99,0.0,59.99,26.0,33.99,Credit Card
TXN-102093,2024-10-04,CUST-1311,Male,39,36-50,East,Beauty & Personal Care,Vitamin C Brightening Face Serum,1,28.99,0.1,26.09,8.5,17.59,Credit Card
TXN-102094,2024-10-04,CUST-1308,Female,31,26-35,South,Clothing,Denim Slim Fit Jeans,1,59.99,0.25,44.99,26.0,18.99,Credit Card
TXN-102095,2024-10-04,CUST-1774,Female,47,36-50,East,Home & Kitchen,Non-Stick Ceramic Frying Pan,1,34.99,0.1,31.49,15.0,16.49,UPI / Digital Wallet
TXN-102096,2024-10-04,CUST-1096,Male,24,18-25,West,Beauty & Personal Care,Vitamin C Brightening Face Serum,1,28.99,0.35,18.84,8.5,10.34,UPI / Digital Wallet
TXN-102097,2024-10-04,CUST-1112,Male,35,26-35,North,Home & Kitchen,Stainless Steel Cookware Set (10-Pc),5,219.99,0.1,989.96,625.0,364.96,UPI / Digital Wallet
TXN-102098,2024-10-04,CUST-1636,Male,39,36-50,East,Clothing,Athletic Performance Joggers,1,44.99,0.0,44.99,19.0,25.99,UPI / Digital Wallet
TXN-102099,2024-10-04,CUST-1455,Female,36,36-50,South,Books,The Psychology of Money & Wealth,3,23.99,0.15,61.17,24.0,37.17,Credit Card
TXN-102100,2024-10-04,CUST-1462,Female,28,26-35,North,Electronics,4K Ultra HD Streaming Stick,3,49.99,0.0,149.97,84.0,65.97,Credit Card
TXN-102101,2024-10-04,CUST-1131,Female,18,18-25,East,Books,Deep Work & Focus in a Distracted World,4,22.5,0.05,85.5,28.8,56.7,Credit Card
TXN-102102,2024-10-04,CUST-1120,Male,23,18-25,East,Electronics,Smart Fitness Watch,3,199.99,0.0,599.97,330.0,269.97,UPI / Digital Wallet
TXN-102103,2024-10-05,CUST-1196,Male,46,36-50,South,Electronics,Smart Fitness Watch,2,199.99,0.0,399.98,220.0,179.98,UPI / Digital Wallet
TXN-102104,2024-10-05,CUST-1805,Male,35,26-35,West,Books,Designing Data-Intensive Applications,3,54.99,0.05,156.72,66.0,90.72,UPI / Digital Wallet
TXN-102105,2024-10-05,CUST-1481,Female,39,36-50,South,Electronics,Smart Fitness Watch,1,199.99,0.05,189.99,110.0,79.99,Credit Card
TXN-102106,2024-10-05,CUST-1633,Male,43,36-50,West,Beauty & Personal Care,Hydrating Hyaluronic Acid Cream,1,22.99,0.1,20.69,6.8,13.89,Credit Card
TXN-102107,2024-10-06,CUST-1793,Male,33,26-35,South,Beauty & Personal Care,Argan Oil Hair Repair Mask,5,19.99,0.15,84.96,27.5,57.46,Cash on Delivery
TXN-102108,2024-10-06,CUST-1771,Female,43,36-50,North,Beauty & Personal Care,Sonic Electric Toothbrush,3,64.99,0.0,194.97,87.0,107.97,Credit Card
TXN-102109,2024-10-06,CUST-1038,Male,33,26-35,South,Books,Data Science & Machine Learning Handbook,5,44.99,0.0,224.95,90.0,134.95,UPI / Digital Wallet
TXN-102110,2024-10-06,CUST-1565,Female,23,18-25,North,Clothing,Athletic Performance Joggers,3,44.99,0.1,121.47,57.0,64.47,Credit Card
TXN-102111,2024-10-06,CUST-1511,Male,56,51+,East,Home & Kitchen,Aroma Oil Diffuser & Humidifier,3,29.99,0.1,80.97,36.0,44.97,Credit Card
TXN-102112,2024-10-06,CUST-1473,Male,29,26-35,East,Electronics,Ultra-Slim Laptop Stand,2,39.99,0.2,63.98,36.0,27.98,UPI / Digital Wallet
TXN-102113,2024-10-06,CUST-1160,Female,43,36-50,South,Clothing,Classic Wool Blend Sweater,3,69.99,0.0,209.97,93.0,116.97,Credit Card
TXN-102114,2024-10-06,CUST-1288,Male,21,18-25,North,Beauty & Personal Care,Vitamin C Brightening Face Serum,2,28.99,0.2,46.38,17.0,29.38,UPI / Digital Wallet
TXN-102115,2024-10-06,CUST-1199,Male,18,18-25,South,Clothing,Waterproof Hooded Windbreaker,4,89.99,0.05,341.96,168.0,173.96,UPI / Digital Wallet
TXN-102116,2024-10-07,CUST-1787,Female,36,36-50,North,Home & Kitchen,Aroma Oil Diffuser & Humidifier,3,29.99,0.1,80.97,36.0,44.97,Debit Card
TXN-102117,2024-10-07,CUST-1527,Male,18,18-25,East,Clothing,Classic Wool Blend Sweater,3,69.99,0.0,209.97,93.0,116.97,UPI / Digital Wallet
TXN-102118,2024-10-07,CUST-1684,Male,39,36-50,East,Home & Kitchen,Aroma Oil Diffuser & Humidifier,2,29.99,0.05,56.98,24.0,32.98,Debit Card
TXN-102119,2024-10-07,CUST-1502,Male,34,26-35,West,Books,Atomic Habits for Daily Productivity,1,21.99,0.0,21.99,7.5,14.49,Credit Card
TXN-102120,2024-10-07,CUST-1247,Male,26,26-35,North,Electronics,4K Ultra HD Streaming Stick,1,49.99,0.0,49.99,28.0,21.99,UPI / Digital Wallet
TXN-102121,2024-10-07,CUST-1382,Female,66,51+,South,Home & Kitchen,Non-Stick Ceramic Frying Pan,4,34.99,0.05,132.96,60.0,72.96,Debit Card
TXN-102122,2024-10-08,CUST-1217,Female,30,26-35,South,Beauty & Personal Care,Sonic Electric Toothbrush,2,64.99,0.15,110.48,58.0,52.48,Credit Card
TXN-102123,2024-10-09,CUST-1086,Female,18,18-25,West,Clothing,Athletic Performance Joggers,1,44.99,0.15,38.24,19.0,19.24,Cash on Delivery
TXN-102124,2024-10-09,CUST-1081,Female,53,51+,East,Electronics,Smart Fitness Watch,1,199.99,0.1,179.99,110.0,69.99,Debit Card
TXN-102125,2024-10-09,CUST-1061,Male,46,36-50,North,Home & Kitchen,Non-Stick Ceramic Frying Pan,3,34.99,0.05,99.72,45.0,54.72,UPI / Digital Wallet
TXN-102126,2024-10-09,CUST-1798,Male,26,26-35,South,Clothing,Classic Wool Blend Sweater,3,69.99,0.05,199.47,93.0,106.47,UPI / Digital Wallet
TXN-102127,2024-10-09,CUST-1499,Male,38,36-50,East,Electronics,4K Ultra HD Streaming Stick,3,49.99,0.25,112.48,84.0,28.48,Debit Card
TXN-102128,2024-10-09,CUST-1041,Female,35,26-35,East,Beauty & Personal Care,Hydrating Hyaluronic Acid Cream,2,22.99,0.1,41.38,13.6,27.78,Debit Card
TXN-102129,2024-10-09,CUST-1011,Male,47,36-50,West,Home & Kitchen,Automatic Robotic Vacuum Cleaner,1,299.99,0.0,299.99,175.0,124.99,Credit Card
TXN-102130,2024-10-09,CUST-1832,Female,33,26-35,North,Books,Designing Data-Intensive Applications,1,54.99,0.0,54.99,22.0,32.99,Debit Card
TXN-102131,2024-10-09,CUST-1745,Male,47,36-50,West,Beauty & Personal Care,Hydrating Hyaluronic Acid Cream,1,22.99,0.1,20.69,6.8,13.89,UPI / Digital Wallet
TXN-102132,2024-10-09,CUST-1840,Male,30,26-35,North,Home & Kitchen,Automatic Robotic Vacuum Cleaner,3,299.99,0.05,854.97,525.0,329.97,UPI / Digital Wallet
TXN-102133,2024-10-09,CUST-1642,Female,36,36-50,West,Electronics,Bluetooth Portable Speaker,1,59.99,0.0,59.99,32.0,27.99,Credit Card
TXN-102134,2024-10-10,CUST-1114,Female,31,26-35,West,Clothing,Athletic Performance Joggers,2,44.99,0.15,76.48,38.0,38.48,Debit Card
TXN-102135,2024-10-11,CUST-1217,Female,30,26-35,East,Electronics,4K Ultra HD Streaming Stick,2,49.99,0.1,89.98,56.0,33.98,Cash on Delivery
TXN-102136,2024-10-11,CUST-1648,Male,40,36-50,East,Books,The Psychology of Money & Wealth,2,23.99,0.1,43.18,16.0,27.18,Debit Card
TXN-102137,2024-10-11,CUST-1105,Female,47,36-50,North,Electronics,Wireless Noise-Canceling Headphones,4,149.99,0.0,599.96,340.0,259.96,UPI / Digital Wallet
TXN-102138,2024-10-11,CUST-1690,Female,30,26-35,North,Clothing,Classic Wool Blend Sweater,1,69.99,0.05,66.49,31.0,35.49,UPI / Digital Wallet
TXN-102139,2024-10-14,CUST-1527,Male,18,18-25,North,Clothing,Waterproof Hooded Windbreaker,3,89.99,0.25,202.48,126.0,76.48,Credit Card
TXN-102140,2024-10-14,CUST-1471,Female,22,18-25,North,Electronics,4K Ultra HD Streaming Stick,1,49.99,0.2,39.99,28.0,11.99,Credit Card
TXN-102141,2024-10-14,CUST-1753,Female,37,36-50,South,Electronics,Ultra-Slim Laptop Stand,1,39.99,0.0,39.99,18.0,21.99,UPI / Digital Wallet
TXN-102142,2024-10-14,CUST-1845,Male,43,36-50,North,Home & Kitchen,Automatic Robotic Vacuum Cleaner,1,299.99,0.0,299.99,175.0,124.99,Debit Card
TXN-102143,2024-10-14,CUST-1386,Female,43,36-50,West,Electronics,Wireless Noise-Canceling Headphones,1,149.99,0.05,142.49,85.0,57.49,Debit Card
TXN-102144,2024-10-14,CUST-1225,Male,43,36-50,South,Electronics,4K Ultra HD Streaming Stick,3,49.99,0.05,142.47,84.0,58.47,UPI / Digital Wallet
TXN-102145,2024-10-14,CUST-1480,Female,39,36-50,East,Clothing,Denim Slim Fit Jeans,2,59.99,0.1,107.98,52.0,55.98,UPI / Digital Wallet
TXN-102146,2024-10-14,CUST-1753,Female,37,36-50,East,Beauty & Personal Care,Vitamin C Brightening Face Serum,1,28.99,0.25,21.74,8.5,13.24,Credit Card
TXN-102147,2024-10-15,CUST-1407,Male,26,26-35,South,Home & Kitchen,Stainless Steel Cookware Set (10-Pc),1,219.99,0.05,208.99,125.0,83.99,Credit Card
TXN-102148,2024-10-15,CUST-1456,Female,19,18-25,North,Clothing,Denim Slim Fit Jeans,2,59.99,0.0,119.98,52.0,67.98,Credit Card
TXN-102149,2024-10-15,CUST-1652,Female,42,36-50,South,Home & Kitchen,Compact Espresso Machine,3,179.99,0.2,431.98,294.0,137.98,Debit Card
TXN-102150,2024-10-16,CUST-1710,Female,61,51+,East,Clothing,Organic Cotton Crew T-Shirt,1,24.99,0.0,24.99,9.5,15.49,Credit Card
TXN-102151,2024-10-16,CUST-1623,Female,39,36-50,East,Books,Deep Work & Focus in a Distracted World,2,22.5,0.25,33.75,14.4,19.35,Debit Card
TXN-102152,2024-10-16,CUST-1638,Female,40,36-50,North,Electronics,Bluetooth Portable Speaker,3,59.99,0.1,161.97,96.0,65.97,Credit Card
TXN-102153,2024-10-16,CUST-1020,Female,21,18-25,West,Home & Kitchen,Non-Stick Ceramic Frying Pan,2,34.99,0.25,52.48,30.0,22.48,Debit Card
TXN-102154,2024-10-16,CUST-1658,Female,37,36-50,North,Books,Data Science & Machine Learning Handbook,1,44.99,0.0,44.99,18.0,26.99,Credit Card
TXN-102155,2024-10-16,CUST-1600,Male,29,26-35,East,Beauty & Personal Care,Argan Oil Hair Repair Mask,2,19.99,0.0,39.98,11.0,28.98,Debit Card
TXN-102156,2024-10-16,CUST-1814,Male,35,26-35,South,Electronics,Smart Fitness Watch,2,199.99,0.05,379.98,220.0,159.98,Debit Card
TXN-102157,2024-10-16,CUST-1202,Female,24,18-25,East,Clothing,Organic Cotton Crew T-Shirt,2,24.99,0.05,47.48,19.0,28.48,Credit Card
TXN-102158,2024-10-16,CUST-1416,Male,38,36-50,West,Home & Kitchen,Aroma Oil Diffuser & Humidifier,2,29.99,0.0,59.98,24.0,35.98,Cash on Delivery
TXN-102159,2024-10-16,CUST-1415,Male,27,26-35,East,Electronics,Ultra-Slim Laptop Stand,5,39.99,0.25,149.96,90.0,59.96,Credit Card
TXN-102160,2024-10-17,CUST-1447,Female,19,18-25,South,Beauty & Personal Care,Rosewater Revitalizing Facial Mist,1,16.99,0.15,14.44,4.2,10.24,UPI / Digital Wallet
TXN-102161,2024-10-17,CUST-1511,Male,56,51+,North,Home & Kitchen,Aroma Oil Diffuser & Humidifier,4,29.99,0.1,107.96,48.0,59.96,Cash on Delivery
TXN-102162,2024-10-17,CUST-1084,Male,49,36-50,West,Beauty & Personal Care,Vitamin C Brightening Face Serum,2,28.99,0.0,57.98,17.0,40.98,Debit Card
TXN-102163,2024-10-17,CUST-1166,Male,59,51+,South,Electronics,Ultra-Slim Laptop Stand,2,39.99,0.15,67.98,36.0,31.98,UPI / Digital Wallet
TXN-102164,2024-10-17,CUST-1383,Male,45,36-50,North,Home & Kitchen,Aroma Oil Diffuser & Humidifier,1,29.99,0.1,26.99,12.0,14.99,Credit Card
TXN-102165,2024-10-18,CUST-1467,Female,27,26-35,East,Home & Kitchen,Automatic Robotic Vacuum Cleaner,1,299.99,0.05,284.99,175.0,109.99,Debit Card
TXN-102166,2024-10-18,CUST-1071,Male,22,18-25,North,Beauty & Personal Care,Sonic Electric Toothbrush,3,64.99,0.2,155.98,87.0,68.98,Debit Card
TXN-102167,2024-10-19,CUST-1809,Male,31,26-35,North,Electronics,4K Ultra HD Streaming Stick,2,49.99,0.0,99.98,56.0,43.98,Credit Card
TXN-102168,2024-10-19,CUST-1520,Male,42,36-50,West,Electronics,4K Ultra HD Streaming Stick,1,49.99,0.0,49.99,28.0,21.99,Debit Card
TXN-102169,2024-10-19,CUST-1792,Male,19,18-25,South,Clothing,Classic Wool Blend Sweater,2,69.99,0.0,139.98,62.0,77.98,Credit Card
TXN-102170,2024-10-19,CUST-1472,Female,23,18-25,North,Electronics,Bluetooth Portable Speaker,1,59.99,0.15,50.99,32.0,18.99,UPI / Digital Wallet
TXN-102171,2024-10-19,CUST-1257,Female,34,26-35,East,Home & Kitchen,Aroma Oil Diffuser & Humidifier,5,29.99,0.1,134.95,60.0,74.95,Cash on Delivery
TXN-102172,2024-10-19,CUST-1274,Female,38,36-50,West,Books,Data Science & Machine Learning Handbook,4,44.99,0.0,179.96,72.0,107.96,Credit Card
TXN-102173,2024-10-20,CUST-1749,Male,32,26-35,North,Clothing,Classic Wool Blend Sweater,1,69.99,0.0,69.99,31.0,38.99,Credit Card
TXN-102174,2024-10-20,CUST-1019,Male,40,36-50,East,Beauty & Personal Care,Argan Oil Hair Repair Mask,3,19.99,0.0,59.97,16.5,43.47,Debit Card
TXN-102175,2024-10-20,CUST-1489,Male,63,51+,East,Electronics,4K Ultra HD Streaming Stick,4,49.99,0.0,199.96,112.0,87.96,Debit Card
TXN-102176,2024-10-20,CUST-1744,Female,42,36-50,North,Electronics,Bluetooth Portable Speaker,1,59.99,0.05,56.99,32.0,24.99,UPI / Digital Wallet
TXN-102177,2024-10-21,CUST-1489,Male,63,51+,South,Electronics,4K Ultra HD Streaming Stick,2,49.99,0.0,99.98,56.0,43.98,Debit Card
TXN-102178,2024-10-21,CUST-1732,Female,35,26-35,North,Clothing,Denim Slim Fit Jeans,1,59.99,0.0,59.99,26.0,33.99,Credit Card
TXN-102179,2024-10-21,CUST-1325,Female,41,36-50,East,Books,Designing Data-Intensive Applications,2,54.99,0.2,87.98,44.0,43.98,UPI / Digital Wallet
TXN-102180,2024-10-22,CUST-1528,Female,37,36-50,West,Electronics,Smart Fitness Watch,1,199.99,0.05,189.99,110.0,79.99,UPI / Digital Wallet
TXN-102181,2024-10-22,CUST-1088,Female,57,51+,North,Home & Kitchen,Stainless Steel Cookware Set (10-Pc),1,219.99,0.1,197.99,125.0,72.99,Debit Card
TXN-102182,2024-10-22,CUST-1485,Female,37,36-50,West,Clothing,Classic Wool Blend Sweater,1,69.99,0.0,69.99,31.0,38.99,Debit Card
TXN-102183,2024-10-22,CUST-1707,Male,29,26-35,East,Books,Deep Work & Focus in a Distracted World,1,22.5,0.05,21.38,7.2,14.18,Credit Card
TXN-102184,2024-10-22,CUST-1349,Male,49,36-50,South,Electronics,Bluetooth Portable Speaker,3,59.99,0.05,170.97,96.0,74.97,Credit Card
TXN-102185,2024-10-22,CUST-1083,Female,49,36-50,East,Electronics,4K Ultra HD Streaming Stick,1,49.99,0.0,49.99,28.0,21.99,Credit Card
TXN-102186,2024-10-23,CUST-1386,Female,43,36-50,North,Electronics,Wireless Noise-Canceling Headphones,1,149.99,0.0,149.99,85.0,64.99,Debit Card
TXN-102187,2024-10-23,CUST-1086,Female,18,18-25,West,Clothing,Denim Slim Fit Jeans,4,59.99,0.2,191.97,104.0,87.97,Cash on Delivery
TXN-102188,2024-10-23,CUST-1306,Male,32,26-35,South,Electronics,Bluetooth Portable Speaker,1,59.99,0.25,44.99,32.0,12.99,Debit Card
TXN-102189,2024-10-23,CUST-1849,Female,36,36-50,East,Beauty & Personal Care,Vitamin C Brightening Face Serum,2,28.99,0.0,57.98,17.0,40.98,Credit Card
TXN-102190,2024-10-23,CUST-1153,Female,52,51+,East,Home & Kitchen,Stainless Steel Cookware Set (10-Pc),4,219.99,0.0,879.96,500.0,379.96,Credit Card
TXN-102191,2024-10-23,CUST-1439,Male,32,26-35,South,Home & Kitchen,Compact Espresso Machine,3,179.99,0.25,404.98,294.0,110.98,Credit Card
TXN-102192,2024-10-24,CUST-1739,Male,18,18-25,West,Home & Kitchen,Compact Espresso Machine,1,179.99,0.0,179.99,98.0,81.99,Debit Card
TXN-102193,2024-10-24,CUST-1263,Male,29,26-35,East,Electronics,Ultra-Slim Laptop Stand,1,39.99,0.1,35.99,18.0,17.99,Debit Card
TXN-102194,2024-10-24,CUST-1734,Female,47,36-50,West,Clothing,Athletic Performance Joggers,5,44.99,0.25,168.71,95.0,73.71,Credit Card
TXN-102195,2024-10-25,CUST-1420,Female,43,36-50,East,Books,The Psychology of Money & Wealth,1,23.99,0.25,17.99,8.0,9.99,Debit Card
TXN-102196,2024-10-25,CUST-1492,Male,19,18-25,North,Beauty & Personal Care,Rosewater Revitalizing Facial Mist,1,16.99,0.05,16.14,4.2,11.94,Credit Card
TXN-102197,2024-10-25,CUST-1632,Female,29,26-35,West,Books,The Psychology of Money & Wealth,1,23.99,0.0,23.99,8.0,15.99,Credit Card
TXN-102198,2024-10-25,CUST-1410,Male,18,18-25,East,Beauty & Personal Care,Vitamin C Brightening Face Serum,1,28.99,0.0,28.99,8.5,20.49,Credit Card
TXN-102199,2024-10-25,CUST-1172,Female,29,26-35,East,Electronics,Smart Fitness Watch,2,199.99,0.2,319.98,220.0,99.98,Credit Card
TXN-102200,2024-10-25,CUST-1003,Male,45,36-50,West,Electronics,Smart Fitness Watch,3,199.99,0.2,479.98,330.0,149.98,Credit Card
TXN-102201,2024-10-25,CUST-1639,Female,34,26-35,North,Electronics,Wireless Noise-Canceling Headphones,5,149.99,0.1,674.96,425.0,249.96,Credit Card
TXN-102202,2024-10-25,CUST-1471,Female,22,18-25,South,Clothing,Organic Cotton Crew T-Shirt,3,24.99,0.15,63.72,28.5,35.22,UPI / Digital Wallet
TXN-102203,2024-10-25,CUST-1109,Male,37,36-50,North,Electronics,Bluetooth Portable Speaker,1,59.99,0.15,50.99,32.0,18.99,UPI / Digital Wallet
TXN-102204,2024-10-25,CUST-1036,Male,52,51+,East,Clothing,Organic Cotton Crew T-Shirt,1,24.99,0.1,22.49,9.5,12.99,Debit Card
TXN-102205,2024-10-25,CUST-1582,Female,44,36-50,West,Home & Kitchen,Non-Stick Ceramic Frying Pan,5,34.99,0.15,148.71,75.0,73.71,UPI / Digital Wallet
TXN-102206,2024-10-25,CUST-1800,Male,18,18-25,West,Beauty & Personal Care,Rosewater Revitalizing Facial Mist,1,16.99,0.1,15.29,4.2,11.09,Credit Card
TXN-102207,2024-10-25,CUST-1030,Female,34,26-35,South,Beauty & Personal Care,Hydrating Hyaluronic Acid Cream,1,22.99,0.05,21.84,6.8,15.04,UPI / Digital Wallet
TXN-102208,2024-10-26,CUST-1380,Female,55,51+,East,Books,Atomic Habits for Daily Productivity,4,21.99,0.0,87.96,30.0,57.96,Credit Card
TXN-102209,2024-10-26,CUST-1267,Male,65,51+,West,Electronics,Smart Fitness Watch,2,199.99,0.15,339.98,220.0,119.98,Credit Card
TXN-102210,2024-10-26,CUST-1010,Male,24,18-25,East,Electronics,4K Ultra HD Streaming Stick,1,49.99,0.05,47.49,28.0,19.49,Credit Card
TXN-102211,2024-10-26,CUST-1343,Male,45,36-50,North,Home & Kitchen,Aroma Oil Diffuser & Humidifier,3,29.99,0.0,89.97,36.0,53.97,Credit Card
TXN-102212,2024-10-26,CUST-1839,Male,35,26-35,East,Clothing,Classic Wool Blend Sweater,5,69.99,0.15,297.46,155.0,142.46,Cash on Delivery
TXN-102213,2024-10-26,CUST-1543,Female,46,36-50,West,Electronics,Bluetooth Portable Speaker,1,59.99,0.1,53.99,32.0,21.99,Credit Card
TXN-102214,2024-10-26,CUST-1568,Male,58,51+,West,Clothing,Waterproof Hooded Windbreaker,3,89.99,0.25,202.48,126.0,76.48,Credit Card
TXN-102215,2024-10-26,CUST-1165,Female,37,36-50,East,Electronics,Ultra-Slim Laptop Stand,1,39.99,0.0,39.99,18.0,21.99,Credit Card
TXN-102216,2024-10-27,CUST-1699,Male,49,36-50,West,Clothing,Denim Slim Fit Jeans,2,59.99,0.1,107.98,52.0,55.98,Credit Card
TXN-102217,2024-10-27,CUST-1341,Female,39,36-50,North,Clothing,Waterproof Hooded Windbreaker,4,89.99,0.0,359.96,168.0,191.96,Credit Card
TXN-102218,2024-10-27,CUST-1481,Female,39,36-50,North,Clothing,Waterproof Hooded Windbreaker,5,89.99,0.2,359.96,210.0,149.96,Credit Card
TXN-102219,2024-10-27,CUST-1018,Male,23,18-25,West,Home & Kitchen,Compact Espresso Machine,1,179.99,0.0,179.99,98.0,81.99,Credit Card
TXN-102220,2024-10-27,CUST-1627,Male,22,18-25,North,Clothing,Organic Cotton Crew T-Shirt,1,24.99,0.1,22.49,9.5,12.99,UPI / Digital Wallet
TXN-102221,2024-10-28,CUST-1183,Male,36,36-50,North,Electronics,Wireless Noise-Canceling Headphones,1,149.99,0.15,127.49,85.0,42.49,Credit Card
TXN-102222,2024-10-28,CUST-1781,Female,30,26-35,South,Electronics,Ultra-Slim Laptop Stand,2,39.99,0.05,75.98,36.0,39.98,Credit Card
TXN-102223,2024-10-29,CUST-1544,Male,18,18-25,East,Clothing,Athletic Performance Joggers,1,44.99,0.25,33.74,19.0,14.74,UPI / Digital Wallet
TXN-102224,2024-10-30,CUST-1009,Female,37,36-50,East,Beauty & Personal Care,Sonic Electric Toothbrush,1,64.99,0.2,51.99,29.0,22.99,Cash on Delivery
TXN-102225,2024-10-30,CUST-1591,Female,33,26-35,North,Beauty & Personal Care,Sonic Electric Toothbrush,1,64.99,0.0,64.99,29.0,35.99,Credit Card
TXN-102226,2024-10-30,CUST-1191,Female,30,26-35,West,Home & Kitchen,Automatic Robotic Vacuum Cleaner,1,299.99,0.0,299.99,175.0,124.99,Credit Card
TXN-102227,2024-10-30,CUST-1319,Female,18,18-25,West,Electronics,Ultra-Slim Laptop Stand,1,39.99,0.0,39.99,18.0,21.99,Cash on Delivery
TXN-102228,2024-10-31,CUST-1701,Female,31,26-35,South,Home & Kitchen,Non-Stick Ceramic Frying Pan,3,34.99,0.0,104.97,45.0,59.97,Credit Card
TXN-102229,2024-10-31,CUST-1579,Female,27,26-35,South,Home & Kitchen,Compact Espresso Machine,1,179.99,0.2,143.99,98.0,45.99,Debit Card
TXN-102230,2024-10-31,CUST-1474,Female,35,26-35,East,Clothing,Denim Slim Fit Jeans,1,59.99,0.25,44.99,26.0,18.99,Credit Card
TXN-102231,2024-10-31,CUST-1636,Male,39,36-50,East,Home & Kitchen,Aroma Oil Diffuser & Humidifier,3,29.99,0.0,89.97,36.0,53.97,Cash on Delivery
TXN-102232,2024-10-31,CUST-1426,Female,42,36-50,South,Clothing,Waterproof Hooded Windbreaker,2,89.99,0.05,170.98,84.0,86.98,Cash on Delivery
TXN-102233,2024-10-31,CUST-1847,Male,25,18-25,South,Home & Kitchen,Non-Stick Ceramic Frying Pan,1,34.99,0.05,33.24,15.0,18.24,UPI / Digital Wallet
TXN-102234,2024-10-31,CUST-1058,Male,39,36-50,South,Home & Kitchen,Non-Stick Ceramic Frying Pan,1,34.99,0.0,34.99,15.0,19.99,Credit Card
TXN-102235,2024-10-31,CUST-1435,Male,47,36-50,North,Electronics,Bluetooth Portable Speaker,2,59.99,0.05,113.98,64.0,49.98,Credit Card
TXN-102236,2024-10-31,CUST-1096,Male,24,18-25,South,Beauty & Personal Care,Argan Oil Hair Repair Mask,1,19.99,0.0,19.99,5.5,14.49,Credit Card
TXN-102237,2024-11-02,CUST-1495,Male,48,36-50,East,Electronics,Wireless Noise-Canceling Headphones,3,149.99,0.05,427.47,255.0,172.47,UPI / Digital Wallet
TXN-102238,2024-11-02,CUST-1786,Male,60,51+,East,Electronics,Bluetooth Portable Speaker,1,59.99,0.1,53.99,32.0,21.99,Cash on Delivery
TXN-102239,2024-11-02,CUST-1660,Female,31,26-35,East,Books,Data Science & Machine Learning Handbook,1,44.99,0.1,40.49,18.0,22.49,Credit Card
TXN-102240,2024-11-02,CUST-1277,Male,56,51+,South,Books,Atomic Habits for Daily Productivity,1,21.99,0.0,21.99,7.5,14.49,UPI / Digital Wallet
TXN-102241,2024-11-02,CUST-1264,Female,34,26-35,East,Electronics,4K Ultra HD Streaming Stick,2,49.99,0.15,84.98,56.0,28.98,Credit Card
TXN-102242,2024-11-03,CUST-1008,Female,19,18-25,North,Clothing,Denim Slim Fit Jeans,4,59.99,0.1,215.96,104.0,111.96,Debit Card
TXN-102243,2024-11-03,CUST-1456,Female,19,18-25,South,Electronics,Bluetooth Portable Speaker,1,59.99,0.2,47.99,32.0,15.99,Debit Card
TXN-102244,2024-11-03,CUST-1794,Male,59,51+,East,Clothing,Denim Slim Fit Jeans,2,59.99,0.05,113.98,52.0,61.98,Credit Card
TXN-102245,2024-11-03,CUST-1272,Female,57,51+,East,Beauty & Personal Care,Argan Oil Hair Repair Mask,1,19.99,0.2,15.99,5.5,10.49,Credit Card
TXN-102246,2024-11-03,CUST-1812,Female,46,36-50,South,Books,Data Science & Machine Learning Handbook,1,44.99,0.2,35.99,18.0,17.99,Credit Card
TXN-102247,2024-11-03,CUST-1007,Female,40,36-50,East,Home & Kitchen,Non-Stick Ceramic Frying Pan,3,34.99,0.05,99.72,45.0,54.72,UPI / Digital Wallet
TXN-102248,2024-11-03,CUST-1207,Male,40,36-50,West,Clothing,Classic Wool Blend Sweater,1,69.99,0.05,66.49,31.0,35.49,UPI / Digital Wallet
TXN-102249,2024-11-03,CUST-1636,Male,39,36-50,South,Home & Kitchen,Stainless Steel Cookware Set (10-Pc),4,219.99,0.25,659.97,500.0,159.97,Cash on Delivery
TXN-102250,2024-11-03,CUST-1122,Female,37,36-50,East,Clothing,Classic Wool Blend Sweater,2,69.99,0.1,125.98,62.0,63.98,UPI / Digital Wallet
TXN-102251,2024-11-03,CUST-1032,Male,28,26-35,West,Books,Atomic Habits for Daily Productivity,4,21.99,0.2,70.37,30.0,40.37,Debit Card
TXN-102252,2024-11-05,CUST-1512,Female,43,36-50,East,Beauty & Personal Care,Sonic Electric Toothbrush,3,64.99,0.15,165.72,87.0,78.72,Credit Card
TXN-102253,2024-11-05,CUST-1203,Male,32,26-35,South,Home & Kitchen,Compact Espresso Machine,1,179.99,0.1,161.99,98.0,63.99,Cash on Delivery
TXN-102254,2024-11-06,CUST-1517,Male,26,26-35,North,Clothing,Athletic Performance Joggers,1,44.99,0.0,44.99,19.0,25.99,Debit Card
TXN-102255,2024-11-06,CUST-1808,Male,33,26-35,South,Clothing,Waterproof Hooded Windbreaker,1,89.99,0.0,89.99,42.0,47.99,UPI / Digital Wallet
TXN-102256,2024-11-06,CUST-1516,Male,33,26-35,South,Electronics,Smart Fitness Watch,1,199.99,0.25,149.99,110.0,39.99,UPI / Digital Wallet
TXN-102257,2024-11-06,CUST-1442,Female,20,18-25,East,Beauty & Personal Care,Sonic Electric Toothbrush,1,64.99,0.0,64.99,29.0,35.99,UPI / Digital Wallet
TXN-102258,2024-11-06,CUST-1591,Female,33,26-35,South,Clothing,Organic Cotton Crew T-Shirt,1,24.99,0.0,24.99,9.5,15.49,Credit Card
TXN-102259,2024-11-06,CUST-1785,Male,26,26-35,West,Clothing,Waterproof Hooded Windbreaker,4,89.99,0.1,323.96,168.0,155.96,Credit Card
TXN-102260,2024-11-06,CUST-1688,Female,49,36-50,North,Clothing,Waterproof Hooded Windbreaker,1,89.99,0.15,76.49,42.0,34.49,UPI / Digital Wallet
TXN-102261,2024-11-07,CUST-1849,Female,36,36-50,East,Beauty & Personal Care,Vitamin C Brightening Face Serum,3,28.99,0.0,86.97,25.5,61.47,UPI / Digital Wallet
TXN-102262,2024-11-07,CUST-1832,Female,33,26-35,South,Electronics,Smart Fitness Watch,4,199.99,0.0,799.96,440.0,359.96,UPI / Digital Wallet
TXN-102263,2024-11-07,CUST-1338,Male,36,36-50,South,Beauty & Personal Care,Sonic Electric Toothbrush,3,64.99,0.05,185.22,87.0,98.22,Credit Card
TXN-102264,2024-11-07,CUST-1437,Male,51,51+,West,Books,Deep Work & Focus in a Distracted World,1,22.5,0.0,22.5,7.2,15.3,Credit Card
TXN-102265,2024-11-07,CUST-1444,Male,58,51+,North,Books,The Psychology of Money & Wealth,1,23.99,0.15,20.39,8.0,12.39,UPI / Digital Wallet
TXN-102266,2024-11-07,CUST-1135,Male,39,36-50,North,Clothing,Denim Slim Fit Jeans,1,59.99,0.0,59.99,26.0,33.99,UPI / Digital Wallet
TXN-102267,2024-11-07,CUST-1386,Female,43,36-50,South,Electronics,Wireless Noise-Canceling Headphones,1,149.99,0.2,119.99,85.0,34.99,Debit Card
TXN-102268,2024-11-07,CUST-1024,Female,35,26-35,South,Clothing,Denim Slim Fit Jeans,1,59.99,0.15,50.99,26.0,24.99,Credit Card
TXN-102269,2024-11-08,CUST-1505,Female,45,36-50,East,Clothing,Athletic Performance Joggers,3,44.99,0.1,121.47,57.0,64.47,Cash on Delivery
TXN-102270,2024-11-08,CUST-1324,Female,35,26-35,West,Electronics,Bluetooth Portable Speaker,1,59.99,0.0,59.99,32.0,27.99,Debit Card
TXN-102271,2024-11-08,CUST-1694,Male,31,26-35,North,Home & Kitchen,Non-Stick Ceramic Frying Pan,2,34.99,0.05,66.48,30.0,36.48,UPI / Digital Wallet
TXN-102272,2024-11-08,CUST-1679,Female,38,36-50,East,Clothing,Organic Cotton Crew T-Shirt,5,24.99,0.05,118.7,47.5,71.2,Credit Card
TXN-102273,2024-11-08,CUST-1337,Female,28,26-35,East,Beauty & Personal Care,Sonic Electric Toothbrush,1,64.99,0.0,64.99,29.0,35.99,Credit Card
TXN-102274,2024-11-11,CUST-1689,Female,26,26-35,West,Electronics,Ultra-Slim Laptop Stand,1,39.99,0.15,33.99,18.0,15.99,UPI / Digital Wallet
TXN-102275,2024-11-11,CUST-1094,Male,45,36-50,West,Home & Kitchen,Automatic Robotic Vacuum Cleaner,3,299.99,0.05,854.97,525.0,329.97,Credit Card
TXN-102276,2024-11-11,CUST-1544,Male,18,18-25,East,Beauty & Personal Care,Hydrating Hyaluronic Acid Cream,1,22.99,0.15,19.54,6.8,12.74,Debit Card
TXN-102277,2024-11-11,CUST-1622,Female,45,36-50,South,Beauty & Personal Care,Vitamin C Brightening Face Serum,2,28.99,0.0,57.98,17.0,40.98,Debit Card
TXN-102278,2024-11-12,CUST-1145,Female,34,26-35,North,Books,Designing Data-Intensive Applications,1,54.99,0.0,54.99,22.0,32.99,UPI / Digital Wallet
TXN-102279,2024-11-12,CUST-1230,Female,39,36-50,South,Beauty & Personal Care,Hydrating Hyaluronic Acid Cream,3,22.99,0.25,51.73,20.4,31.33,Credit Card
TXN-102280,2024-11-12,CUST-1783,Male,24,18-25,East,Books,Data Science & Machine Learning Handbook,1,44.99,0.1,40.49,18.0,22.49,Credit Card
TXN-102281,2024-11-12,CUST-1847,Male,25,18-25,East,Clothing,Organic Cotton Crew T-Shirt,1,24.99,0.05,23.74,9.5,14.24,Cash on Delivery
TXN-102282,2024-11-12,CUST-1494,Female,43,36-50,East,Clothing,Denim Slim Fit Jeans,2,59.99,0.05,113.98,52.0,61.98,Debit Card
TXN-102283,2024-11-12,CUST-1037,Female,53,51+,East,Electronics,Smart Fitness Watch,1,199.99,0.0,199.99,110.0,89.99,Credit Card
TXN-102284,2024-11-12,CUST-1424,Female,43,36-50,South,Electronics,Bluetooth Portable Speaker,1,59.99,0.1,53.99,32.0,21.99,Credit Card
TXN-102285,2024-11-12,CUST-1646,Female,37,36-50,East,Electronics,4K Ultra HD Streaming Stick,1,49.99,0.0,49.99,28.0,21.99,Cash on Delivery
TXN-102286,2024-11-12,CUST-1845,Male,43,36-50,North,Electronics,Ultra-Slim Laptop Stand,1,39.99,0.1,35.99,18.0,17.99,Credit Card
TXN-102287,2024-11-12,CUST-1746,Female,41,36-50,North,Electronics,Bluetooth Portable Speaker,2,59.99,0.1,107.98,64.0,43.98,Debit Card
TXN-102288,2024-11-13,CUST-1436,Male,35,26-35,North,Electronics,Wireless Noise-Canceling Headphones,2,149.99,0.2,239.98,170.0,69.98,Debit Card
TXN-102289,2024-11-14,CUST-1830,Female,30,26-35,West,Electronics,4K Ultra HD Streaming Stick,2,49.99,0.05,94.98,56.0,38.98,UPI / Digital Wallet
TXN-102290,2024-11-14,CUST-1367,Female,56,51+,North,Books,Designing Data-Intensive Applications,2,54.99,0.0,109.98,44.0,65.98,UPI / Digital Wallet
TXN-102291,2024-11-14,CUST-1344,Female,19,18-25,West,Electronics,Smart Fitness Watch,1,199.99,0.1,179.99,110.0,69.99,Debit Card
TXN-102292,2024-11-14,CUST-1159,Female,28,26-35,North,Beauty & Personal Care,Rosewater Revitalizing Facial Mist,1,16.99,0.0,16.99,4.2,12.79,Credit Card
TXN-102293,2024-11-14,CUST-1549,Female,25,18-25,South,Electronics,4K Ultra HD Streaming Stick,3,49.99,0.0,149.97,84.0,65.97,UPI / Digital Wallet
TXN-102294,2024-11-15,CUST-1661,Female,41,36-50,West,Books,Data Science & Machine Learning Handbook,3,44.99,0.0,134.97,54.0,80.97,Debit Card
TXN-102295,2024-11-15,CUST-1819,Female,39,36-50,East,Books,The Psychology of Money & Wealth,1,23.99,0.05,22.79,8.0,14.79,Cash on Delivery
TXN-102296,2024-11-15,CUST-1540,Female,32,26-35,North,Home & Kitchen,Aroma Oil Diffuser & Humidifier,1,29.99,0.0,29.99,12.0,17.99,Debit Card
TXN-102297,2024-11-15,CUST-1143,Male,18,18-25,North,Home & Kitchen,Compact Espresso Machine,1,179.99,0.05,170.99,98.0,72.99,UPI / Digital Wallet
TXN-102298,2024-11-15,CUST-1587,Male,42,36-50,West,Electronics,Bluetooth Portable Speaker,2,59.99,0.25,89.98,64.0,25.98,Credit Card
TXN-102299,2024-11-15,CUST-1656,Male,28,26-35,South,Books,Atomic Habits for Daily Productivity,2,21.99,0.1,39.58,15.0,24.58,UPI / Digital Wallet
TXN-102300,2024-11-15,CUST-1740,Female,48,36-50,East,Beauty & Personal Care,Rosewater Revitalizing Facial Mist,1,16.99,0.0,16.99,4.2,12.79,Credit Card
TXN-102301,2024-11-15,CUST-1575,Female,42,36-50,South,Books,The Psychology of Money & Wealth,2,23.99,0.0,47.98,16.0,31.98,Credit Card
TXN-102302,2024-11-16,CUST-1344,Female,19,18-25,South,Home & Kitchen,Aroma Oil Diffuser & Humidifier,1,29.99,0.1,26.99,12.0,14.99,Credit Card
TXN-102303,2024-11-16,CUST-1268,Male,18,18-25,North,Clothing,Organic Cotton Crew T-Shirt,1,24.99,0.2,19.99,9.5,10.49,Credit Card
TXN-102304,2024-11-16,CUST-1839,Male,35,26-35,East,Books,The Psychology of Money & Wealth,3,23.99,0.0,71.97,24.0,47.97,Credit Card
TXN-102305,2024-11-17,CUST-1695,Male,18,18-25,East,Clothing,Denim Slim Fit Jeans,1,59.99,0.15,50.99,26.0,24.99,Credit Card
TXN-102306,2024-11-17,CUST-1772,Female,33,26-35,North,Home & Kitchen,Stainless Steel Cookware Set (10-Pc),1,219.99,0.1,197.99,125.0,72.99,UPI / Digital Wallet
TXN-102307,2024-11-17,CUST-1267,Male,65,51+,East,Electronics,Ultra-Slim Laptop Stand,5,39.99,0.05,189.95,90.0,99.95,Credit Card
TXN-102308,2024-11-17,CUST-1168,Male,26,26-35,West,Books,Atomic Habits for Daily Productivity,3,21.99,0.25,49.48,22.5,26.98,UPI / Digital Wallet
TXN-102309,2024-11-17,CUST-1770,Male,23,18-25,West,Electronics,4K Ultra HD Streaming Stick,3,49.99,0.15,127.47,84.0,43.47,Credit Card
TXN-102310,2024-11-17,CUST-1738,Male,35,26-35,North,Electronics,Smart Fitness Watch,1,199.99,0.2,159.99,110.0,49.99,Debit Card
TXN-102311,2024-11-17,CUST-1032,Male,28,26-35,South,Home & Kitchen,Automatic Robotic Vacuum Cleaner,1,299.99,0.05,284.99,175.0,109.99,Debit Card
TXN-102312,2024-11-17,CUST-1376,Female,33,26-35,West,Beauty & Personal Care,Hydrating Hyaluronic Acid Cream,4,22.99,0.1,82.76,27.2,55.56,Cash on Delivery
TXN-102313,2024-11-17,CUST-1213,Male,47,36-50,North,Home & Kitchen,Stainless Steel Cookware Set (10-Pc),2,219.99,0.1,395.98,250.0,145.98,UPI / Digital Wallet
TXN-102314,2024-11-18,CUST-1561,Female,43,36-50,North,Electronics,Smart Fitness Watch,3,199.99,0.0,599.97,330.0,269.97,Debit Card
TXN-102315,2024-11-18,CUST-1439,Male,32,26-35,West,Electronics,Bluetooth Portable Speaker,1,59.99,0.1,53.99,32.0,21.99,UPI / Digital Wallet
TXN-102316,2024-11-18,CUST-1491,Female,43,36-50,South,Beauty & Personal Care,Argan Oil Hair Repair Mask,1,19.99,0.0,19.99,5.5,14.49,Credit Card
TXN-102317,2024-11-18,CUST-1392,Male,36,36-50,South,Books,Atomic Habits for Daily Productivity,5,21.99,0.0,109.95,37.5,72.45,Debit Card
TXN-102318,2024-11-19,CUST-1488,Female,30,26-35,South,Beauty & Personal Care,Argan Oil Hair Repair Mask,2,19.99,0.05,37.98,11.0,26.98,Credit Card
TXN-102319,2024-11-19,CUST-1721,Female,41,36-50,West,Clothing,Organic Cotton Crew T-Shirt,1,24.99,0.15,21.24,9.5,11.74,Credit Card
TXN-102320,2024-11-19,CUST-1028,Female,31,26-35,South,Books,The Psychology of Money & Wealth,1,23.99,0.2,19.19,8.0,11.19,Credit Card
TXN-102321,2024-11-19,CUST-1038,Male,33,26-35,West,Clothing,Athletic Performance Joggers,1,44.99,0.05,42.74,19.0,23.74,UPI / Digital Wallet
TXN-102322,2024-11-20,CUST-1611,Male,48,36-50,East,Home & Kitchen,Compact Espresso Machine,1,179.99,0.1,161.99,98.0,63.99,Debit Card
TXN-102323,2024-11-20,CUST-1172,Female,29,26-35,South,Clothing,Organic Cotton Crew T-Shirt,1,24.99,0.0,24.99,9.5,15.49,UPI / Digital Wallet
TXN-102324,2024-11-20,CUST-1016,Female,18,18-25,South,Clothing,Classic Wool Blend Sweater,1,69.99,0.2,55.99,31.0,24.99,Debit Card
TXN-102325,2024-11-20,CUST-1055,Female,20,18-25,North,Beauty & Personal Care,Argan Oil Hair Repair Mask,3,19.99,0.1,53.97,16.5,37.47,Credit Card
TXN-102326,2024-11-20,CUST-1225,Male,43,36-50,East,Home & Kitchen,Stainless Steel Cookware Set (10-Pc),1,219.99,0.15,186.99,125.0,61.99,UPI / Digital Wallet
TXN-102327,2024-11-21,CUST-1557,Male,26,26-35,South,Clothing,Denim Slim Fit Jeans,5,59.99,0.15,254.96,130.0,124.96,UPI / Digital Wallet
TXN-102328,2024-11-21,CUST-1066,Male,41,36-50,West,Electronics,4K Ultra HD Streaming Stick,1,49.99,0.0,49.99,28.0,21.99,Cash on Delivery
TXN-102329,2024-11-21,CUST-1196,Male,46,36-50,South,Electronics,Smart Fitness Watch,2,199.99,0.05,379.98,220.0,159.98,Debit Card
TXN-102330,2024-11-21,CUST-1653,Female,48,36-50,South,Home & Kitchen,Non-Stick Ceramic Frying Pan,1,34.99,0.25,26.24,15.0,11.24,UPI / Digital Wallet
TXN-102331,2024-11-22,CUST-1834,Male,18,18-25,South,Electronics,Smart Fitness Watch,2,199.99,0.0,399.98,220.0,179.98,UPI / Digital Wallet
TXN-102332,2024-11-22,CUST-1022,Male,39,36-50,East,Electronics,Bluetooth Portable Speaker,5,59.99,0.1,269.96,160.0,109.96,Credit Card
TXN-102333,2024-11-23,CUST-1605,Male,24,18-25,South,Home & Kitchen,Automatic Robotic Vacuum Cleaner,3,299.99,0.25,674.98,525.0,149.98,Credit Card
TXN-102334,2024-11-23,CUST-1753,Female,37,36-50,North,Home & Kitchen,Non-Stick Ceramic Frying Pan,2,34.99,0.0,69.98,30.0,39.98,Credit Card
TXN-102335,2024-11-23,CUST-1236,Female,18,18-25,West,Beauty & Personal Care,Rosewater Revitalizing Facial Mist,1,16.99,0.2,13.59,4.2,9.39,Credit Card
TXN-102336,2024-11-23,CUST-1565,Female,23,18-25,East,Clothing,Organic Cotton Crew T-Shirt,3,24.99,0.25,56.23,28.5,27.73,Debit Card
TXN-102337,2024-11-23,CUST-1137,Male,36,36-50,East,Books,The Psychology of Money & Wealth,4,23.99,0.15,81.57,32.0,49.57,Cash on Delivery
TXN-102338,2024-11-23,CUST-1472,Female,23,18-25,East,Books,Atomic Habits for Daily Productivity,5,21.99,0.0,109.95,37.5,72.45,Debit Card
TXN-102339,2024-11-23,CUST-1844,Male,22,18-25,East,Beauty & Personal Care,Sonic Electric Toothbrush,1,64.99,0.0,64.99,29.0,35.99,UPI / Digital Wallet
TXN-102340,2024-11-25,CUST-1783,Male,24,18-25,South,Home & Kitchen,Automatic Robotic Vacuum Cleaner,5,299.99,0.0,1499.95,875.0,624.95,UPI / Digital Wallet
TXN-102341,2024-11-25,CUST-1552,Female,37,36-50,North,Clothing,Waterproof Hooded Windbreaker,1,89.99,0.15,76.49,42.0,34.49,Credit Card
TXN-102342,2024-11-26,CUST-1609,Male,18,18-25,West,Books,Designing Data-Intensive Applications,1,54.99,0.15,46.74,22.0,24.74,Credit Card
TXN-102343,2024-11-26,CUST-1694,Male,31,26-35,North,Electronics,Bluetooth Portable Speaker,1,59.99,0.1,53.99,32.0,21.99,Debit Card
TXN-102344,2024-11-26,CUST-1639,Female,34,26-35,East,Electronics,4K Ultra HD Streaming Stick,1,49.99,0.05,47.49,28.0,19.49,UPI / Digital Wallet
TXN-102345,2024-11-26,CUST-1228,Male,33,26-35,North,Clothing,Denim Slim Fit Jeans,3,59.99,0.0,179.97,78.0,101.97,Cash on Delivery
TXN-102346,2024-11-27,CUST-1316,Female,45,36-50,South,Electronics,Ultra-Slim Laptop Stand,3,39.99,0.15,101.97,54.0,47.97,Credit Card
TXN-102347,2024-11-28,CUST-1597,Male,24,18-25,North,Books,Data Science & Machine Learning Handbook,3,44.99,0.1,121.47,54.0,67.47,UPI / Digital Wallet
TXN-102348,2024-11-28,CUST-1767,Female,44,36-50,South,Home & Kitchen,Compact Espresso Machine,2,179.99,0.2,287.98,196.0,91.98,Credit Card
TXN-102349,2024-11-28,CUST-1720,Male,28,26-35,East,Home & Kitchen,Compact Espresso Machine,2,179.99,0.15,305.98,196.0,109.98,UPI / Digital Wallet
TXN-102350,2024-11-28,CUST-1726,Female,30,26-35,North,Home & Kitchen,Stainless Steel Cookware Set (10-Pc),2,219.99,0.15,373.98,250.0,123.98,Debit Card
TXN-102351,2024-11-28,CUST-1611,Male,48,36-50,South,Clothing,Waterproof Hooded Windbreaker,1,89.99,0.15,76.49,42.0,34.49,Credit Card
TXN-102352,2024-11-28,CUST-1560,Female,31,26-35,West,Electronics,Bluetooth Portable Speaker,3,59.99,0.1,161.97,96.0,65.97,Credit Card
TXN-102353,2024-11-28,CUST-1200,Male,38,36-50,South,Home & Kitchen,Non-Stick Ceramic Frying Pan,2,34.99,0.05,66.48,30.0,36.48,Credit Card
TXN-102354,2024-11-29,CUST-1257,Female,34,26-35,West,Home & Kitchen,Automatic Robotic Vacuum Cleaner,2,299.99,0.2,479.98,350.0,129.98,Credit Card
TXN-102355,2024-11-29,CUST-1479,Male,27,26-35,West,Clothing,Denim Slim Fit Jeans,2,59.99,0.1,107.98,52.0,55.98,UPI / Digital Wallet
TXN-102356,2024-11-29,CUST-1177,Female,40,36-50,West,Beauty & Personal Care,Rosewater Revitalizing Facial Mist,3,16.99,0.05,48.42,12.6,35.82,Credit Card
TXN-102357,2024-11-29,CUST-1756,Male,34,26-35,West,Electronics,Wireless Noise-Canceling Headphones,1,149.99,0.0,149.99,85.0,64.99,Debit Card
TXN-102358,2024-11-30,CUST-1122,Female,37,36-50,South,Electronics,Smart Fitness Watch,1,199.99,0.0,199.99,110.0,89.99,Credit Card
TXN-102359,2024-11-30,CUST-1341,Female,39,36-50,West,Electronics,Bluetooth Portable Speaker,3,59.99,0.05,170.97,96.0,74.97,UPI / Digital Wallet
TXN-102360,2024-11-30,CUST-1170,Male,41,36-50,West,Clothing,Organic Cotton Crew T-Shirt,1,24.99,0.0,24.99,9.5,15.49,UPI / Digital Wallet
TXN-102361,2024-11-30,CUST-1844,Male,22,18-25,West,Beauty & Personal Care,Rosewater Revitalizing Facial Mist,3,16.99,0.0,50.97,12.6,38.37,UPI / Digital Wallet
TXN-102362,2024-11-30,CUST-1647,Female,29,26-35,North,Beauty & Personal Care,Hydrating Hyaluronic Acid Cream,1,22.99,0.05,21.84,6.8,15.04,Debit Card
TXN-102363,2024-11-30,CUST-1058,Male,39,36-50,West,Clothing,Denim Slim Fit Jeans,1,59.99,0.0,59.99,26.0,33.99,Credit Card
TXN-102364,2024-11-30,CUST-1704,Female,52,51+,East,Home & Kitchen,Automatic Robotic Vacuum Cleaner,3,299.99,0.15,764.97,525.0,239.97,UPI / Digital Wallet
TXN-102365,2024-11-30,CUST-1464,Female,32,26-35,East,Beauty & Personal Care,Hydrating Hyaluronic Acid Cream,1,22.99,0.05,21.84,6.8,15.04,Credit Card
TXN-102366,2024-11-30,CUST-1779,Male,64,51+,North,Electronics,Smart Fitness Watch,2,199.99,0.1,359.98,220.0,139.98,Credit Card
TXN-102367,2024-11-30,CUST-1259,Female,41,36-50,North,Electronics,4K Ultra HD Streaming Stick,1,49.99,0.0,49.99,28.0,21.99,Credit Card
TXN-102368,2024-11-30,CUST-1372,Female,59,51+,West,Books,Designing Data-Intensive Applications,1,54.99,0.0,54.99,22.0,32.99,UPI / Digital Wallet
TXN-102369,2024-12-01,CUST-1094,Male,45,36-50,South,Home & Kitchen,Stainless Steel Cookware Set (10-Pc),2,219.99,0.05,417.98,250.0,167.98,UPI / Digital Wallet
TXN-102370,2024-12-01,CUST-1124,Female,34,26-35,South,Books,The Psychology of Money & Wealth,1,23.99,0.15,20.39,8.0,12.39,UPI / Digital Wallet
TXN-102371,2024-12-01,CUST-1040,Male,52,51+,West,Clothing,Athletic Performance Joggers,3,44.99,0.15,114.72,57.0,57.72,Credit Card
TXN-102372,2024-12-02,CUST-1253,Male,24,18-25,North,Home & Kitchen,Stainless Steel Cookware Set (10-Pc),3,219.99,0.0,659.97,375.0,284.97,Credit Card
TXN-102373,2024-12-02,CUST-1006,Male,30,26-35,South,Electronics,Smart Fitness Watch,1,199.99,0.1,179.99,110.0,69.99,Cash on Delivery
TXN-102374,2024-12-02,CUST-1470,Female,33,26-35,South,Electronics,Wireless Noise-Canceling Headphones,2,149.99,0.0,299.98,170.0,129.98,Debit Card
TXN-102375,2024-12-02,CUST-1727,Female,33,26-35,South,Clothing,Organic Cotton Crew T-Shirt,2,24.99,0.35,32.49,19.0,13.49,Credit Card
TXN-102376,2024-12-03,CUST-1510,Female,37,36-50,South,Clothing,Organic Cotton Crew T-Shirt,1,24.99,0.25,18.74,9.5,9.24,Debit Card
TXN-102377,2024-12-03,CUST-1580,Female,45,36-50,North,Electronics,Wireless Noise-Canceling Headphones,1,149.99,0.1,134.99,85.0,49.99,Credit Card
TXN-102378,2024-12-03,CUST-1068,Male,26,26-35,North,Electronics,4K Ultra HD Streaming Stick,1,49.99,0.1,44.99,28.0,16.99,Credit Card
TXN-102379,2024-12-03,CUST-1080,Female,36,36-50,East,Electronics,Bluetooth Portable Speaker,2,59.99,0.15,101.98,64.0,37.98,Credit Card
TXN-102380,2024-12-04,CUST-1541,Male,36,36-50,West,Home & Kitchen,Stainless Steel Cookware Set (10-Pc),2,219.99,0.1,395.98,250.0,145.98,Credit Card
TXN-102381,2024-12-04,CUST-1584,Female,23,18-25,South,Clothing,Classic Wool Blend Sweater,2,69.99,0.1,125.98,62.0,63.98,Credit Card
TXN-102382,2024-12-04,CUST-1261,Male,20,18-25,North,Electronics,Smart Fitness Watch,3,199.99,0.25,449.98,330.0,119.98,UPI / Digital Wallet
TXN-102383,2024-12-04,CUST-1088,Female,57,51+,North,Electronics,Smart Fitness Watch,3,199.99,0.1,539.97,330.0,209.97,Debit Card
TXN-102384,2024-12-04,CUST-1207,Male,40,36-50,West,Electronics,Smart Fitness Watch,2,199.99,0.1,359.98,220.0,139.98,Debit Card
TXN-102385,2024-12-04,CUST-1212,Male,30,26-35,West,Home & Kitchen,Compact Espresso Machine,3,179.99,0.15,458.97,294.0,164.97,UPI / Digital Wallet
TXN-102386,2024-12-04,CUST-1833,Male,28,26-35,South,Electronics,Smart Fitness Watch,1,199.99,0.1,179.99,110.0,69.99,Cash on Delivery
TXN-102387,2024-12-04,CUST-1265,Male,48,36-50,North,Beauty & Personal Care,Vitamin C Brightening Face Serum,3,28.99,0.15,73.92,25.5,48.42,Credit Card
TXN-102388,2024-12-04,CUST-1292,Female,43,36-50,East,Electronics,Bluetooth Portable Speaker,2,59.99,0.0,119.98,64.0,55.98,UPI / Digital Wallet
TXN-102389,2024-12-04,CUST-1206,Female,28,26-35,East,Electronics,Ultra-Slim Laptop Stand,3,39.99,0.05,113.97,54.0,59.97,Debit Card
TXN-102390,2024-12-05,CUST-1332,Female,55,51+,South,Books,Designing Data-Intensive Applications,2,54.99,0.0,109.98,44.0,65.98,Credit Card
TXN-102391,2024-12-05,CUST-1076,Female,33,26-35,East,Home & Kitchen,Automatic Robotic Vacuum Cleaner,1,299.99,0.05,284.99,175.0,109.99,Credit Card
TXN-102392,2024-12-05,CUST-1287,Male,41,36-50,East,Electronics,4K Ultra HD Streaming Stick,2,49.99,0.05,94.98,56.0,38.98,Debit Card
TXN-102393,2024-12-05,CUST-1046,Male,44,36-50,West,Beauty & Personal Care,Rosewater Revitalizing Facial Mist,1,16.99,0.35,11.04,4.2,6.84,UPI / Digital Wallet
TXN-102394,2024-12-06,CUST-1621,Male,45,36-50,North,Clothing,Classic Wool Blend Sweater,2,69.99,0.1,125.98,62.0,63.98,Credit Card
TXN-102395,2024-12-07,CUST-1199,Male,18,18-25,West,Beauty & Personal Care,Vitamin C Brightening Face Serum,1,28.99,0.15,24.64,8.5,16.14,Debit Card
TXN-102396,2024-12-07,CUST-1426,Female,42,36-50,South,Home & Kitchen,Compact Espresso Machine,3,179.99,0.0,539.97,294.0,245.97,UPI / Digital Wallet
TXN-102397,2024-12-07,CUST-1209,Male,62,51+,East,Home & Kitchen,Stainless Steel Cookware Set (10-Pc),2,219.99,0.15,373.98,250.0,123.98,Debit Card
TXN-102398,2024-12-08,CUST-1419,Female,48,36-50,South,Books,Atomic Habits for Daily Productivity,2,21.99,0.1,39.58,15.0,24.58,UPI / Digital Wallet
TXN-102399,2024-12-08,CUST-1153,Female,52,51+,South,Electronics,Bluetooth Portable Speaker,1,59.99,0.1,53.99,32.0,21.99,UPI / Digital Wallet
TXN-102400,2024-12-08,CUST-1521,Female,39,36-50,East,Home & Kitchen,Aroma Oil Diffuser & Humidifier,5,29.99,0.0,149.95,60.0,89.95,Debit Card
TXN-102401,2024-12-09,CUST-1414,Male,49,36-50,South,Clothing,Classic Wool Blend Sweater,3,69.99,0.05,199.47,93.0,106.47,Cash on Delivery
TXN-102402,2024-12-09,CUST-1352,Male,33,26-35,North,Electronics,Bluetooth Portable Speaker,3,59.99,0.1,161.97,96.0,65.97,Credit Card
TXN-102403,2024-12-09,CUST-1156,Female,18,18-25,South,Electronics,Smart Fitness Watch,1,199.99,0.1,179.99,110.0,69.99,Credit Card
TXN-102404,2024-12-10,CUST-1260,Male,43,36-50,South,Electronics,Wireless Noise-Canceling Headphones,2,149.99,0.2,239.98,170.0,69.98,Credit Card
TXN-102405,2024-12-10,CUST-1076,Female,33,26-35,North,Home & Kitchen,Automatic Robotic Vacuum Cleaner,1,299.99,0.2,239.99,175.0,64.99,Debit Card
TXN-102406,2024-12-10,CUST-1768,Male,38,36-50,West,Home & Kitchen,Aroma Oil Diffuser & Humidifier,2,29.99,0.25,44.98,24.0,20.98,Debit Card
TXN-102407,2024-12-10,CUST-1487,Male,35,26-35,North,Home & Kitchen,Non-Stick Ceramic Frying Pan,1,34.99,0.1,31.49,15.0,16.49,Debit Card
TXN-102408,2024-12-10,CUST-1130,Male,42,36-50,South,Electronics,4K Ultra HD Streaming Stick,2,49.99,0.25,74.98,56.0,18.98,Credit Card
TXN-102409,2024-12-10,CUST-1578,Female,31,26-35,North,Clothing,Denim Slim Fit Jeans,2,59.99,0.15,101.98,52.0,49.98,Credit Card
TXN-102410,2024-12-10,CUST-1454,Male,24,18-25,South,Books,Designing Data-Intensive Applications,1,54.99,0.0,54.99,22.0,32.99,UPI / Digital Wallet
TXN-102411,2024-12-10,CUST-1739,Male,18,18-25,South,Clothing,Organic Cotton Crew T-Shirt,1,24.99,0.05,23.74,9.5,14.24,UPI / Digital Wallet
TXN-102412,2024-12-10,CUST-1162,Female,44,36-50,South,Home & Kitchen,Non-Stick Ceramic Frying Pan,3,34.99,0.0,104.97,45.0,59.97,UPI / Digital Wallet
TXN-102413,2024-12-10,CUST-1014,Female,60,51+,North,Beauty & Personal Care,Sonic Electric Toothbrush,1,64.99,0.0,64.99,29.0,35.99,UPI / Digital Wallet
TXN-102414,2024-12-11,CUST-1231,Male,35,26-35,North,Beauty & Personal Care,Vitamin C Brightening Face Serum,3,28.99,0.0,86.97,25.5,61.47,Debit Card
TXN-102415,2024-12-11,CUST-1194,Female,38,36-50,East,Clothing,Athletic Performance Joggers,1,44.99,0.0,44.99,19.0,25.99,Credit Card
TXN-102416,2024-12-11,CUST-1541,Male,36,36-50,East,Beauty & Personal Care,Vitamin C Brightening Face Serum,1,28.99,0.1,26.09,8.5,17.59,Debit Card
TXN-102417,2024-12-12,CUST-1358,Female,31,26-35,South,Clothing,Classic Wool Blend Sweater,1,69.99,0.05,66.49,31.0,35.49,UPI / Digital Wallet
TXN-102418,2024-12-12,CUST-1849,Female,36,36-50,North,Books,Data Science & Machine Learning Handbook,3,44.99,0.0,134.97,54.0,80.97,Debit Card
TXN-102419,2024-12-12,CUST-1330,Female,53,51+,West,Electronics,4K Ultra HD Streaming Stick,1,49.99,0.15,42.49,28.0,14.49,Credit Card
TXN-102420,2024-12-13,CUST-1426,Female,42,36-50,North,Clothing,Organic Cotton Crew T-Shirt,3,24.99,0.15,63.72,28.5,35.22,Cash on Delivery
TXN-102421,2024-12-13,CUST-1496,Female,31,26-35,West,Electronics,Smart Fitness Watch,2,199.99,0.25,299.98,220.0,79.98,UPI / Digital Wallet
TXN-102422,2024-12-13,CUST-1827,Female,50,36-50,South,Beauty & Personal Care,Vitamin C Brightening Face Serum,1,28.99,0.1,26.09,8.5,17.59,Credit Card
TXN-102423,2024-12-13,CUST-1485,Female,37,36-50,South,Clothing,Organic Cotton Crew T-Shirt,2,24.99,0.05,47.48,19.0,28.48,Debit Card
TXN-102424,2024-12-13,CUST-1807,Male,28,26-35,East,Electronics,4K Ultra HD Streaming Stick,1,49.99,0.0,49.99,28.0,21.99,Cash on Delivery
TXN-102425,2024-12-13,CUST-1448,Female,26,26-35,West,Electronics,Ultra-Slim Laptop Stand,3,39.99,0.0,119.97,54.0,65.97,Credit Card
TXN-102426,2024-12-14,CUST-1412,Male,47,36-50,South,Books,Deep Work & Focus in a Distracted World,1,22.5,0.0,22.5,7.2,15.3,Debit Card
TXN-102427,2024-12-14,CUST-1329,Male,21,18-25,South,Beauty & Personal Care,Rosewater Revitalizing Facial Mist,1,16.99,0.05,16.14,4.2,11.94,Debit Card
TXN-102428,2024-12-14,CUST-1731,Male,24,18-25,South,Home & Kitchen,Aroma Oil Diffuser & Humidifier,3,29.99,0.35,58.48,36.0,22.48,Credit Card
TXN-102429,2024-12-14,CUST-1146,Male,42,36-50,West,Home & Kitchen,Aroma Oil Diffuser & Humidifier,4,29.99,0.0,119.96,48.0,71.96,UPI / Digital Wallet
TXN-102430,2024-12-14,CUST-1258,Female,22,18-25,East,Clothing,Denim Slim Fit Jeans,1,59.99,0.0,59.99,26.0,33.99,Credit Card
TXN-102431,2024-12-14,CUST-1291,Female,18,18-25,North,Clothing,Waterproof Hooded Windbreaker,3,89.99,0.0,269.97,126.0,143.97,Credit Card
TXN-102432,2024-12-14,CUST-1810,Female,36,36-50,North,Books,Data Science & Machine Learning Handbook,1,44.99,0.1,40.49,18.0,22.49,Credit Card
TXN-102433,2024-12-15,CUST-1142,Female,33,26-35,North,Electronics,4K Ultra HD Streaming Stick,3,49.99,0.05,142.47,84.0,58.47,Credit Card
TXN-102434,2024-12-15,CUST-1746,Female,41,36-50,North,Clothing,Athletic Performance Joggers,2,44.99,0.05,85.48,38.0,47.48,Credit Card
TXN-102435,2024-12-16,CUST-1626,Male,36,36-50,North,Clothing,Athletic Performance Joggers,1,44.99,0.0,44.99,19.0,25.99,UPI / Digital Wallet
TXN-102436,2024-12-16,CUST-1364,Female,49,36-50,East,Clothing,Classic Wool Blend Sweater,1,69.99,0.05,66.49,31.0,35.49,Credit Card
TXN-102437,2024-12-17,CUST-1089,Male,39,36-50,North,Clothing,Athletic Performance Joggers,1,44.99,0.0,44.99,19.0,25.99,UPI / Digital Wallet
TXN-102438,2024-12-18,CUST-1719,Female,38,36-50,South,Clothing,Organic Cotton Crew T-Shirt,1,24.99,0.05,23.74,9.5,14.24,UPI / Digital Wallet
TXN-102439,2024-12-18,CUST-1163,Male,57,51+,East,Electronics,4K Ultra HD Streaming Stick,1,49.99,0.0,49.99,28.0,21.99,Credit Card
TXN-102440,2024-12-18,CUST-1480,Female,39,36-50,North,Clothing,Organic Cotton Crew T-Shirt,2,24.99,0.15,42.48,19.0,23.48,Debit Card
TXN-102441,2024-12-18,CUST-1083,Female,49,36-50,North,Electronics,Smart Fitness Watch,5,199.99,0.1,899.96,550.0,349.96,UPI / Digital Wallet
TXN-102442,2024-12-18,CUST-1076,Female,33,26-35,North,Electronics,Bluetooth Portable Speaker,1,59.99,0.1,53.99,32.0,21.99,Debit Card
TXN-102443,2024-12-19,CUST-1672,Male,36,36-50,North,Electronics,Ultra-Slim Laptop Stand,2,39.99,0.05,75.98,36.0,39.98,Credit Card
TXN-102444,2024-12-19,CUST-1516,Male,33,26-35,West,Beauty & Personal Care,Vitamin C Brightening Face Serum,2,28.99,0.05,55.08,17.0,38.08,Debit Card
TXN-102445,2024-12-20,CUST-1484,Male,25,18-25,East,Clothing,Denim Slim Fit Jeans,4,59.99,0.0,239.96,104.0,135.96,Cash on Delivery
TXN-102446,2024-12-20,CUST-1589,Female,47,36-50,North,Home & Kitchen,Non-Stick Ceramic Frying Pan,2,34.99,0.05,66.48,30.0,36.48,Debit Card
TXN-102447,2024-12-21,CUST-1602,Male,41,36-50,South,Beauty & Personal Care,Sonic Electric Toothbrush,2,64.99,0.05,123.48,58.0,65.48,Credit Card
TXN-102448,2024-12-21,CUST-1598,Male,51,51+,North,Home & Kitchen,Non-Stick Ceramic Frying Pan,1,34.99,0.05,33.24,15.0,18.24,Debit Card
TXN-102449,2024-12-21,CUST-1781,Female,30,26-35,South,Clothing,Organic Cotton Crew T-Shirt,1,24.99,0.15,21.24,9.5,11.74,Credit Card
TXN-102450,2024-12-22,CUST-1103,Male,18,18-25,South,Clothing,Denim Slim Fit Jeans,1,59.99,0.15,50.99,26.0,24.99,Debit Card
TXN-102451,2024-12-23,CUST-1451,Female,48,36-50,South,Clothing,Athletic Performance Joggers,1,44.99,0.15,38.24,19.0,19.24,Credit Card
TXN-102452,2024-12-23,CUST-1486,Female,44,36-50,South,Home & Kitchen,Compact Espresso Machine,1,179.99,0.0,179.99,98.0,81.99,Credit Card
TXN-102453,2024-12-23,CUST-1338,Male,36,36-50,North,Clothing,Denim Slim Fit Jeans,2,59.99,0.1,107.98,52.0,55.98,Debit Card
TXN-102454,2024-12-23,CUST-1686,Female,32,26-35,East,Beauty & Personal Care,Hydrating Hyaluronic Acid Cream,1,22.99,0.0,22.99,6.8,16.19,Credit Card
TXN-102455,2024-12-23,CUST-1565,Female,23,18-25,West,Beauty & Personal Care,Vitamin C Brightening Face Serum,2,28.99,0.1,52.18,17.0,35.18,Credit Card
TXN-102456,2024-12-24,CUST-1477,Male,44,36-50,West,Electronics,Wireless Noise-Canceling Headphones,1,149.99,0.05,142.49,85.0,57.49,Credit Card
TXN-102457,2024-12-24,CUST-1722,Male,18,18-25,North,Electronics,Wireless Noise-Canceling Headphones,4,149.99,0.0,599.96,340.0,259.96,Credit Card
TXN-102458,2024-12-24,CUST-1606,Female,35,26-35,East,Home & Kitchen,Compact Espresso Machine,4,179.99,0.2,575.97,392.0,183.97,UPI / Digital Wallet
TXN-102459,2024-12-24,CUST-1222,Male,37,36-50,East,Clothing,Organic Cotton Crew T-Shirt,1,24.99,0.1,22.49,9.5,12.99,Cash on Delivery
TXN-102460,2024-12-25,CUST-1008,Female,19,18-25,West,Electronics,Bluetooth Portable Speaker,1,59.99,0.05,56.99,32.0,24.99,Credit Card
TXN-102461,2024-12-25,CUST-1052,Male,23,18-25,North,Books,Data Science & Machine Learning Handbook,2,44.99,0.0,89.98,36.0,53.98,Debit Card
TXN-102462,2024-12-25,CUST-1076,Female,33,26-35,East,Electronics,Ultra-Slim Laptop Stand,1,39.99,0.05,37.99,18.0,19.99,Credit Card
TXN-102463,2024-12-25,CUST-1717,Male,36,36-50,North,Books,Data Science & Machine Learning Handbook,1,44.99,0.2,35.99,18.0,17.99,Debit Card
TXN-102464,2024-12-25,CUST-1502,Male,34,26-35,East,Home & Kitchen,Stainless Steel Cookware Set (10-Pc),1,219.99,0.1,197.99,125.0,72.99,Debit Card
TXN-102465,2024-12-25,CUST-1315,Male,33,26-35,South,Beauty & Personal Care,Vitamin C Brightening Face Serum,4,28.99,0.25,86.97,34.0,52.97,Credit Card
TXN-102466,2024-12-25,CUST-1813,Male,26,26-35,East,Electronics,Wireless Noise-Canceling Headphones,3,149.99,0.0,449.97,255.0,194.97,UPI / Digital Wallet
TXN-102467,2024-12-25,CUST-1821,Female,45,36-50,West,Electronics,Ultra-Slim Laptop Stand,2,39.99,0.1,71.98,36.0,35.98,Credit Card
TXN-102468,2024-12-25,CUST-1841,Female,23,18-25,South,Home & Kitchen,Aroma Oil Diffuser & Humidifier,2,29.99,0.15,50.98,24.0,26.98,Credit Card
TXN-102469,2024-12-25,CUST-1623,Female,39,36-50,South,Electronics,Wireless Noise-Canceling Headphones,4,149.99,0.05,569.96,340.0,229.96,UPI / Digital Wallet
TXN-102470,2024-12-26,CUST-1164,Male,43,36-50,North,Clothing,Waterproof Hooded Windbreaker,4,89.99,0.0,359.96,168.0,191.96,UPI / Digital Wallet
TXN-102471,2024-12-26,CUST-1278,Male,35,26-35,South,Clothing,Classic Wool Blend Sweater,5,69.99,0.1,314.96,155.0,159.96,Debit Card
TXN-102472,2024-12-26,CUST-1026,Male,31,26-35,South,Electronics,4K Ultra HD Streaming Stick,1,49.99,0.1,44.99,28.0,16.99,Debit Card
TXN-102473,2024-12-26,CUST-1069,Male,24,18-25,North,Electronics,Wireless Noise-Canceling Headphones,1,149.99,0.1,134.99,85.0,49.99,Debit Card
TXN-102474,2024-12-26,CUST-1217,Female,30,26-35,West,Beauty & Personal Care,Rosewater Revitalizing Facial Mist,2,16.99,0.15,28.88,8.4,20.48,Debit Card
TXN-102475,2024-12-26,CUST-1364,Female,49,36-50,North,Electronics,Bluetooth Portable Speaker,2,59.99,0.15,101.98,64.0,37.98,Credit Card
TXN-102476,2024-12-26,CUST-1700,Male,18,18-25,East,Electronics,Ultra-Slim Laptop Stand,1,39.99,0.1,35.99,18.0,17.99,Debit Card
TXN-102477,2024-12-26,CUST-1844,Male,22,18-25,West,Home & Kitchen,Automatic Robotic Vacuum Cleaner,1,299.99,0.0,299.99,175.0,124.99,Debit Card
TXN-102478,2024-12-26,CUST-1305,Female,25,18-25,West,Books,Designing Data-Intensive Applications,3,54.99,0.05,156.72,66.0,90.72,UPI / Digital Wallet
TXN-102479,2024-12-26,CUST-1123,Male,40,36-50,East,Clothing,Organic Cotton Crew T-Shirt,3,24.99,0.15,63.72,28.5,35.22,UPI / Digital Wallet
TXN-102480,2024-12-27,CUST-1018,Male,23,18-25,North,Electronics,Smart Fitness Watch,1,199.99,0.25,149.99,110.0,39.99,Credit Card
TXN-102481,2024-12-27,CUST-1256,Female,25,18-25,West,Home & Kitchen,Automatic Robotic Vacuum Cleaner,4,299.99,0.0,1199.96,700.0,499.96,Credit Card
TXN-102482,2024-12-27,CUST-1295,Female,60,51+,North,Books,Atomic Habits for Daily Productivity,2,21.99,0.05,41.78,15.0,26.78,Credit Card
TXN-102483,2024-12-27,CUST-1021,Male,29,26-35,West,Beauty & Personal Care,Argan Oil Hair Repair Mask,3,19.99,0.0,59.97,16.5,43.47,Debit Card
TXN-102484,2024-12-27,CUST-1449,Female,35,26-35,East,Home & Kitchen,Stainless Steel Cookware Set (10-Pc),1,219.99,0.0,219.99,125.0,94.99,Debit Card
TXN-102485,2024-12-27,CUST-1551,Male,51,51+,East,Clothing,Organic Cotton Crew T-Shirt,1,24.99,0.05,23.74,9.5,14.24,UPI / Digital Wallet
TXN-102486,2024-12-27,CUST-1549,Female,25,18-25,North,Home & Kitchen,Automatic Robotic Vacuum Cleaner,1,299.99,0.1,269.99,175.0,94.99,UPI / Digital Wallet
TXN-102487,2024-12-27,CUST-1047,Female,38,36-50,East,Electronics,4K Ultra HD Streaming Stick,1,49.99,0.0,49.99,28.0,21.99,UPI / Digital Wallet
TXN-102488,2024-12-27,CUST-1694,Male,31,26-35,West,Home & Kitchen,Stainless Steel Cookware Set (10-Pc),2,219.99,0.15,373.98,250.0,123.98,UPI / Digital Wallet
TXN-102489,2024-12-27,CUST-1586,Female,38,36-50,West,Beauty & Personal Care,Vitamin C Brightening Face Serum,1,28.99,0.15,24.64,8.5,16.14,Cash on Delivery
TXN-102490,2024-12-27,CUST-1720,Male,28,26-35,North,Books,The Psychology of Money & Wealth,5,23.99,0.25,89.96,40.0,49.96,Debit Card
TXN-102491,2024-12-27,CUST-1182,Female,53,51+,West,Electronics,Wireless Noise-Canceling Headphones,1,149.99,0.0,149.99,85.0,64.99,Cash on Delivery
TXN-102492,2024-12-29,CUST-1434,Female,18,18-25,North,Electronics,Bluetooth Portable Speaker,1,59.99,0.1,53.99,32.0,21.99,Credit Card
TXN-102493,2024-12-29,CUST-1106,Female,22,18-25,East,Home & Kitchen,Stainless Steel Cookware Set (10-Pc),2,219.99,0.05,417.98,250.0,167.98,Credit Card
TXN-102494,2024-12-29,CUST-1187,Male,27,26-35,East,Home & Kitchen,Stainless Steel Cookware Set (10-Pc),2,219.99,0.0,439.98,250.0,189.98,Debit Card
TXN-102495,2024-12-29,CUST-1775,Male,18,18-25,North,Beauty & Personal Care,Rosewater Revitalizing Facial Mist,1,16.99,0.1,15.29,4.2,11.09,Cash on Delivery
TXN-102496,2024-12-30,CUST-1085,Male,36,36-50,North,Electronics,4K Ultra HD Streaming Stick,3,49.99,0.15,127.47,84.0,43.47,Credit Card
TXN-102497,2024-12-30,CUST-1835,Male,57,51+,East,Electronics,Wireless Noise-Canceling Headphones,2,149.99,0.0,299.98,170.0,129.98,Credit Card
TXN-102498,2024-12-30,CUST-1842,Male,18,18-25,South,Clothing,Classic Wool Blend Sweater,2,69.99,0.25,104.98,62.0,42.98,Debit Card
TXN-102499,2024-12-30,CUST-1455,Female,36,36-50,North,Clothing,Classic Wool Blend Sweater,2,69.99,0.15,118.98,62.0,56.98,UPI / Digital Wallet
TXN-102500,2024-12-30,CUST-1136,Female,46,36-50,East,Beauty & Personal Care,Vitamin C Brightening Face Serum,1,28.99,0.15,24.64,8.5,16.14,Credit Card
