App,Translated_Review,Sentiment,Sentiment_Polarity,Sentiment_Subjectivity
Quick Hero Comm 1106,Too many intrusive video ads every 30 seconds. Uninstalled.,Negative,-0.602,0.622
Quick Hero Comm 1106,Battery drain is immense and phone overheats quickly.,Negative,-0.83,0.816
Quick Hero Comm 1106,"Good concept, waiting for future feature updates.",Neutral,-0.048,0.185
Quick Hero Comm 1106,Essential utility for daily workflow. Fast loading.,Positive,0.72,0.492
Quick Hero Comm 1106,Incredible features and clean layout. Worth every penny.,Positive,0.43,0.687
Quick Hero Comm 1106,Absolutely love this app! Very smooth UI and responsive.,Positive,0.698,0.412
Quick Hero Comm 1106,Absolutely love this app! Very smooth UI and responsive.,Positive,0.423,0.581
Quick Hero Comm 1106,Absolutely love this app! Very smooth UI and responsive.,Positive,0.799,0.562
Daily 3D Life 2056,Essential utility for daily workflow. Fast loading.,Positive,0.467,0.474
Daily 3D Life 2056,"Works okay on tablet, bit clunky on small screens.",Neutral,0.063,0.387
Daily 3D Life 2056,Battery drain is immense and phone overheats quickly.,Negative,-0.279,0.702
Daily 3D Life 2056,Battery drain is immense and phone overheats quickly.,Negative,-0.308,0.504
Daily 3D Life 2056,"Decent app overall, does the job but lacks advanced customization.",Neutral,0.141,0.228
Daily 3D Life 2056,"Full of bugs, login screen freezes constantly.",Negative,-0.349,0.59
Daily 3D Life 2056,Subscription fee is ridiculous for basic features that used to be free.,Negative,-0.296,0.488
Smart Flow Prod 1387,"Good concept, waiting for future feature updates.",Neutral,-0.021,0.26
Smart Flow Prod 1387,Battery drain is immense and phone overheats quickly.,Negative,-0.475,0.519
Smart Flow Prod 1387,Essential utility for daily workflow. Fast loading.,Positive,0.699,0.566
Smart Flow Prod 1387,Incredible features and clean layout. Worth every penny.,Positive,0.846,0.661
Smart Flow Prod 1387,"Good concept, waiting for future feature updates.",Neutral,0.142,0.196
Smart Flow Prod 1387,"Best in its class, saves me so much time every day.",Positive,0.493,0.567
Smart Flow Prod 1387,Incredible features and clean layout. Worth every penny.,Positive,0.608,0.712
Smart Flow Prod 1387,"Good concept, waiting for future feature updates.",Neutral,0.119,0.193
Smart Flow Prod 1387,Incredible features and clean layout. Worth every penny.,Positive,0.27,0.763
Quick Vault Heal 1037,Game is highly addictive with stellar graphics!,Positive,0.751,0.629
Quick Vault Heal 1037,Essential utility for daily workflow. Fast loading.,Positive,0.825,0.764
Quick Vault Heal 1037,Incredible features and clean layout. Worth every penny.,Positive,0.888,0.561
Quick Vault Heal 1037,Essential utility for daily workflow. Fast loading.,Positive,0.581,0.62
Quick Vault Heal 1037,Incredible features and clean layout. Worth every penny.,Positive,0.646,0.519
Quick Vault Heal 1037,Absolutely love this app! Very smooth UI and responsive.,Positive,0.464,0.527
Quick Vault Heal 1037,Game is highly addictive with stellar graphics!,Positive,0.256,0.656
Quick Vault Heal 1037,Average performance. UI could use some polishing.,Neutral,-0.002,0.287
Quick Vault Heal 1037,Essential utility for daily workflow. Fast loading.,Positive,0.72,0.564
Quick Vault Heal 1037,"Best in its class, saves me so much time every day.",Positive,0.598,0.667
Easy Plus Pers 322,"Good concept, waiting for future feature updates.",Neutral,0.063,0.245
Easy Plus Pers 322,"Best in its class, saves me so much time every day.",Positive,0.335,0.799
Easy Plus Pers 322,Game is highly addictive with stellar graphics!,Positive,0.36,0.562
Easy Plus Pers 322,Battery drain is immense and phone overheats quickly.,Negative,-0.338,0.721
Easy Plus Pers 322,Game is highly addictive with stellar graphics!,Positive,0.292,0.775
Easy Plus Pers 322,Too many intrusive video ads every 30 seconds. Uninstalled.,Negative,-0.751,0.735
Easy Plus Pers 322,Absolutely love this app! Very smooth UI and responsive.,Positive,0.558,0.464
Easy Plus Pers 322,"Good concept, waiting for future feature updates.",Neutral,0.067,0.373
Easy Plus Pers 322,Game is highly addictive with stellar graphics!,Positive,0.458,0.456
Easy Plus Pers 322,Absolutely love this app! Very smooth UI and responsive.,Positive,0.402,0.567
Easy Flow Comm 2243,Customer service never responded to my refund ticket.,Negative,-0.306,0.584
Easy Flow Comm 2243,"Full of bugs, login screen freezes constantly.",Negative,-0.494,0.689
Easy Flow Comm 2243,Average performance. UI could use some polishing.,Neutral,0.015,0.293
Easy Flow Comm 2243,"Best in its class, saves me so much time every day.",Positive,0.549,0.754
Easy Flow Comm 2243,Incredible features and clean layout. Worth every penny.,Positive,0.649,0.727
Easy Flow Comm 2243,Incredible features and clean layout. Worth every penny.,Positive,0.673,0.737
Easy Flow Comm 2243,Great customer support and seamless synchronization.,Positive,0.498,0.605
Easy Flow Comm 2243,Absolutely love this app! Very smooth UI and responsive.,Positive,0.371,0.726
Hyper Lite Tool 1757,Incredible features and clean layout. Worth every penny.,Positive,0.727,0.788
Hyper Lite Tool 1757,Subscription fee is ridiculous for basic features that used to be free.,Negative,-0.339,0.688
Hyper Lite Tool 1757,"Best in its class, saves me so much time every day.",Positive,0.902,0.526
Hyper Lite Tool 1757,"Best in its class, saves me so much time every day.",Positive,0.67,0.494
Hyper Lite Tool 1757,Average performance. UI could use some polishing.,Neutral,0.019,0.176
Hyper Lite Tool 1757,Incredible features and clean layout. Worth every penny.,Positive,0.747,0.745
Hyper Plus Busi 545,"Good concept, waiting for future feature updates.",Neutral,0.082,0.247
Hyper Plus Busi 545,Constant crashes after the latest update. Terrible experience.,Negative,-0.793,0.699
Hyper Plus Busi 545,Absolutely love this app! Very smooth UI and responsive.,Positive,0.92,0.834
Hyper Plus Busi 545,"Best in its class, saves me so much time every day.",Positive,0.745,0.762
Hyper Plus Busi 545,Great customer support and seamless synchronization.,Positive,0.363,0.615
Hyper Plus Busi 545,Customer service never responded to my refund ticket.,Negative,-0.404,0.714
Hyper Plus Busi 545,Great customer support and seamless synchronization.,Positive,0.934,0.826
Hyper Plus Busi 545,Game is highly addictive with stellar graphics!,Positive,0.593,0.758
Hyper Plus Busi 545,Great customer support and seamless synchronization.,Positive,0.397,0.715
Pocket Manager Heal 1998,Average performance. UI could use some polishing.,Neutral,0.105,0.399
Pocket Manager Heal 1998,Essential utility for daily workflow. Fast loading.,Positive,0.801,0.722
Pocket Manager Heal 1998,"Best in its class, saves me so much time every day.",Positive,0.676,0.746
Pocket Manager Heal 1998,Absolutely love this app! Very smooth UI and responsive.,Positive,0.827,0.555
Pocket Manager Heal 1998,"Best in its class, saves me so much time every day.",Positive,0.516,0.62
Pocket Manager Heal 1998,Constant crashes after the latest update. Terrible experience.,Negative,-0.67,0.852
Pocket Manager Heal 1998,Customer service never responded to my refund ticket.,Negative,-0.485,0.88
Pocket Manager Heal 1998,Game is highly addictive with stellar graphics!,Positive,0.93,0.817
Smart Assistant Pers 1294,Game is highly addictive with stellar graphics!,Positive,0.298,0.806
Smart Assistant Pers 1294,Absolutely love this app! Very smooth UI and responsive.,Positive,0.929,0.56
Smart Assistant Pers 1294,Great customer support and seamless synchronization.,Positive,0.642,0.429
Smart Assistant Pers 1294,Absolutely love this app! Very smooth UI and responsive.,Positive,0.716,0.656
Smart Assistant Pers 1294,Game is highly addictive with stellar graphics!,Positive,0.686,0.779
Smart Assistant Pers 1294,"Best in its class, saves me so much time every day.",Positive,0.324,0.459
Smart Assistant Pers 1294,"Best in its class, saves me so much time every day.",Positive,0.872,0.524
Smart Assistant Pers 1294,Incredible features and clean layout. Worth every penny.,Positive,0.612,0.423
Smart Assistant Pers 1294,Average performance. UI could use some polishing.,Neutral,0.071,0.263
Smart Assistant Pers 1294,"Good concept, waiting for future feature updates.",Neutral,0.052,0.357
Pocket Tracker Tool 573,Game is highly addictive with stellar graphics!,Positive,0.631,0.408
Pocket Tracker Tool 573,Subscription fee is ridiculous for basic features that used to be free.,Negative,-0.744,0.462
Pocket Tracker Tool 573,Subscription fee is ridiculous for basic features that used to be free.,Negative,-0.79,0.52
Pocket Tracker Tool 573,"Full of bugs, login screen freezes constantly.",Negative,-0.441,0.789
Pocket Tracker Tool 573,"Best in its class, saves me so much time every day.",Positive,0.422,0.848
Daily Assistant Fina 247,Absolutely love this app! Very smooth UI and responsive.,Positive,0.342,0.494
Daily Assistant Fina 247,"Full of bugs, login screen freezes constantly.",Negative,-0.215,0.852
Daily Assistant Fina 247,Game is highly addictive with stellar graphics!,Positive,0.912,0.452
Daily Assistant Fina 247,Great customer support and seamless synchronization.,Positive,0.271,0.475
Daily Assistant Fina 247,Great customer support and seamless synchronization.,Positive,0.618,0.426
Daily Assistant Fina 247,Absolutely love this app! Very smooth UI and responsive.,Positive,0.87,0.527
Daily Assistant Fina 247,Incredible features and clean layout. Worth every penny.,Positive,0.258,0.83
Daily Assistant Fina 247,Constant crashes after the latest update. Terrible experience.,Negative,-0.187,0.87
Daily Assistant Fina 247,Great customer support and seamless synchronization.,Positive,0.688,0.59
Daily Assistant Fina 247,"Full of bugs, login screen freezes constantly.",Negative,-0.36,0.668
Global Hub Busi 928,Battery drain is immense and phone overheats quickly.,Negative,-0.185,0.452
Global Hub Busi 928,Absolutely love this app! Very smooth UI and responsive.,Positive,0.463,0.419
Global Hub Busi 928,Subscription fee is ridiculous for basic features that used to be free.,Negative,-0.727,0.562
Global Hub Busi 928,Incredible features and clean layout. Worth every penny.,Positive,0.724,0.458
Global Hub Busi 928,Game is highly addictive with stellar graphics!,Positive,0.919,0.447
Global Hub Busi 928,"Good concept, waiting for future feature updates.",Neutral,0.092,0.184
Global Hub Busi 928,"Best in its class, saves me so much time every day.",Positive,0.706,0.522
Global Hub Busi 928,Constant crashes after the latest update. Terrible experience.,Negative,-0.373,0.76
Global Hub Busi 928,Average performance. UI could use some polishing.,Neutral,-0.073,0.369
Global Hub Busi 928,"Best in its class, saves me so much time every day.",Positive,0.9,0.672
Global Flow Phot 1245,"Good concept, waiting for future feature updates.",Neutral,-0.073,0.346
Global Flow Phot 1245,"Works okay on tablet, bit clunky on small screens.",Neutral,0.012,0.392
Global Flow Phot 1245,Essential utility for daily workflow. Fast loading.,Positive,0.642,0.795
Global Flow Phot 1245,Great customer support and seamless synchronization.,Positive,0.765,0.789
Global Flow Phot 1245,Battery drain is immense and phone overheats quickly.,Negative,-0.477,0.651
Global Flow Phot 1245,Constant crashes after the latest update. Terrible experience.,Negative,-0.812,0.741
Global Flow Phot 1245,"Works okay on tablet, bit clunky on small screens.",Neutral,0.06,0.395
Global Flow Phot 1245,Absolutely love this app! Very smooth UI and responsive.,Positive,0.603,0.681
Fast Vault Heal 1388,Incredible features and clean layout. Worth every penny.,Positive,0.402,0.613
Fast Vault Heal 1388,"Best in its class, saves me so much time every day.",Positive,0.445,0.496
Fast Vault Heal 1388,"Works okay on tablet, bit clunky on small screens.",Neutral,0.085,0.239
Fast Vault Heal 1388,"Full of bugs, login screen freezes constantly.",Negative,-0.151,0.867
Fast Vault Heal 1388,"Best in its class, saves me so much time every day.",Positive,0.941,0.597
Fast Vault Heal 1388,Game is highly addictive with stellar graphics!,Positive,0.252,0.418
Fast Vault Heal 1388,Too many intrusive video ads every 30 seconds. Uninstalled.,Negative,-0.578,0.481
Fast Vault Heal 1388,Game is highly addictive with stellar graphics!,Positive,0.511,0.754
Fast Vault Heal 1388,Game is highly addictive with stellar graphics!,Positive,0.88,0.806
Fast Vault Heal 1388,Absolutely love this app! Very smooth UI and responsive.,Positive,0.834,0.748
Fast Vault Heal 1388,Average performance. UI could use some polishing.,Neutral,0.067,0.387
Fast Vault Heal 1388,"Best in its class, saves me so much time every day.",Positive,0.925,0.749
Quick Studio Tool 1034,Game is highly addictive with stellar graphics!,Positive,0.874,0.846
Quick Studio Tool 1034,Average performance. UI could use some polishing.,Neutral,0.113,0.151
Quick Studio Tool 1034,Incredible features and clean layout. Worth every penny.,Positive,0.57,0.628
Quick Studio Tool 1034,Great customer support and seamless synchronization.,Positive,0.331,0.505
Quick Studio Tool 1034,Too many intrusive video ads every 30 seconds. Uninstalled.,Negative,-0.612,0.625
Quick Studio Tool 1034,Great customer support and seamless synchronization.,Positive,0.628,0.726
Pocket Studio Game 1838,"Good concept, waiting for future feature updates.",Neutral,0.129,0.353
Pocket Studio Game 1838,Essential utility for daily workflow. Fast loading.,Positive,0.674,0.714
Pocket Studio Game 1838,"Best in its class, saves me so much time every day.",Positive,0.881,0.521
Pocket Studio Game 1838,Average performance. UI could use some polishing.,Neutral,0.105,0.251
Pocket Studio Game 1838,Too many intrusive video ads every 30 seconds. Uninstalled.,Negative,-0.438,0.595
Master Hero Game 1895,Customer service never responded to my refund ticket.,Negative,-0.429,0.837
Master Hero Game 1895,"Works okay on tablet, bit clunky on small screens.",Neutral,0.104,0.157
Master Hero Game 1895,Absolutely love this app! Very smooth UI and responsive.,Positive,0.548,0.411
Master Hero Game 1895,Game is highly addictive with stellar graphics!,Positive,0.32,0.525
Master Hero Game 1895,Game is highly addictive with stellar graphics!,Positive,0.272,0.423
Master Hero Game 1895,Great customer support and seamless synchronization.,Positive,0.306,0.79
Master Hero Game 1895,Incredible features and clean layout. Worth every penny.,Positive,0.874,0.528
Master Hero Game 1895,Game is highly addictive with stellar graphics!,Positive,0.308,0.728
Master Hero Game 1895,"Works okay on tablet, bit clunky on small screens.",Neutral,-0.04,0.378
NextGen Manager Medi 2348,Absolutely love this app! Very smooth UI and responsive.,Positive,0.885,0.801
NextGen Manager Medi 2348,Battery drain is immense and phone overheats quickly.,Negative,-0.267,0.783
NextGen Manager Medi 2348,Incredible features and clean layout. Worth every penny.,Positive,0.833,0.597
NextGen Manager Medi 2348,"Best in its class, saves me so much time every day.",Positive,0.453,0.643
NextGen Manager Medi 2348,Absolutely love this app! Very smooth UI and responsive.,Positive,0.442,0.62
NextGen Manager Medi 2348,"Best in its class, saves me so much time every day.",Positive,0.689,0.513
NextGen Manager Medi 2348,"Full of bugs, login screen freezes constantly.",Negative,-0.498,0.662
NextGen Manager Medi 2348,Essential utility for daily workflow. Fast loading.,Positive,0.431,0.657
NextGen Manager Medi 2348,"Best in its class, saves me so much time every day.",Positive,0.345,0.721
NextGen Manager Medi 2348,Great customer support and seamless synchronization.,Positive,0.834,0.636
NextGen Manager Medi 2348,Average performance. UI could use some polishing.,Neutral,-0.069,0.291
NextGen Manager Medi 2348,Game is highly addictive with stellar graphics!,Positive,0.739,0.455
Pocket Lite Tool 1107,Constant crashes after the latest update. Terrible experience.,Negative,-0.647,0.573
Pocket Lite Tool 1107,Incredible features and clean layout. Worth every penny.,Positive,0.544,0.816
Pocket Lite Tool 1107,Incredible features and clean layout. Worth every penny.,Positive,0.831,0.7
Pocket Lite Tool 1107,Game is highly addictive with stellar graphics!,Positive,0.705,0.571
Pocket Lite Tool 1107,Incredible features and clean layout. Worth every penny.,Positive,0.542,0.665
Pocket Lite Tool 1107,Absolutely love this app! Very smooth UI and responsive.,Positive,0.874,0.581
Pocket Lite Tool 1107,Battery drain is immense and phone overheats quickly.,Negative,-0.591,0.744
Quick Manager Fina 730,"Works okay on tablet, bit clunky on small screens.",Neutral,0.088,0.25
Quick Manager Fina 730,Game is highly addictive with stellar graphics!,Positive,0.754,0.573
Quick Manager Fina 730,"Works okay on tablet, bit clunky on small screens.",Neutral,0.143,0.162
Quick Manager Fina 730,Absolutely love this app! Very smooth UI and responsive.,Positive,0.6,0.732
Quick Manager Fina 730,Essential utility for daily workflow. Fast loading.,Positive,0.348,0.596
Quick Manager Fina 730,Incredible features and clean layout. Worth every penny.,Positive,0.899,0.432
Quick Manager Fina 730,Incredible features and clean layout. Worth every penny.,Positive,0.651,0.642
Quick Manager Fina 730,"Best in its class, saves me so much time every day.",Positive,0.665,0.626
Quick Manager Fina 730,"Works okay on tablet, bit clunky on small screens.",Neutral,-0.01,0.335
Quick Manager Fina 730,Absolutely love this app! Very smooth UI and responsive.,Positive,0.552,0.709
Quick Manager Fina 730,Essential utility for daily workflow. Fast loading.,Positive,0.278,0.801
Quick Manager Fina 730,Great customer support and seamless synchronization.,Positive,0.577,0.706
Pocket Vault Tool 1406,Battery drain is immense and phone overheats quickly.,Negative,-0.826,0.621
Pocket Vault Tool 1406,Incredible features and clean layout. Worth every penny.,Positive,0.54,0.832
Pocket Vault Tool 1406,Absolutely love this app! Very smooth UI and responsive.,Positive,0.422,0.76
Pocket Vault Tool 1406,"Best in its class, saves me so much time every day.",Positive,0.289,0.44
Pocket Vault Tool 1406,"Full of bugs, login screen freezes constantly.",Negative,-0.275,0.558
Pocket Vault Tool 1406,"Decent app overall, does the job but lacks advanced customization.",Neutral,-0.073,0.178
Pocket Vault Tool 1406,"Good concept, waiting for future feature updates.",Neutral,0.067,0.25
Pocket Vault Tool 1406,Great customer support and seamless synchronization.,Positive,0.476,0.635
Pocket Vault Tool 1406,"Best in its class, saves me so much time every day.",Positive,0.738,0.56
Pocket Vault Tool 1406,Absolutely love this app! Very smooth UI and responsive.,Positive,0.491,0.524
Pocket Vault Tool 1406,Game is highly addictive with stellar graphics!,Positive,0.905,0.556
Master Portal Pers 411,Game is highly addictive with stellar graphics!,Positive,0.92,0.796
Master Portal Pers 411,Great customer support and seamless synchronization.,Positive,0.569,0.816
Master Portal Pers 411,Battery drain is immense and phone overheats quickly.,Negative,-0.606,0.629
Master Portal Pers 411,Great customer support and seamless synchronization.,Positive,0.552,0.795
Master Portal Pers 411,Too many intrusive video ads every 30 seconds. Uninstalled.,Negative,-0.284,0.694
Master Portal Pers 411,Battery drain is immense and phone overheats quickly.,Negative,-0.353,0.785
Master Portal Pers 411,Incredible features and clean layout. Worth every penny.,Positive,0.298,0.694
Master Portal Pers 411,"Good concept, waiting for future feature updates.",Neutral,0.136,0.247
Easy 3D Tool 2319,"Full of bugs, login screen freezes constantly.",Negative,-0.42,0.712
Easy 3D Tool 2319,Essential utility for daily workflow. Fast loading.,Positive,0.553,0.519
Easy 3D Tool 2319,Great customer support and seamless synchronization.,Positive,0.465,0.612
Easy 3D Tool 2319,Too many intrusive video ads every 30 seconds. Uninstalled.,Negative,-0.436,0.627
Easy 3D Tool 2319,"Good concept, waiting for future feature updates.",Neutral,-0.066,0.281
Master Tracker Game 197,"Works okay on tablet, bit clunky on small screens.",Neutral,0.142,0.264
Master Tracker Game 197,Great customer support and seamless synchronization.,Positive,0.759,0.673
Master Tracker Game 197,"Decent app overall, does the job but lacks advanced customization.",Neutral,0.103,0.151
Master Tracker Game 197,Subscription fee is ridiculous for basic features that used to be free.,Negative,-0.281,0.723
Master Tracker Game 197,Great customer support and seamless synchronization.,Positive,0.469,0.724
Master Tracker Game 197,Too many intrusive video ads every 30 seconds. Uninstalled.,Negative,-0.264,0.535
Master Tracker Game 197,"Works okay on tablet, bit clunky on small screens.",Neutral,-0.06,0.379
Master Tracker Game 197,Incredible features and clean layout. Worth every penny.,Positive,0.696,0.657
Master Tracker Game 197,Battery drain is immense and phone overheats quickly.,Negative,-0.338,0.622
Master Tracker Game 197,"Good concept, waiting for future feature updates.",Neutral,0.004,0.196
Daily Hub Heal 1852,Incredible features and clean layout. Worth every penny.,Positive,0.548,0.498
Daily Hub Heal 1852,"Full of bugs, login screen freezes constantly.",Negative,-0.702,0.755
Daily Hub Heal 1852,"Best in its class, saves me so much time every day.",Positive,0.452,0.729
Daily Hub Heal 1852,Incredible features and clean layout. Worth every penny.,Positive,0.418,0.642
Daily Hub Heal 1852,"Decent app overall, does the job but lacks advanced customization.",Neutral,-0.041,0.311
NextGen Hero Tool 1506,Great customer support and seamless synchronization.,Positive,0.78,0.777
NextGen Hero Tool 1506,Incredible features and clean layout. Worth every penny.,Positive,0.876,0.428
NextGen Hero Tool 1506,"Good concept, waiting for future feature updates.",Neutral,-0.053,0.387
NextGen Hero Tool 1506,Incredible features and clean layout. Worth every penny.,Positive,0.508,0.742
NextGen Hero Tool 1506,Too many intrusive video ads every 30 seconds. Uninstalled.,Negative,-0.334,0.561
NextGen Hero Tool 1506,Absolutely love this app! Very smooth UI and responsive.,Positive,0.848,0.688
NextGen Hero Tool 1506,"Works okay on tablet, bit clunky on small screens.",Neutral,-0.094,0.216
NextGen Hero Tool 1506,"Best in its class, saves me so much time every day.",Positive,0.31,0.808
NextGen Hero Tool 1506,Game is highly addictive with stellar graphics!,Positive,0.317,0.651
NextGen Hero Tool 1506,Incredible features and clean layout. Worth every penny.,Positive,0.742,0.509
Super Flow Fami 2391,Subscription fee is ridiculous for basic features that used to be free.,Negative,-0.518,0.739
Super Flow Fami 2391,Incredible features and clean layout. Worth every penny.,Positive,0.49,0.598
Super Flow Fami 2391,"Best in its class, saves me so much time every day.",Positive,0.561,0.614
Super Flow Fami 2391,Incredible features and clean layout. Worth every penny.,Positive,0.467,0.817
Super Flow Fami 2391,Absolutely love this app! Very smooth UI and responsive.,Positive,0.376,0.575
Super Flow Fami 2391,Incredible features and clean layout. Worth every penny.,Positive,0.874,0.511
Super Flow Fami 2391,Great customer support and seamless synchronization.,Positive,0.771,0.457
Master Hero Heal 1334,Essential utility for daily workflow. Fast loading.,Positive,0.286,0.462
Master Hero Heal 1334,Absolutely love this app! Very smooth UI and responsive.,Positive,0.904,0.444
Master Hero Heal 1334,Average performance. UI could use some polishing.,Neutral,0.059,0.292
Master Hero Heal 1334,Game is highly addictive with stellar graphics!,Positive,0.683,0.733
Master Hero Heal 1334,"Good concept, waiting for future feature updates.",Neutral,0.026,0.373
Master Hero Heal 1334,Subscription fee is ridiculous for basic features that used to be free.,Negative,-0.718,0.767
Master Hero Heal 1334,"Decent app overall, does the job but lacks advanced customization.",Neutral,0.108,0.301
Master Hero Heal 1334,Constant crashes after the latest update. Terrible experience.,Negative,-0.695,0.864
Master Hero Heal 1334,Constant crashes after the latest update. Terrible experience.,Negative,-0.746,0.649
Quick Tracker Medi 1318,Incredible features and clean layout. Worth every penny.,Positive,0.471,0.701
Quick Tracker Medi 1318,Incredible features and clean layout. Worth every penny.,Positive,0.811,0.438
Quick Tracker Medi 1318,Subscription fee is ridiculous for basic features that used to be free.,Negative,-0.192,0.534
Quick Tracker Medi 1318,Essential utility for daily workflow. Fast loading.,Positive,0.524,0.694
Quick Tracker Medi 1318,"Full of bugs, login screen freezes constantly.",Negative,-0.788,0.452
Quick Tracker Medi 1318,Incredible features and clean layout. Worth every penny.,Positive,0.383,0.513
Quick Tracker Medi 1318,Incredible features and clean layout. Worth every penny.,Positive,0.453,0.495
Quick Tracker Medi 1318,Great customer support and seamless synchronization.,Positive,0.816,0.588
Easy Portal Comm 1431,"Best in its class, saves me so much time every day.",Positive,0.733,0.841
Easy Portal Comm 1431,Customer service never responded to my refund ticket.,Negative,-0.811,0.733
Easy Portal Comm 1431,Game is highly addictive with stellar graphics!,Positive,0.529,0.625
Easy Portal Comm 1431,Game is highly addictive with stellar graphics!,Positive,0.606,0.781
Easy Portal Comm 1431,Game is highly addictive with stellar graphics!,Positive,0.895,0.544
Easy Portal Comm 1431,Absolutely love this app! Very smooth UI and responsive.,Positive,0.671,0.498
Hyper Portal Heal 195,Absolutely love this app! Very smooth UI and responsive.,Positive,0.281,0.42
Hyper Portal Heal 195,Game is highly addictive with stellar graphics!,Positive,0.398,0.839
Hyper Portal Heal 195,Essential utility for daily workflow. Fast loading.,Positive,0.852,0.69
Hyper Portal Heal 195,Game is highly addictive with stellar graphics!,Positive,0.869,0.528
Hyper Portal Heal 195,Game is highly addictive with stellar graphics!,Positive,0.334,0.475
Hyper Portal Heal 195,Subscription fee is ridiculous for basic features that used to be free.,Negative,-0.392,0.559
Hyper Portal Heal 195,Game is highly addictive with stellar graphics!,Positive,0.696,0.499
Hyper Portal Heal 195,Subscription fee is ridiculous for basic features that used to be free.,Negative,-0.602,0.805
Hyper Portal Heal 195,Subscription fee is ridiculous for basic features that used to be free.,Negative,-0.251,0.688
Hyper Portal Heal 195,"Decent app overall, does the job but lacks advanced customization.",Neutral,-0.016,0.337
Quick Hero Busi 2046,Game is highly addictive with stellar graphics!,Positive,0.469,0.492
Quick Hero Busi 2046,"Decent app overall, does the job but lacks advanced customization.",Neutral,0.104,0.279
Quick Hero Busi 2046,Essential utility for daily workflow. Fast loading.,Positive,0.84,0.625
Quick Hero Busi 2046,Game is highly addictive with stellar graphics!,Positive,0.501,0.768
Quick Hero Busi 2046,Great customer support and seamless synchronization.,Positive,0.536,0.755
Quick Hero Busi 2046,Essential utility for daily workflow. Fast loading.,Positive,0.895,0.813
Quick Hero Busi 2046,"Best in its class, saves me so much time every day.",Positive,0.563,0.542
Quick Hero Busi 2046,Game is highly addictive with stellar graphics!,Positive,0.766,0.632
NextGen Vault Medi 2311,Great customer support and seamless synchronization.,Positive,0.362,0.837
NextGen Vault Medi 2311,Absolutely love this app! Very smooth UI and responsive.,Positive,0.763,0.552
NextGen Vault Medi 2311,Great customer support and seamless synchronization.,Positive,0.694,0.778
NextGen Vault Medi 2311,Essential utility for daily workflow. Fast loading.,Positive,0.341,0.618
NextGen Vault Medi 2311,Incredible features and clean layout. Worth every penny.,Positive,0.299,0.465
NextGen Vault Medi 2311,"Best in its class, saves me so much time every day.",Positive,0.29,0.678
NextGen Vault Medi 2311,Great customer support and seamless synchronization.,Positive,0.304,0.756
Daily Assistant Pers 1595,Great customer support and seamless synchronization.,Positive,0.35,0.407
Daily Assistant Pers 1595,Battery drain is immense and phone overheats quickly.,Negative,-0.403,0.517
Daily Assistant Pers 1595,Average performance. UI could use some polishing.,Neutral,0.052,0.192
Daily Assistant Pers 1595,Constant crashes after the latest update. Terrible experience.,Negative,-0.789,0.895
Daily Assistant Pers 1595,Battery drain is immense and phone overheats quickly.,Negative,-0.453,0.854
Daily Assistant Pers 1595,Absolutely love this app! Very smooth UI and responsive.,Positive,0.573,0.595
Daily Assistant Pers 1595,"Full of bugs, login screen freezes constantly.",Negative,-0.283,0.539
Fast Vault Fina 994,"Works okay on tablet, bit clunky on small screens.",Neutral,0.035,0.203
Fast Vault Fina 994,"Good concept, waiting for future feature updates.",Neutral,0.088,0.251
Fast Vault Fina 994,Constant crashes after the latest update. Terrible experience.,Negative,-0.815,0.89
Fast Vault Fina 994,Incredible features and clean layout. Worth every penny.,Positive,0.462,0.594
Fast Vault Fina 994,Great customer support and seamless synchronization.,Positive,0.466,0.653
Fast Vault Pers 1860,"Decent app overall, does the job but lacks advanced customization.",Neutral,0.07,0.291
Fast Vault Pers 1860,Great customer support and seamless synchronization.,Positive,0.536,0.471
Fast Vault Pers 1860,Battery drain is immense and phone overheats quickly.,Negative,-0.216,0.457
Fast Vault Pers 1860,Great customer support and seamless synchronization.,Positive,0.377,0.754
Fast Vault Pers 1860,Great customer support and seamless synchronization.,Positive,0.584,0.483
Fast Vault Pers 1860,"Best in its class, saves me so much time every day.",Positive,0.398,0.811
Fast Vault Pers 1860,Game is highly addictive with stellar graphics!,Positive,0.764,0.471
Fast Vault Pers 1860,Incredible features and clean layout. Worth every penny.,Positive,0.752,0.797
Fast Vault Pers 1860,Average performance. UI could use some polishing.,Neutral,0.018,0.164
Fast Vault Pers 1860,Subscription fee is ridiculous for basic features that used to be free.,Negative,-0.726,0.801
Fast Vault Pers 1860,Battery drain is immense and phone overheats quickly.,Negative,-0.403,0.844
Master Tracker Pers 2261,Absolutely love this app! Very smooth UI and responsive.,Positive,0.282,0.445
Master Tracker Pers 2261,"Works okay on tablet, bit clunky on small screens.",Neutral,-0.078,0.162
Master Tracker Pers 2261,Great customer support and seamless synchronization.,Positive,0.527,0.626
Master Tracker Pers 2261,Essential utility for daily workflow. Fast loading.,Positive,0.772,0.713
Master Tracker Pers 2261,Average performance. UI could use some polishing.,Neutral,-0.032,0.213
Master Tracker Pers 2261,"Good concept, waiting for future feature updates.",Neutral,0.122,0.338
Master Tracker Pers 2261,Customer service never responded to my refund ticket.,Negative,-0.377,0.73
Master Tracker Pers 2261,Game is highly addictive with stellar graphics!,Positive,0.685,0.546
Master Tracker Pers 2261,Too many intrusive video ads every 30 seconds. Uninstalled.,Negative,-0.383,0.573
Master Tracker Pers 2261,Average performance. UI could use some polishing.,Neutral,0.074,0.209
Master Tracker Pers 2261,"Best in its class, saves me so much time every day.",Positive,0.631,0.455
Pro Hub Pers 1264,Game is highly addictive with stellar graphics!,Positive,0.66,0.762
Pro Hub Pers 1264,Too many intrusive video ads every 30 seconds. Uninstalled.,Negative,-0.504,0.672
Pro Hub Pers 1264,Average performance. UI could use some polishing.,Neutral,0.058,0.302
Pro Hub Pers 1264,Constant crashes after the latest update. Terrible experience.,Negative,-0.307,0.844
Pro Hub Pers 1264,Absolutely love this app! Very smooth UI and responsive.,Positive,0.304,0.497
Pro Hub Pers 1264,Incredible features and clean layout. Worth every penny.,Positive,0.376,0.403
Pro Hub Pers 1264,Great customer support and seamless synchronization.,Positive,0.32,0.468
Pro Hub Pers 1264,"Best in its class, saves me so much time every day.",Positive,0.42,0.772
Quick Lite Fami 720,Battery drain is immense and phone overheats quickly.,Negative,-0.312,0.717
Quick Lite Fami 720,"Best in its class, saves me so much time every day.",Positive,0.59,0.483
Quick Lite Fami 720,Great customer support and seamless synchronization.,Positive,0.891,0.618
Quick Lite Fami 720,Absolutely love this app! Very smooth UI and responsive.,Positive,0.378,0.556
Quick Lite Fami 720,"Best in its class, saves me so much time every day.",Positive,0.318,0.748
Quick Lite Fami 720,Incredible features and clean layout. Worth every penny.,Positive,0.529,0.659
Quick Lite Fami 720,Constant crashes after the latest update. Terrible experience.,Negative,-0.361,0.761
Quick Lite Fami 720,Customer service never responded to my refund ticket.,Negative,-0.152,0.787
Pocket Flow Phot 2264,Incredible features and clean layout. Worth every penny.,Positive,0.84,0.798
Pocket Flow Phot 2264,Average performance. UI could use some polishing.,Neutral,0.135,0.362
Pocket Flow Phot 2264,Incredible features and clean layout. Worth every penny.,Positive,0.944,0.753
Pocket Flow Phot 2264,Game is highly addictive with stellar graphics!,Positive,0.33,0.811
Pocket Flow Phot 2264,Essential utility for daily workflow. Fast loading.,Positive,0.595,0.596
Pocket Flow Phot 2264,Game is highly addictive with stellar graphics!,Positive,0.933,0.426
Pocket Flow Phot 2264,"Full of bugs, login screen freezes constantly.",Negative,-0.533,0.51
Pocket Flow Phot 2264,"Best in its class, saves me so much time every day.",Positive,0.884,0.78
Pocket Flow Phot 2264,Great customer support and seamless synchronization.,Positive,0.416,0.846
Pocket Flow Phot 2264,Constant crashes after the latest update. Terrible experience.,Negative,-0.247,0.695
Pocket Flow Phot 2264,Battery drain is immense and phone overheats quickly.,Negative,-0.411,0.706
Pocket Flow Phot 2264,"Best in its class, saves me so much time every day.",Positive,0.367,0.571
Super Plus Game 2088,Great customer support and seamless synchronization.,Positive,0.859,0.497
Super Plus Game 2088,Absolutely love this app! Very smooth UI and responsive.,Positive,0.632,0.462
Super Plus Game 2088,Battery drain is immense and phone overheats quickly.,Negative,-0.719,0.653
Super Plus Game 2088,"Best in its class, saves me so much time every day.",Positive,0.709,0.419
Super Plus Game 2088,"Best in its class, saves me so much time every day.",Positive,0.328,0.596
Daily Flow Phot 1152,Too many intrusive video ads every 30 seconds. Uninstalled.,Negative,-0.48,0.857
Daily Flow Phot 1152,Game is highly addictive with stellar graphics!,Positive,0.596,0.412
Daily Flow Phot 1152,Constant crashes after the latest update. Terrible experience.,Negative,-0.569,0.677
Daily Flow Phot 1152,Game is highly addictive with stellar graphics!,Positive,0.941,0.611
Daily Flow Phot 1152,"Works okay on tablet, bit clunky on small screens.",Neutral,0.084,0.388
Daily Flow Phot 1152,Incredible features and clean layout. Worth every penny.,Positive,0.317,0.485
Daily Flow Phot 1152,Incredible features and clean layout. Worth every penny.,Positive,0.778,0.595
Daily Flow Phot 1152,Absolutely love this app! Very smooth UI and responsive.,Positive,0.369,0.418
Daily Flow Phot 1152,Absolutely love this app! Very smooth UI and responsive.,Positive,0.588,0.763
Daily Flow Phot 1152,Average performance. UI could use some polishing.,Neutral,0.06,0.156
Hyper Vault Heal 2353,"Best in its class, saves me so much time every day.",Positive,0.304,0.635
Hyper Vault Heal 2353,Constant crashes after the latest update. Terrible experience.,Negative,-0.385,0.462
Hyper Vault Heal 2353,Incredible features and clean layout. Worth every penny.,Positive,0.252,0.517
Hyper Vault Heal 2353,Great customer support and seamless synchronization.,Positive,0.454,0.818
Hyper Vault Heal 2353,"Best in its class, saves me so much time every day.",Positive,0.797,0.627
Super Flow Fina 962,Game is highly addictive with stellar graphics!,Positive,0.285,0.403
Super Flow Fina 962,Too many intrusive video ads every 30 seconds. Uninstalled.,Negative,-0.153,0.743
Super Flow Fina 962,Essential utility for daily workflow. Fast loading.,Positive,0.456,0.418
Super Flow Fina 962,Average performance. UI could use some polishing.,Neutral,-0.02,0.329
Super Flow Fina 962,Game is highly addictive with stellar graphics!,Positive,0.882,0.599
Super Flow Fina 962,Great customer support and seamless synchronization.,Positive,0.937,0.509
Super Flow Fina 962,"Full of bugs, login screen freezes constantly.",Negative,-0.719,0.462
Super Flow Fina 962,Average performance. UI could use some polishing.,Neutral,-0.067,0.24
Super Flow Fina 962,"Best in its class, saves me so much time every day.",Positive,0.294,0.487
Super Flow Fina 962,"Best in its class, saves me so much time every day.",Positive,0.845,0.64
Super Flow Fina 962,Great customer support and seamless synchronization.,Positive,0.668,0.564
Hyper Vault Heal 325,Game is highly addictive with stellar graphics!,Positive,0.47,0.43
Hyper Vault Heal 325,Essential utility for daily workflow. Fast loading.,Positive,0.832,0.785
Hyper Vault Heal 325,Absolutely love this app! Very smooth UI and responsive.,Positive,0.753,0.607
Hyper Vault Heal 325,Battery drain is immense and phone overheats quickly.,Negative,-0.471,0.873
Hyper Vault Heal 325,"Works okay on tablet, bit clunky on small screens.",Neutral,0.128,0.289
Hyper Vault Heal 325,"Decent app overall, does the job but lacks advanced customization.",Neutral,-0.059,0.389
Hyper Vault Heal 325,Constant crashes after the latest update. Terrible experience.,Negative,-0.537,0.747
NextGen Portal Game 2272,Incredible features and clean layout. Worth every penny.,Positive,0.63,0.436
NextGen Portal Game 2272,Essential utility for daily workflow. Fast loading.,Positive,0.615,0.66
NextGen Portal Game 2272,"Decent app overall, does the job but lacks advanced customization.",Neutral,0.149,0.387
NextGen Portal Game 2272,Incredible features and clean layout. Worth every penny.,Positive,0.739,0.625
NextGen Portal Game 2272,Subscription fee is ridiculous for basic features that used to be free.,Negative,-0.543,0.856
Fast Tracker Heal 135,Great customer support and seamless synchronization.,Positive,0.529,0.413
Fast Tracker Heal 135,Great customer support and seamless synchronization.,Positive,0.357,0.443
Fast Tracker Heal 135,Incredible features and clean layout. Worth every penny.,Positive,0.303,0.805
Fast Tracker Heal 135,"Works okay on tablet, bit clunky on small screens.",Neutral,0.09,0.16
Fast Tracker Heal 135,Average performance. UI could use some polishing.,Neutral,0.039,0.213
Fast Tracker Heal 135,Average performance. UI could use some polishing.,Neutral,-0.024,0.276
Fast Tracker Heal 135,Game is highly addictive with stellar graphics!,Positive,0.71,0.545
Fast Tracker Heal 135,"Best in its class, saves me so much time every day.",Positive,0.292,0.813
Fast Tracker Heal 135,Customer service never responded to my refund ticket.,Negative,-0.367,0.689
Fast Tracker Heal 135,Great customer support and seamless synchronization.,Positive,0.582,0.506
Super Manager Heal 354,Game is highly addictive with stellar graphics!,Positive,0.92,0.679
Super Manager Heal 354,Average performance. UI could use some polishing.,Neutral,-0.046,0.331
Super Manager Heal 354,Customer service never responded to my refund ticket.,Negative,-0.411,0.524
Super Manager Heal 354,"Decent app overall, does the job but lacks advanced customization.",Neutral,0.124,0.303
Super Manager Heal 354,Game is highly addictive with stellar graphics!,Positive,0.716,0.488
Super Manager Heal 354,"Full of bugs, login screen freezes constantly.",Negative,-0.634,0.623
Super Manager Heal 354,Incredible features and clean layout. Worth every penny.,Positive,0.345,0.605
Super Manager Heal 354,"Best in its class, saves me so much time every day.",Positive,0.473,0.741
Super Manager Heal 354,Battery drain is immense and phone overheats quickly.,Negative,-0.758,0.558
Super Manager Heal 354,Essential utility for daily workflow. Fast loading.,Positive,0.637,0.698
Super Manager Heal 354,"Best in its class, saves me so much time every day.",Positive,0.581,0.55
Super Manager Heal 354,Average performance. UI could use some polishing.,Neutral,0.108,0.364
Quick Lite Heal 1756,Average performance. UI could use some polishing.,Neutral,-0.086,0.176
Quick Lite Heal 1756,"Best in its class, saves me so much time every day.",Positive,0.439,0.427
Quick Lite Heal 1756,"Best in its class, saves me so much time every day.",Positive,0.314,0.579
Quick Lite Heal 1756,Essential utility for daily workflow. Fast loading.,Positive,0.939,0.48
Quick Lite Heal 1756,Average performance. UI could use some polishing.,Neutral,0.0,0.35
Super Manager Phot 2439,"Best in its class, saves me so much time every day.",Positive,0.386,0.607
Super Manager Phot 2439,Incredible features and clean layout. Worth every penny.,Positive,0.505,0.76
Super Manager Phot 2439,Essential utility for daily workflow. Fast loading.,Positive,0.91,0.492
Super Manager Phot 2439,Average performance. UI could use some polishing.,Neutral,-0.079,0.176
Super Manager Phot 2439,Great customer support and seamless synchronization.,Positive,0.435,0.846
Super Manager Phot 2439,Essential utility for daily workflow. Fast loading.,Positive,0.452,0.744
Super Manager Phot 2439,Great customer support and seamless synchronization.,Positive,0.622,0.535
Super Manager Phot 2439,"Good concept, waiting for future feature updates.",Neutral,-0.005,0.276
Super Manager Phot 2439,"Decent app overall, does the job but lacks advanced customization.",Neutral,-0.06,0.178
Super Manager Phot 2439,"Works okay on tablet, bit clunky on small screens.",Neutral,-0.032,0.273
Super Manager Phot 2439,Battery drain is immense and phone overheats quickly.,Negative,-0.388,0.58
Pro Assistant Pers 1593,Game is highly addictive with stellar graphics!,Positive,0.76,0.545
Pro Assistant Pers 1593,"Full of bugs, login screen freezes constantly.",Negative,-0.417,0.847
Pro Assistant Pers 1593,Essential utility for daily workflow. Fast loading.,Positive,0.649,0.453
Pro Assistant Pers 1593,Absolutely love this app! Very smooth UI and responsive.,Positive,0.293,0.542
Pro Assistant Pers 1593,Incredible features and clean layout. Worth every penny.,Positive,0.937,0.693
Pro Assistant Pers 1593,Too many intrusive video ads every 30 seconds. Uninstalled.,Negative,-0.25,0.666
Pro Assistant Pers 1593,Essential utility for daily workflow. Fast loading.,Positive,0.878,0.422
Pro Assistant Pers 1593,Average performance. UI could use some polishing.,Neutral,-0.035,0.335
Pro Assistant Pers 1593,"Decent app overall, does the job but lacks advanced customization.",Neutral,0.081,0.173
Pro Assistant Pers 1593,Incredible features and clean layout. Worth every penny.,Positive,0.883,0.507
Pro Assistant Pers 1593,Essential utility for daily workflow. Fast loading.,Positive,0.726,0.84
Pro Assistant Pers 1593,"Good concept, waiting for future feature updates.",Neutral,-0.049,0.162
Daily Tracker Life 2468,"Works okay on tablet, bit clunky on small screens.",Neutral,-0.097,0.255
Daily Tracker Life 2468,Subscription fee is ridiculous for basic features that used to be free.,Negative,-0.77,0.462
Daily Tracker Life 2468,"Full of bugs, login screen freezes constantly.",Negative,-0.411,0.559
Daily Tracker Life 2468,Incredible features and clean layout. Worth every penny.,Positive,0.675,0.796
Daily Tracker Life 2468,Absolutely love this app! Very smooth UI and responsive.,Positive,0.613,0.621
Daily Tracker Life 2468,"Decent app overall, does the job but lacks advanced customization.",Neutral,-0.004,0.152
NextGen Hub Game 94,"Good concept, waiting for future feature updates.",Neutral,0.009,0.237
NextGen Hub Game 94,Absolutely love this app! Very smooth UI and responsive.,Positive,0.88,0.543
NextGen Hub Game 94,"Best in its class, saves me so much time every day.",Positive,0.307,0.42
NextGen Hub Game 94,"Decent app overall, does the job but lacks advanced customization.",Neutral,-0.053,0.396
NextGen Hub Game 94,Great customer support and seamless synchronization.,Positive,0.629,0.755
NextGen Hub Game 94,Average performance. UI could use some polishing.,Neutral,0.06,0.178
Easy Manager Heal 57,Game is highly addictive with stellar graphics!,Positive,0.872,0.519
Easy Manager Heal 57,"Full of bugs, login screen freezes constantly.",Negative,-0.643,0.617
Easy Manager Heal 57,"Works okay on tablet, bit clunky on small screens.",Neutral,0.091,0.304
Easy Manager Heal 57,Subscription fee is ridiculous for basic features that used to be free.,Negative,-0.496,0.568
Easy Manager Heal 57,Absolutely love this app! Very smooth UI and responsive.,Positive,0.703,0.529
Easy Manager Heal 57,Incredible features and clean layout. Worth every penny.,Positive,0.345,0.577
Easy Manager Heal 57,Too many intrusive video ads every 30 seconds. Uninstalled.,Negative,-0.26,0.526
Super Tracker Game 219,Incredible features and clean layout. Worth every penny.,Positive,0.655,0.476
Super Tracker Game 219,Battery drain is immense and phone overheats quickly.,Negative,-0.332,0.769
Super Tracker Game 219,Game is highly addictive with stellar graphics!,Positive,0.933,0.697
Super Tracker Game 219,Too many intrusive video ads every 30 seconds. Uninstalled.,Negative,-0.223,0.854
Super Tracker Game 219,"Full of bugs, login screen freezes constantly.",Negative,-0.497,0.717
Super Tracker Game 219,Incredible features and clean layout. Worth every penny.,Positive,0.599,0.659
Super Tracker Game 219,"Full of bugs, login screen freezes constantly.",Negative,-0.401,0.832
Super Tracker Game 219,Game is highly addictive with stellar graphics!,Positive,0.554,0.611
Super Tracker Game 219,Constant crashes after the latest update. Terrible experience.,Negative,-0.822,0.714
Super Tracker Game 219,Customer service never responded to my refund ticket.,Negative,-0.379,0.497
Super Tracker Game 219,Incredible features and clean layout. Worth every penny.,Positive,0.822,0.503
Hyper Vault Phot 2312,"Good concept, waiting for future feature updates.",Neutral,0.143,0.258
Hyper Vault Phot 2312,"Best in its class, saves me so much time every day.",Positive,0.622,0.745
Hyper Vault Phot 2312,"Full of bugs, login screen freezes constantly.",Negative,-0.407,0.622
Hyper Vault Phot 2312,"Full of bugs, login screen freezes constantly.",Negative,-0.557,0.611
Hyper Vault Phot 2312,Subscription fee is ridiculous for basic features that used to be free.,Negative,-0.838,0.669
Easy Studio Medi 1038,Constant crashes after the latest update. Terrible experience.,Negative,-0.81,0.675
Easy Studio Medi 1038,"Best in its class, saves me so much time every day.",Positive,0.714,0.571
Easy Studio Medi 1038,"Good concept, waiting for future feature updates.",Neutral,0.129,0.282
Easy Studio Medi 1038,Average performance. UI could use some polishing.,Neutral,0.114,0.236
Easy Studio Medi 1038,Great customer support and seamless synchronization.,Positive,0.494,0.754
Easy Studio Medi 1038,Battery drain is immense and phone overheats quickly.,Negative,-0.566,0.558
Daily Flow Fami 479,Customer service never responded to my refund ticket.,Negative,-0.679,0.798
Daily Flow Fami 479,"Full of bugs, login screen freezes constantly.",Negative,-0.618,0.82
Daily Flow Fami 479,Subscription fee is ridiculous for basic features that used to be free.,Negative,-0.205,0.867
Daily Flow Fami 479,Battery drain is immense and phone overheats quickly.,Negative,-0.529,0.551
Daily Flow Fami 479,"Good concept, waiting for future feature updates.",Neutral,0.04,0.337
Daily Flow Fami 479,Customer service never responded to my refund ticket.,Negative,-0.206,0.52
Daily Flow Fami 479,"Best in its class, saves me so much time every day.",Positive,0.91,0.822
Global Lite Busi 1453,Great customer support and seamless synchronization.,Positive,0.842,0.423
Global Lite Busi 1453,Battery drain is immense and phone overheats quickly.,Negative,-0.309,0.833
Global Lite Busi 1453,Average performance. UI could use some polishing.,Neutral,0.055,0.291
Global Lite Busi 1453,Subscription fee is ridiculous for basic features that used to be free.,Negative,-0.621,0.523
Global Lite Busi 1453,Subscription fee is ridiculous for basic features that used to be free.,Negative,-0.503,0.755
Global Lite Busi 1453,Great customer support and seamless synchronization.,Positive,0.682,0.464
Global Lite Busi 1453,Customer service never responded to my refund ticket.,Negative,-0.488,0.571
Global Lite Busi 1453,Absolutely love this app! Very smooth UI and responsive.,Positive,0.642,0.742
Global Lite Busi 1453,Essential utility for daily workflow. Fast loading.,Positive,0.308,0.458
Master Hero Fami 1062,Essential utility for daily workflow. Fast loading.,Positive,0.474,0.8
Master Hero Fami 1062,Essential utility for daily workflow. Fast loading.,Positive,0.63,0.431
Master Hero Fami 1062,"Works okay on tablet, bit clunky on small screens.",Neutral,-0.006,0.212
Master Hero Fami 1062,Incredible features and clean layout. Worth every penny.,Positive,0.542,0.541
Master Hero Fami 1062,Customer service never responded to my refund ticket.,Negative,-0.733,0.572
Master Hero Fami 1062,"Best in its class, saves me so much time every day.",Positive,0.266,0.756
Master Hero Fami 1062,Game is highly addictive with stellar graphics!,Positive,0.303,0.637
Hyper Portal Busi 2444,"Best in its class, saves me so much time every day.",Positive,0.564,0.635
Hyper Portal Busi 2444,Battery drain is immense and phone overheats quickly.,Negative,-0.152,0.852
Hyper Portal Busi 2444,"Best in its class, saves me so much time every day.",Positive,0.734,0.418
Hyper Portal Busi 2444,Great customer support and seamless synchronization.,Positive,0.296,0.438
Hyper Portal Busi 2444,"Works okay on tablet, bit clunky on small screens.",Neutral,-0.088,0.211
Hyper Portal Busi 2444,Average performance. UI could use some polishing.,Neutral,-0.085,0.354
Hyper Portal Busi 2444,Absolutely love this app! Very smooth UI and responsive.,Positive,0.62,0.536
Hyper Portal Busi 2444,Game is highly addictive with stellar graphics!,Positive,0.288,0.481
Hyper Portal Busi 2444,Great customer support and seamless synchronization.,Positive,0.893,0.439
Hyper Portal Busi 2444,Great customer support and seamless synchronization.,Positive,0.628,0.729
Hyper Portal Busi 2444,Constant crashes after the latest update. Terrible experience.,Negative,-0.828,0.558
Hyper Portal Busi 2444,Essential utility for daily workflow. Fast loading.,Positive,0.934,0.819
Fast Hub Pers 299,"Works okay on tablet, bit clunky on small screens.",Neutral,0.014,0.363
Fast Hub Pers 299,Game is highly addictive with stellar graphics!,Positive,0.514,0.561
Fast Hub Pers 299,Great customer support and seamless synchronization.,Positive,0.87,0.494
Fast Hub Pers 299,"Decent app overall, does the job but lacks advanced customization.",Neutral,0.053,0.351
Fast Hub Pers 299,Too many intrusive video ads every 30 seconds. Uninstalled.,Negative,-0.599,0.783
Fast Hub Pers 299,Absolutely love this app! Very smooth UI and responsive.,Positive,0.348,0.681
Fast Hub Pers 299,Incredible features and clean layout. Worth every penny.,Positive,0.394,0.77
Fast Hub Pers 299,Essential utility for daily workflow. Fast loading.,Positive,0.776,0.486
Fast Hub Pers 299,Essential utility for daily workflow. Fast loading.,Positive,0.912,0.437
Fast Hub Pers 299,Essential utility for daily workflow. Fast loading.,Positive,0.938,0.54
Fast Hub Pers 299,Battery drain is immense and phone overheats quickly.,Negative,-0.615,0.803
Fast Hub Pers 299,"Best in its class, saves me so much time every day.",Positive,0.514,0.408
Super Plus Fina 2221,Subscription fee is ridiculous for basic features that used to be free.,Negative,-0.84,0.648
Super Plus Fina 2221,Battery drain is immense and phone overheats quickly.,Negative,-0.407,0.505
Super Plus Fina 2221,"Good concept, waiting for future feature updates.",Neutral,0.104,0.269
Super Plus Fina 2221,Game is highly addictive with stellar graphics!,Positive,0.921,0.653
Super Plus Fina 2221,Incredible features and clean layout. Worth every penny.,Positive,0.713,0.604
Super Plus Fina 2221,"Works okay on tablet, bit clunky on small screens.",Neutral,-0.038,0.194
Super Plus Fina 2221,Game is highly addictive with stellar graphics!,Positive,0.647,0.771
Daily Tracker Life 179,Essential utility for daily workflow. Fast loading.,Positive,0.274,0.503
Daily Tracker Life 179,Battery drain is immense and phone overheats quickly.,Negative,-0.495,0.543
Daily Tracker Life 179,Absolutely love this app! Very smooth UI and responsive.,Positive,0.363,0.646
Daily Tracker Life 179,Great customer support and seamless synchronization.,Positive,0.94,0.652
Daily Tracker Life 179,"Good concept, waiting for future feature updates.",Neutral,0.108,0.24
Daily Tracker Life 179,Essential utility for daily workflow. Fast loading.,Positive,0.758,0.681
Daily Tracker Life 179,Essential utility for daily workflow. Fast loading.,Positive,0.74,0.524
Master Vault Game 1191,Battery drain is immense and phone overheats quickly.,Negative,-0.151,0.645
Master Vault Game 1191,Too many intrusive video ads every 30 seconds. Uninstalled.,Negative,-0.683,0.713
Master Vault Game 1191,Absolutely love this app! Very smooth UI and responsive.,Positive,0.928,0.476
Master Vault Game 1191,"Works okay on tablet, bit clunky on small screens.",Neutral,0.024,0.241
Master Vault Game 1191,Absolutely love this app! Very smooth UI and responsive.,Positive,0.801,0.626
Master Vault Game 1191,Game is highly addictive with stellar graphics!,Positive,0.669,0.556
Master Vault Game 1191,Essential utility for daily workflow. Fast loading.,Positive,0.461,0.603
Master Vault Game 1191,Great customer support and seamless synchronization.,Positive,0.725,0.503
Master Vault Game 1191,Essential utility for daily workflow. Fast loading.,Positive,0.917,0.807
Master Vault Game 1191,"Full of bugs, login screen freezes constantly.",Negative,-0.362,0.476
Master Vault Game 1191,Customer service never responded to my refund ticket.,Negative,-0.796,0.668
Pocket Lite Prod 2483,"Works okay on tablet, bit clunky on small screens.",Neutral,-0.04,0.325
Pocket Lite Prod 2483,Essential utility for daily workflow. Fast loading.,Positive,0.424,0.586
Pocket Lite Prod 2483,Incredible features and clean layout. Worth every penny.,Positive,0.259,0.619
Pocket Lite Prod 2483,Customer service never responded to my refund ticket.,Negative,-0.328,0.623
Pocket Lite Prod 2483,Game is highly addictive with stellar graphics!,Positive,0.477,0.48
Hyper Flow Heal 189,"Best in its class, saves me so much time every day.",Positive,0.752,0.72
Hyper Flow Heal 189,Too many intrusive video ads every 30 seconds. Uninstalled.,Negative,-0.242,0.792
Hyper Flow Heal 189,Subscription fee is ridiculous for basic features that used to be free.,Negative,-0.369,0.676
Hyper Flow Heal 189,"Good concept, waiting for future feature updates.",Neutral,0.07,0.256
Hyper Flow Heal 189,"Decent app overall, does the job but lacks advanced customization.",Neutral,-0.013,0.336
Hyper Flow Heal 189,Incredible features and clean layout. Worth every penny.,Positive,0.505,0.587
Hyper Flow Heal 189,Game is highly addictive with stellar graphics!,Positive,0.54,0.844
Hyper Flow Heal 189,"Decent app overall, does the job but lacks advanced customization.",Neutral,0.041,0.255
Hyper Flow Heal 189,Subscription fee is ridiculous for basic features that used to be free.,Negative,-0.674,0.738
Hyper Flow Heal 189,Incredible features and clean layout. Worth every penny.,Positive,0.47,0.713
Daily Manager Phot 1509,"Decent app overall, does the job but lacks advanced customization.",Neutral,-0.045,0.297
Daily Manager Phot 1509,"Best in its class, saves me so much time every day.",Positive,0.381,0.517
Daily Manager Phot 1509,Absolutely love this app! Very smooth UI and responsive.,Positive,0.608,0.568
Daily Manager Phot 1509,Constant crashes after the latest update. Terrible experience.,Negative,-0.435,0.487
Daily Manager Phot 1509,Essential utility for daily workflow. Fast loading.,Positive,0.551,0.655
Daily Manager Phot 1509,"Good concept, waiting for future feature updates.",Neutral,0.04,0.34
Hyper Tracker Tool 1897,Great customer support and seamless synchronization.,Positive,0.463,0.617
Hyper Tracker Tool 1897,"Full of bugs, login screen freezes constantly.",Negative,-0.411,0.896
Hyper Tracker Tool 1897,Constant crashes after the latest update. Terrible experience.,Negative,-0.45,0.868
Hyper Tracker Tool 1897,"Best in its class, saves me so much time every day.",Positive,0.596,0.423
Hyper Tracker Tool 1897,Subscription fee is ridiculous for basic features that used to be free.,Negative,-0.451,0.824
Hyper Tracker Tool 1897,Incredible features and clean layout. Worth every penny.,Positive,0.82,0.729
Hyper Tracker Tool 1897,"Best in its class, saves me so much time every day.",Positive,0.415,0.824
Hyper Tracker Tool 1897,Incredible features and clean layout. Worth every penny.,Positive,0.534,0.813
Hyper Tracker Tool 1897,Constant crashes after the latest update. Terrible experience.,Negative,-0.508,0.542
Hyper Tracker Tool 1897,Great customer support and seamless synchronization.,Positive,0.313,0.771
Hyper Tracker Tool 1897,Average performance. UI could use some polishing.,Neutral,0.017,0.321
Easy Portal Phot 830,"Good concept, waiting for future feature updates.",Neutral,0.067,0.207
Easy Portal Phot 830,Game is highly addictive with stellar graphics!,Positive,0.802,0.478
Easy Portal Phot 830,"Best in its class, saves me so much time every day.",Positive,0.494,0.612
Easy Portal Phot 830,Battery drain is immense and phone overheats quickly.,Negative,-0.507,0.618
Easy Portal Phot 830,Battery drain is immense and phone overheats quickly.,Negative,-0.734,0.724
Pocket Hub Heal 908,Constant crashes after the latest update. Terrible experience.,Negative,-0.291,0.846
Pocket Hub Heal 908,"Decent app overall, does the job but lacks advanced customization.",Neutral,-0.046,0.336
Pocket Hub Heal 908,Absolutely love this app! Very smooth UI and responsive.,Positive,0.403,0.457
Pocket Hub Heal 908,Too many intrusive video ads every 30 seconds. Uninstalled.,Negative,-0.353,0.587
Pocket Hub Heal 908,Subscription fee is ridiculous for basic features that used to be free.,Negative,-0.705,0.807
Pocket Hub Heal 908,Essential utility for daily workflow. Fast loading.,Positive,0.41,0.554
Pocket Hub Heal 908,Absolutely love this app! Very smooth UI and responsive.,Positive,0.64,0.711
Pocket Hub Heal 908,"Best in its class, saves me so much time every day.",Positive,0.834,0.643
Pocket Hub Heal 908,Subscription fee is ridiculous for basic features that used to be free.,Negative,-0.25,0.753
Smart Flow Medi 2324,Game is highly addictive with stellar graphics!,Positive,0.927,0.698
Smart Flow Medi 2324,"Best in its class, saves me so much time every day.",Positive,0.893,0.835
Smart Flow Medi 2324,"Decent app overall, does the job but lacks advanced customization.",Neutral,-0.077,0.383
Smart Flow Medi 2324,Absolutely love this app! Very smooth UI and responsive.,Positive,0.577,0.758
Smart Flow Medi 2324,"Best in its class, saves me so much time every day.",Positive,0.696,0.591
Smart Flow Medi 2324,Game is highly addictive with stellar graphics!,Positive,0.706,0.822
Smart Flow Medi 2324,"Best in its class, saves me so much time every day.",Positive,0.605,0.693
Smart Flow Medi 2324,Incredible features and clean layout. Worth every penny.,Positive,0.657,0.526
Smart Flow Medi 2324,"Best in its class, saves me so much time every day.",Positive,0.934,0.621
Smart Flow Medi 2324,"Best in its class, saves me so much time every day.",Positive,0.717,0.671
Fast Assistant Tool 1711,"Works okay on tablet, bit clunky on small screens.",Neutral,-0.01,0.236
Fast Assistant Tool 1711,Customer service never responded to my refund ticket.,Negative,-0.33,0.747
Fast Assistant Tool 1711,Incredible features and clean layout. Worth every penny.,Positive,0.768,0.457
Fast Assistant Tool 1711,Customer service never responded to my refund ticket.,Negative,-0.619,0.653
Fast Assistant Tool 1711,Essential utility for daily workflow. Fast loading.,Positive,0.49,0.766
Fast Hub Life 1115,Game is highly addictive with stellar graphics!,Positive,0.601,0.65
Fast Hub Life 1115,Absolutely love this app! Very smooth UI and responsive.,Positive,0.338,0.786
Fast Hub Life 1115,"Best in its class, saves me so much time every day.",Positive,0.449,0.784
Fast Hub Life 1115,Great customer support and seamless synchronization.,Positive,0.673,0.625
Fast Hub Life 1115,Essential utility for daily workflow. Fast loading.,Positive,0.67,0.627
Fast Hub Life 1115,"Best in its class, saves me so much time every day.",Positive,0.887,0.808
Fast Hub Life 1115,Absolutely love this app! Very smooth UI and responsive.,Positive,0.444,0.61
Fast Hub Life 1115,Incredible features and clean layout. Worth every penny.,Positive,0.652,0.511
Hyper Tracker Heal 2242,Incredible features and clean layout. Worth every penny.,Positive,0.558,0.778
Hyper Tracker Heal 2242,"Best in its class, saves me so much time every day.",Positive,0.921,0.716
Hyper Tracker Heal 2242,Subscription fee is ridiculous for basic features that used to be free.,Negative,-0.774,0.705
Hyper Tracker Heal 2242,Incredible features and clean layout. Worth every penny.,Positive,0.746,0.654
Hyper Tracker Heal 2242,Too many intrusive video ads every 30 seconds. Uninstalled.,Negative,-0.456,0.703
Hyper Tracker Heal 2242,Incredible features and clean layout. Worth every penny.,Positive,0.383,0.784
NextGen Studio Phot 2149,Battery drain is immense and phone overheats quickly.,Negative,-0.529,0.825
NextGen Studio Phot 2149,"Works okay on tablet, bit clunky on small screens.",Neutral,-0.081,0.37
NextGen Studio Phot 2149,"Works okay on tablet, bit clunky on small screens.",Neutral,-0.014,0.235
NextGen Studio Phot 2149,Constant crashes after the latest update. Terrible experience.,Negative,-0.355,0.712
NextGen Studio Phot 2149,Incredible features and clean layout. Worth every penny.,Positive,0.666,0.724
NextGen Studio Phot 2149,"Full of bugs, login screen freezes constantly.",Negative,-0.719,0.876
NextGen Studio Phot 2149,Essential utility for daily workflow. Fast loading.,Positive,0.931,0.753
NextGen Studio Phot 2149,Great customer support and seamless synchronization.,Positive,0.78,0.573
NextGen Studio Phot 2149,Absolutely love this app! Very smooth UI and responsive.,Positive,0.655,0.528
NextGen Tracker Game 663,Constant crashes after the latest update. Terrible experience.,Negative,-0.559,0.498
NextGen Tracker Game 663,Customer service never responded to my refund ticket.,Negative,-0.689,0.465
NextGen Tracker Game 663,Great customer support and seamless synchronization.,Positive,0.279,0.821
NextGen Tracker Game 663,Essential utility for daily workflow. Fast loading.,Positive,0.348,0.806
NextGen Tracker Game 663,Average performance. UI could use some polishing.,Neutral,0.038,0.287
NextGen Tracker Game 663,Average performance. UI could use some polishing.,Neutral,-0.097,0.378
NextGen Tracker Game 663,Subscription fee is ridiculous for basic features that used to be free.,Negative,-0.253,0.643
Easy Flow Prod 756,Absolutely love this app! Very smooth UI and responsive.,Positive,0.39,0.6
Easy Flow Prod 756,Incredible features and clean layout. Worth every penny.,Positive,0.602,0.844
Easy Flow Prod 756,Game is highly addictive with stellar graphics!,Positive,0.588,0.607
Easy Flow Prod 756,Essential utility for daily workflow. Fast loading.,Positive,0.738,0.556
Easy Flow Prod 756,Battery drain is immense and phone overheats quickly.,Negative,-0.507,0.579
Easy Flow Prod 756,Average performance. UI could use some polishing.,Neutral,0.047,0.272
Easy Flow Prod 756,Incredible features and clean layout. Worth every penny.,Positive,0.524,0.603
Easy Flow Prod 756,Constant crashes after the latest update. Terrible experience.,Negative,-0.575,0.777
Daily Assistant Fami 44,Essential utility for daily workflow. Fast loading.,Positive,0.946,0.522
Daily Assistant Fami 44,Great customer support and seamless synchronization.,Positive,0.708,0.623
Daily Assistant Fami 44,"Decent app overall, does the job but lacks advanced customization.",Neutral,0.089,0.279
Daily Assistant Fami 44,Great customer support and seamless synchronization.,Positive,0.337,0.782
Daily Assistant Fami 44,Absolutely love this app! Very smooth UI and responsive.,Positive,0.346,0.665
Pocket Plus Game 1011,Game is highly addictive with stellar graphics!,Positive,0.339,0.522
Pocket Plus Game 1011,Great customer support and seamless synchronization.,Positive,0.876,0.709
Pocket Plus Game 1011,Great customer support and seamless synchronization.,Positive,0.286,0.406
Pocket Plus Game 1011,Incredible features and clean layout. Worth every penny.,Positive,0.52,0.774
Pocket Plus Game 1011,Subscription fee is ridiculous for basic features that used to be free.,Negative,-0.312,0.456
Pocket Plus Game 1011,Great customer support and seamless synchronization.,Positive,0.72,0.835
Pocket Plus Game 1011,"Works okay on tablet, bit clunky on small screens.",Neutral,-0.048,0.277
Global Manager Prod 1048,Game is highly addictive with stellar graphics!,Positive,0.892,0.719
Global Manager Prod 1048,Customer service never responded to my refund ticket.,Negative,-0.503,0.56
Global Manager Prod 1048,Great customer support and seamless synchronization.,Positive,0.412,0.658
Global Manager Prod 1048,"Good concept, waiting for future feature updates.",Neutral,-0.074,0.177
Global Manager Prod 1048,Great customer support and seamless synchronization.,Positive,0.515,0.43
Global Manager Prod 1048,Absolutely love this app! Very smooth UI and responsive.,Positive,0.391,0.406
Global Manager Prod 1048,Essential utility for daily workflow. Fast loading.,Positive,0.629,0.514
Global Manager Prod 1048,Too many intrusive video ads every 30 seconds. Uninstalled.,Negative,-0.599,0.48
Global Manager Prod 1048,Great customer support and seamless synchronization.,Positive,0.709,0.488
Global Manager Prod 1048,Incredible features and clean layout. Worth every penny.,Positive,0.852,0.406
Daily Flow Fami 1299,Great customer support and seamless synchronization.,Positive,0.448,0.772
Daily Flow Fami 1299,Game is highly addictive with stellar graphics!,Positive,0.685,0.732
Daily Flow Fami 1299,Essential utility for daily workflow. Fast loading.,Positive,0.728,0.742
Daily Flow Fami 1299,Great customer support and seamless synchronization.,Positive,0.63,0.601
Daily Flow Fami 1299,Game is highly addictive with stellar graphics!,Positive,0.522,0.594
Daily Flow Fami 1299,"Works okay on tablet, bit clunky on small screens.",Neutral,0.108,0.36
Daily Flow Fami 1299,Incredible features and clean layout. Worth every penny.,Positive,0.877,0.777
Daily Flow Fami 1299,"Good concept, waiting for future feature updates.",Neutral,-0.096,0.203
Daily Flow Fami 1299,Subscription fee is ridiculous for basic features that used to be free.,Negative,-0.465,0.69
Global Portal Tool 45,Essential utility for daily workflow. Fast loading.,Positive,0.707,0.41
Global Portal Tool 45,"Best in its class, saves me so much time every day.",Positive,0.535,0.472
Global Portal Tool 45,Customer service never responded to my refund ticket.,Negative,-0.707,0.731
Global Portal Tool 45,Subscription fee is ridiculous for basic features that used to be free.,Negative,-0.356,0.531
Global Portal Tool 45,Too many intrusive video ads every 30 seconds. Uninstalled.,Negative,-0.493,0.845
Global Portal Tool 45,Incredible features and clean layout. Worth every penny.,Positive,0.903,0.652
Global Portal Tool 45,Absolutely love this app! Very smooth UI and responsive.,Positive,0.406,0.771
Global Portal Tool 45,Game is highly addictive with stellar graphics!,Positive,0.607,0.425
Global Portal Tool 45,Game is highly addictive with stellar graphics!,Positive,0.534,0.604
Super Assistant Comm 1114,Essential utility for daily workflow. Fast loading.,Positive,0.798,0.766
Super Assistant Comm 1114,Great customer support and seamless synchronization.,Positive,0.344,0.415
Super Assistant Comm 1114,"Best in its class, saves me so much time every day.",Positive,0.621,0.842
Super Assistant Comm 1114,Game is highly addictive with stellar graphics!,Positive,0.439,0.561
Super Assistant Comm 1114,Too many intrusive video ads every 30 seconds. Uninstalled.,Negative,-0.683,0.826
Super Assistant Comm 1114,Absolutely love this app! Very smooth UI and responsive.,Positive,0.515,0.62
Global Tracker Medi 945,Essential utility for daily workflow. Fast loading.,Positive,0.369,0.742
Global Tracker Medi 945,"Best in its class, saves me so much time every day.",Positive,0.515,0.554
Global Tracker Medi 945,"Decent app overall, does the job but lacks advanced customization.",Neutral,-0.053,0.251
Global Tracker Medi 945,Game is highly addictive with stellar graphics!,Positive,0.584,0.516
Global Tracker Medi 945,Essential utility for daily workflow. Fast loading.,Positive,0.772,0.542
Global Tracker Medi 945,"Best in its class, saves me so much time every day.",Positive,0.499,0.724
Global Tracker Medi 945,"Good concept, waiting for future feature updates.",Neutral,0.069,0.387
Global Tracker Medi 945,"Best in its class, saves me so much time every day.",Positive,0.938,0.545
Global Tracker Medi 945,Customer service never responded to my refund ticket.,Negative,-0.259,0.722
Global Tracker Medi 945,"Decent app overall, does the job but lacks advanced customization.",Neutral,0.104,0.241
Global Tracker Medi 945,Absolutely love this app! Very smooth UI and responsive.,Positive,0.823,0.542
Global Tracker Medi 945,"Best in its class, saves me so much time every day.",Positive,0.801,0.645
Global Manager Tool 989,Game is highly addictive with stellar graphics!,Positive,0.549,0.731
Global Manager Tool 989,Absolutely love this app! Very smooth UI and responsive.,Positive,0.704,0.427
Global Manager Tool 989,Great customer support and seamless synchronization.,Positive,0.256,0.674
Global Manager Tool 989,Essential utility for daily workflow. Fast loading.,Positive,0.397,0.43
Global Manager Tool 989,Incredible features and clean layout. Worth every penny.,Positive,0.554,0.716
Global Manager Tool 989,Game is highly addictive with stellar graphics!,Positive,0.474,0.829
Global Manager Tool 989,Essential utility for daily workflow. Fast loading.,Positive,0.459,0.735
Global Manager Tool 989,"Best in its class, saves me so much time every day.",Positive,0.732,0.784
Global Manager Tool 989,"Full of bugs, login screen freezes constantly.",Negative,-0.744,0.585
Global Manager Tool 989,"Good concept, waiting for future feature updates.",Neutral,-0.065,0.342
Master Hub Medi 255,Absolutely love this app! Very smooth UI and responsive.,Positive,0.472,0.796
Master Hub Medi 255,Game is highly addictive with stellar graphics!,Positive,0.847,0.822
Master Hub Medi 255,Subscription fee is ridiculous for basic features that used to be free.,Negative,-0.715,0.695
Master Hub Medi 255,Average performance. UI could use some polishing.,Neutral,0.101,0.39
Master Hub Medi 255,Average performance. UI could use some polishing.,Neutral,0.016,0.244
Master Hub Medi 255,Customer service never responded to my refund ticket.,Negative,-0.38,0.798
Master Hub Medi 255,Customer service never responded to my refund ticket.,Negative,-0.492,0.734
Master Hub Medi 255,Game is highly addictive with stellar graphics!,Positive,0.921,0.513
Master Hub Medi 255,"Best in its class, saves me so much time every day.",Positive,0.917,0.849
Master Hub Medi 255,Constant crashes after the latest update. Terrible experience.,Negative,-0.704,0.7
Master Hub Medi 255,Battery drain is immense and phone overheats quickly.,Negative,-0.521,0.791
Master Hub Medi 255,Customer service never responded to my refund ticket.,Negative,-0.72,0.687
Global Hub Phot 1124,Average performance. UI could use some polishing.,Neutral,-0.055,0.293
Global Hub Phot 1124,Essential utility for daily workflow. Fast loading.,Positive,0.924,0.82
Global Hub Phot 1124,Too many intrusive video ads every 30 seconds. Uninstalled.,Negative,-0.493,0.764
Global Hub Phot 1124,"Works okay on tablet, bit clunky on small screens.",Neutral,-0.054,0.21
Global Hub Phot 1124,Essential utility for daily workflow. Fast loading.,Positive,0.316,0.626
Global Hub Phot 1124,Incredible features and clean layout. Worth every penny.,Positive,0.445,0.779
Global Hub Phot 1124,Battery drain is immense and phone overheats quickly.,Negative,-0.473,0.688
Global Hub Phot 1124,Average performance. UI could use some polishing.,Neutral,-0.079,0.341
Hyper Hero Game 912,"Good concept, waiting for future feature updates.",Neutral,0.001,0.157
Hyper Hero Game 912,Average performance. UI could use some polishing.,Neutral,0.026,0.258
Hyper Hero Game 912,Essential utility for daily workflow. Fast loading.,Positive,0.462,0.676
Hyper Hero Game 912,Game is highly addictive with stellar graphics!,Positive,0.656,0.74
Hyper Hero Game 912,"Good concept, waiting for future feature updates.",Neutral,0.011,0.257
Pro 3D Heal 622,Constant crashes after the latest update. Terrible experience.,Negative,-0.714,0.801
Pro 3D Heal 622,Constant crashes after the latest update. Terrible experience.,Negative,-0.483,0.528
Pro 3D Heal 622,Great customer support and seamless synchronization.,Positive,0.47,0.531
Pro 3D Heal 622,Battery drain is immense and phone overheats quickly.,Negative,-0.543,0.473
Pro 3D Heal 622,"Full of bugs, login screen freezes constantly.",Negative,-0.728,0.459
Pro 3D Heal 622,Incredible features and clean layout. Worth every penny.,Positive,0.631,0.48
Pro 3D Heal 622,Essential utility for daily workflow. Fast loading.,Positive,0.698,0.578
Pro 3D Heal 622,Average performance. UI could use some polishing.,Neutral,-0.002,0.17
Pro 3D Heal 622,Absolutely love this app! Very smooth UI and responsive.,Positive,0.846,0.532
Pro 3D Heal 622,Game is highly addictive with stellar graphics!,Positive,0.36,0.577
Pro 3D Heal 622,"Decent app overall, does the job but lacks advanced customization.",Neutral,-0.041,0.202
Easy Vault Phot 566,Absolutely love this app! Very smooth UI and responsive.,Positive,0.611,0.764
Easy Vault Phot 566,Customer service never responded to my refund ticket.,Negative,-0.5,0.707
Easy Vault Phot 566,Subscription fee is ridiculous for basic features that used to be free.,Negative,-0.285,0.558
Easy Vault Phot 566,Average performance. UI could use some polishing.,Neutral,0.115,0.32
Easy Vault Phot 566,Absolutely love this app! Very smooth UI and responsive.,Positive,0.293,0.828
Easy Vault Phot 566,Game is highly addictive with stellar graphics!,Positive,0.414,0.569
Easy Vault Phot 566,"Best in its class, saves me so much time every day.",Positive,0.617,0.563
Easy Vault Phot 566,Absolutely love this app! Very smooth UI and responsive.,Positive,0.453,0.401
Easy Vault Phot 566,Subscription fee is ridiculous for basic features that used to be free.,Negative,-0.419,0.867
Easy Vault Phot 566,Average performance. UI could use some polishing.,Neutral,-0.059,0.294
Easy Vault Phot 566,Absolutely love this app! Very smooth UI and responsive.,Positive,0.694,0.63
Hyper Tracker Tool 213,Game is highly addictive with stellar graphics!,Positive,0.762,0.748
Hyper Tracker Tool 213,Customer service never responded to my refund ticket.,Negative,-0.388,0.477
Hyper Tracker Tool 213,"Decent app overall, does the job but lacks advanced customization.",Neutral,-0.026,0.298
Hyper Tracker Tool 213,Subscription fee is ridiculous for basic features that used to be free.,Negative,-0.667,0.747
Hyper Tracker Tool 213,Essential utility for daily workflow. Fast loading.,Positive,0.687,0.809
Hyper Tracker Tool 213,Too many intrusive video ads every 30 seconds. Uninstalled.,Negative,-0.219,0.575
Hyper Tracker Tool 213,"Works okay on tablet, bit clunky on small screens.",Neutral,-0.003,0.273
Hyper Tracker Tool 213,Incredible features and clean layout. Worth every penny.,Positive,0.941,0.793
Hyper Tracker Tool 213,"Best in its class, saves me so much time every day.",Positive,0.886,0.594
Hyper Tracker Tool 213,"Best in its class, saves me so much time every day.",Positive,0.888,0.523
Hyper Tracker Tool 213,Average performance. UI could use some polishing.,Neutral,-0.013,0.336
Global Studio Life 2077,Absolutely love this app! Very smooth UI and responsive.,Positive,0.7,0.407
Global Studio Life 2077,"Best in its class, saves me so much time every day.",Positive,0.682,0.569
Global Studio Life 2077,Essential utility for daily workflow. Fast loading.,Positive,0.711,0.846
Global Studio Life 2077,Customer service never responded to my refund ticket.,Negative,-0.829,0.642
Global Studio Life 2077,Incredible features and clean layout. Worth every penny.,Positive,0.629,0.505
Smart Tracker Heal 2160,Constant crashes after the latest update. Terrible experience.,Negative,-0.5,0.486
Smart Tracker Heal 2160,Incredible features and clean layout. Worth every penny.,Positive,0.5,0.731
Smart Tracker Heal 2160,Great customer support and seamless synchronization.,Positive,0.893,0.79
Smart Tracker Heal 2160,Battery drain is immense and phone overheats quickly.,Negative,-0.322,0.711
Smart Tracker Heal 2160,"Best in its class, saves me so much time every day.",Positive,0.605,0.702
Smart Tracker Heal 2160,Incredible features and clean layout. Worth every penny.,Positive,0.8,0.481
Smart Tracker Heal 2160,Essential utility for daily workflow. Fast loading.,Positive,0.498,0.45
Smart Tracker Heal 2160,Game is highly addictive with stellar graphics!,Positive,0.633,0.454
Fast Hero Pers 1280,Game is highly addictive with stellar graphics!,Positive,0.366,0.834
Fast Hero Pers 1280,"Decent app overall, does the job but lacks advanced customization.",Neutral,0.019,0.207
Fast Hero Pers 1280,Battery drain is immense and phone overheats quickly.,Negative,-0.325,0.72
Fast Hero Pers 1280,Great customer support and seamless synchronization.,Positive,0.457,0.424
Fast Hero Pers 1280,Customer service never responded to my refund ticket.,Negative,-0.325,0.614
Fast Hero Pers 1280,Too many intrusive video ads every 30 seconds. Uninstalled.,Negative,-0.51,0.72
Fast Hero Pers 1280,Too many intrusive video ads every 30 seconds. Uninstalled.,Negative,-0.457,0.678
Smart Portal Comm 846,Essential utility for daily workflow. Fast loading.,Positive,0.838,0.617
Smart Portal Comm 846,Incredible features and clean layout. Worth every penny.,Positive,0.397,0.663
Smart Portal Comm 846,Essential utility for daily workflow. Fast loading.,Positive,0.643,0.56
Smart Portal Comm 846,"Best in its class, saves me so much time every day.",Positive,0.407,0.412
Smart Portal Comm 846,Incredible features and clean layout. Worth every penny.,Positive,0.825,0.529
Smart Portal Comm 846,"Best in its class, saves me so much time every day.",Positive,0.831,0.666
Smart Portal Comm 846,Incredible features and clean layout. Worth every penny.,Positive,0.818,0.55
Smart Portal Comm 846,Incredible features and clean layout. Worth every penny.,Positive,0.906,0.63
Smart Portal Comm 846,Absolutely love this app! Very smooth UI and responsive.,Positive,0.484,0.412
Super Manager Game 1741,"Best in its class, saves me so much time every day.",Positive,0.888,0.61
Super Manager Game 1741,Absolutely love this app! Very smooth UI and responsive.,Positive,0.68,0.617
Super Manager Game 1741,Game is highly addictive with stellar graphics!,Positive,0.651,0.504
Super Manager Game 1741,Absolutely love this app! Very smooth UI and responsive.,Positive,0.58,0.618
Super Manager Game 1741,Essential utility for daily workflow. Fast loading.,Positive,0.257,0.49
Super Manager Game 1741,Game is highly addictive with stellar graphics!,Positive,0.62,0.8
Super Manager Game 1741,"Full of bugs, login screen freezes constantly.",Negative,-0.573,0.753
Super Manager Game 1741,"Best in its class, saves me so much time every day.",Positive,0.585,0.751
Super Manager Game 1741,Game is highly addictive with stellar graphics!,Positive,0.514,0.402
Super Manager Game 1741,Game is highly addictive with stellar graphics!,Positive,0.515,0.426
Quick Manager Heal 2447,"Works okay on tablet, bit clunky on small screens.",Neutral,-0.034,0.187
Quick Manager Heal 2447,Great customer support and seamless synchronization.,Positive,0.251,0.596
Quick Manager Heal 2447,Great customer support and seamless synchronization.,Positive,0.698,0.56
Quick Manager Heal 2447,"Good concept, waiting for future feature updates.",Neutral,-0.099,0.204
Quick Manager Heal 2447,Incredible features and clean layout. Worth every penny.,Positive,0.332,0.408
Quick Manager Heal 2447,Essential utility for daily workflow. Fast loading.,Positive,0.48,0.838
Quick Manager Heal 2447,Essential utility for daily workflow. Fast loading.,Positive,0.893,0.588
Quick Manager Heal 2447,Great customer support and seamless synchronization.,Positive,0.905,0.498
Quick Manager Heal 2447,Subscription fee is ridiculous for basic features that used to be free.,Negative,-0.713,0.661
Hyper Manager Life 171,"Best in its class, saves me so much time every day.",Positive,0.433,0.691
Hyper Manager Life 171,Incredible features and clean layout. Worth every penny.,Positive,0.421,0.573
Hyper Manager Life 171,Great customer support and seamless synchronization.,Positive,0.831,0.826
Hyper Manager Life 171,Great customer support and seamless synchronization.,Positive,0.404,0.494
Hyper Manager Life 171,Battery drain is immense and phone overheats quickly.,Negative,-0.682,0.615
Hyper Manager Life 171,Subscription fee is ridiculous for basic features that used to be free.,Negative,-0.821,0.744
Global Hero Game 1667,Great customer support and seamless synchronization.,Positive,0.814,0.777
Global Hero Game 1667,"Good concept, waiting for future feature updates.",Neutral,0.076,0.158
Global Hero Game 1667,Great customer support and seamless synchronization.,Positive,0.817,0.62
Global Hero Game 1667,Subscription fee is ridiculous for basic features that used to be free.,Negative,-0.165,0.573
Global Hero Game 1667,Essential utility for daily workflow. Fast loading.,Positive,0.859,0.602
Global Hero Game 1667,Incredible features and clean layout. Worth every penny.,Positive,0.783,0.829
Global Hero Game 1667,Game is highly addictive with stellar graphics!,Positive,0.571,0.431
Global Hero Game 1667,Game is highly addictive with stellar graphics!,Positive,0.934,0.551
Global Hero Game 1667,Game is highly addictive with stellar graphics!,Positive,0.413,0.573
Global Hero Game 1667,Constant crashes after the latest update. Terrible experience.,Negative,-0.386,0.798
Super Flow Pers 1690,Game is highly addictive with stellar graphics!,Positive,0.394,0.804
Super Flow Pers 1690,Essential utility for daily workflow. Fast loading.,Positive,0.656,0.815
Super Flow Pers 1690,Essential utility for daily workflow. Fast loading.,Positive,0.264,0.765
Super Flow Pers 1690,Subscription fee is ridiculous for basic features that used to be free.,Negative,-0.174,0.591
Super Flow Pers 1690,Battery drain is immense and phone overheats quickly.,Negative,-0.227,0.464
Super Flow Pers 1690,Average performance. UI could use some polishing.,Neutral,0.101,0.374
Super Flow Pers 1690,Great customer support and seamless synchronization.,Positive,0.569,0.604
Super Flow Pers 1690,Essential utility for daily workflow. Fast loading.,Positive,0.547,0.815
Super Flow Pers 1690,Game is highly addictive with stellar graphics!,Positive,0.474,0.608
Pocket Studio Fina 2219,Incredible features and clean layout. Worth every penny.,Positive,0.784,0.453
Pocket Studio Fina 2219,Incredible features and clean layout. Worth every penny.,Positive,0.558,0.65
Pocket Studio Fina 2219,Subscription fee is ridiculous for basic features that used to be free.,Negative,-0.197,0.5
Pocket Studio Fina 2219,Incredible features and clean layout. Worth every penny.,Positive,0.816,0.712
Pocket Studio Fina 2219,Absolutely love this app! Very smooth UI and responsive.,Positive,0.637,0.465
Pocket Studio Fina 2219,Constant crashes after the latest update. Terrible experience.,Negative,-0.734,0.671
Pocket Studio Fina 2219,Essential utility for daily workflow. Fast loading.,Positive,0.844,0.629
Pocket Studio Fina 2219,Average performance. UI could use some polishing.,Neutral,-0.035,0.389
Fast Vault Tool 439,Subscription fee is ridiculous for basic features that used to be free.,Negative,-0.832,0.688
Fast Vault Tool 439,Essential utility for daily workflow. Fast loading.,Positive,0.493,0.85
Fast Vault Tool 439,Battery drain is immense and phone overheats quickly.,Negative,-0.715,0.771
Fast Vault Tool 439,Incredible features and clean layout. Worth every penny.,Positive,0.4,0.805
Fast Vault Tool 439,Great customer support and seamless synchronization.,Positive,0.475,0.654
Fast Vault Tool 439,"Decent app overall, does the job but lacks advanced customization.",Neutral,0.023,0.181
Super Manager Tool 1291,Essential utility for daily workflow. Fast loading.,Positive,0.895,0.443
Super Manager Tool 1291,Constant crashes after the latest update. Terrible experience.,Negative,-0.847,0.786
Super Manager Tool 1291,Game is highly addictive with stellar graphics!,Positive,0.509,0.42
Super Manager Tool 1291,Absolutely love this app! Very smooth UI and responsive.,Positive,0.286,0.59
Super Manager Tool 1291,"Decent app overall, does the job but lacks advanced customization.",Neutral,0.011,0.398
Super Manager Tool 1291,Great customer support and seamless synchronization.,Positive,0.538,0.733
Super Manager Tool 1291,Great customer support and seamless synchronization.,Positive,0.602,0.804
Super Manager Tool 1291,Battery drain is immense and phone overheats quickly.,Negative,-0.742,0.866
Super Manager Tool 1291,Battery drain is immense and phone overheats quickly.,Negative,-0.154,0.77
Smart Portal Busi 2032,"Good concept, waiting for future feature updates.",Neutral,-0.071,0.363
Smart Portal Busi 2032,"Works okay on tablet, bit clunky on small screens.",Neutral,0.072,0.353
Smart Portal Busi 2032,Incredible features and clean layout. Worth every penny.,Positive,0.944,0.6
Smart Portal Busi 2032,"Works okay on tablet, bit clunky on small screens.",Neutral,0.109,0.326
Smart Portal Busi 2032,Average performance. UI could use some polishing.,Neutral,0.139,0.271
Smart Portal Busi 2032,Absolutely love this app! Very smooth UI and responsive.,Positive,0.838,0.545
Smart Portal Busi 2032,Average performance. UI could use some polishing.,Neutral,-0.011,0.328
Global Manager Game 2186,Customer service never responded to my refund ticket.,Negative,-0.285,0.657
Global Manager Game 2186,"Best in its class, saves me so much time every day.",Positive,0.75,0.401
Global Manager Game 2186,Subscription fee is ridiculous for basic features that used to be free.,Negative,-0.647,0.551
Global Manager Game 2186,Absolutely love this app! Very smooth UI and responsive.,Positive,0.924,0.471
Global Manager Game 2186,Absolutely love this app! Very smooth UI and responsive.,Positive,0.283,0.454
Smart Assistant Life 1420,Game is highly addictive with stellar graphics!,Positive,0.843,0.609
Smart Assistant Life 1420,Absolutely love this app! Very smooth UI and responsive.,Positive,0.556,0.846
Smart Assistant Life 1420,"Works okay on tablet, bit clunky on small screens.",Neutral,-0.074,0.257
Smart Assistant Life 1420,Battery drain is immense and phone overheats quickly.,Negative,-0.844,0.843
Smart Assistant Life 1420,Too many intrusive video ads every 30 seconds. Uninstalled.,Negative,-0.15,0.656
Smart Assistant Life 1420,Great customer support and seamless synchronization.,Positive,0.892,0.709
Super Hub Phot 1518,Essential utility for daily workflow. Fast loading.,Positive,0.32,0.809
Super Hub Phot 1518,Game is highly addictive with stellar graphics!,Positive,0.345,0.789
Super Hub Phot 1518,"Works okay on tablet, bit clunky on small screens.",Neutral,-0.091,0.335
Super Hub Phot 1518,Absolutely love this app! Very smooth UI and responsive.,Positive,0.527,0.843
Super Hub Phot 1518,Absolutely love this app! Very smooth UI and responsive.,Positive,0.473,0.539
Super Hub Phot 1518,Game is highly addictive with stellar graphics!,Positive,0.338,0.588
Super Hub Phot 1518,"Works okay on tablet, bit clunky on small screens.",Neutral,0.102,0.397
Super Hub Phot 1518,Essential utility for daily workflow. Fast loading.,Positive,0.281,0.492
Quick Portal Fami 368,Absolutely love this app! Very smooth UI and responsive.,Positive,0.474,0.758
Quick Portal Fami 368,Essential utility for daily workflow. Fast loading.,Positive,0.819,0.577
Quick Portal Fami 368,Incredible features and clean layout. Worth every penny.,Positive,0.271,0.681
Quick Portal Fami 368,Average performance. UI could use some polishing.,Neutral,-0.077,0.184
Quick Portal Fami 368,Customer service never responded to my refund ticket.,Negative,-0.811,0.816
Easy Lite Prod 436,Game is highly addictive with stellar graphics!,Positive,0.534,0.545
Easy Lite Prod 436,Battery drain is immense and phone overheats quickly.,Negative,-0.686,0.736
Easy Lite Prod 436,Essential utility for daily workflow. Fast loading.,Positive,0.93,0.451
Easy Lite Prod 436,"Good concept, waiting for future feature updates.",Neutral,-0.045,0.206
Easy Lite Prod 436,Great customer support and seamless synchronization.,Positive,0.772,0.811
Easy Lite Prod 436,Essential utility for daily workflow. Fast loading.,Positive,0.258,0.649
Easy Lite Prod 436,Great customer support and seamless synchronization.,Positive,0.272,0.55
Easy Lite Prod 436,Absolutely love this app! Very smooth UI and responsive.,Positive,0.407,0.749
Easy Lite Prod 436,Great customer support and seamless synchronization.,Positive,0.78,0.811
Easy Lite Prod 436,Incredible features and clean layout. Worth every penny.,Positive,0.5,0.774
Easy Lite Prod 436,Absolutely love this app! Very smooth UI and responsive.,Positive,0.471,0.414
NextGen 3D Life 1524,"Good concept, waiting for future feature updates.",Neutral,0.066,0.395
NextGen 3D Life 1524,"Best in its class, saves me so much time every day.",Positive,0.686,0.568
NextGen 3D Life 1524,Great customer support and seamless synchronization.,Positive,0.595,0.759
NextGen 3D Life 1524,"Best in its class, saves me so much time every day.",Positive,0.791,0.555
NextGen 3D Life 1524,"Full of bugs, login screen freezes constantly.",Negative,-0.264,0.885
Master Hero Pers 1836,Battery drain is immense and phone overheats quickly.,Negative,-0.457,0.719
Master Hero Pers 1836,Average performance. UI could use some polishing.,Neutral,-0.022,0.156
Master Hero Pers 1836,"Best in its class, saves me so much time every day.",Positive,0.484,0.556
Master Hero Pers 1836,Game is highly addictive with stellar graphics!,Positive,0.81,0.828
Master Hero Pers 1836,"Works okay on tablet, bit clunky on small screens.",Neutral,0.074,0.241
Master Hero Pers 1836,Average performance. UI could use some polishing.,Neutral,0.019,0.28
Master Hero Pers 1836,"Best in its class, saves me so much time every day.",Positive,0.297,0.841
Master Hero Pers 1836,"Best in its class, saves me so much time every day.",Positive,0.437,0.791
Master Hero Pers 1836,Battery drain is immense and phone overheats quickly.,Negative,-0.479,0.459
Master Hero Pers 1836,Game is highly addictive with stellar graphics!,Positive,0.546,0.472
Master Hero Pers 1836,Incredible features and clean layout. Worth every penny.,Positive,0.542,0.44
Smart Hero Pers 1570,Constant crashes after the latest update. Terrible experience.,Negative,-0.626,0.872
Smart Hero Pers 1570,Subscription fee is ridiculous for basic features that used to be free.,Negative,-0.311,0.562
Smart Hero Pers 1570,Too many intrusive video ads every 30 seconds. Uninstalled.,Negative,-0.257,0.806
Smart Hero Pers 1570,"Works okay on tablet, bit clunky on small screens.",Neutral,-0.09,0.319
Smart Hero Pers 1570,Absolutely love this app! Very smooth UI and responsive.,Positive,0.325,0.638
Smart Hero Pers 1570,Great customer support and seamless synchronization.,Positive,0.754,0.433
Smart Hero Pers 1570,Incredible features and clean layout. Worth every penny.,Positive,0.28,0.778
Smart Hero Pers 1570,Customer service never responded to my refund ticket.,Negative,-0.674,0.651
Smart Hero Pers 1570,Battery drain is immense and phone overheats quickly.,Negative,-0.462,0.794
Hyper Tracker Life 810,Subscription fee is ridiculous for basic features that used to be free.,Negative,-0.489,0.669
Hyper Tracker Life 810,Average performance. UI could use some polishing.,Neutral,-0.098,0.154
Hyper Tracker Life 810,"Good concept, waiting for future feature updates.",Neutral,0.029,0.352
Hyper Tracker Life 810,Constant crashes after the latest update. Terrible experience.,Negative,-0.619,0.744
Hyper Tracker Life 810,"Decent app overall, does the job but lacks advanced customization.",Neutral,0.037,0.217
Hyper Tracker Life 810,Incredible features and clean layout. Worth every penny.,Positive,0.749,0.411
NextGen Hero Phot 889,Essential utility for daily workflow. Fast loading.,Positive,0.329,0.725
NextGen Hero Phot 889,Game is highly addictive with stellar graphics!,Positive,0.937,0.72
NextGen Hero Phot 889,Essential utility for daily workflow. Fast loading.,Positive,0.613,0.771
NextGen Hero Phot 889,Great customer support and seamless synchronization.,Positive,0.663,0.686
NextGen Hero Phot 889,Average performance. UI could use some polishing.,Neutral,0.15,0.174
Super Tracker Prod 2110,Game is highly addictive with stellar graphics!,Positive,0.265,0.462
Super Tracker Prod 2110,Too many intrusive video ads every 30 seconds. Uninstalled.,Negative,-0.211,0.846
Super Tracker Prod 2110,"Works okay on tablet, bit clunky on small screens.",Neutral,0.107,0.344
Super Tracker Prod 2110,Absolutely love this app! Very smooth UI and responsive.,Positive,0.354,0.708
Super Tracker Prod 2110,"Full of bugs, login screen freezes constantly.",Negative,-0.483,0.536
Super Tracker Prod 2110,Constant crashes after the latest update. Terrible experience.,Negative,-0.53,0.814
Super Tracker Prod 2110,"Full of bugs, login screen freezes constantly.",Negative,-0.302,0.569
Super Tracker Prod 2110,"Good concept, waiting for future feature updates.",Neutral,0.05,0.362
Super Tracker Prod 2110,Great customer support and seamless synchronization.,Positive,0.354,0.51
Super Tracker Prod 2110,Incredible features and clean layout. Worth every penny.,Positive,0.772,0.566
Super Tracker Prod 2110,"Good concept, waiting for future feature updates.",Neutral,0.024,0.375
Smart Hero Heal 2322,Subscription fee is ridiculous for basic features that used to be free.,Negative,-0.602,0.833
Smart Hero Heal 2322,"Decent app overall, does the job but lacks advanced customization.",Neutral,-0.047,0.221
Smart Hero Heal 2322,Incredible features and clean layout. Worth every penny.,Positive,0.845,0.536
Smart Hero Heal 2322,"Works okay on tablet, bit clunky on small screens.",Neutral,-0.027,0.175
Smart Hero Heal 2322,Absolutely love this app! Very smooth UI and responsive.,Positive,0.62,0.465
Smart Hero Heal 2322,"Full of bugs, login screen freezes constantly.",Negative,-0.236,0.536
Pocket Plus Life 2193,Too many intrusive video ads every 30 seconds. Uninstalled.,Negative,-0.834,0.898
Pocket Plus Life 2193,"Works okay on tablet, bit clunky on small screens.",Neutral,-0.004,0.174
Pocket Plus Life 2193,Absolutely love this app! Very smooth UI and responsive.,Positive,0.875,0.701
Pocket Plus Life 2193,Incredible features and clean layout. Worth every penny.,Positive,0.593,0.544
Pocket Plus Life 2193,Great customer support and seamless synchronization.,Positive,0.772,0.71
Pocket Plus Life 2193,Average performance. UI could use some polishing.,Neutral,0.044,0.228
Pocket Plus Life 2193,Average performance. UI could use some polishing.,Neutral,-0.008,0.308
Daily Portal Comm 2072,"Works okay on tablet, bit clunky on small screens.",Neutral,0.029,0.238
Daily Portal Comm 2072,Great customer support and seamless synchronization.,Positive,0.337,0.477
Daily Portal Comm 2072,Game is highly addictive with stellar graphics!,Positive,0.511,0.676
Daily Portal Comm 2072,Essential utility for daily workflow. Fast loading.,Positive,0.891,0.587
Daily Portal Comm 2072,Game is highly addictive with stellar graphics!,Positive,0.555,0.473
Daily Portal Comm 2072,Great customer support and seamless synchronization.,Positive,0.415,0.763
Daily Portal Comm 2072,"Best in its class, saves me so much time every day.",Positive,0.884,0.455
Daily Portal Comm 2072,Essential utility for daily workflow. Fast loading.,Positive,0.675,0.739
Daily Portal Comm 2072,Incredible features and clean layout. Worth every penny.,Positive,0.694,0.612
Global Portal Prod 283,"Best in its class, saves me so much time every day.",Positive,0.876,0.408
Global Portal Prod 283,"Works okay on tablet, bit clunky on small screens.",Neutral,-0.08,0.393
Global Portal Prod 283,Great customer support and seamless synchronization.,Positive,0.457,0.79
Global Portal Prod 283,Essential utility for daily workflow. Fast loading.,Positive,0.521,0.741
Global Portal Prod 283,Game is highly addictive with stellar graphics!,Positive,0.406,0.564
Easy Hub Comm 211,Essential utility for daily workflow. Fast loading.,Positive,0.447,0.511
Easy Hub Comm 211,Essential utility for daily workflow. Fast loading.,Positive,0.402,0.827
Easy Hub Comm 211,Constant crashes after the latest update. Terrible experience.,Negative,-0.271,0.644
Easy Hub Comm 211,Subscription fee is ridiculous for basic features that used to be free.,Negative,-0.174,0.836
Easy Hub Comm 211,Subscription fee is ridiculous for basic features that used to be free.,Negative,-0.555,0.669
Easy Hub Comm 211,Subscription fee is ridiculous for basic features that used to be free.,Negative,-0.513,0.736
Easy Hub Comm 211,Customer service never responded to my refund ticket.,Negative,-0.201,0.486
Easy Hub Comm 211,"Good concept, waiting for future feature updates.",Neutral,-0.1,0.208
Daily Lite Fami 112,Game is highly addictive with stellar graphics!,Positive,0.842,0.478
Daily Lite Fami 112,Absolutely love this app! Very smooth UI and responsive.,Positive,0.7,0.601
Daily Lite Fami 112,"Full of bugs, login screen freezes constantly.",Negative,-0.323,0.74
Daily Lite Fami 112,Essential utility for daily workflow. Fast loading.,Positive,0.903,0.464
Daily Lite Fami 112,Great customer support and seamless synchronization.,Positive,0.408,0.677
Daily Lite Fami 112,"Best in its class, saves me so much time every day.",Positive,0.502,0.744
Daily Lite Fami 112,"Best in its class, saves me so much time every day.",Positive,0.569,0.514
Daily Lite Fami 112,Incredible features and clean layout. Worth every penny.,Positive,0.284,0.848
Daily Lite Fami 112,"Full of bugs, login screen freezes constantly.",Negative,-0.482,0.605
Pro Assistant Comm 1553,Incredible features and clean layout. Worth every penny.,Positive,0.618,0.594
Pro Assistant Comm 1553,Essential utility for daily workflow. Fast loading.,Positive,0.515,0.639
Pro Assistant Comm 1553,Game is highly addictive with stellar graphics!,Positive,0.748,0.64
Pro Assistant Comm 1553,Great customer support and seamless synchronization.,Positive,0.861,0.479
Pro Assistant Comm 1553,Customer service never responded to my refund ticket.,Negative,-0.293,0.578
Pro Assistant Comm 1553,Essential utility for daily workflow. Fast loading.,Positive,0.688,0.798
Hyper Hero Life 1223,Great customer support and seamless synchronization.,Positive,0.804,0.54
Hyper Hero Life 1223,Constant crashes after the latest update. Terrible experience.,Negative,-0.234,0.709
Hyper Hero Life 1223,Average performance. UI could use some polishing.,Neutral,0.071,0.194
Hyper Hero Life 1223,"Best in its class, saves me so much time every day.",Positive,0.702,0.425
Hyper Hero Life 1223,"Good concept, waiting for future feature updates.",Neutral,-0.022,0.17
Hyper Hero Life 1223,Essential utility for daily workflow. Fast loading.,Positive,0.743,0.613
Hyper Hero Life 1223,"Works okay on tablet, bit clunky on small screens.",Neutral,0.087,0.261
Hyper Hero Life 1223,Essential utility for daily workflow. Fast loading.,Positive,0.805,0.634
Pocket Lite Game 1099,Game is highly addictive with stellar graphics!,Positive,0.772,0.435
Pocket Lite Game 1099,Great customer support and seamless synchronization.,Positive,0.478,0.723
Pocket Lite Game 1099,Battery drain is immense and phone overheats quickly.,Negative,-0.165,0.714
Pocket Lite Game 1099,Constant crashes after the latest update. Terrible experience.,Negative,-0.77,0.702
Pocket Lite Game 1099,Too many intrusive video ads every 30 seconds. Uninstalled.,Negative,-0.689,0.735
Pocket Lite Game 1099,"Decent app overall, does the job but lacks advanced customization.",Neutral,-0.078,0.22
Pocket Lite Game 1099,Game is highly addictive with stellar graphics!,Positive,0.65,0.462
Pocket Lite Game 1099,"Full of bugs, login screen freezes constantly.",Negative,-0.209,0.713
Pocket Lite Game 1099,"Good concept, waiting for future feature updates.",Neutral,-0.027,0.39
Pocket Lite Game 1099,"Works okay on tablet, bit clunky on small screens.",Neutral,0.07,0.293
Pocket Lite Game 1099,"Full of bugs, login screen freezes constantly.",Negative,-0.411,0.519
Smart Plus Pers 822,Great customer support and seamless synchronization.,Positive,0.753,0.455
Smart Plus Pers 822,Constant crashes after the latest update. Terrible experience.,Negative,-0.33,0.53
Smart Plus Pers 822,Customer service never responded to my refund ticket.,Negative,-0.559,0.476
Smart Plus Pers 822,Absolutely love this app! Very smooth UI and responsive.,Positive,0.475,0.546
Smart Plus Pers 822,Incredible features and clean layout. Worth every penny.,Positive,0.857,0.745
Smart Plus Pers 822,"Full of bugs, login screen freezes constantly.",Negative,-0.361,0.65
Smart Plus Pers 822,Customer service never responded to my refund ticket.,Negative,-0.156,0.456
Quick Lite Game 2104,Incredible features and clean layout. Worth every penny.,Positive,0.692,0.559
Quick Lite Game 2104,Too many intrusive video ads every 30 seconds. Uninstalled.,Negative,-0.659,0.747
Quick Lite Game 2104,Essential utility for daily workflow. Fast loading.,Positive,0.88,0.532
Quick Lite Game 2104,"Works okay on tablet, bit clunky on small screens.",Neutral,0.006,0.326
Quick Lite Game 2104,Incredible features and clean layout. Worth every penny.,Positive,0.821,0.489
Pro Assistant Life 333,"Good concept, waiting for future feature updates.",Neutral,-0.071,0.181
Pro Assistant Life 333,Essential utility for daily workflow. Fast loading.,Positive,0.482,0.481
Pro Assistant Life 333,Incredible features and clean layout. Worth every penny.,Positive,0.394,0.824
Pro Assistant Life 333,Game is highly addictive with stellar graphics!,Positive,0.574,0.704
Pro Assistant Life 333,Subscription fee is ridiculous for basic features that used to be free.,Negative,-0.539,0.563
NextGen Portal Fina 253,Incredible features and clean layout. Worth every penny.,Positive,0.622,0.617
NextGen Portal Fina 253,Essential utility for daily workflow. Fast loading.,Positive,0.299,0.535
NextGen Portal Fina 253,Subscription fee is ridiculous for basic features that used to be free.,Negative,-0.431,0.566
NextGen Portal Fina 253,Game is highly addictive with stellar graphics!,Positive,0.303,0.803
NextGen Portal Fina 253,"Full of bugs, login screen freezes constantly.",Negative,-0.829,0.805
NextGen Portal Fina 253,Essential utility for daily workflow. Fast loading.,Positive,0.944,0.668
NextGen Portal Fina 253,Incredible features and clean layout. Worth every penny.,Positive,0.948,0.577
NextGen Lite Busi 252,Subscription fee is ridiculous for basic features that used to be free.,Negative,-0.267,0.573
NextGen Lite Busi 252,Essential utility for daily workflow. Fast loading.,Positive,0.313,0.454
NextGen Lite Busi 252,"Good concept, waiting for future feature updates.",Neutral,0.092,0.242
NextGen Lite Busi 252,Essential utility for daily workflow. Fast loading.,Positive,0.817,0.752
NextGen Lite Busi 252,Too many intrusive video ads every 30 seconds. Uninstalled.,Negative,-0.742,0.791
NextGen Lite Busi 252,Great customer support and seamless synchronization.,Positive,0.51,0.465
NextGen Lite Busi 252,Great customer support and seamless synchronization.,Positive,0.562,0.731
NextGen Lite Busi 252,"Best in its class, saves me so much time every day.",Positive,0.474,0.405
NextGen Lite Busi 252,"Decent app overall, does the job but lacks advanced customization.",Neutral,0.087,0.315
NextGen Lite Busi 252,Essential utility for daily workflow. Fast loading.,Positive,0.407,0.668
NextGen Lite Busi 252,Subscription fee is ridiculous for basic features that used to be free.,Negative,-0.662,0.777
Daily Hero Fami 2018,Game is highly addictive with stellar graphics!,Positive,0.312,0.674
Daily Hero Fami 2018,"Full of bugs, login screen freezes constantly.",Negative,-0.707,0.632
Daily Hero Fami 2018,"Decent app overall, does the job but lacks advanced customization.",Neutral,0.093,0.249
Daily Hero Fami 2018,"Works okay on tablet, bit clunky on small screens.",Neutral,-0.017,0.325
Daily Hero Fami 2018,Great customer support and seamless synchronization.,Positive,0.857,0.417
Daily Hero Fami 2018,Essential utility for daily workflow. Fast loading.,Positive,0.674,0.552
Super Lite Game 582,Absolutely love this app! Very smooth UI and responsive.,Positive,0.293,0.577
Super Lite Game 582,Essential utility for daily workflow. Fast loading.,Positive,0.898,0.757
Super Lite Game 582,Essential utility for daily workflow. Fast loading.,Positive,0.304,0.517
Super Lite Game 582,Game is highly addictive with stellar graphics!,Positive,0.859,0.834
Super Lite Game 582,Customer service never responded to my refund ticket.,Negative,-0.811,0.585
Super Lite Game 582,"Decent app overall, does the job but lacks advanced customization.",Neutral,-0.077,0.335
Super Lite Game 582,"Best in its class, saves me so much time every day.",Positive,0.862,0.71
Super Lite Game 582,Essential utility for daily workflow. Fast loading.,Positive,0.946,0.684
Super Lite Game 582,Battery drain is immense and phone overheats quickly.,Negative,-0.198,0.667
Super Lite Game 582,Too many intrusive video ads every 30 seconds. Uninstalled.,Negative,-0.314,0.718
Super Lite Game 582,Great customer support and seamless synchronization.,Positive,0.525,0.607
Pro Hub Busi 1559,Incredible features and clean layout. Worth every penny.,Positive,0.612,0.663
Pro Hub Busi 1559,Subscription fee is ridiculous for basic features that used to be free.,Negative,-0.788,0.532
Pro Hub Busi 1559,Great customer support and seamless synchronization.,Positive,0.519,0.745
Pro Hub Busi 1559,"Good concept, waiting for future feature updates.",Neutral,-0.027,0.287
Pro Hub Busi 1559,"Works okay on tablet, bit clunky on small screens.",Neutral,-0.098,0.314
Pro Studio Game 903,Essential utility for daily workflow. Fast loading.,Positive,0.828,0.495
Pro Studio Game 903,Great customer support and seamless synchronization.,Positive,0.65,0.612
Pro Studio Game 903,Absolutely love this app! Very smooth UI and responsive.,Positive,0.36,0.512
Pro Studio Game 903,"Full of bugs, login screen freezes constantly.",Negative,-0.649,0.612
Pro Studio Game 903,Essential utility for daily workflow. Fast loading.,Positive,0.345,0.673
Pro Studio Game 903,Incredible features and clean layout. Worth every penny.,Positive,0.371,0.681
Pro Studio Game 903,Essential utility for daily workflow. Fast loading.,Positive,0.663,0.758
Pro Studio Game 903,Subscription fee is ridiculous for basic features that used to be free.,Negative,-0.545,0.894
NextGen Tracker Tool 1841,Great customer support and seamless synchronization.,Positive,0.36,0.499
NextGen Tracker Tool 1841,"Best in its class, saves me so much time every day.",Positive,0.734,0.545
NextGen Tracker Tool 1841,Absolutely love this app! Very smooth UI and responsive.,Positive,0.859,0.804
NextGen Tracker Tool 1841,Essential utility for daily workflow. Fast loading.,Positive,0.356,0.467
NextGen Tracker Tool 1841,Customer service never responded to my refund ticket.,Negative,-0.726,0.868
NextGen Tracker Tool 1841,Battery drain is immense and phone overheats quickly.,Negative,-0.185,0.694
NextGen Tracker Tool 1841,Great customer support and seamless synchronization.,Positive,0.598,0.569
NextGen Tracker Tool 1841,"Good concept, waiting for future feature updates.",Neutral,0.101,0.3
NextGen Tracker Tool 1841,Game is highly addictive with stellar graphics!,Positive,0.91,0.585
NextGen Tracker Tool 1841,Customer service never responded to my refund ticket.,Negative,-0.501,0.636
Quick Assistant Life 1179,Game is highly addictive with stellar graphics!,Positive,0.729,0.804
Quick Assistant Life 1179,Absolutely love this app! Very smooth UI and responsive.,Positive,0.896,0.455
Quick Assistant Life 1179,Incredible features and clean layout. Worth every penny.,Positive,0.758,0.422
Quick Assistant Life 1179,Great customer support and seamless synchronization.,Positive,0.586,0.581
Quick Assistant Life 1179,Incredible features and clean layout. Worth every penny.,Positive,0.775,0.736
Quick Assistant Life 1179,Absolutely love this app! Very smooth UI and responsive.,Positive,0.705,0.544
Quick Assistant Life 1179,Absolutely love this app! Very smooth UI and responsive.,Positive,0.643,0.689
Quick Assistant Life 1179,"Works okay on tablet, bit clunky on small screens.",Neutral,0.022,0.273
Quick Assistant Life 1179,"Good concept, waiting for future feature updates.",Neutral,0.025,0.17
Quick Assistant Life 1179,Great customer support and seamless synchronization.,Positive,0.818,0.728
Super Tracker Prod 2292,Game is highly addictive with stellar graphics!,Positive,0.8,0.533
Super Tracker Prod 2292,Too many intrusive video ads every 30 seconds. Uninstalled.,Negative,-0.195,0.555
Super Tracker Prod 2292,Subscription fee is ridiculous for basic features that used to be free.,Negative,-0.656,0.708
Super Tracker Prod 2292,Average performance. UI could use some polishing.,Neutral,0.138,0.294
Super Tracker Prod 2292,Average performance. UI could use some polishing.,Neutral,0.098,0.383
Super Tracker Prod 2292,"Best in its class, saves me so much time every day.",Positive,0.601,0.677
Super Tracker Prod 2292,Absolutely love this app! Very smooth UI and responsive.,Positive,0.377,0.618
Super Tracker Prod 2292,Essential utility for daily workflow. Fast loading.,Positive,0.599,0.53
Super Tracker Prod 2292,Incredible features and clean layout. Worth every penny.,Positive,0.925,0.452
Super Tracker Prod 2292,Incredible features and clean layout. Worth every penny.,Positive,0.886,0.402
Super Tracker Prod 2292,Game is highly addictive with stellar graphics!,Positive,0.268,0.615
NextGen Assistant Busi 174,Absolutely love this app! Very smooth UI and responsive.,Positive,0.439,0.827
NextGen Assistant Busi 174,"Best in its class, saves me so much time every day.",Positive,0.934,0.584
NextGen Assistant Busi 174,Great customer support and seamless synchronization.,Positive,0.776,0.821
NextGen Assistant Busi 174,Great customer support and seamless synchronization.,Positive,0.64,0.598
NextGen Assistant Busi 174,Essential utility for daily workflow. Fast loading.,Positive,0.412,0.596
NextGen Assistant Busi 174,Game is highly addictive with stellar graphics!,Positive,0.702,0.637
NextGen Assistant Busi 174,Incredible features and clean layout. Worth every penny.,Positive,0.604,0.668
NextGen Assistant Busi 174,Customer service never responded to my refund ticket.,Negative,-0.24,0.654
NextGen Assistant Busi 174,Essential utility for daily workflow. Fast loading.,Positive,0.678,0.514
NextGen Assistant Busi 174,Essential utility for daily workflow. Fast loading.,Positive,0.671,0.576
NextGen Assistant Busi 174,Average performance. UI could use some polishing.,Neutral,0.111,0.23
Daily 3D Life 1704,Game is highly addictive with stellar graphics!,Positive,0.584,0.525
Daily 3D Life 1704,"Best in its class, saves me so much time every day.",Positive,0.306,0.5
Daily 3D Life 1704,Game is highly addictive with stellar graphics!,Positive,0.561,0.573
Daily 3D Life 1704,"Full of bugs, login screen freezes constantly.",Negative,-0.793,0.697
Daily 3D Life 1704,Great customer support and seamless synchronization.,Positive,0.578,0.568
Daily 3D Life 1704,Essential utility for daily workflow. Fast loading.,Positive,0.627,0.838
Daily 3D Life 1704,"Best in its class, saves me so much time every day.",Positive,0.82,0.418
Daily 3D Life 1704,Constant crashes after the latest update. Terrible experience.,Negative,-0.623,0.456
Daily 3D Life 1704,Essential utility for daily workflow. Fast loading.,Positive,0.329,0.504
Daily 3D Life 1704,Incredible features and clean layout. Worth every penny.,Positive,0.449,0.545
Super Manager Pers 1558,Incredible features and clean layout. Worth every penny.,Positive,0.462,0.483
Super Manager Pers 1558,Essential utility for daily workflow. Fast loading.,Positive,0.768,0.611
Super Manager Pers 1558,Average performance. UI could use some polishing.,Neutral,0.053,0.212
Super Manager Pers 1558,"Decent app overall, does the job but lacks advanced customization.",Neutral,0.094,0.341
Super Manager Pers 1558,"Best in its class, saves me so much time every day.",Positive,0.51,0.756
Super Manager Pers 1558,"Good concept, waiting for future feature updates.",Neutral,0.053,0.268
Super Vault Life 565,"Best in its class, saves me so much time every day.",Positive,0.603,0.729
Super Vault Life 565,Game is highly addictive with stellar graphics!,Positive,0.891,0.636
Super Vault Life 565,Essential utility for daily workflow. Fast loading.,Positive,0.478,0.612
Super Vault Life 565,"Full of bugs, login screen freezes constantly.",Negative,-0.748,0.766
Super Vault Life 565,"Best in its class, saves me so much time every day.",Positive,0.576,0.823
Hyper Assistant Heal 1919,Game is highly addictive with stellar graphics!,Positive,0.569,0.661
Hyper Assistant Heal 1919,Customer service never responded to my refund ticket.,Negative,-0.677,0.647
Hyper Assistant Heal 1919,Absolutely love this app! Very smooth UI and responsive.,Positive,0.648,0.696
Hyper Assistant Heal 1919,"Good concept, waiting for future feature updates.",Neutral,0.132,0.394
Hyper Assistant Heal 1919,Constant crashes after the latest update. Terrible experience.,Negative,-0.37,0.582
Hyper Assistant Heal 1919,"Decent app overall, does the job but lacks advanced customization.",Neutral,0.011,0.185
Hyper Assistant Heal 1919,Great customer support and seamless synchronization.,Positive,0.876,0.728
Hyper Assistant Heal 1919,"Decent app overall, does the job but lacks advanced customization.",Neutral,0.072,0.154
NextGen Hub Tool 1361,Customer service never responded to my refund ticket.,Negative,-0.723,0.877
NextGen Hub Tool 1361,"Best in its class, saves me so much time every day.",Positive,0.564,0.471
NextGen Hub Tool 1361,"Best in its class, saves me so much time every day.",Positive,0.261,0.68
NextGen Hub Tool 1361,Customer service never responded to my refund ticket.,Negative,-0.604,0.675
NextGen Hub Tool 1361,Game is highly addictive with stellar graphics!,Positive,0.474,0.663
NextGen Hub Tool 1361,"Works okay on tablet, bit clunky on small screens.",Neutral,-0.059,0.35
NextGen Hub Tool 1361,Absolutely love this app! Very smooth UI and responsive.,Positive,0.752,0.666
NextGen Hub Tool 1361,"Works okay on tablet, bit clunky on small screens.",Neutral,0.068,0.396
NextGen Hub Tool 1361,Battery drain is immense and phone overheats quickly.,Negative,-0.845,0.598
NextGen Hub Tool 1361,"Best in its class, saves me so much time every day.",Positive,0.733,0.763
NextGen Hub Tool 1361,Essential utility for daily workflow. Fast loading.,Positive,0.524,0.678
NextGen Hub Tool 1361,Game is highly addictive with stellar graphics!,Positive,0.615,0.792
Easy Hub Fami 1045,Game is highly addictive with stellar graphics!,Positive,0.769,0.838
Easy Hub Fami 1045,"Best in its class, saves me so much time every day.",Positive,0.846,0.584
Easy Hub Fami 1045,"Best in its class, saves me so much time every day.",Positive,0.295,0.458
Easy Hub Fami 1045,Game is highly addictive with stellar graphics!,Positive,0.633,0.649
Easy Hub Fami 1045,Too many intrusive video ads every 30 seconds. Uninstalled.,Negative,-0.512,0.875
Easy Hub Fami 1045,Average performance. UI could use some polishing.,Neutral,0.012,0.369
Easy Hub Fami 1045,"Best in its class, saves me so much time every day.",Positive,0.328,0.84
Easy Hub Fami 1045,Too many intrusive video ads every 30 seconds. Uninstalled.,Negative,-0.633,0.55
Easy Hub Fami 1045,"Best in its class, saves me so much time every day.",Positive,0.252,0.799
Easy Hub Fami 1045,"Full of bugs, login screen freezes constantly.",Negative,-0.825,0.881
NextGen Hub Heal 1284,Absolutely love this app! Very smooth UI and responsive.,Positive,0.536,0.517
NextGen Hub Heal 1284,Average performance. UI could use some polishing.,Neutral,0.144,0.256
NextGen Hub Heal 1284,"Decent app overall, does the job but lacks advanced customization.",Neutral,0.006,0.19
NextGen Hub Heal 1284,Game is highly addictive with stellar graphics!,Positive,0.485,0.586
NextGen Hub Heal 1284,"Works okay on tablet, bit clunky on small screens.",Neutral,0.02,0.399
NextGen Hub Heal 1284,Incredible features and clean layout. Worth every penny.,Positive,0.564,0.51
NextGen Hub Heal 1284,"Good concept, waiting for future feature updates.",Neutral,-0.027,0.353
NextGen Hub Heal 1284,Essential utility for daily workflow. Fast loading.,Positive,0.78,0.701
NextGen Hub Heal 1284,Essential utility for daily workflow. Fast loading.,Positive,0.342,0.84
NextGen Hub Heal 1284,"Best in its class, saves me so much time every day.",Positive,0.48,0.771
Quick Lite Fami 1762,Great customer support and seamless synchronization.,Positive,0.888,0.763
Quick Lite Fami 1762,"Best in its class, saves me so much time every day.",Positive,0.398,0.618
Quick Lite Fami 1762,Incredible features and clean layout. Worth every penny.,Positive,0.799,0.683
Quick Lite Fami 1762,Absolutely love this app! Very smooth UI and responsive.,Positive,0.357,0.824
Quick Lite Fami 1762,Incredible features and clean layout. Worth every penny.,Positive,0.31,0.427
Quick Lite Fami 1762,Incredible features and clean layout. Worth every penny.,Positive,0.656,0.453
Daily Studio Fina 212,Essential utility for daily workflow. Fast loading.,Positive,0.333,0.745
Daily Studio Fina 212,"Decent app overall, does the job but lacks advanced customization.",Neutral,-0.014,0.242
Daily Studio Fina 212,Game is highly addictive with stellar graphics!,Positive,0.313,0.692
Daily Studio Fina 212,Incredible features and clean layout. Worth every penny.,Positive,0.558,0.694
Daily Studio Fina 212,Absolutely love this app! Very smooth UI and responsive.,Positive,0.86,0.54
Daily Studio Fina 212,Absolutely love this app! Very smooth UI and responsive.,Positive,0.914,0.649
Daily Studio Fina 212,Essential utility for daily workflow. Fast loading.,Positive,0.584,0.583
Daily Studio Fina 212,"Decent app overall, does the job but lacks advanced customization.",Neutral,0.132,0.246
Daily Studio Fina 212,Battery drain is immense and phone overheats quickly.,Negative,-0.413,0.599
Daily Studio Fina 212,Customer service never responded to my refund ticket.,Negative,-0.363,0.853
Daily Studio Fina 212,"Decent app overall, does the job but lacks advanced customization.",Neutral,0.13,0.206
Master Hub Phot 2273,"Best in its class, saves me so much time every day.",Positive,0.532,0.619
Master Hub Phot 2273,"Good concept, waiting for future feature updates.",Neutral,-0.009,0.343
Master Hub Phot 2273,"Decent app overall, does the job but lacks advanced customization.",Neutral,0.021,0.281
Master Hub Phot 2273,Incredible features and clean layout. Worth every penny.,Positive,0.295,0.743
Master Hub Phot 2273,Essential utility for daily workflow. Fast loading.,Positive,0.718,0.517
Master Hub Phot 2273,"Full of bugs, login screen freezes constantly.",Negative,-0.409,0.77
Master Hub Phot 2273,"Best in its class, saves me so much time every day.",Positive,0.72,0.416
Master Hub Phot 2273,Absolutely love this app! Very smooth UI and responsive.,Positive,0.432,0.495
Master Hub Phot 2273,"Decent app overall, does the job but lacks advanced customization.",Neutral,-0.032,0.393
Master Hub Phot 2273,"Works okay on tablet, bit clunky on small screens.",Neutral,0.024,0.191
Master Hub Phot 2273,Incredible features and clean layout. Worth every penny.,Positive,0.257,0.659
Quick Studio Tool 451,Constant crashes after the latest update. Terrible experience.,Negative,-0.455,0.676
Quick Studio Tool 451,Absolutely love this app! Very smooth UI and responsive.,Positive,0.598,0.406
Quick Studio Tool 451,Absolutely love this app! Very smooth UI and responsive.,Positive,0.871,0.836
Quick Studio Tool 451,"Decent app overall, does the job but lacks advanced customization.",Neutral,-0.044,0.154
Quick Studio Tool 451,"Good concept, waiting for future feature updates.",Neutral,-0.005,0.177
Quick Studio Tool 451,Absolutely love this app! Very smooth UI and responsive.,Positive,0.505,0.446
Hyper Plus Phot 932,Game is highly addictive with stellar graphics!,Positive,0.52,0.469
Hyper Plus Phot 932,Absolutely love this app! Very smooth UI and responsive.,Positive,0.358,0.557
Hyper Plus Phot 932,"Best in its class, saves me so much time every day.",Positive,0.559,0.667
Hyper Plus Phot 932,"Best in its class, saves me so much time every day.",Positive,0.789,0.473
Hyper Plus Phot 932,"Full of bugs, login screen freezes constantly.",Negative,-0.602,0.674
Hyper Plus Phot 932,"Full of bugs, login screen freezes constantly.",Negative,-0.191,0.67
Hyper Plus Phot 932,Great customer support and seamless synchronization.,Positive,0.292,0.654
Hyper Plus Phot 932,Game is highly addictive with stellar graphics!,Positive,0.334,0.807
Hyper Plus Phot 932,Constant crashes after the latest update. Terrible experience.,Negative,-0.319,0.798
Daily 3D Comm 403,"Decent app overall, does the job but lacks advanced customization.",Neutral,0.123,0.193
Daily 3D Comm 403,"Decent app overall, does the job but lacks advanced customization.",Neutral,-0.034,0.377
Daily 3D Comm 403,Absolutely love this app! Very smooth UI and responsive.,Positive,0.878,0.55
Daily 3D Comm 403,"Good concept, waiting for future feature updates.",Neutral,0.092,0.242
Daily 3D Comm 403,Incredible features and clean layout. Worth every penny.,Positive,0.928,0.707
Daily 3D Comm 403,Essential utility for daily workflow. Fast loading.,Positive,0.35,0.806
Pro Lite Medi 630,Battery drain is immense and phone overheats quickly.,Negative,-0.34,0.616
Pro Lite Medi 630,Essential utility for daily workflow. Fast loading.,Positive,0.837,0.759
Pro Lite Medi 630,"Best in its class, saves me so much time every day.",Positive,0.902,0.768
Pro Lite Medi 630,Incredible features and clean layout. Worth every penny.,Positive,0.666,0.618
Pro Lite Medi 630,Absolutely love this app! Very smooth UI and responsive.,Positive,0.672,0.765
Pro Lite Medi 630,Subscription fee is ridiculous for basic features that used to be free.,Negative,-0.677,0.626
Pro Lite Medi 630,"Best in its class, saves me so much time every day.",Positive,0.469,0.478
Pro Lite Medi 630,Game is highly addictive with stellar graphics!,Positive,0.252,0.761
Pro Lite Medi 630,Essential utility for daily workflow. Fast loading.,Positive,0.335,0.596
Pro Lite Medi 630,"Good concept, waiting for future feature updates.",Neutral,-0.099,0.193
Pro Lite Medi 630,Too many intrusive video ads every 30 seconds. Uninstalled.,Negative,-0.603,0.577
Quick Portal Fina 1536,Game is highly addictive with stellar graphics!,Positive,0.31,0.489
Quick Portal Fina 1536,Subscription fee is ridiculous for basic features that used to be free.,Negative,-0.346,0.824
Quick Portal Fina 1536,Incredible features and clean layout. Worth every penny.,Positive,0.907,0.788
Quick Portal Fina 1536,Absolutely love this app! Very smooth UI and responsive.,Positive,0.84,0.659
Quick Portal Fina 1536,"Best in its class, saves me so much time every day.",Positive,0.86,0.683
Quick Portal Fina 1536,Subscription fee is ridiculous for basic features that used to be free.,Negative,-0.613,0.616
Quick Portal Fina 1536,"Decent app overall, does the job but lacks advanced customization.",Neutral,0.028,0.218
Quick Portal Fina 1536,Average performance. UI could use some polishing.,Neutral,0.074,0.26
Quick Portal Fina 1536,"Best in its class, saves me so much time every day.",Positive,0.524,0.492
Quick Portal Fina 1536,Essential utility for daily workflow. Fast loading.,Positive,0.379,0.678
Master Tracker Phot 2167,Absolutely love this app! Very smooth UI and responsive.,Positive,0.763,0.512
Master Tracker Phot 2167,"Best in its class, saves me so much time every day.",Positive,0.566,0.51
Master Tracker Phot 2167,Average performance. UI could use some polishing.,Neutral,0.012,0.379
Master Tracker Phot 2167,Incredible features and clean layout. Worth every penny.,Positive,0.554,0.676
Master Tracker Phot 2167,"Decent app overall, does the job but lacks advanced customization.",Neutral,0.045,0.361
Master Tracker Phot 2167,"Full of bugs, login screen freezes constantly.",Negative,-0.171,0.738
Master Tracker Phot 2167,Incredible features and clean layout. Worth every penny.,Positive,0.658,0.468
Master Tracker Phot 2167,Incredible features and clean layout. Worth every penny.,Positive,0.675,0.487
Master Tracker Phot 2167,Game is highly addictive with stellar graphics!,Positive,0.592,0.687
Master Tracker Phot 2167,Essential utility for daily workflow. Fast loading.,Positive,0.775,0.581
Master Tracker Phot 2167,Essential utility for daily workflow. Fast loading.,Positive,0.82,0.834
Master Tracker Phot 2167,Essential utility for daily workflow. Fast loading.,Positive,0.481,0.582
Daily Lite Prod 1442,Average performance. UI could use some polishing.,Neutral,0.091,0.158
Daily Lite Prod 1442,Absolutely love this app! Very smooth UI and responsive.,Positive,0.881,0.72
Daily Lite Prod 1442,Absolutely love this app! Very smooth UI and responsive.,Positive,0.589,0.669
Daily Lite Prod 1442,Incredible features and clean layout. Worth every penny.,Positive,0.279,0.493
Daily Lite Prod 1442,Too many intrusive video ads every 30 seconds. Uninstalled.,Negative,-0.717,0.496
Daily Lite Prod 1442,Essential utility for daily workflow. Fast loading.,Positive,0.909,0.728
Daily Lite Prod 1442,Absolutely love this app! Very smooth UI and responsive.,Positive,0.529,0.526
Daily Lite Prod 1442,Too many intrusive video ads every 30 seconds. Uninstalled.,Negative,-0.675,0.511
Daily Lite Prod 1442,Absolutely love this app! Very smooth UI and responsive.,Positive,0.86,0.5
Daily Lite Prod 1442,Essential utility for daily workflow. Fast loading.,Positive,0.766,0.677
Daily Lite Prod 1442,Average performance. UI could use some polishing.,Neutral,-0.082,0.238
Pocket Assistant Game 1627,Great customer support and seamless synchronization.,Positive,0.886,0.562
Pocket Assistant Game 1627,Absolutely love this app! Very smooth UI and responsive.,Positive,0.852,0.661
Pocket Assistant Game 1627,Essential utility for daily workflow. Fast loading.,Positive,0.514,0.592
Pocket Assistant Game 1627,"Best in its class, saves me so much time every day.",Positive,0.415,0.571
Pocket Assistant Game 1627,Game is highly addictive with stellar graphics!,Positive,0.277,0.464
Pocket Assistant Game 1627,Average performance. UI could use some polishing.,Neutral,0.102,0.228
Pocket Assistant Game 1627,Average performance. UI could use some polishing.,Neutral,-0.064,0.381
Pocket Assistant Game 1627,Essential utility for daily workflow. Fast loading.,Positive,0.797,0.847
Smart Manager Life 1938,"Works okay on tablet, bit clunky on small screens.",Neutral,0.14,0.175
Smart Manager Life 1938,Too many intrusive video ads every 30 seconds. Uninstalled.,Negative,-0.614,0.88
Smart Manager Life 1938,Absolutely love this app! Very smooth UI and responsive.,Positive,0.621,0.415
Smart Manager Life 1938,Game is highly addictive with stellar graphics!,Positive,0.841,0.801
Smart Manager Life 1938,Essential utility for daily workflow. Fast loading.,Positive,0.262,0.461
Smart Manager Life 1938,"Full of bugs, login screen freezes constantly.",Negative,-0.805,0.704
Smart Manager Life 1938,Customer service never responded to my refund ticket.,Negative,-0.602,0.84
Master Vault Busi 97,Game is highly addictive with stellar graphics!,Positive,0.903,0.422
Master Vault Busi 97,Game is highly addictive with stellar graphics!,Positive,0.637,0.743
Master Vault Busi 97,Essential utility for daily workflow. Fast loading.,Positive,0.903,0.451
Master Vault Busi 97,"Best in its class, saves me so much time every day.",Positive,0.58,0.488
Master Vault Busi 97,Game is highly addictive with stellar graphics!,Positive,0.308,0.526
Master Vault Busi 97,Absolutely love this app! Very smooth UI and responsive.,Positive,0.387,0.405
Master Vault Busi 97,Average performance. UI could use some polishing.,Neutral,-0.093,0.163
Master Vault Busi 97,"Works okay on tablet, bit clunky on small screens.",Neutral,-0.056,0.349
Master Vault Busi 97,Essential utility for daily workflow. Fast loading.,Positive,0.374,0.693
Master Vault Busi 97,Incredible features and clean layout. Worth every penny.,Positive,0.61,0.547
Master Vault Busi 97,"Full of bugs, login screen freezes constantly.",Negative,-0.484,0.69
Hyper Flow Pers 791,"Best in its class, saves me so much time every day.",Positive,0.573,0.64
Hyper Flow Pers 791,Average performance. UI could use some polishing.,Neutral,-0.062,0.346
Hyper Flow Pers 791,"Best in its class, saves me so much time every day.",Positive,0.652,0.702
Hyper Flow Pers 791,Incredible features and clean layout. Worth every penny.,Positive,0.429,0.45
Hyper Flow Pers 791,Essential utility for daily workflow. Fast loading.,Positive,0.424,0.708
Hyper Flow Pers 791,"Good concept, waiting for future feature updates.",Neutral,0.022,0.371
Hyper Flow Pers 791,Essential utility for daily workflow. Fast loading.,Positive,0.31,0.642
Easy Manager Comm 1345,Incredible features and clean layout. Worth every penny.,Positive,0.568,0.423
Easy Manager Comm 1345,Essential utility for daily workflow. Fast loading.,Positive,0.832,0.658
Easy Manager Comm 1345,Battery drain is immense and phone overheats quickly.,Negative,-0.323,0.548
Easy Manager Comm 1345,Great customer support and seamless synchronization.,Positive,0.835,0.509
Easy Manager Comm 1345,"Good concept, waiting for future feature updates.",Neutral,0.145,0.312
Easy Manager Comm 1345,Battery drain is immense and phone overheats quickly.,Negative,-0.268,0.601
Easy Manager Comm 1345,Game is highly addictive with stellar graphics!,Positive,0.503,0.406
Easy Manager Comm 1345,Customer service never responded to my refund ticket.,Negative,-0.525,0.464
Easy Manager Comm 1345,Essential utility for daily workflow. Fast loading.,Positive,0.382,0.6
Quick Tracker Pers 388,Absolutely love this app! Very smooth UI and responsive.,Positive,0.806,0.745
Quick Tracker Pers 388,"Decent app overall, does the job but lacks advanced customization.",Neutral,-0.029,0.202
Quick Tracker Pers 388,Incredible features and clean layout. Worth every penny.,Positive,0.721,0.661
Quick Tracker Pers 388,Absolutely love this app! Very smooth UI and responsive.,Positive,0.284,0.541
Quick Tracker Pers 388,Great customer support and seamless synchronization.,Positive,0.724,0.845
Quick Tracker Pers 388,"Good concept, waiting for future feature updates.",Neutral,-0.054,0.362
Quick Tracker Pers 388,"Best in its class, saves me so much time every day.",Positive,0.817,0.572
Quick Tracker Prod 1619,Game is highly addictive with stellar graphics!,Positive,0.77,0.459
Quick Tracker Prod 1619,"Best in its class, saves me so much time every day.",Positive,0.412,0.571
Quick Tracker Prod 1619,Great customer support and seamless synchronization.,Positive,0.917,0.486
Quick Tracker Prod 1619,Game is highly addictive with stellar graphics!,Positive,0.31,0.602
Quick Tracker Prod 1619,"Full of bugs, login screen freezes constantly.",Negative,-0.643,0.659
Quick Tracker Prod 1619,Constant crashes after the latest update. Terrible experience.,Negative,-0.616,0.5
Quick Tracker Prod 1619,"Full of bugs, login screen freezes constantly.",Negative,-0.597,0.699
Quick Tracker Prod 1619,Essential utility for daily workflow. Fast loading.,Positive,0.258,0.779
Daily Hero Pers 1768,Game is highly addictive with stellar graphics!,Positive,0.809,0.505
Daily Hero Pers 1768,Game is highly addictive with stellar graphics!,Positive,0.948,0.564
Daily Hero Pers 1768,Game is highly addictive with stellar graphics!,Positive,0.81,0.507
Daily Hero Pers 1768,Absolutely love this app! Very smooth UI and responsive.,Positive,0.418,0.825
Daily Hero Pers 1768,"Best in its class, saves me so much time every day.",Positive,0.814,0.838
Daily Hero Pers 1768,Subscription fee is ridiculous for basic features that used to be free.,Negative,-0.515,0.494
Daily Hero Pers 1768,Incredible features and clean layout. Worth every penny.,Positive,0.77,0.41
Daily Hero Pers 1768,"Best in its class, saves me so much time every day.",Positive,0.927,0.565
Daily Hero Pers 1768,Game is highly addictive with stellar graphics!,Positive,0.451,0.699
Daily Hero Pers 1768,Incredible features and clean layout. Worth every penny.,Positive,0.58,0.624
Daily Tracker Comm 238,Essential utility for daily workflow. Fast loading.,Positive,0.597,0.707
Daily Tracker Comm 238,"Works okay on tablet, bit clunky on small screens.",Neutral,0.074,0.319
Daily Tracker Comm 238,Game is highly addictive with stellar graphics!,Positive,0.94,0.542
Daily Tracker Comm 238,Great customer support and seamless synchronization.,Positive,0.687,0.81
Daily Tracker Comm 238,"Decent app overall, does the job but lacks advanced customization.",Neutral,0.0,0.332
Daily Tracker Comm 238,"Decent app overall, does the job but lacks advanced customization.",Neutral,0.019,0.176
Daily Tracker Comm 238,"Decent app overall, does the job but lacks advanced customization.",Neutral,-0.077,0.215
Daily Tracker Comm 238,Constant crashes after the latest update. Terrible experience.,Negative,-0.74,0.766
Master Flow Fina 2134,"Good concept, waiting for future feature updates.",Neutral,0.142,0.26
Master Flow Fina 2134,Essential utility for daily workflow. Fast loading.,Positive,0.905,0.6
Master Flow Fina 2134,"Works okay on tablet, bit clunky on small screens.",Neutral,0.124,0.371
Master Flow Fina 2134,Great customer support and seamless synchronization.,Positive,0.874,0.4
Master Flow Fina 2134,Great customer support and seamless synchronization.,Positive,0.475,0.807
Master Flow Fina 2134,Absolutely love this app! Very smooth UI and responsive.,Positive,0.63,0.614
Master Flow Fina 2134,Too many intrusive video ads every 30 seconds. Uninstalled.,Negative,-0.672,0.852
Master Flow Fina 2134,Constant crashes after the latest update. Terrible experience.,Negative,-0.197,0.631
Master Flow Fina 2134,"Works okay on tablet, bit clunky on small screens.",Neutral,-0.093,0.176
Smart Hub Tool 1399,Essential utility for daily workflow. Fast loading.,Positive,0.338,0.496
Smart Hub Tool 1399,Absolutely love this app! Very smooth UI and responsive.,Positive,0.715,0.635
Smart Hub Tool 1399,"Decent app overall, does the job but lacks advanced customization.",Neutral,0.014,0.157
Smart Hub Tool 1399,Incredible features and clean layout. Worth every penny.,Positive,0.579,0.571
Smart Hub Tool 1399,"Works okay on tablet, bit clunky on small screens.",Neutral,-0.035,0.158
Smart Hub Busi 1134,Customer service never responded to my refund ticket.,Negative,-0.199,0.86
Smart Hub Busi 1134,"Best in its class, saves me so much time every day.",Positive,0.797,0.725
Smart Hub Busi 1134,Subscription fee is ridiculous for basic features that used to be free.,Negative,-0.463,0.882
Smart Hub Busi 1134,"Decent app overall, does the job but lacks advanced customization.",Neutral,-0.069,0.368
Smart Hub Busi 1134,Essential utility for daily workflow. Fast loading.,Positive,0.371,0.832
Smart Hub Busi 1134,Constant crashes after the latest update. Terrible experience.,Negative,-0.265,0.564
Master Hero Phot 2180,Incredible features and clean layout. Worth every penny.,Positive,0.711,0.824
Master Hero Phot 2180,Great customer support and seamless synchronization.,Positive,0.352,0.503
Master Hero Phot 2180,"Works okay on tablet, bit clunky on small screens.",Neutral,0.124,0.371
Master Hero Phot 2180,Absolutely love this app! Very smooth UI and responsive.,Positive,0.808,0.59
Master Hero Phot 2180,Game is highly addictive with stellar graphics!,Positive,0.288,0.633
Master Hero Phot 2180,"Good concept, waiting for future feature updates.",Neutral,-0.076,0.325
Master Hero Phot 2180,Too many intrusive video ads every 30 seconds. Uninstalled.,Negative,-0.655,0.76
Master Hero Phot 2180,"Best in its class, saves me so much time every day.",Positive,0.295,0.739
Master Hero Phot 2180,Incredible features and clean layout. Worth every penny.,Positive,0.477,0.743
Master Hero Phot 2180,Game is highly addictive with stellar graphics!,Positive,0.776,0.522
Master Hero Phot 2180,Constant crashes after the latest update. Terrible experience.,Negative,-0.549,0.801
Master Hero Phot 2180,Battery drain is immense and phone overheats quickly.,Negative,-0.778,0.761
Quick Hero Medi 1678,Essential utility for daily workflow. Fast loading.,Positive,0.323,0.501
Quick Hero Medi 1678,Customer service never responded to my refund ticket.,Negative,-0.552,0.848
Quick Hero Medi 1678,Absolutely love this app! Very smooth UI and responsive.,Positive,0.78,0.405
Quick Hero Medi 1678,Great customer support and seamless synchronization.,Positive,0.843,0.42
Quick Hero Medi 1678,Game is highly addictive with stellar graphics!,Positive,0.654,0.708
Quick Hero Medi 1678,Essential utility for daily workflow. Fast loading.,Positive,0.513,0.45
Quick Hero Medi 1678,"Full of bugs, login screen freezes constantly.",Negative,-0.691,0.456
Quick Hero Medi 1678,Essential utility for daily workflow. Fast loading.,Positive,0.476,0.786
Hyper Tracker Prod 963,Subscription fee is ridiculous for basic features that used to be free.,Negative,-0.635,0.674
Hyper Tracker Prod 963,Essential utility for daily workflow. Fast loading.,Positive,0.406,0.844
Hyper Tracker Prod 963,"Works okay on tablet, bit clunky on small screens.",Neutral,-0.038,0.34
Hyper Tracker Prod 963,Absolutely love this app! Very smooth UI and responsive.,Positive,0.715,0.626
Hyper Tracker Prod 963,Incredible features and clean layout. Worth every penny.,Positive,0.836,0.434
Hyper Tracker Prod 963,Customer service never responded to my refund ticket.,Negative,-0.511,0.838
Hyper Tracker Prod 963,Absolutely love this app! Very smooth UI and responsive.,Positive,0.807,0.496
Hyper Tracker Prod 963,Essential utility for daily workflow. Fast loading.,Positive,0.331,0.547
Hyper Tracker Prod 963,Great customer support and seamless synchronization.,Positive,0.738,0.521
Easy Manager Comm 2137,Battery drain is immense and phone overheats quickly.,Negative,-0.732,0.46
Easy Manager Comm 2137,Customer service never responded to my refund ticket.,Negative,-0.193,0.465
Easy Manager Comm 2137,Great customer support and seamless synchronization.,Positive,0.357,0.43
Easy Manager Comm 2137,Essential utility for daily workflow. Fast loading.,Positive,0.357,0.579
Easy Manager Comm 2137,"Best in its class, saves me so much time every day.",Positive,0.769,0.673
Easy Lite Fami 583,Game is highly addictive with stellar graphics!,Positive,0.908,0.443
Easy Lite Fami 583,Incredible features and clean layout. Worth every penny.,Positive,0.275,0.71
Easy Lite Fami 583,Customer service never responded to my refund ticket.,Negative,-0.27,0.805
Easy Lite Fami 583,Game is highly addictive with stellar graphics!,Positive,0.609,0.801
Easy Lite Fami 583,"Full of bugs, login screen freezes constantly.",Negative,-0.166,0.899
Easy Lite Fami 583,Constant crashes after the latest update. Terrible experience.,Negative,-0.574,0.81
Easy Lite Fami 583,Absolutely love this app! Very smooth UI and responsive.,Positive,0.355,0.7
Fast Tracker Busi 1451,Great customer support and seamless synchronization.,Positive,0.483,0.463
Fast Tracker Busi 1451,"Best in its class, saves me so much time every day.",Positive,0.397,0.83
Fast Tracker Busi 1451,Game is highly addictive with stellar graphics!,Positive,0.59,0.462
Fast Tracker Busi 1451,Essential utility for daily workflow. Fast loading.,Positive,0.746,0.496
Fast Tracker Busi 1451,"Works okay on tablet, bit clunky on small screens.",Neutral,-0.069,0.194
Fast Tracker Busi 1451,Absolutely love this app! Very smooth UI and responsive.,Positive,0.921,0.518
Super Portal Busi 2184,"Best in its class, saves me so much time every day.",Positive,0.598,0.719
Super Portal Busi 2184,"Best in its class, saves me so much time every day.",Positive,0.471,0.621
Super Portal Busi 2184,Battery drain is immense and phone overheats quickly.,Negative,-0.724,0.803
Super Portal Busi 2184,Battery drain is immense and phone overheats quickly.,Negative,-0.344,0.455
Super Portal Busi 2184,Absolutely love this app! Very smooth UI and responsive.,Positive,0.558,0.507
Super Portal Busi 2184,Absolutely love this app! Very smooth UI and responsive.,Positive,0.509,0.629
Super Portal Busi 2184,Essential utility for daily workflow. Fast loading.,Positive,0.682,0.465
Super Portal Busi 2184,Essential utility for daily workflow. Fast loading.,Positive,0.481,0.655
NextGen Flow Fina 841,Essential utility for daily workflow. Fast loading.,Positive,0.815,0.401
NextGen Flow Fina 841,Battery drain is immense and phone overheats quickly.,Negative,-0.599,0.832
NextGen Flow Fina 841,Subscription fee is ridiculous for basic features that used to be free.,Negative,-0.504,0.81
NextGen Flow Fina 841,Too many intrusive video ads every 30 seconds. Uninstalled.,Negative,-0.573,0.752
NextGen Flow Fina 841,"Best in its class, saves me so much time every day.",Positive,0.572,0.557
NextGen Flow Fina 841,Great customer support and seamless synchronization.,Positive,0.755,0.445
NextGen Flow Fina 841,"Decent app overall, does the job but lacks advanced customization.",Neutral,-0.068,0.187
NextGen Flow Fina 841,Absolutely love this app! Very smooth UI and responsive.,Positive,0.321,0.8
NextGen Flow Fina 841,Essential utility for daily workflow. Fast loading.,Positive,0.395,0.448
NextGen Flow Fina 841,"Best in its class, saves me so much time every day.",Positive,0.511,0.744
Daily Portal Fami 1447,Incredible features and clean layout. Worth every penny.,Positive,0.534,0.66
Daily Portal Fami 1447,"Good concept, waiting for future feature updates.",Neutral,0.078,0.369
Daily Portal Fami 1447,"Best in its class, saves me so much time every day.",Positive,0.826,0.457
Daily Portal Fami 1447,"Best in its class, saves me so much time every day.",Positive,0.884,0.651
Daily Portal Fami 1447,"Full of bugs, login screen freezes constantly.",Negative,-0.323,0.849
Quick Portal Tool 465,Essential utility for daily workflow. Fast loading.,Positive,0.653,0.493
Quick Portal Tool 465,"Decent app overall, does the job but lacks advanced customization.",Neutral,-0.038,0.153
Quick Portal Tool 465,Incredible features and clean layout. Worth every penny.,Positive,0.643,0.598
Quick Portal Tool 465,Game is highly addictive with stellar graphics!,Positive,0.683,0.456
Quick Portal Tool 465,"Decent app overall, does the job but lacks advanced customization.",Neutral,0.006,0.387
Quick Portal Tool 465,"Best in its class, saves me so much time every day.",Positive,0.513,0.424
Quick Portal Tool 465,Great customer support and seamless synchronization.,Positive,0.396,0.43
Quick Portal Tool 465,"Best in its class, saves me so much time every day.",Positive,0.302,0.602
Quick Portal Tool 465,Incredible features and clean layout. Worth every penny.,Positive,0.75,0.645
Quick Portal Tool 465,Too many intrusive video ads every 30 seconds. Uninstalled.,Negative,-0.472,0.539
Quick Portal Tool 465,Customer service never responded to my refund ticket.,Negative,-0.544,0.783
Quick Portal Tool 465,Absolutely love this app! Very smooth UI and responsive.,Positive,0.317,0.757
Quick 3D Fami 1663,Incredible features and clean layout. Worth every penny.,Positive,0.652,0.578
Quick 3D Fami 1663,Incredible features and clean layout. Worth every penny.,Positive,0.469,0.414
Quick 3D Fami 1663,"Decent app overall, does the job but lacks advanced customization.",Neutral,-0.096,0.378
Quick 3D Fami 1663,"Good concept, waiting for future feature updates.",Neutral,0.063,0.277
Quick 3D Fami 1663,"Best in its class, saves me so much time every day.",Positive,0.892,0.648
Quick 3D Fami 1663,Absolutely love this app! Very smooth UI and responsive.,Positive,0.795,0.412
Quick 3D Fami 1663,"Best in its class, saves me so much time every day.",Positive,0.645,0.736
Quick 3D Fami 1663,Incredible features and clean layout. Worth every penny.,Positive,0.291,0.819
Quick 3D Fami 1663,"Full of bugs, login screen freezes constantly.",Negative,-0.654,0.667
Quick 3D Fami 1663,Average performance. UI could use some polishing.,Neutral,0.14,0.279
Quick 3D Fami 1663,Too many intrusive video ads every 30 seconds. Uninstalled.,Negative,-0.525,0.896
Quick 3D Fami 1663,Incredible features and clean layout. Worth every penny.,Positive,0.32,0.798
Hyper Hub Prod 1358,Absolutely love this app! Very smooth UI and responsive.,Positive,0.562,0.407
Hyper Hub Prod 1358,Essential utility for daily workflow. Fast loading.,Positive,0.874,0.427
Hyper Hub Prod 1358,"Works okay on tablet, bit clunky on small screens.",Neutral,-0.047,0.376
Hyper Hub Prod 1358,Great customer support and seamless synchronization.,Positive,0.802,0.431
Hyper Hub Prod 1358,Absolutely love this app! Very smooth UI and responsive.,Positive,0.949,0.845
Hyper Hub Prod 1358,Incredible features and clean layout. Worth every penny.,Positive,0.77,0.412
Hyper Hub Prod 1358,"Best in its class, saves me so much time every day.",Positive,0.758,0.778
Hyper Hub Prod 1358,Absolutely love this app! Very smooth UI and responsive.,Positive,0.411,0.622
Master Hero Pers 1069,"Decent app overall, does the job but lacks advanced customization.",Neutral,0.093,0.204
Master Hero Pers 1069,Essential utility for daily workflow. Fast loading.,Positive,0.398,0.586
Master Hero Pers 1069,"Full of bugs, login screen freezes constantly.",Negative,-0.754,0.473
Master Hero Pers 1069,Incredible features and clean layout. Worth every penny.,Positive,0.612,0.42
Master Hero Pers 1069,Absolutely love this app! Very smooth UI and responsive.,Positive,0.524,0.773
Master Hero Pers 1069,Essential utility for daily workflow. Fast loading.,Positive,0.459,0.534
Quick Hero Busi 522,Average performance. UI could use some polishing.,Neutral,-0.063,0.37
Quick Hero Busi 522,"Decent app overall, does the job but lacks advanced customization.",Neutral,0.092,0.386
Quick Hero Busi 522,"Decent app overall, does the job but lacks advanced customization.",Neutral,-0.016,0.373
Quick Hero Busi 522,Game is highly addictive with stellar graphics!,Positive,0.687,0.454
Quick Hero Busi 522,Game is highly addictive with stellar graphics!,Positive,0.941,0.808
Quick Hero Busi 522,Constant crashes after the latest update. Terrible experience.,Negative,-0.415,0.665
Quick Hero Busi 522,"Full of bugs, login screen freezes constantly.",Negative,-0.834,0.555
Quick Hero Busi 522,Customer service never responded to my refund ticket.,Negative,-0.625,0.864
Quick Hero Busi 522,Great customer support and seamless synchronization.,Positive,0.673,0.761
Smart Lite Busi 481,Essential utility for daily workflow. Fast loading.,Positive,0.434,0.545
Smart Lite Busi 481,Essential utility for daily workflow. Fast loading.,Positive,0.563,0.849
Smart Lite Busi 481,"Full of bugs, login screen freezes constantly.",Negative,-0.304,0.821
Smart Lite Busi 481,Incredible features and clean layout. Worth every penny.,Positive,0.947,0.415
Smart Lite Busi 481,Absolutely love this app! Very smooth UI and responsive.,Positive,0.899,0.686
Smart Lite Busi 481,"Good concept, waiting for future feature updates.",Neutral,0.131,0.316
Smart Lite Busi 481,Incredible features and clean layout. Worth every penny.,Positive,0.257,0.754
Smart Lite Busi 481,Essential utility for daily workflow. Fast loading.,Positive,0.525,0.624
Smart Lite Busi 481,Essential utility for daily workflow. Fast loading.,Positive,0.668,0.509
Smart Lite Busi 481,"Decent app overall, does the job but lacks advanced customization.",Neutral,-0.082,0.371
Smart Lite Busi 481,"Decent app overall, does the job but lacks advanced customization.",Neutral,-0.024,0.158
Smart Portal Life 813,Game is highly addictive with stellar graphics!,Positive,0.263,0.432
Smart Portal Life 813,Incredible features and clean layout. Worth every penny.,Positive,0.917,0.562
Smart Portal Life 813,Absolutely love this app! Very smooth UI and responsive.,Positive,0.933,0.406
Smart Portal Life 813,"Decent app overall, does the job but lacks advanced customization.",Neutral,-0.094,0.328
Smart Portal Life 813,Incredible features and clean layout. Worth every penny.,Positive,0.426,0.608
Global Studio Game 2008,Great customer support and seamless synchronization.,Positive,0.817,0.558
Global Studio Game 2008,Absolutely love this app! Very smooth UI and responsive.,Positive,0.447,0.803
Global Studio Game 2008,"Best in its class, saves me so much time every day.",Positive,0.852,0.578
Global Studio Game 2008,Game is highly addictive with stellar graphics!,Positive,0.545,0.437
Global Studio Game 2008,Absolutely love this app! Very smooth UI and responsive.,Positive,0.738,0.671
Global Studio Game 2008,Constant crashes after the latest update. Terrible experience.,Negative,-0.159,0.5
Global Studio Game 2008,Constant crashes after the latest update. Terrible experience.,Negative,-0.295,0.623
Global Studio Game 2008,Essential utility for daily workflow. Fast loading.,Positive,0.511,0.651
Pro Tracker Medi 2131,Incredible features and clean layout. Worth every penny.,Positive,0.671,0.539
Pro Tracker Medi 2131,Absolutely love this app! Very smooth UI and responsive.,Positive,0.557,0.777
Pro Tracker Medi 2131,"Works okay on tablet, bit clunky on small screens.",Neutral,-0.036,0.308
Pro Tracker Medi 2131,Subscription fee is ridiculous for basic features that used to be free.,Negative,-0.185,0.668
Pro Tracker Medi 2131,Customer service never responded to my refund ticket.,Negative,-0.387,0.845
Pro Tracker Medi 2131,Constant crashes after the latest update. Terrible experience.,Negative,-0.412,0.761
NextGen Assistant Phot 496,Too many intrusive video ads every 30 seconds. Uninstalled.,Negative,-0.36,0.505
NextGen Assistant Phot 496,Game is highly addictive with stellar graphics!,Positive,0.291,0.563
NextGen Assistant Phot 496,"Decent app overall, does the job but lacks advanced customization.",Neutral,0.003,0.213
NextGen Assistant Phot 496,Game is highly addictive with stellar graphics!,Positive,0.666,0.527
NextGen Assistant Phot 496,Customer service never responded to my refund ticket.,Negative,-0.496,0.856
NextGen Assistant Phot 496,Essential utility for daily workflow. Fast loading.,Positive,0.466,0.824
NextGen Assistant Phot 496,"Best in its class, saves me so much time every day.",Positive,0.606,0.748
NextGen Assistant Phot 496,Average performance. UI could use some polishing.,Neutral,0.116,0.308
Daily Assistant Game 2239,"Good concept, waiting for future feature updates.",Neutral,0.092,0.383
Daily Assistant Game 2239,Essential utility for daily workflow. Fast loading.,Positive,0.36,0.66
Daily Assistant Game 2239,Battery drain is immense and phone overheats quickly.,Negative,-0.165,0.492
Daily Assistant Game 2239,"Good concept, waiting for future feature updates.",Neutral,0.143,0.377
Daily Assistant Game 2239,Incredible features and clean layout. Worth every penny.,Positive,0.264,0.402
Daily Assistant Game 2239,Subscription fee is ridiculous for basic features that used to be free.,Negative,-0.612,0.792
Daily Assistant Game 2239,Game is highly addictive with stellar graphics!,Positive,0.414,0.837
Daily Assistant Game 2239,Essential utility for daily workflow. Fast loading.,Positive,0.774,0.652
Daily Assistant Game 2239,"Works okay on tablet, bit clunky on small screens.",Neutral,0.04,0.311
Easy Tracker Comm 483,Subscription fee is ridiculous for basic features that used to be free.,Negative,-0.572,0.737
Easy Tracker Comm 483,Subscription fee is ridiculous for basic features that used to be free.,Negative,-0.288,0.834
Easy Tracker Comm 483,"Best in its class, saves me so much time every day.",Positive,0.567,0.42
Easy Tracker Comm 483,"Best in its class, saves me so much time every day.",Positive,0.495,0.653
Easy Tracker Comm 483,"Works okay on tablet, bit clunky on small screens.",Neutral,-0.069,0.182
Easy Tracker Comm 483,Game is highly addictive with stellar graphics!,Positive,0.465,0.596
Easy Tracker Comm 483,Game is highly addictive with stellar graphics!,Positive,0.736,0.58
Easy Tracker Comm 483,Great customer support and seamless synchronization.,Positive,0.307,0.454
Easy Tracker Comm 483,Incredible features and clean layout. Worth every penny.,Positive,0.365,0.777
Easy Tracker Comm 483,Great customer support and seamless synchronization.,Positive,0.71,0.675
Easy Tracker Comm 483,Game is highly addictive with stellar graphics!,Positive,0.855,0.623
Easy Tracker Comm 483,"Decent app overall, does the job but lacks advanced customization.",Neutral,0.033,0.239
Pocket Plus Pers 941,Absolutely love this app! Very smooth UI and responsive.,Positive,0.268,0.569
Pocket Plus Pers 941,Customer service never responded to my refund ticket.,Negative,-0.3,0.808
Pocket Plus Pers 941,Customer service never responded to my refund ticket.,Negative,-0.38,0.891
Pocket Plus Pers 941,Essential utility for daily workflow. Fast loading.,Positive,0.462,0.525
Pocket Plus Pers 941,Game is highly addictive with stellar graphics!,Positive,0.892,0.847
Pocket Plus Pers 941,Incredible features and clean layout. Worth every penny.,Positive,0.813,0.781
Pocket Plus Pers 941,Absolutely love this app! Very smooth UI and responsive.,Positive,0.344,0.564
Pocket Plus Pers 941,"Decent app overall, does the job but lacks advanced customization.",Neutral,0.074,0.24
Pocket Plus Pers 941,"Good concept, waiting for future feature updates.",Neutral,0.054,0.159
Pocket Plus Pers 941,"Good concept, waiting for future feature updates.",Neutral,0.015,0.231
Pocket Plus Pers 941,Essential utility for daily workflow. Fast loading.,Positive,0.402,0.516
Pocket Plus Pers 941,"Good concept, waiting for future feature updates.",Neutral,-0.011,0.333
Daily Hero Life 2144,Essential utility for daily workflow. Fast loading.,Positive,0.537,0.509
Daily Hero Life 2144,Incredible features and clean layout. Worth every penny.,Positive,0.93,0.401
Daily Hero Life 2144,"Good concept, waiting for future feature updates.",Neutral,-0.093,0.291
Daily Hero Life 2144,"Best in its class, saves me so much time every day.",Positive,0.796,0.709
Daily Hero Life 2144,Essential utility for daily workflow. Fast loading.,Positive,0.579,0.638
Daily Hero Life 2144,Too many intrusive video ads every 30 seconds. Uninstalled.,Negative,-0.518,0.707
Daily Hero Life 2144,"Full of bugs, login screen freezes constantly.",Negative,-0.501,0.876
Daily Hero Life 2144,Incredible features and clean layout. Worth every penny.,Positive,0.839,0.789
Daily Hero Life 2144,Customer service never responded to my refund ticket.,Negative,-0.162,0.818
Daily Hero Life 2144,Game is highly addictive with stellar graphics!,Positive,0.898,0.765
Daily Hero Life 2144,Essential utility for daily workflow. Fast loading.,Positive,0.381,0.609
Daily Hero Life 2144,Battery drain is immense and phone overheats quickly.,Negative,-0.665,0.528
NextGen Hero Busi 1877,Incredible features and clean layout. Worth every penny.,Positive,0.282,0.832
NextGen Hero Busi 1877,Subscription fee is ridiculous for basic features that used to be free.,Negative,-0.289,0.645
NextGen Hero Busi 1877,Game is highly addictive with stellar graphics!,Positive,0.859,0.61
NextGen Hero Busi 1877,"Best in its class, saves me so much time every day.",Positive,0.445,0.448
NextGen Hero Busi 1877,"Decent app overall, does the job but lacks advanced customization.",Neutral,0.047,0.247
NextGen Hero Busi 1877,"Works okay on tablet, bit clunky on small screens.",Neutral,0.045,0.155
NextGen Hero Busi 1877,"Works okay on tablet, bit clunky on small screens.",Neutral,0.101,0.236
NextGen Hero Busi 1877,Absolutely love this app! Very smooth UI and responsive.,Positive,0.319,0.673
NextGen Hero Busi 1877,Great customer support and seamless synchronization.,Positive,0.584,0.428
Quick Hero Busi 766,Game is highly addictive with stellar graphics!,Positive,0.719,0.41
Quick Hero Busi 766,"Best in its class, saves me so much time every day.",Positive,0.778,0.737
Quick Hero Busi 766,"Decent app overall, does the job but lacks advanced customization.",Neutral,-0.065,0.387
Quick Hero Busi 766,"Best in its class, saves me so much time every day.",Positive,0.374,0.844
Quick Hero Busi 766,Essential utility for daily workflow. Fast loading.,Positive,0.373,0.751
Quick Hero Busi 766,Constant crashes after the latest update. Terrible experience.,Negative,-0.463,0.491
Quick Hero Busi 766,Great customer support and seamless synchronization.,Positive,0.697,0.808
NextGen 3D Medi 1293,Essential utility for daily workflow. Fast loading.,Positive,0.372,0.781
NextGen 3D Medi 1293,Incredible features and clean layout. Worth every penny.,Positive,0.278,0.431
NextGen 3D Medi 1293,"Best in its class, saves me so much time every day.",Positive,0.637,0.847
NextGen 3D Medi 1293,"Good concept, waiting for future feature updates.",Neutral,0.009,0.239
NextGen 3D Medi 1293,Absolutely love this app! Very smooth UI and responsive.,Positive,0.707,0.412
NextGen 3D Medi 1293,"Best in its class, saves me so much time every day.",Positive,0.644,0.808
Global Flow Fina 1227,"Works okay on tablet, bit clunky on small screens.",Neutral,0.146,0.32
Global Flow Fina 1227,Battery drain is immense and phone overheats quickly.,Negative,-0.742,0.708
Global Flow Fina 1227,Average performance. UI could use some polishing.,Neutral,0.039,0.202
Global Flow Fina 1227,Essential utility for daily workflow. Fast loading.,Positive,0.772,0.849
Global Flow Fina 1227,"Good concept, waiting for future feature updates.",Neutral,-0.004,0.269
Global Hero Fami 1337,Essential utility for daily workflow. Fast loading.,Positive,0.635,0.75
Global Hero Fami 1337,"Best in its class, saves me so much time every day.",Positive,0.257,0.842
Global Hero Fami 1337,Game is highly addictive with stellar graphics!,Positive,0.582,0.461
Global Hero Fami 1337,Subscription fee is ridiculous for basic features that used to be free.,Negative,-0.447,0.816
Global Hero Fami 1337,Incredible features and clean layout. Worth every penny.,Positive,0.283,0.779
Global Hero Fami 1337,"Best in its class, saves me so much time every day.",Positive,0.547,0.678
Global Hero Fami 1337,Essential utility for daily workflow. Fast loading.,Positive,0.694,0.704
Global Hero Fami 1337,Too many intrusive video ads every 30 seconds. Uninstalled.,Negative,-0.366,0.515
Global Hero Fami 1337,"Works okay on tablet, bit clunky on small screens.",Neutral,0.091,0.272
Global Hero Fami 1337,"Good concept, waiting for future feature updates.",Neutral,0.115,0.17
Global Hero Fami 1337,Great customer support and seamless synchronization.,Positive,0.927,0.599
Global Hero Fami 1337,Game is highly addictive with stellar graphics!,Positive,0.43,0.755
Super Plus Busi 619,"Decent app overall, does the job but lacks advanced customization.",Neutral,-0.087,0.155
Super Plus Busi 619,"Best in its class, saves me so much time every day.",Positive,0.668,0.79
Super Plus Busi 619,"Works okay on tablet, bit clunky on small screens.",Neutral,-0.022,0.359
Super Plus Busi 619,Essential utility for daily workflow. Fast loading.,Positive,0.472,0.499
Super Plus Busi 619,Constant crashes after the latest update. Terrible experience.,Negative,-0.751,0.579
Super Plus Busi 619,Essential utility for daily workflow. Fast loading.,Positive,0.877,0.607
Super Plus Busi 619,Absolutely love this app! Very smooth UI and responsive.,Positive,0.344,0.749
Super Plus Busi 619,Essential utility for daily workflow. Fast loading.,Positive,0.424,0.425
Super Plus Busi 619,"Works okay on tablet, bit clunky on small screens.",Neutral,-0.009,0.282
Super Plus Busi 619,Great customer support and seamless synchronization.,Positive,0.527,0.76
Super Plus Busi 619,Absolutely love this app! Very smooth UI and responsive.,Positive,0.658,0.567
Global Lite Game 2361,Constant crashes after the latest update. Terrible experience.,Negative,-0.232,0.774
Global Lite Game 2361,Incredible features and clean layout. Worth every penny.,Positive,0.527,0.78
Global Lite Game 2361,"Decent app overall, does the job but lacks advanced customization.",Neutral,0.103,0.269
Global Lite Game 2361,Customer service never responded to my refund ticket.,Negative,-0.362,0.48
Global Lite Game 2361,Subscription fee is ridiculous for basic features that used to be free.,Negative,-0.657,0.536
Global Lite Game 2361,"Works okay on tablet, bit clunky on small screens.",Neutral,-0.01,0.388
Master Manager Phot 868,"Decent app overall, does the job but lacks advanced customization.",Neutral,-0.054,0.176
Master Manager Phot 868,"Works okay on tablet, bit clunky on small screens.",Neutral,-0.047,0.203
Master Manager Phot 868,"Works okay on tablet, bit clunky on small screens.",Neutral,0.103,0.315
Master Manager Phot 868,Absolutely love this app! Very smooth UI and responsive.,Positive,0.318,0.797
Master Manager Phot 868,"Best in its class, saves me so much time every day.",Positive,0.54,0.435
Master Manager Phot 868,"Full of bugs, login screen freezes constantly.",Negative,-0.418,0.521
Master Manager Phot 868,"Good concept, waiting for future feature updates.",Neutral,-0.096,0.15
Master Manager Phot 868,Great customer support and seamless synchronization.,Positive,0.517,0.521
Master Manager Phot 868,Subscription fee is ridiculous for basic features that used to be free.,Negative,-0.201,0.474
Master Manager Phot 868,"Good concept, waiting for future feature updates.",Neutral,0.114,0.394
Master Manager Phot 868,Incredible features and clean layout. Worth every penny.,Positive,0.63,0.419
Master Manager Phot 868,Game is highly addictive with stellar graphics!,Positive,0.308,0.774
Master Tracker Busi 2009,"Decent app overall, does the job but lacks advanced customization.",Neutral,0.139,0.235
Master Tracker Busi 2009,Incredible features and clean layout. Worth every penny.,Positive,0.772,0.815
Master Tracker Busi 2009,"Full of bugs, login screen freezes constantly.",Negative,-0.189,0.725
Master Tracker Busi 2009,"Works okay on tablet, bit clunky on small screens.",Neutral,-0.085,0.391
Master Tracker Busi 2009,Great customer support and seamless synchronization.,Positive,0.796,0.759
Quick Vault Busi 2376,Subscription fee is ridiculous for basic features that used to be free.,Negative,-0.152,0.723
Quick Vault Busi 2376,Incredible features and clean layout. Worth every penny.,Positive,0.43,0.626
Quick Vault Busi 2376,"Works okay on tablet, bit clunky on small screens.",Neutral,-0.063,0.268
Quick Vault Busi 2376,Incredible features and clean layout. Worth every penny.,Positive,0.368,0.539
Quick Vault Busi 2376,"Decent app overall, does the job but lacks advanced customization.",Neutral,-0.003,0.369
Quick Vault Busi 2376,Customer service never responded to my refund ticket.,Negative,-0.5,0.791
Quick Vault Busi 2376,Subscription fee is ridiculous for basic features that used to be free.,Negative,-0.614,0.566
Quick Vault Busi 2376,Great customer support and seamless synchronization.,Positive,0.362,0.75
Quick Vault Busi 2376,Absolutely love this app! Very smooth UI and responsive.,Positive,0.46,0.651
Fast Vault Fina 297,Incredible features and clean layout. Worth every penny.,Positive,0.925,0.409
Fast Vault Fina 297,Game is highly addictive with stellar graphics!,Positive,0.72,0.788
Fast Vault Fina 297,Game is highly addictive with stellar graphics!,Positive,0.279,0.477
Fast Vault Fina 297,Great customer support and seamless synchronization.,Positive,0.517,0.831
Fast Vault Fina 297,"Good concept, waiting for future feature updates.",Neutral,-0.032,0.222
Fast Vault Fina 297,"Good concept, waiting for future feature updates.",Neutral,0.087,0.306
Daily Lite Comm 1927,Customer service never responded to my refund ticket.,Negative,-0.567,0.806
Daily Lite Comm 1927,Great customer support and seamless synchronization.,Positive,0.292,0.556
Daily Lite Comm 1927,Incredible features and clean layout. Worth every penny.,Positive,0.823,0.502
Daily Lite Comm 1927,Customer service never responded to my refund ticket.,Negative,-0.559,0.797
Daily Lite Comm 1927,Great customer support and seamless synchronization.,Positive,0.426,0.678
Daily Lite Comm 1927,"Decent app overall, does the job but lacks advanced customization.",Neutral,-0.027,0.214
Daily Lite Comm 1927,Great customer support and seamless synchronization.,Positive,0.716,0.452
Daily Lite Comm 1927,Absolutely love this app! Very smooth UI and responsive.,Positive,0.562,0.572
Daily Lite Comm 1927,Game is highly addictive with stellar graphics!,Positive,0.707,0.42
Pocket Flow Tool 809,Average performance. UI could use some polishing.,Neutral,0.006,0.294
Pocket Flow Tool 809,"Best in its class, saves me so much time every day.",Positive,0.667,0.693
Pocket Flow Tool 809,Game is highly addictive with stellar graphics!,Positive,0.766,0.707
Pocket Flow Tool 809,Absolutely love this app! Very smooth UI and responsive.,Positive,0.856,0.753
Pocket Flow Tool 809,Absolutely love this app! Very smooth UI and responsive.,Positive,0.808,0.595
Pocket Flow Tool 809,Game is highly addictive with stellar graphics!,Positive,0.494,0.833
Easy Manager Game 509,Game is highly addictive with stellar graphics!,Positive,0.889,0.649
Easy Manager Game 509,Incredible features and clean layout. Worth every penny.,Positive,0.932,0.563
Easy Manager Game 509,Great customer support and seamless synchronization.,Positive,0.688,0.814
Easy Manager Game 509,Absolutely love this app! Very smooth UI and responsive.,Positive,0.553,0.62
Easy Manager Game 509,"Full of bugs, login screen freezes constantly.",Negative,-0.342,0.809
Easy Plus Life 1585,"Best in its class, saves me so much time every day.",Positive,0.46,0.789
Easy Plus Life 1585,Absolutely love this app! Very smooth UI and responsive.,Positive,0.915,0.666
Easy Plus Life 1585,Incredible features and clean layout. Worth every penny.,Positive,0.361,0.828
Easy Plus Life 1585,"Full of bugs, login screen freezes constantly.",Negative,-0.51,0.55
Easy Plus Life 1585,Game is highly addictive with stellar graphics!,Positive,0.888,0.526
Easy Plus Life 1585,"Full of bugs, login screen freezes constantly.",Negative,-0.375,0.496
Easy Plus Life 1585,Constant crashes after the latest update. Terrible experience.,Negative,-0.608,0.713
Master 3D Heal 409,Customer service never responded to my refund ticket.,Negative,-0.524,0.845
Master 3D Heal 409,Essential utility for daily workflow. Fast loading.,Positive,0.843,0.845
Master 3D Heal 409,Absolutely love this app! Very smooth UI and responsive.,Positive,0.373,0.748
Master 3D Heal 409,Game is highly addictive with stellar graphics!,Positive,0.808,0.427
Master 3D Heal 409,Absolutely love this app! Very smooth UI and responsive.,Positive,0.77,0.787
Master 3D Heal 409,"Best in its class, saves me so much time every day.",Positive,0.5,0.771
Master 3D Heal 409,Absolutely love this app! Very smooth UI and responsive.,Positive,0.845,0.794
Master 3D Heal 409,Absolutely love this app! Very smooth UI and responsive.,Positive,0.765,0.579
Master 3D Heal 409,Absolutely love this app! Very smooth UI and responsive.,Positive,0.409,0.567
Pocket Plus Fami 671,"Full of bugs, login screen freezes constantly.",Negative,-0.776,0.505
Pocket Plus Fami 671,Game is highly addictive with stellar graphics!,Positive,0.777,0.596
Pocket Plus Fami 671,Great customer support and seamless synchronization.,Positive,0.534,0.762
Pocket Plus Fami 671,Game is highly addictive with stellar graphics!,Positive,0.897,0.736
Pocket Plus Fami 671,Absolutely love this app! Very smooth UI and responsive.,Positive,0.343,0.562
Pocket Plus Fami 671,"Works okay on tablet, bit clunky on small screens.",Neutral,0.028,0.197
Pocket Plus Fami 671,Absolutely love this app! Very smooth UI and responsive.,Positive,0.683,0.48
Pocket Plus Fami 671,"Good concept, waiting for future feature updates.",Neutral,-0.088,0.287
Pocket Plus Fami 671,"Decent app overall, does the job but lacks advanced customization.",Neutral,-0.003,0.217
Pocket Plus Fami 671,"Full of bugs, login screen freezes constantly.",Negative,-0.289,0.658
Fast Studio Game 2448,"Works okay on tablet, bit clunky on small screens.",Neutral,0.128,0.354
Fast Studio Game 2448,"Best in its class, saves me so much time every day.",Positive,0.695,0.529
Fast Studio Game 2448,Absolutely love this app! Very smooth UI and responsive.,Positive,0.938,0.688
Fast Studio Game 2448,Incredible features and clean layout. Worth every penny.,Positive,0.628,0.632
Fast Studio Game 2448,Average performance. UI could use some polishing.,Neutral,0.113,0.339
Fast Studio Game 2448,Too many intrusive video ads every 30 seconds. Uninstalled.,Negative,-0.182,0.79
Fast Studio Game 2448,Absolutely love this app! Very smooth UI and responsive.,Positive,0.408,0.765
Fast Studio Game 2448,"Works okay on tablet, bit clunky on small screens.",Neutral,-0.1,0.283
Easy Manager Comm 169,"Works okay on tablet, bit clunky on small screens.",Neutral,-0.031,0.366
Easy Manager Comm 169,Subscription fee is ridiculous for basic features that used to be free.,Negative,-0.589,0.809
Easy Manager Comm 169,Game is highly addictive with stellar graphics!,Positive,0.869,0.84
Easy Manager Comm 169,Battery drain is immense and phone overheats quickly.,Negative,-0.327,0.82
Easy Manager Comm 169,Game is highly addictive with stellar graphics!,Positive,0.26,0.62
Easy Manager Comm 169,Absolutely love this app! Very smooth UI and responsive.,Positive,0.362,0.605
Easy Manager Comm 169,Absolutely love this app! Very smooth UI and responsive.,Positive,0.948,0.402
Easy Manager Comm 169,"Decent app overall, does the job but lacks advanced customization.",Neutral,-0.02,0.308
Easy Manager Comm 169,Absolutely love this app! Very smooth UI and responsive.,Positive,0.877,0.645
Easy Manager Comm 169,"Works okay on tablet, bit clunky on small screens.",Neutral,-0.018,0.271
Easy Manager Comm 169,"Decent app overall, does the job but lacks advanced customization.",Neutral,0.035,0.195
Easy Manager Comm 169,Game is highly addictive with stellar graphics!,Positive,0.362,0.474
Fast Lite Medi 1534,Subscription fee is ridiculous for basic features that used to be free.,Negative,-0.735,0.592
Fast Lite Medi 1534,Incredible features and clean layout. Worth every penny.,Positive,0.735,0.833
Fast Lite Medi 1534,Incredible features and clean layout. Worth every penny.,Positive,0.84,0.804
Fast Lite Medi 1534,Incredible features and clean layout. Worth every penny.,Positive,0.36,0.611
Fast Lite Medi 1534,Game is highly addictive with stellar graphics!,Positive,0.637,0.613
Fast Lite Medi 1534,Battery drain is immense and phone overheats quickly.,Negative,-0.841,0.613
Fast Lite Medi 1534,Great customer support and seamless synchronization.,Positive,0.772,0.454
Fast Lite Medi 1534,Incredible features and clean layout. Worth every penny.,Positive,0.311,0.411
Fast Lite Medi 1534,Battery drain is immense and phone overheats quickly.,Negative,-0.779,0.46
Fast Lite Medi 1534,Constant crashes after the latest update. Terrible experience.,Negative,-0.505,0.734
NextGen Assistant Comm 240,"Good concept, waiting for future feature updates.",Neutral,-0.083,0.257
NextGen Assistant Comm 240,Too many intrusive video ads every 30 seconds. Uninstalled.,Negative,-0.699,0.797
NextGen Assistant Comm 240,Essential utility for daily workflow. Fast loading.,Positive,0.687,0.753
NextGen Assistant Comm 240,Great customer support and seamless synchronization.,Positive,0.875,0.663
NextGen Assistant Comm 240,Great customer support and seamless synchronization.,Positive,0.576,0.675
Smart Tracker Pers 820,"Best in its class, saves me so much time every day.",Positive,0.722,0.48
Smart Tracker Pers 820,Absolutely love this app! Very smooth UI and responsive.,Positive,0.513,0.423
Smart Tracker Pers 820,Game is highly addictive with stellar graphics!,Positive,0.818,0.598
Smart Tracker Pers 820,Absolutely love this app! Very smooth UI and responsive.,Positive,0.393,0.492
Smart Tracker Pers 820,"Decent app overall, does the job but lacks advanced customization.",Neutral,-0.066,0.228
Daily Hero Prod 1208,Game is highly addictive with stellar graphics!,Positive,0.523,0.529
Daily Hero Prod 1208,Incredible features and clean layout. Worth every penny.,Positive,0.395,0.592
Daily Hero Prod 1208,Too many intrusive video ads every 30 seconds. Uninstalled.,Negative,-0.791,0.588
Daily Hero Prod 1208,Battery drain is immense and phone overheats quickly.,Negative,-0.365,0.718
Daily Hero Prod 1208,Battery drain is immense and phone overheats quickly.,Negative,-0.183,0.698
Daily Hero Prod 1208,Absolutely love this app! Very smooth UI and responsive.,Positive,0.778,0.663
Smart Hero Fina 408,"Works okay on tablet, bit clunky on small screens.",Neutral,0.075,0.347
Smart Hero Fina 408,"Decent app overall, does the job but lacks advanced customization.",Neutral,0.034,0.304
Smart Hero Fina 408,Game is highly addictive with stellar graphics!,Positive,0.797,0.508
Smart Hero Fina 408,Constant crashes after the latest update. Terrible experience.,Negative,-0.76,0.454
Smart Hero Fina 408,"Best in its class, saves me so much time every day.",Positive,0.418,0.5
Smart Hero Fina 408,Essential utility for daily workflow. Fast loading.,Positive,0.781,0.447
Easy Manager Fami 508,"Best in its class, saves me so much time every day.",Positive,0.477,0.675
Easy Manager Fami 508,Too many intrusive video ads every 30 seconds. Uninstalled.,Negative,-0.503,0.566
Easy Manager Fami 508,Incredible features and clean layout. Worth every penny.,Positive,0.422,0.776
Easy Manager Fami 508,"Works okay on tablet, bit clunky on small screens.",Neutral,0.007,0.226
Easy Manager Fami 508,Game is highly addictive with stellar graphics!,Positive,0.707,0.575
Easy Manager Fami 508,Subscription fee is ridiculous for basic features that used to be free.,Negative,-0.63,0.78
Easy Manager Fami 508,Subscription fee is ridiculous for basic features that used to be free.,Negative,-0.708,0.677
Easy Manager Fami 508,Game is highly addictive with stellar graphics!,Positive,0.385,0.426
Easy Manager Fami 508,Great customer support and seamless synchronization.,Positive,0.933,0.466
Easy Manager Fami 508,Absolutely love this app! Very smooth UI and responsive.,Positive,0.645,0.413
Easy Manager Fami 508,"Full of bugs, login screen freezes constantly.",Negative,-0.471,0.583
Pocket Vault Phot 1065,Essential utility for daily workflow. Fast loading.,Positive,0.577,0.445
Pocket Vault Phot 1065,Subscription fee is ridiculous for basic features that used to be free.,Negative,-0.753,0.451
Pocket Vault Phot 1065,Essential utility for daily workflow. Fast loading.,Positive,0.863,0.695
Pocket Vault Phot 1065,Average performance. UI could use some polishing.,Neutral,0.001,0.282
Pocket Vault Phot 1065,Average performance. UI could use some polishing.,Neutral,0.026,0.313
Pocket Vault Phot 1065,"Works okay on tablet, bit clunky on small screens.",Neutral,-0.097,0.245
Pocket Vault Phot 1065,"Works okay on tablet, bit clunky on small screens.",Neutral,0.113,0.276
Pocket Vault Phot 1065,"Decent app overall, does the job but lacks advanced customization.",Neutral,0.119,0.19
Pocket Vault Phot 1065,Incredible features and clean layout. Worth every penny.,Positive,0.759,0.474
Pocket Vault Phot 1065,Essential utility for daily workflow. Fast loading.,Positive,0.436,0.545
Pocket Vault Phot 1065,"Works okay on tablet, bit clunky on small screens.",Neutral,0.036,0.169
Pocket Vault Phot 1065,"Best in its class, saves me so much time every day.",Positive,0.36,0.528
Quick Hero Game 1872,"Works okay on tablet, bit clunky on small screens.",Neutral,-0.098,0.181
Quick Hero Game 1872,Great customer support and seamless synchronization.,Positive,0.398,0.651
Quick Hero Game 1872,Great customer support and seamless synchronization.,Positive,0.89,0.556
Quick Hero Game 1872,Battery drain is immense and phone overheats quickly.,Negative,-0.214,0.894
Quick Hero Game 1872,Absolutely love this app! Very smooth UI and responsive.,Positive,0.911,0.759
Quick Hero Game 1872,Great customer support and seamless synchronization.,Positive,0.423,0.515
Quick Hero Game 1872,"Good concept, waiting for future feature updates.",Neutral,0.035,0.379
Quick Hero Game 1872,Essential utility for daily workflow. Fast loading.,Positive,0.694,0.574
Quick Hero Game 1872,"Best in its class, saves me so much time every day.",Positive,0.299,0.848
Quick Hero Game 1872,Subscription fee is ridiculous for basic features that used to be free.,Negative,-0.358,0.786
Quick Hero Game 1872,Absolutely love this app! Very smooth UI and responsive.,Positive,0.474,0.688
Quick Hero Game 1872,"Works okay on tablet, bit clunky on small screens.",Neutral,0.059,0.226
Smart Lite Heal 2270,Essential utility for daily workflow. Fast loading.,Positive,0.639,0.779
Smart Lite Heal 2270,Great customer support and seamless synchronization.,Positive,0.371,0.839
Smart Lite Heal 2270,Customer service never responded to my refund ticket.,Negative,-0.205,0.559
Smart Lite Heal 2270,Game is highly addictive with stellar graphics!,Positive,0.764,0.794
Smart Lite Heal 2270,Absolutely love this app! Very smooth UI and responsive.,Positive,0.451,0.803
Easy Studio Fami 2095,Battery drain is immense and phone overheats quickly.,Negative,-0.509,0.878
Easy Studio Fami 2095,Essential utility for daily workflow. Fast loading.,Positive,0.764,0.49
Easy Studio Fami 2095,"Best in its class, saves me so much time every day.",Positive,0.931,0.454
Easy Studio Fami 2095,Incredible features and clean layout. Worth every penny.,Positive,0.521,0.462
Easy Studio Fami 2095,Great customer support and seamless synchronization.,Positive,0.443,0.725
Easy Studio Fami 2095,Absolutely love this app! Very smooth UI and responsive.,Positive,0.598,0.645
Easy Studio Fami 2095,Essential utility for daily workflow. Fast loading.,Positive,0.815,0.558
Easy Studio Fami 2095,"Works okay on tablet, bit clunky on small screens.",Neutral,0.002,0.184
Easy Studio Fami 2095,Absolutely love this app! Very smooth UI and responsive.,Positive,0.895,0.598
Easy Studio Fami 2095,Game is highly addictive with stellar graphics!,Positive,0.427,0.406
Master Flow Tool 1412,Game is highly addictive with stellar graphics!,Positive,0.456,0.837
Master Flow Tool 1412,Great customer support and seamless synchronization.,Positive,0.68,0.619
Master Flow Tool 1412,Subscription fee is ridiculous for basic features that used to be free.,Negative,-0.61,0.506
Master Flow Tool 1412,"Good concept, waiting for future feature updates.",Neutral,-0.063,0.234
Master Flow Tool 1412,Subscription fee is ridiculous for basic features that used to be free.,Negative,-0.532,0.725
Master Flow Tool 1412,Absolutely love this app! Very smooth UI and responsive.,Positive,0.946,0.473
Pro Plus Busi 2370,Incredible features and clean layout. Worth every penny.,Positive,0.281,0.7
Pro Plus Busi 2370,Incredible features and clean layout. Worth every penny.,Positive,0.323,0.633
Pro Plus Busi 2370,"Best in its class, saves me so much time every day.",Positive,0.64,0.702
Pro Plus Busi 2370,"Best in its class, saves me so much time every day.",Positive,0.681,0.762
Pro Plus Busi 2370,"Works okay on tablet, bit clunky on small screens.",Neutral,-0.066,0.24
Pro Plus Busi 2370,"Works okay on tablet, bit clunky on small screens.",Neutral,0.062,0.335
Pro Plus Busi 2370,Game is highly addictive with stellar graphics!,Positive,0.875,0.842
Pro Plus Busi 2370,Incredible features and clean layout. Worth every penny.,Positive,0.531,0.624
Pro Plus Busi 2370,Constant crashes after the latest update. Terrible experience.,Negative,-0.458,0.59
Pro Plus Busi 2370,Absolutely love this app! Very smooth UI and responsive.,Positive,0.744,0.775
Pro Plus Busi 2370,Game is highly addictive with stellar graphics!,Positive,0.352,0.504
Super Vault Medi 760,Game is highly addictive with stellar graphics!,Positive,0.272,0.728
Super Vault Medi 760,Game is highly addictive with stellar graphics!,Positive,0.539,0.528
Super Vault Medi 760,Absolutely love this app! Very smooth UI and responsive.,Positive,0.66,0.595
Super Vault Medi 760,Absolutely love this app! Very smooth UI and responsive.,Positive,0.647,0.786
Super Vault Medi 760,Great customer support and seamless synchronization.,Positive,0.324,0.577
Super Vault Medi 760,"Good concept, waiting for future feature updates.",Neutral,-0.023,0.386
Super Vault Medi 760,Average performance. UI could use some polishing.,Neutral,-0.09,0.174
Super Vault Medi 760,"Good concept, waiting for future feature updates.",Neutral,0.114,0.183
Super Vault Medi 760,Subscription fee is ridiculous for basic features that used to be free.,Negative,-0.341,0.838
Super Vault Medi 760,Too many intrusive video ads every 30 seconds. Uninstalled.,Negative,-0.287,0.452
Easy Portal Prod 1973,Essential utility for daily workflow. Fast loading.,Positive,0.341,0.699
Easy Portal Prod 1973,Great customer support and seamless synchronization.,Positive,0.904,0.606
Easy Portal Prod 1973,Average performance. UI could use some polishing.,Neutral,-0.086,0.343
Easy Portal Prod 1973,Absolutely love this app! Very smooth UI and responsive.,Positive,0.538,0.579
Easy Portal Prod 1973,"Works okay on tablet, bit clunky on small screens.",Neutral,0.042,0.176
Easy Portal Prod 1973,Constant crashes after the latest update. Terrible experience.,Negative,-0.411,0.755
Easy Portal Prod 1973,Absolutely love this app! Very smooth UI and responsive.,Positive,0.855,0.766
Easy Portal Prod 1973,Essential utility for daily workflow. Fast loading.,Positive,0.889,0.4
Easy Portal Prod 1973,Absolutely love this app! Very smooth UI and responsive.,Positive,0.915,0.583
Easy Portal Prod 1973,Game is highly addictive with stellar graphics!,Positive,0.946,0.809
Fast Studio Tool 2121,Great customer support and seamless synchronization.,Positive,0.702,0.743
Fast Studio Tool 2121,"Best in its class, saves me so much time every day.",Positive,0.892,0.703
Fast Studio Tool 2121,"Decent app overall, does the job but lacks advanced customization.",Neutral,0.112,0.393
Fast Studio Tool 2121,Game is highly addictive with stellar graphics!,Positive,0.72,0.519
Fast Studio Tool 2121,Game is highly addictive with stellar graphics!,Positive,0.26,0.629
Fast Studio Tool 2121,Battery drain is immense and phone overheats quickly.,Negative,-0.715,0.827
Fast Studio Tool 2121,"Works okay on tablet, bit clunky on small screens.",Neutral,-0.014,0.3
Fast Studio Tool 2121,"Works okay on tablet, bit clunky on small screens.",Neutral,0.131,0.291
Fast Studio Tool 2121,Constant crashes after the latest update. Terrible experience.,Negative,-0.668,0.481
Fast Portal Fina 2037,Average performance. UI could use some polishing.,Neutral,0.141,0.391
Fast Portal Fina 2037,Too many intrusive video ads every 30 seconds. Uninstalled.,Negative,-0.316,0.472
Fast Portal Fina 2037,"Works okay on tablet, bit clunky on small screens.",Neutral,0.131,0.218
Fast Portal Fina 2037,Essential utility for daily workflow. Fast loading.,Positive,0.422,0.835
Fast Portal Fina 2037,Game is highly addictive with stellar graphics!,Positive,0.571,0.526
Fast Portal Fina 2037,Battery drain is immense and phone overheats quickly.,Negative,-0.691,0.799
Fast Portal Fina 2037,"Good concept, waiting for future feature updates.",Neutral,-0.014,0.264
Fast Portal Fina 2037,Game is highly addictive with stellar graphics!,Positive,0.735,0.729
Fast Portal Fina 2037,"Decent app overall, does the job but lacks advanced customization.",Neutral,-0.026,0.364
Fast Portal Fina 2037,Game is highly addictive with stellar graphics!,Positive,0.341,0.686
NextGen Studio Heal 887,"Full of bugs, login screen freezes constantly.",Negative,-0.513,0.804
NextGen Studio Heal 887,"Full of bugs, login screen freezes constantly.",Negative,-0.702,0.798
NextGen Studio Heal 887,Absolutely love this app! Very smooth UI and responsive.,Positive,0.537,0.683
NextGen Studio Heal 887,Constant crashes after the latest update. Terrible experience.,Negative,-0.835,0.718
NextGen Studio Heal 887,Incredible features and clean layout. Worth every penny.,Positive,0.454,0.478
NextGen Studio Heal 887,Great customer support and seamless synchronization.,Positive,0.649,0.43
NextGen Studio Heal 887,Too many intrusive video ads every 30 seconds. Uninstalled.,Negative,-0.765,0.676
NextGen Studio Heal 887,Great customer support and seamless synchronization.,Positive,0.494,0.672
NextGen Studio Heal 887,"Decent app overall, does the job but lacks advanced customization.",Neutral,0.142,0.367
NextGen Studio Heal 887,Great customer support and seamless synchronization.,Positive,0.664,0.401
NextGen Studio Heal 887,Subscription fee is ridiculous for basic features that used to be free.,Negative,-0.455,0.706
Master Studio Life 1979,"Full of bugs, login screen freezes constantly.",Negative,-0.33,0.553
Master Studio Life 1979,Battery drain is immense and phone overheats quickly.,Negative,-0.225,0.608
Master Studio Life 1979,"Best in its class, saves me so much time every day.",Positive,0.946,0.5
Master Studio Life 1979,Incredible features and clean layout. Worth every penny.,Positive,0.443,0.723
Master Studio Life 1979,Absolutely love this app! Very smooth UI and responsive.,Positive,0.61,0.409
Master Studio Life 1979,Average performance. UI could use some polishing.,Neutral,-0.082,0.333
Master Studio Life 1979,Great customer support and seamless synchronization.,Positive,0.704,0.507
Master Studio Life 1979,"Good concept, waiting for future feature updates.",Neutral,0.114,0.305
Master Studio Life 1979,Too many intrusive video ads every 30 seconds. Uninstalled.,Negative,-0.152,0.778
Master Studio Life 1979,Great customer support and seamless synchronization.,Positive,0.364,0.687
Super Lite Game 1092,Incredible features and clean layout. Worth every penny.,Positive,0.696,0.443
Super Lite Game 1092,Constant crashes after the latest update. Terrible experience.,Negative,-0.626,0.568
Super Lite Game 1092,Great customer support and seamless synchronization.,Positive,0.604,0.498
Super Lite Game 1092,Game is highly addictive with stellar graphics!,Positive,0.286,0.426
Super Lite Game 1092,"Works okay on tablet, bit clunky on small screens.",Neutral,-0.094,0.243
Super Lite Game 1092,Constant crashes after the latest update. Terrible experience.,Negative,-0.403,0.87
Quick Manager Fami 2497,Too many intrusive video ads every 30 seconds. Uninstalled.,Negative,-0.539,0.531
Quick Manager Fami 2497,Essential utility for daily workflow. Fast loading.,Positive,0.861,0.795
Quick Manager Fami 2497,Game is highly addictive with stellar graphics!,Positive,0.484,0.469
Quick Manager Fami 2497,"Works okay on tablet, bit clunky on small screens.",Neutral,0.052,0.163
Quick Manager Fami 2497,Constant crashes after the latest update. Terrible experience.,Negative,-0.513,0.73
Quick Manager Fami 2497,Customer service never responded to my refund ticket.,Negative,-0.681,0.722
Quick Manager Fami 2497,Game is highly addictive with stellar graphics!,Positive,0.714,0.473
Quick Manager Fami 2497,Average performance. UI could use some polishing.,Neutral,0.055,0.305
Quick Manager Fami 2497,Average performance. UI could use some polishing.,Neutral,-0.003,0.351
Quick Manager Fami 2497,Battery drain is immense and phone overheats quickly.,Negative,-0.597,0.57
Quick Manager Fami 2497,Average performance. UI could use some polishing.,Neutral,0.145,0.379
Daily Assistant Fami 2030,Average performance. UI could use some polishing.,Neutral,0.032,0.25
Daily Assistant Fami 2030,Great customer support and seamless synchronization.,Positive,0.262,0.589
Daily Assistant Fami 2030,"Decent app overall, does the job but lacks advanced customization.",Neutral,-0.021,0.331
Daily Assistant Fami 2030,Game is highly addictive with stellar graphics!,Positive,0.9,0.601
Daily Assistant Fami 2030,Customer service never responded to my refund ticket.,Negative,-0.154,0.881
Daily Assistant Fami 2030,Incredible features and clean layout. Worth every penny.,Positive,0.764,0.487
Daily Assistant Fami 2030,Essential utility for daily workflow. Fast loading.,Positive,0.562,0.823
Daily Assistant Fami 2030,Essential utility for daily workflow. Fast loading.,Positive,0.399,0.534
Daily Assistant Fami 2030,Game is highly addictive with stellar graphics!,Positive,0.866,0.677
Daily Assistant Fami 2030,Absolutely love this app! Very smooth UI and responsive.,Positive,0.852,0.571
Daily Assistant Fami 2030,Too many intrusive video ads every 30 seconds. Uninstalled.,Negative,-0.771,0.459
Daily Assistant Fami 2030,Absolutely love this app! Very smooth UI and responsive.,Positive,0.37,0.638
Global Assistant Prod 606,"Full of bugs, login screen freezes constantly.",Negative,-0.6,0.817
Global Assistant Prod 606,Game is highly addictive with stellar graphics!,Positive,0.289,0.402
Global Assistant Prod 606,"Best in its class, saves me so much time every day.",Positive,0.91,0.502
Global Assistant Prod 606,"Decent app overall, does the job but lacks advanced customization.",Neutral,0.119,0.346
Global Assistant Prod 606,Great customer support and seamless synchronization.,Positive,0.74,0.549
Global Assistant Prod 606,Game is highly addictive with stellar graphics!,Positive,0.834,0.572
Global Assistant Prod 606,"Best in its class, saves me so much time every day.",Positive,0.761,0.61
Global Assistant Prod 606,Essential utility for daily workflow. Fast loading.,Positive,0.367,0.792
Global Assistant Prod 606,"Good concept, waiting for future feature updates.",Neutral,0.069,0.348
Master Portal Heal 2367,Great customer support and seamless synchronization.,Positive,0.723,0.614
Master Portal Heal 2367,Absolutely love this app! Very smooth UI and responsive.,Positive,0.773,0.557
Master Portal Heal 2367,Too many intrusive video ads every 30 seconds. Uninstalled.,Negative,-0.473,0.51
Master Portal Heal 2367,Subscription fee is ridiculous for basic features that used to be free.,Negative,-0.622,0.721
Master Portal Heal 2367,Battery drain is immense and phone overheats quickly.,Negative,-0.247,0.585
Master Portal Heal 2367,Battery drain is immense and phone overheats quickly.,Negative,-0.284,0.81
Master Portal Heal 2367,Great customer support and seamless synchronization.,Positive,0.513,0.522
NextGen Manager Fami 1507,Incredible features and clean layout. Worth every penny.,Positive,0.718,0.649
NextGen Manager Fami 1507,Great customer support and seamless synchronization.,Positive,0.913,0.722
NextGen Manager Fami 1507,Game is highly addictive with stellar graphics!,Positive,0.563,0.699
NextGen Manager Fami 1507,"Works okay on tablet, bit clunky on small screens.",Neutral,0.113,0.207
NextGen Manager Fami 1507,"Full of bugs, login screen freezes constantly.",Negative,-0.618,0.741
NextGen Manager Fami 1507,Essential utility for daily workflow. Fast loading.,Positive,0.327,0.644
NextGen Manager Fami 1507,Essential utility for daily workflow. Fast loading.,Positive,0.886,0.756
NextGen Manager Fami 1507,"Decent app overall, does the job but lacks advanced customization.",Neutral,0.063,0.259
NextGen Manager Fami 1507,Absolutely love this app! Very smooth UI and responsive.,Positive,0.584,0.661
NextGen Manager Fami 1507,Essential utility for daily workflow. Fast loading.,Positive,0.511,0.593
NextGen Manager Fami 1507,"Works okay on tablet, bit clunky on small screens.",Neutral,0.102,0.332
Fast Hub Heal 1205,Constant crashes after the latest update. Terrible experience.,Negative,-0.346,0.475
Fast Hub Heal 1205,Incredible features and clean layout. Worth every penny.,Positive,0.946,0.746
Fast Hub Heal 1205,"Best in its class, saves me so much time every day.",Positive,0.525,0.567
Fast Hub Heal 1205,Essential utility for daily workflow. Fast loading.,Positive,0.463,0.567
Fast Hub Heal 1205,"Works okay on tablet, bit clunky on small screens.",Neutral,-0.009,0.264
Fast Hub Heal 1205,"Best in its class, saves me so much time every day.",Positive,0.662,0.614
Fast Hub Heal 1205,"Decent app overall, does the job but lacks advanced customization.",Neutral,0.091,0.234
Fast Hub Heal 1205,Incredible features and clean layout. Worth every penny.,Positive,0.68,0.757
Fast Hub Heal 1205,Too many intrusive video ads every 30 seconds. Uninstalled.,Negative,-0.681,0.475
Fast Hub Heal 1205,Subscription fee is ridiculous for basic features that used to be free.,Negative,-0.317,0.534
Fast Hub Heal 1205,Game is highly addictive with stellar graphics!,Positive,0.696,0.789
Global Tracker Phot 1991,"Good concept, waiting for future feature updates.",Neutral,-0.045,0.359
Global Tracker Phot 1991,Absolutely love this app! Very smooth UI and responsive.,Positive,0.475,0.749
Global Tracker Phot 1991,Average performance. UI could use some polishing.,Neutral,0.036,0.15
Global Tracker Phot 1991,Great customer support and seamless synchronization.,Positive,0.299,0.801
Global Tracker Phot 1991,Great customer support and seamless synchronization.,Positive,0.392,0.821
Global Tracker Phot 1991,Subscription fee is ridiculous for basic features that used to be free.,Negative,-0.772,0.84
Pocket Studio Comm 260,Absolutely love this app! Very smooth UI and responsive.,Positive,0.552,0.455
Pocket Studio Comm 260,Too many intrusive video ads every 30 seconds. Uninstalled.,Negative,-0.547,0.842
Pocket Studio Comm 260,Great customer support and seamless synchronization.,Positive,0.291,0.453
Pocket Studio Comm 260,Great customer support and seamless synchronization.,Positive,0.698,0.706
Pocket Studio Comm 260,Game is highly addictive with stellar graphics!,Positive,0.722,0.447
Pocket Studio Comm 260,Incredible features and clean layout. Worth every penny.,Positive,0.539,0.415
Pocket Studio Comm 260,"Works okay on tablet, bit clunky on small screens.",Neutral,0.068,0.287
Pocket Studio Comm 260,Game is highly addictive with stellar graphics!,Positive,0.829,0.788
Pocket Studio Comm 260,Great customer support and seamless synchronization.,Positive,0.403,0.631
Pocket Studio Comm 260,"Full of bugs, login screen freezes constantly.",Negative,-0.488,0.77
Pocket Studio Comm 260,Great customer support and seamless synchronization.,Positive,0.627,0.808
Pocket Studio Comm 260,"Best in its class, saves me so much time every day.",Positive,0.569,0.68
Master Studio Heal 1176,Game is highly addictive with stellar graphics!,Positive,0.947,0.601
Master Studio Heal 1176,Great customer support and seamless synchronization.,Positive,0.381,0.713
Master Studio Heal 1176,Absolutely love this app! Very smooth UI and responsive.,Positive,0.649,0.598
Master Studio Heal 1176,"Good concept, waiting for future feature updates.",Neutral,0.022,0.233
Master Studio Heal 1176,"Decent app overall, does the job but lacks advanced customization.",Neutral,-0.071,0.399
Master Studio Heal 1176,Average performance. UI could use some polishing.,Neutral,-0.004,0.364
Master Studio Heal 1176,Constant crashes after the latest update. Terrible experience.,Negative,-0.804,0.597
Master Studio Heal 1176,Essential utility for daily workflow. Fast loading.,Positive,0.615,0.43
Master Studio Heal 1176,"Best in its class, saves me so much time every day.",Positive,0.884,0.482
Master Studio Heal 1176,Game is highly addictive with stellar graphics!,Positive,0.466,0.674
Master Studio Heal 1176,"Decent app overall, does the job but lacks advanced customization.",Neutral,0.06,0.262
Easy Studio Comm 2334,Constant crashes after the latest update. Terrible experience.,Negative,-0.452,0.752
Easy Studio Comm 2334,"Best in its class, saves me so much time every day.",Positive,0.712,0.568
Easy Studio Comm 2334,Essential utility for daily workflow. Fast loading.,Positive,0.415,0.843
Easy Studio Comm 2334,"Best in its class, saves me so much time every day.",Positive,0.333,0.694
Easy Studio Comm 2334,Battery drain is immense and phone overheats quickly.,Negative,-0.776,0.777
Easy Studio Comm 2334,Subscription fee is ridiculous for basic features that used to be free.,Negative,-0.285,0.811
Easy Studio Comm 2334,Game is highly addictive with stellar graphics!,Positive,0.666,0.537
Easy Studio Comm 2334,Battery drain is immense and phone overheats quickly.,Negative,-0.431,0.477
Easy Studio Comm 2334,Great customer support and seamless synchronization.,Positive,0.295,0.444
Easy Studio Comm 2334,"Full of bugs, login screen freezes constantly.",Negative,-0.672,0.52
Easy Studio Comm 2334,Absolutely love this app! Very smooth UI and responsive.,Positive,0.95,0.716
Hyper Studio Fami 523,Customer service never responded to my refund ticket.,Negative,-0.738,0.805
Hyper Studio Fami 523,Absolutely love this app! Very smooth UI and responsive.,Positive,0.265,0.625
Hyper Studio Fami 523,"Decent app overall, does the job but lacks advanced customization.",Neutral,0.06,0.357
Hyper Studio Fami 523,Incredible features and clean layout. Worth every penny.,Positive,0.466,0.436
Hyper Studio Fami 523,"Works okay on tablet, bit clunky on small screens.",Neutral,0.118,0.247
Hyper Studio Fami 523,Game is highly addictive with stellar graphics!,Positive,0.729,0.776
Pocket Assistant Prod 1051,Absolutely love this app! Very smooth UI and responsive.,Positive,0.536,0.789
Pocket Assistant Prod 1051,Absolutely love this app! Very smooth UI and responsive.,Positive,0.49,0.633
Pocket Assistant Prod 1051,Average performance. UI could use some polishing.,Neutral,-0.03,0.32
Pocket Assistant Prod 1051,Essential utility for daily workflow. Fast loading.,Positive,0.586,0.72
Pocket Assistant Prod 1051,Essential utility for daily workflow. Fast loading.,Positive,0.476,0.618
Pocket Assistant Prod 1051,Absolutely love this app! Very smooth UI and responsive.,Positive,0.273,0.426
Pocket Assistant Prod 1051,Absolutely love this app! Very smooth UI and responsive.,Positive,0.772,0.634
Pocket Assistant Prod 1051,Game is highly addictive with stellar graphics!,Positive,0.493,0.651
Pocket Assistant Prod 1051,"Best in its class, saves me so much time every day.",Positive,0.73,0.675
Easy Hub Fina 1940,Essential utility for daily workflow. Fast loading.,Positive,0.922,0.675
Easy Hub Fina 1940,Incredible features and clean layout. Worth every penny.,Positive,0.855,0.819
Easy Hub Fina 1940,Incredible features and clean layout. Worth every penny.,Positive,0.303,0.658
Easy Hub Fina 1940,"Best in its class, saves me so much time every day.",Positive,0.853,0.764
Easy Hub Fina 1940,Incredible features and clean layout. Worth every penny.,Positive,0.903,0.776
Easy Hub Fina 1940,"Works okay on tablet, bit clunky on small screens.",Neutral,0.13,0.272
Easy Hub Fina 1940,Constant crashes after the latest update. Terrible experience.,Negative,-0.478,0.71
Easy Hub Fina 1940,Average performance. UI could use some polishing.,Neutral,0.006,0.193
Easy Hub Fina 1940,Customer service never responded to my refund ticket.,Negative,-0.598,0.617
Easy Hub Fina 1940,Incredible features and clean layout. Worth every penny.,Positive,0.429,0.755
Easy Hub Fina 1940,Great customer support and seamless synchronization.,Positive,0.694,0.453
Easy Hub Fina 1940,Incredible features and clean layout. Worth every penny.,Positive,0.584,0.671
Global 3D Busi 1613,Battery drain is immense and phone overheats quickly.,Negative,-0.241,0.496
Global 3D Busi 1613,Battery drain is immense and phone overheats quickly.,Negative,-0.162,0.813
Global 3D Busi 1613,"Best in its class, saves me so much time every day.",Positive,0.579,0.406
Global 3D Busi 1613,"Full of bugs, login screen freezes constantly.",Negative,-0.504,0.503
Global 3D Busi 1613,"Best in its class, saves me so much time every day.",Positive,0.821,0.467
Global 3D Busi 1613,Average performance. UI could use some polishing.,Neutral,-0.063,0.209
Quick 3D Pers 1949,"Best in its class, saves me so much time every day.",Positive,0.648,0.759
Quick 3D Pers 1949,Great customer support and seamless synchronization.,Positive,0.87,0.547
Quick 3D Pers 1949,Great customer support and seamless synchronization.,Positive,0.255,0.489
Quick 3D Pers 1949,Absolutely love this app! Very smooth UI and responsive.,Positive,0.259,0.719
Quick 3D Pers 1949,"Good concept, waiting for future feature updates.",Neutral,0.093,0.33
Quick 3D Pers 1949,Incredible features and clean layout. Worth every penny.,Positive,0.797,0.477
Quick 3D Pers 1949,"Decent app overall, does the job but lacks advanced customization.",Neutral,0.019,0.32
Daily Tracker Busi 2290,"Best in its class, saves me so much time every day.",Positive,0.506,0.556
Daily Tracker Busi 2290,"Best in its class, saves me so much time every day.",Positive,0.654,0.79
Daily Tracker Busi 2290,Constant crashes after the latest update. Terrible experience.,Negative,-0.314,0.844
Daily Tracker Busi 2290,Essential utility for daily workflow. Fast loading.,Positive,0.503,0.628
Daily Tracker Busi 2290,"Best in its class, saves me so much time every day.",Positive,0.516,0.636
Daily Tracker Busi 2290,Great customer support and seamless synchronization.,Positive,0.343,0.704
Daily Tracker Busi 2290,"Best in its class, saves me so much time every day.",Positive,0.906,0.699
Global Manager Fina 1715,"Good concept, waiting for future feature updates.",Neutral,0.112,0.166
Global Manager Fina 1715,"Best in its class, saves me so much time every day.",Positive,0.695,0.602
Global Manager Fina 1715,"Best in its class, saves me so much time every day.",Positive,0.835,0.745
Global Manager Fina 1715,"Good concept, waiting for future feature updates.",Neutral,0.134,0.261
Global Manager Fina 1715,"Works okay on tablet, bit clunky on small screens.",Neutral,0.113,0.286
Global Manager Fina 1715,Subscription fee is ridiculous for basic features that used to be free.,Negative,-0.702,0.669
Global Manager Fina 1715,Game is highly addictive with stellar graphics!,Positive,0.941,0.665
Global Manager Fina 1715,Great customer support and seamless synchronization.,Positive,0.272,0.764
Global Manager Fina 1715,"Good concept, waiting for future feature updates.",Neutral,-0.038,0.196
Global Manager Fina 1715,"Decent app overall, does the job but lacks advanced customization.",Neutral,0.1,0.326
Global Manager Fina 1715,Too many intrusive video ads every 30 seconds. Uninstalled.,Negative,-0.161,0.841
Pro Hub Comm 234,Battery drain is immense and phone overheats quickly.,Negative,-0.533,0.786
Pro Hub Comm 234,"Works okay on tablet, bit clunky on small screens.",Neutral,0.098,0.247
Pro Hub Comm 234,Battery drain is immense and phone overheats quickly.,Negative,-0.77,0.732
Pro Hub Comm 234,Average performance. UI could use some polishing.,Neutral,0.135,0.188
Pro Hub Comm 234,Essential utility for daily workflow. Fast loading.,Positive,0.394,0.526
Pro Hub Comm 234,Incredible features and clean layout. Worth every penny.,Positive,0.724,0.76
Pro Hub Comm 234,Great customer support and seamless synchronization.,Positive,0.731,0.574
Pro Hub Comm 234,Absolutely love this app! Very smooth UI and responsive.,Positive,0.563,0.652
Pro Hub Comm 234,"Works okay on tablet, bit clunky on small screens.",Neutral,-0.089,0.332
Pro Hub Comm 234,Essential utility for daily workflow. Fast loading.,Positive,0.392,0.669
Pro Hub Comm 234,Absolutely love this app! Very smooth UI and responsive.,Positive,0.916,0.696
Pro Manager Heal 1749,"Best in its class, saves me so much time every day.",Positive,0.681,0.432
Pro Manager Heal 1749,Great customer support and seamless synchronization.,Positive,0.611,0.729
Pro Manager Heal 1749,Essential utility for daily workflow. Fast loading.,Positive,0.38,0.628
Pro Manager Heal 1749,Constant crashes after the latest update. Terrible experience.,Negative,-0.325,0.56
Pro Manager Heal 1749,Customer service never responded to my refund ticket.,Negative,-0.841,0.619
Pro Manager Heal 1749,Essential utility for daily workflow. Fast loading.,Positive,0.779,0.811
Pro Manager Heal 1749,Absolutely love this app! Very smooth UI and responsive.,Positive,0.731,0.572
Pro Manager Heal 1749,"Best in its class, saves me so much time every day.",Positive,0.4,0.476
NextGen Vault Game 1906,"Full of bugs, login screen freezes constantly.",Negative,-0.227,0.792
NextGen Vault Game 1906,Game is highly addictive with stellar graphics!,Positive,0.784,0.636
NextGen Vault Game 1906,Absolutely love this app! Very smooth UI and responsive.,Positive,0.572,0.527
NextGen Vault Game 1906,Too many intrusive video ads every 30 seconds. Uninstalled.,Negative,-0.357,0.462
NextGen Vault Game 1906,Subscription fee is ridiculous for basic features that used to be free.,Negative,-0.492,0.678
Easy Hub Medi 1622,"Good concept, waiting for future feature updates.",Neutral,-0.035,0.342
Easy Hub Medi 1622,Game is highly addictive with stellar graphics!,Positive,0.344,0.451
Easy Hub Medi 1622,Game is highly addictive with stellar graphics!,Positive,0.851,0.721
Easy Hub Medi 1622,Game is highly addictive with stellar graphics!,Positive,0.848,0.496
Easy Hub Medi 1622,"Best in its class, saves me so much time every day.",Positive,0.793,0.433
Easy Hub Medi 1622,Essential utility for daily workflow. Fast loading.,Positive,0.896,0.425
Easy Hub Medi 1622,Great customer support and seamless synchronization.,Positive,0.874,0.714
Easy Hub Medi 1622,Great customer support and seamless synchronization.,Positive,0.938,0.656
Easy Hub Medi 1622,Game is highly addictive with stellar graphics!,Positive,0.609,0.754
Easy Hub Medi 1622,Great customer support and seamless synchronization.,Positive,0.335,0.742
Pocket Flow Tool 2080,Great customer support and seamless synchronization.,Positive,0.844,0.613
Pocket Flow Tool 2080,Great customer support and seamless synchronization.,Positive,0.314,0.829
Pocket Flow Tool 2080,"Decent app overall, does the job but lacks advanced customization.",Neutral,-0.069,0.391
Pocket Flow Tool 2080,Essential utility for daily workflow. Fast loading.,Positive,0.559,0.574
Pocket Flow Tool 2080,"Best in its class, saves me so much time every day.",Positive,0.73,0.448
Super Hub Fami 2174,Absolutely love this app! Very smooth UI and responsive.,Positive,0.563,0.738
Super Hub Fami 2174,Essential utility for daily workflow. Fast loading.,Positive,0.421,0.463
Super Hub Fami 2174,"Decent app overall, does the job but lacks advanced customization.",Neutral,0.118,0.283
Super Hub Fami 2174,Too many intrusive video ads every 30 seconds. Uninstalled.,Negative,-0.833,0.548
Super Hub Fami 2174,"Decent app overall, does the job but lacks advanced customization.",Neutral,-0.005,0.183
Super Hub Fami 2174,Game is highly addictive with stellar graphics!,Positive,0.313,0.8
Super Vault Game 1055,Incredible features and clean layout. Worth every penny.,Positive,0.408,0.82
Super Vault Game 1055,Absolutely love this app! Very smooth UI and responsive.,Positive,0.572,0.696
Super Vault Game 1055,Incredible features and clean layout. Worth every penny.,Positive,0.295,0.579
Super Vault Game 1055,Too many intrusive video ads every 30 seconds. Uninstalled.,Negative,-0.714,0.744
Super Vault Game 1055,Essential utility for daily workflow. Fast loading.,Positive,0.564,0.414
Super Vault Game 1055,Great customer support and seamless synchronization.,Positive,0.707,0.652
Easy Hero Medi 2328,"Good concept, waiting for future feature updates.",Neutral,-0.099,0.366
Easy Hero Medi 2328,Subscription fee is ridiculous for basic features that used to be free.,Negative,-0.419,0.487
Easy Hero Medi 2328,Subscription fee is ridiculous for basic features that used to be free.,Negative,-0.825,0.659
Easy Hero Medi 2328,Game is highly addictive with stellar graphics!,Positive,0.36,0.685
Easy Hero Medi 2328,Absolutely love this app! Very smooth UI and responsive.,Positive,0.737,0.657
Easy Hero Medi 2328,Game is highly addictive with stellar graphics!,Positive,0.765,0.803
Daily Hero Comm 655,"Best in its class, saves me so much time every day.",Positive,0.504,0.45
Daily Hero Comm 655,"Best in its class, saves me so much time every day.",Positive,0.545,0.546
Daily Hero Comm 655,Incredible features and clean layout. Worth every penny.,Positive,0.84,0.659
Daily Hero Comm 655,Absolutely love this app! Very smooth UI and responsive.,Positive,0.59,0.416
Daily Hero Comm 655,"Decent app overall, does the job but lacks advanced customization.",Neutral,0.103,0.387
Daily Hero Comm 655,"Best in its class, saves me so much time every day.",Positive,0.71,0.413
Daily Hero Comm 655,"Best in its class, saves me so much time every day.",Positive,0.289,0.789
Daily Hero Comm 655,"Best in its class, saves me so much time every day.",Positive,0.455,0.4
Daily Hero Comm 655,Essential utility for daily workflow. Fast loading.,Positive,0.84,0.552
Daily Hero Comm 655,Subscription fee is ridiculous for basic features that used to be free.,Negative,-0.56,0.557
Global 3D Fami 1056,Game is highly addictive with stellar graphics!,Positive,0.408,0.841
Global 3D Fami 1056,"Good concept, waiting for future feature updates.",Neutral,0.02,0.2
Global 3D Fami 1056,"Full of bugs, login screen freezes constantly.",Negative,-0.626,0.677
Global 3D Fami 1056,Constant crashes after the latest update. Terrible experience.,Negative,-0.293,0.584
Global 3D Fami 1056,Essential utility for daily workflow. Fast loading.,Positive,0.514,0.562
Super Portal Pers 464,Subscription fee is ridiculous for basic features that used to be free.,Negative,-0.486,0.742
Super Portal Pers 464,Incredible features and clean layout. Worth every penny.,Positive,0.254,0.774
Super Portal Pers 464,Great customer support and seamless synchronization.,Positive,0.429,0.685
Super Portal Pers 464,"Good concept, waiting for future feature updates.",Neutral,0.028,0.319
Super Portal Pers 464,Battery drain is immense and phone overheats quickly.,Negative,-0.578,0.784
Super Portal Pers 464,Constant crashes after the latest update. Terrible experience.,Negative,-0.782,0.497
Fast Plus Pers 1381,"Best in its class, saves me so much time every day.",Positive,0.252,0.569
Fast Plus Pers 1381,Great customer support and seamless synchronization.,Positive,0.616,0.819
Fast Plus Pers 1381,Essential utility for daily workflow. Fast loading.,Positive,0.261,0.667
Fast Plus Pers 1381,"Good concept, waiting for future feature updates.",Neutral,-0.092,0.392
Fast Plus Pers 1381,Essential utility for daily workflow. Fast loading.,Positive,0.655,0.473
NextGen 3D Fina 101,Incredible features and clean layout. Worth every penny.,Positive,0.812,0.526
NextGen 3D Fina 101,Game is highly addictive with stellar graphics!,Positive,0.703,0.698
NextGen 3D Fina 101,"Full of bugs, login screen freezes constantly.",Negative,-0.411,0.578
NextGen 3D Fina 101,Great customer support and seamless synchronization.,Positive,0.722,0.556
NextGen 3D Fina 101,Essential utility for daily workflow. Fast loading.,Positive,0.859,0.651
NextGen 3D Fina 101,Subscription fee is ridiculous for basic features that used to be free.,Negative,-0.301,0.524
NextGen 3D Fina 101,Absolutely love this app! Very smooth UI and responsive.,Positive,0.43,0.836
NextGen 3D Fina 101,Game is highly addictive with stellar graphics!,Positive,0.306,0.413
NextGen 3D Fina 101,Essential utility for daily workflow. Fast loading.,Positive,0.488,0.528
NextGen 3D Fina 101,Incredible features and clean layout. Worth every penny.,Positive,0.312,0.531
NextGen 3D Fina 101,Essential utility for daily workflow. Fast loading.,Positive,0.852,0.611
NextGen 3D Fina 101,"Full of bugs, login screen freezes constantly.",Negative,-0.195,0.872
NextGen Tracker Phot 2205,Incredible features and clean layout. Worth every penny.,Positive,0.504,0.566
NextGen Tracker Phot 2205,Great customer support and seamless synchronization.,Positive,0.923,0.422
NextGen Tracker Phot 2205,Constant crashes after the latest update. Terrible experience.,Negative,-0.164,0.774
NextGen Tracker Phot 2205,Game is highly addictive with stellar graphics!,Positive,0.387,0.542
NextGen Tracker Phot 2205,"Good concept, waiting for future feature updates.",Neutral,-0.066,0.262
NextGen Tracker Phot 2205,Incredible features and clean layout. Worth every penny.,Positive,0.392,0.683
NextGen Tracker Phot 2205,Great customer support and seamless synchronization.,Positive,0.267,0.634
NextGen Tracker Phot 2205,Incredible features and clean layout. Worth every penny.,Positive,0.29,0.635
NextGen Tracker Phot 2205,Game is highly addictive with stellar graphics!,Positive,0.716,0.599
NextGen Tracker Phot 2205,"Best in its class, saves me so much time every day.",Positive,0.543,0.598
Easy Manager Phot 499,Game is highly addictive with stellar graphics!,Positive,0.259,0.478
Easy Manager Phot 499,Incredible features and clean layout. Worth every penny.,Positive,0.886,0.491
Easy Manager Phot 499,Too many intrusive video ads every 30 seconds. Uninstalled.,Negative,-0.672,0.492
Easy Manager Phot 499,"Best in its class, saves me so much time every day.",Positive,0.632,0.808
Easy Manager Phot 499,Absolutely love this app! Very smooth UI and responsive.,Positive,0.594,0.52
Easy Manager Phot 499,Game is highly addictive with stellar graphics!,Positive,0.423,0.84
Quick Hero Tool 2475,Great customer support and seamless synchronization.,Positive,0.438,0.474
Quick Hero Tool 2475,"Best in its class, saves me so much time every day.",Positive,0.679,0.495
Quick Hero Tool 2475,"Works okay on tablet, bit clunky on small screens.",Neutral,0.055,0.376
Quick Hero Tool 2475,Great customer support and seamless synchronization.,Positive,0.365,0.663
Quick Hero Tool 2475,Battery drain is immense and phone overheats quickly.,Negative,-0.546,0.499
NextGen 3D Prod 1963,Subscription fee is ridiculous for basic features that used to be free.,Negative,-0.651,0.575
NextGen 3D Prod 1963,Game is highly addictive with stellar graphics!,Positive,0.513,0.609
NextGen 3D Prod 1963,Subscription fee is ridiculous for basic features that used to be free.,Negative,-0.731,0.855
NextGen 3D Prod 1963,Incredible features and clean layout. Worth every penny.,Positive,0.291,0.706
NextGen 3D Prod 1963,Battery drain is immense and phone overheats quickly.,Negative,-0.677,0.893
Global Flow Busi 180,Absolutely love this app! Very smooth UI and responsive.,Positive,0.866,0.661
Global Flow Busi 180,Game is highly addictive with stellar graphics!,Positive,0.334,0.465
Global Flow Busi 180,Incredible features and clean layout. Worth every penny.,Positive,0.785,0.448
Global Flow Busi 180,Essential utility for daily workflow. Fast loading.,Positive,0.851,0.545
Global Flow Busi 180,Absolutely love this app! Very smooth UI and responsive.,Positive,0.422,0.822
Global Flow Busi 180,Customer service never responded to my refund ticket.,Negative,-0.471,0.634
Global Flow Busi 180,"Decent app overall, does the job but lacks advanced customization.",Neutral,0.034,0.391
Quick Hub Phot 2413,Too many intrusive video ads every 30 seconds. Uninstalled.,Negative,-0.479,0.542
Quick Hub Phot 2413,Constant crashes after the latest update. Terrible experience.,Negative,-0.255,0.602
Quick Hub Phot 2413,Game is highly addictive with stellar graphics!,Positive,0.592,0.8
Quick Hub Phot 2413,"Full of bugs, login screen freezes constantly.",Negative,-0.693,0.474
Quick Hub Phot 2413,Great customer support and seamless synchronization.,Positive,0.453,0.447
Quick Flow Pers 2044,Subscription fee is ridiculous for basic features that used to be free.,Negative,-0.296,0.717
Quick Flow Pers 2044,Constant crashes after the latest update. Terrible experience.,Negative,-0.443,0.741
Quick Flow Pers 2044,Battery drain is immense and phone overheats quickly.,Negative,-0.841,0.67
Quick Flow Pers 2044,Game is highly addictive with stellar graphics!,Positive,0.275,0.559
Quick Flow Pers 2044,Incredible features and clean layout. Worth every penny.,Positive,0.494,0.718
Quick Flow Pers 2044,Game is highly addictive with stellar graphics!,Positive,0.664,0.845
Quick Flow Pers 2044,Incredible features and clean layout. Worth every penny.,Positive,0.423,0.605
Quick Flow Pers 2044,"Best in its class, saves me so much time every day.",Positive,0.637,0.537
Quick Flow Pers 2044,Essential utility for daily workflow. Fast loading.,Positive,0.898,0.543
Quick Flow Pers 2044,Subscription fee is ridiculous for basic features that used to be free.,Negative,-0.503,0.724
Quick Flow Pers 2044,Game is highly addictive with stellar graphics!,Positive,0.687,0.653
NextGen 3D Heal 1874,Too many intrusive video ads every 30 seconds. Uninstalled.,Negative,-0.735,0.664
NextGen 3D Heal 1874,Incredible features and clean layout. Worth every penny.,Positive,0.913,0.62
NextGen 3D Heal 1874,Essential utility for daily workflow. Fast loading.,Positive,0.853,0.677
NextGen 3D Heal 1874,Absolutely love this app! Very smooth UI and responsive.,Positive,0.479,0.582
NextGen 3D Heal 1874,Absolutely love this app! Very smooth UI and responsive.,Positive,0.897,0.52
NextGen 3D Heal 1874,Battery drain is immense and phone overheats quickly.,Negative,-0.716,0.852
NextGen 3D Heal 1874,Essential utility for daily workflow. Fast loading.,Positive,0.849,0.468
Global Studio Heal 487,Essential utility for daily workflow. Fast loading.,Positive,0.633,0.688
Global Studio Heal 487,Constant crashes after the latest update. Terrible experience.,Negative,-0.197,0.815
Global Studio Heal 487,"Full of bugs, login screen freezes constantly.",Negative,-0.778,0.807
Global Studio Heal 487,Incredible features and clean layout. Worth every penny.,Positive,0.38,0.507
Global Studio Heal 487,Subscription fee is ridiculous for basic features that used to be free.,Negative,-0.675,0.748
Global Studio Heal 487,Great customer support and seamless synchronization.,Positive,0.282,0.498
Global Studio Heal 487,Incredible features and clean layout. Worth every penny.,Positive,0.385,0.434
Global Studio Heal 487,Essential utility for daily workflow. Fast loading.,Positive,0.587,0.454
Global Studio Heal 487,Great customer support and seamless synchronization.,Positive,0.35,0.456
Global Studio Heal 487,Incredible features and clean layout. Worth every penny.,Positive,0.573,0.816
Global Studio Heal 487,Game is highly addictive with stellar graphics!,Positive,0.393,0.608
Global Studio Heal 487,"Best in its class, saves me so much time every day.",Positive,0.763,0.54
Fast Lite Phot 2249,"Good concept, waiting for future feature updates.",Neutral,0.133,0.348
Fast Lite Phot 2249,Incredible features and clean layout. Worth every penny.,Positive,0.566,0.822
Fast Lite Phot 2249,Essential utility for daily workflow. Fast loading.,Positive,0.318,0.578
Fast Lite Phot 2249,Great customer support and seamless synchronization.,Positive,0.373,0.581
Fast Lite Phot 2249,Essential utility for daily workflow. Fast loading.,Positive,0.263,0.645
Fast Lite Phot 2249,"Full of bugs, login screen freezes constantly.",Negative,-0.662,0.697
Fast Lite Phot 2249,Incredible features and clean layout. Worth every penny.,Positive,0.633,0.565
Fast Lite Phot 2249,Absolutely love this app! Very smooth UI and responsive.,Positive,0.533,0.806
Fast Lite Phot 2249,Great customer support and seamless synchronization.,Positive,0.928,0.801
Super Flow Pers 1421,"Decent app overall, does the job but lacks advanced customization.",Neutral,0.088,0.318
Super Flow Pers 1421,Game is highly addictive with stellar graphics!,Positive,0.815,0.483
Super Flow Pers 1421,"Best in its class, saves me so much time every day.",Positive,0.553,0.61
Super Flow Pers 1421,Game is highly addictive with stellar graphics!,Positive,0.274,0.823
Super Flow Pers 1421,"Best in its class, saves me so much time every day.",Positive,0.785,0.595
Super Flow Pers 1421,Incredible features and clean layout. Worth every penny.,Positive,0.645,0.71
Super Flow Pers 1421,"Best in its class, saves me so much time every day.",Positive,0.566,0.46
Super Flow Pers 1421,Essential utility for daily workflow. Fast loading.,Positive,0.391,0.735
Super Flow Pers 1421,Incredible features and clean layout. Worth every penny.,Positive,0.255,0.503
Pocket Hero Prod 142,Absolutely love this app! Very smooth UI and responsive.,Positive,0.708,0.581
Pocket Hero Prod 142,Incredible features and clean layout. Worth every penny.,Positive,0.656,0.726
Pocket Hero Prod 142,Essential utility for daily workflow. Fast loading.,Positive,0.932,0.65
Pocket Hero Prod 142,"Best in its class, saves me so much time every day.",Positive,0.898,0.614
Pocket Hero Prod 142,Essential utility for daily workflow. Fast loading.,Positive,0.363,0.619
Pocket Hero Prod 142,"Full of bugs, login screen freezes constantly.",Negative,-0.778,0.484
Pocket Hero Prod 142,"Best in its class, saves me so much time every day.",Positive,0.711,0.483
Pocket Hero Prod 142,"Full of bugs, login screen freezes constantly.",Negative,-0.676,0.87
Hyper Portal Prod 737,Game is highly addictive with stellar graphics!,Positive,0.294,0.423
Hyper Portal Prod 737,Great customer support and seamless synchronization.,Positive,0.468,0.811
Hyper Portal Prod 737,Great customer support and seamless synchronization.,Positive,0.569,0.406
Hyper Portal Prod 737,Incredible features and clean layout. Worth every penny.,Positive,0.668,0.406
Hyper Portal Prod 737,Essential utility for daily workflow. Fast loading.,Positive,0.73,0.639
Hyper Portal Prod 737,Incredible features and clean layout. Worth every penny.,Positive,0.736,0.512
Global Studio Fina 1026,Great customer support and seamless synchronization.,Positive,0.302,0.639
Global Studio Fina 1026,Subscription fee is ridiculous for basic features that used to be free.,Negative,-0.423,0.55
Global Studio Fina 1026,Battery drain is immense and phone overheats quickly.,Negative,-0.216,0.705
Global Studio Fina 1026,"Decent app overall, does the job but lacks advanced customization.",Neutral,0.094,0.373
Global Studio Fina 1026,Average performance. UI could use some polishing.,Neutral,0.097,0.312
Global Studio Fina 1026,Incredible features and clean layout. Worth every penny.,Positive,0.548,0.557
Daily Flow Game 2000,Game is highly addictive with stellar graphics!,Positive,0.663,0.728
Daily Flow Game 2000,"Best in its class, saves me so much time every day.",Positive,0.28,0.475
Daily Flow Game 2000,Great customer support and seamless synchronization.,Positive,0.54,0.787
Daily Flow Game 2000,Game is highly addictive with stellar graphics!,Positive,0.81,0.702
Daily Flow Game 2000,Too many intrusive video ads every 30 seconds. Uninstalled.,Negative,-0.688,0.473
Daily Flow Game 2000,Subscription fee is ridiculous for basic features that used to be free.,Negative,-0.463,0.479
Daily Flow Game 2000,Game is highly addictive with stellar graphics!,Positive,0.594,0.848
Daily Flow Game 2000,Absolutely love this app! Very smooth UI and responsive.,Positive,0.844,0.653
Daily Flow Game 2000,"Good concept, waiting for future feature updates.",Neutral,-0.026,0.176
Daily Flow Game 2000,Average performance. UI could use some polishing.,Neutral,-0.091,0.29
Hyper Tracker Heal 369,Great customer support and seamless synchronization.,Positive,0.563,0.627
Hyper Tracker Heal 369,"Best in its class, saves me so much time every day.",Positive,0.821,0.645
Hyper Tracker Heal 369,"Works okay on tablet, bit clunky on small screens.",Neutral,0.076,0.27
Hyper Tracker Heal 369,"Best in its class, saves me so much time every day.",Positive,0.808,0.607
Hyper Tracker Heal 369,Essential utility for daily workflow. Fast loading.,Positive,0.541,0.741
Hyper Tracker Heal 369,Customer service never responded to my refund ticket.,Negative,-0.369,0.738
Hyper Tracker Heal 369,Subscription fee is ridiculous for basic features that used to be free.,Negative,-0.46,0.837
Hyper Tracker Heal 369,Incredible features and clean layout. Worth every penny.,Positive,0.791,0.531
Hyper Tracker Heal 369,"Full of bugs, login screen freezes constantly.",Negative,-0.466,0.74
Hyper Tracker Heal 369,"Works okay on tablet, bit clunky on small screens.",Neutral,0.001,0.327
Hyper Tracker Heal 369,Subscription fee is ridiculous for basic features that used to be free.,Negative,-0.331,0.825
Fast Plus Busi 1522,"Full of bugs, login screen freezes constantly.",Negative,-0.659,0.55
Fast Plus Busi 1522,Game is highly addictive with stellar graphics!,Positive,0.75,0.8
Fast Plus Busi 1522,"Best in its class, saves me so much time every day.",Positive,0.732,0.524
Fast Plus Busi 1522,"Best in its class, saves me so much time every day.",Positive,0.54,0.641
Fast Plus Busi 1522,"Full of bugs, login screen freezes constantly.",Negative,-0.212,0.536
Fast Plus Busi 1522,Great customer support and seamless synchronization.,Positive,0.863,0.807
Fast Plus Busi 1522,Great customer support and seamless synchronization.,Positive,0.871,0.57
Fast Plus Busi 1522,Incredible features and clean layout. Worth every penny.,Positive,0.437,0.402
Fast Plus Busi 1522,Game is highly addictive with stellar graphics!,Positive,0.598,0.428
Fast Plus Busi 1522,Game is highly addictive with stellar graphics!,Positive,0.818,0.478
Fast Plus Busi 1522,Great customer support and seamless synchronization.,Positive,0.639,0.811
Global Plus Heal 1235,Customer service never responded to my refund ticket.,Negative,-0.848,0.555
Global Plus Heal 1235,Too many intrusive video ads every 30 seconds. Uninstalled.,Negative,-0.315,0.715
Global Plus Heal 1235,Great customer support and seamless synchronization.,Positive,0.945,0.727
Global Plus Heal 1235,"Best in its class, saves me so much time every day.",Positive,0.594,0.441
Global Plus Heal 1235,Great customer support and seamless synchronization.,Positive,0.874,0.647
Global Plus Heal 1235,Essential utility for daily workflow. Fast loading.,Positive,0.513,0.544
Global Plus Heal 1235,Great customer support and seamless synchronization.,Positive,0.539,0.784
Global Plus Heal 1235,"Full of bugs, login screen freezes constantly.",Negative,-0.526,0.891
Global Plus Heal 1235,Average performance. UI could use some polishing.,Neutral,0.056,0.202
Global Plus Heal 1235,"Best in its class, saves me so much time every day.",Positive,0.686,0.415
Global Plus Heal 1235,Battery drain is immense and phone overheats quickly.,Negative,-0.438,0.532
Pocket Hub Tool 706,Game is highly addictive with stellar graphics!,Positive,0.511,0.564
Pocket Hub Tool 706,Incredible features and clean layout. Worth every penny.,Positive,0.615,0.495
Pocket Hub Tool 706,Absolutely love this app! Very smooth UI and responsive.,Positive,0.931,0.708
Pocket Hub Tool 706,Customer service never responded to my refund ticket.,Negative,-0.326,0.451
Pocket Hub Tool 706,Absolutely love this app! Very smooth UI and responsive.,Positive,0.86,0.552
Easy Tracker Pers 924,Great customer support and seamless synchronization.,Positive,0.752,0.743
Easy Tracker Pers 924,"Decent app overall, does the job but lacks advanced customization.",Neutral,-0.087,0.251
Easy Tracker Pers 924,Customer service never responded to my refund ticket.,Negative,-0.548,0.621
Easy Tracker Pers 924,Essential utility for daily workflow. Fast loading.,Positive,0.853,0.697
Easy Tracker Pers 924,Absolutely love this app! Very smooth UI and responsive.,Positive,0.558,0.583
Easy Tracker Pers 924,Too many intrusive video ads every 30 seconds. Uninstalled.,Negative,-0.645,0.762
Easy Tracker Pers 924,Game is highly addictive with stellar graphics!,Positive,0.742,0.441
Easy Tracker Pers 924,"Best in its class, saves me so much time every day.",Positive,0.411,0.711
Easy Tracker Pers 924,"Works okay on tablet, bit clunky on small screens.",Neutral,0.117,0.394
Easy Tracker Pers 924,Incredible features and clean layout. Worth every penny.,Positive,0.843,0.563
Easy 3D Fina 248,Subscription fee is ridiculous for basic features that used to be free.,Negative,-0.46,0.571
Easy 3D Fina 248,"Works okay on tablet, bit clunky on small screens.",Neutral,-0.095,0.199
Easy 3D Fina 248,Average performance. UI could use some polishing.,Neutral,0.103,0.228
Easy 3D Fina 248,Subscription fee is ridiculous for basic features that used to be free.,Negative,-0.438,0.62
Easy 3D Fina 248,Essential utility for daily workflow. Fast loading.,Positive,0.797,0.822
Easy 3D Fina 248,Constant crashes after the latest update. Terrible experience.,Negative,-0.49,0.791
Easy 3D Fina 248,Absolutely love this app! Very smooth UI and responsive.,Positive,0.452,0.53
Easy 3D Fina 248,Game is highly addictive with stellar graphics!,Positive,0.937,0.822
Easy 3D Fina 248,Incredible features and clean layout. Worth every penny.,Positive,0.484,0.462
Easy 3D Fina 248,Constant crashes after the latest update. Terrible experience.,Negative,-0.215,0.846
Easy 3D Fina 248,"Decent app overall, does the job but lacks advanced customization.",Neutral,0.116,0.19
Pocket Plus Busi 431,"Good concept, waiting for future feature updates.",Neutral,-0.026,0.386
Pocket Plus Busi 431,"Best in its class, saves me so much time every day.",Positive,0.309,0.489
Pocket Plus Busi 431,"Good concept, waiting for future feature updates.",Neutral,-0.017,0.26
Pocket Plus Busi 431,Constant crashes after the latest update. Terrible experience.,Negative,-0.206,0.664
Pocket Plus Busi 431,Game is highly addictive with stellar graphics!,Positive,0.797,0.784
Pocket Plus Busi 431,"Best in its class, saves me so much time every day.",Positive,0.907,0.426
Pocket Plus Busi 431,Subscription fee is ridiculous for basic features that used to be free.,Negative,-0.606,0.839
Pocket Plus Busi 431,"Works okay on tablet, bit clunky on small screens.",Neutral,0.074,0.312
Master Hub Fina 472,Absolutely love this app! Very smooth UI and responsive.,Positive,0.449,0.506
Master Hub Fina 472,Game is highly addictive with stellar graphics!,Positive,0.918,0.849
Master Hub Fina 472,"Full of bugs, login screen freezes constantly.",Negative,-0.391,0.74
Master Hub Fina 472,Customer service never responded to my refund ticket.,Negative,-0.183,0.572
Master Hub Fina 472,Subscription fee is ridiculous for basic features that used to be free.,Negative,-0.697,0.486
Master Hub Fina 472,Incredible features and clean layout. Worth every penny.,Positive,0.48,0.603
Master Hub Fina 472,Average performance. UI could use some polishing.,Neutral,-0.092,0.301
Master Hub Fina 472,Essential utility for daily workflow. Fast loading.,Positive,0.267,0.473
Master Hub Fina 472,Customer service never responded to my refund ticket.,Negative,-0.656,0.584
Master Hub Fina 472,Essential utility for daily workflow. Fast loading.,Positive,0.62,0.57
Master Portal Comm 1488,Incredible features and clean layout. Worth every penny.,Positive,0.919,0.506
Master Portal Comm 1488,Game is highly addictive with stellar graphics!,Positive,0.439,0.646
Master Portal Comm 1488,Great customer support and seamless synchronization.,Positive,0.673,0.662
Master Portal Comm 1488,Constant crashes after the latest update. Terrible experience.,Negative,-0.486,0.666
Master Portal Comm 1488,Great customer support and seamless synchronization.,Positive,0.889,0.844
Master Portal Comm 1488,Great customer support and seamless synchronization.,Positive,0.735,0.546
Master Portal Comm 1488,Essential utility for daily workflow. Fast loading.,Positive,0.879,0.528
Master Portal Comm 1488,Incredible features and clean layout. Worth every penny.,Positive,0.803,0.517
Master Portal Comm 1488,Game is highly addictive with stellar graphics!,Positive,0.287,0.462
Master Portal Comm 1488,Incredible features and clean layout. Worth every penny.,Positive,0.758,0.616
Master Portal Comm 1488,Absolutely love this app! Very smooth UI and responsive.,Positive,0.671,0.514
Master Portal Comm 1488,Average performance. UI could use some polishing.,Neutral,0.037,0.219
Quick Hub Tool 2013,Absolutely love this app! Very smooth UI and responsive.,Positive,0.86,0.511
Quick Hub Tool 2013,Incredible features and clean layout. Worth every penny.,Positive,0.517,0.403
Quick Hub Tool 2013,"Best in its class, saves me so much time every day.",Positive,0.937,0.823
Quick Hub Tool 2013,Incredible features and clean layout. Worth every penny.,Positive,0.54,0.827
Quick Hub Tool 2013,Constant crashes after the latest update. Terrible experience.,Negative,-0.377,0.458
Daily Hub Fina 652,Game is highly addictive with stellar graphics!,Positive,0.571,0.801
Daily Hub Fina 652,Absolutely love this app! Very smooth UI and responsive.,Positive,0.324,0.659
Daily Hub Fina 652,Too many intrusive video ads every 30 seconds. Uninstalled.,Negative,-0.263,0.72
Daily Hub Fina 652,Incredible features and clean layout. Worth every penny.,Positive,0.526,0.827
Daily Hub Fina 652,"Works okay on tablet, bit clunky on small screens.",Neutral,0.073,0.226
Daily Hub Fina 652,Subscription fee is ridiculous for basic features that used to be free.,Negative,-0.28,0.491
Daily Hub Fina 652,"Works okay on tablet, bit clunky on small screens.",Neutral,-0.083,0.251
Daily Hub Fina 652,Essential utility for daily workflow. Fast loading.,Positive,0.558,0.744
Daily Hub Fina 652,Absolutely love this app! Very smooth UI and responsive.,Positive,0.533,0.505
Daily Hub Fina 652,Great customer support and seamless synchronization.,Positive,0.525,0.756
Pro Manager Game 2419,"Best in its class, saves me so much time every day.",Positive,0.35,0.76
Pro Manager Game 2419,Essential utility for daily workflow. Fast loading.,Positive,0.823,0.632
Pro Manager Game 2419,Great customer support and seamless synchronization.,Positive,0.427,0.578
Pro Manager Game 2419,Battery drain is immense and phone overheats quickly.,Negative,-0.453,0.654
Pro Manager Game 2419,Too many intrusive video ads every 30 seconds. Uninstalled.,Negative,-0.574,0.571
Pro Manager Game 2419,Average performance. UI could use some polishing.,Neutral,0.104,0.391
Global Lite Heal 30,"Best in its class, saves me so much time every day.",Positive,0.326,0.609
Global Lite Heal 30,Great customer support and seamless synchronization.,Positive,0.707,0.782
Global Lite Heal 30,"Full of bugs, login screen freezes constantly.",Negative,-0.419,0.854
Global Lite Heal 30,Average performance. UI could use some polishing.,Neutral,0.033,0.379
Global Lite Heal 30,"Full of bugs, login screen freezes constantly.",Negative,-0.736,0.458
Global Lite Heal 30,Game is highly addictive with stellar graphics!,Positive,0.475,0.53
Global Lite Heal 30,Great customer support and seamless synchronization.,Positive,0.548,0.588
Global Lite Heal 30,Absolutely love this app! Very smooth UI and responsive.,Positive,0.671,0.794
Global Lite Heal 30,Incredible features and clean layout. Worth every penny.,Positive,0.343,0.535
Global Lite Heal 30,"Decent app overall, does the job but lacks advanced customization.",Neutral,0.132,0.309
NextGen Hub Heal 444,Incredible features and clean layout. Worth every penny.,Positive,0.737,0.465
NextGen Hub Heal 444,Game is highly addictive with stellar graphics!,Positive,0.933,0.442
NextGen Hub Heal 444,Subscription fee is ridiculous for basic features that used to be free.,Negative,-0.536,0.863
NextGen Hub Heal 444,Average performance. UI could use some polishing.,Neutral,0.101,0.207
NextGen Hub Heal 444,"Works okay on tablet, bit clunky on small screens.",Neutral,0.135,0.304
NextGen Hub Heal 444,"Decent app overall, does the job but lacks advanced customization.",Neutral,-0.077,0.217
NextGen Hub Heal 444,Subscription fee is ridiculous for basic features that used to be free.,Negative,-0.574,0.62
NextGen Hub Heal 444,Essential utility for daily workflow. Fast loading.,Positive,0.718,0.479
NextGen Hub Heal 444,Essential utility for daily workflow. Fast loading.,Positive,0.79,0.424
NextGen Hub Heal 444,Absolutely love this app! Very smooth UI and responsive.,Positive,0.26,0.435
Daily Manager Comm 2326,Essential utility for daily workflow. Fast loading.,Positive,0.907,0.846
Daily Manager Comm 2326,Average performance. UI could use some polishing.,Neutral,0.06,0.242
Daily Manager Comm 2326,Incredible features and clean layout. Worth every penny.,Positive,0.694,0.593
Daily Manager Comm 2326,Battery drain is immense and phone overheats quickly.,Negative,-0.653,0.786
Daily Manager Comm 2326,Essential utility for daily workflow. Fast loading.,Positive,0.81,0.499
Daily Manager Comm 2326,Battery drain is immense and phone overheats quickly.,Negative,-0.334,0.635
Daily Manager Comm 2326,Subscription fee is ridiculous for basic features that used to be free.,Negative,-0.668,0.754
Daily Manager Comm 2326,Great customer support and seamless synchronization.,Positive,0.91,0.739
Daily Manager Comm 2326,Customer service never responded to my refund ticket.,Negative,-0.16,0.854
Easy Hub Busi 1054,Average performance. UI could use some polishing.,Neutral,0.107,0.396
Easy Hub Busi 1054,Essential utility for daily workflow. Fast loading.,Positive,0.434,0.481
Easy Hub Busi 1054,Subscription fee is ridiculous for basic features that used to be free.,Negative,-0.762,0.893
Easy Hub Busi 1054,Subscription fee is ridiculous for basic features that used to be free.,Negative,-0.286,0.741
Easy Hub Busi 1054,Great customer support and seamless synchronization.,Positive,0.309,0.741
Easy Hub Busi 1054,"Full of bugs, login screen freezes constantly.",Negative,-0.651,0.77
Fast Assistant Comm 1510,Average performance. UI could use some polishing.,Neutral,0.085,0.214
Fast Assistant Comm 1510,Essential utility for daily workflow. Fast loading.,Positive,0.441,0.44
Fast Assistant Comm 1510,"Good concept, waiting for future feature updates.",Neutral,-0.095,0.325
Fast Assistant Comm 1510,"Best in its class, saves me so much time every day.",Positive,0.719,0.423
Fast Assistant Comm 1510,Incredible features and clean layout. Worth every penny.,Positive,0.788,0.588
Fast Assistant Comm 1510,"Best in its class, saves me so much time every day.",Positive,0.292,0.678
Fast Assistant Comm 1510,Customer service never responded to my refund ticket.,Negative,-0.548,0.493
Fast Assistant Comm 1510,"Good concept, waiting for future feature updates.",Neutral,0.093,0.264
Fast Assistant Comm 1510,Too many intrusive video ads every 30 seconds. Uninstalled.,Negative,-0.62,0.806
Fast Assistant Comm 1510,Incredible features and clean layout. Worth every penny.,Positive,0.625,0.57
NextGen Lite Life 773,"Good concept, waiting for future feature updates.",Neutral,-0.032,0.358
NextGen Lite Life 773,Absolutely love this app! Very smooth UI and responsive.,Positive,0.732,0.514
NextGen Lite Life 773,Great customer support and seamless synchronization.,Positive,0.943,0.751
NextGen Lite Life 773,Too many intrusive video ads every 30 seconds. Uninstalled.,Negative,-0.775,0.61
NextGen Lite Life 773,"Works okay on tablet, bit clunky on small screens.",Neutral,0.04,0.211
NextGen Lite Life 773,"Good concept, waiting for future feature updates.",Neutral,0.071,0.295
NextGen Lite Life 773,Average performance. UI could use some polishing.,Neutral,0.09,0.309
NextGen Lite Life 773,Too many intrusive video ads every 30 seconds. Uninstalled.,Negative,-0.188,0.786
Pro Vault Life 1190,Average performance. UI could use some polishing.,Neutral,-0.094,0.233
Pro Vault Life 1190,Essential utility for daily workflow. Fast loading.,Positive,0.507,0.556
Pro Vault Life 1190,"Works okay on tablet, bit clunky on small screens.",Neutral,0.105,0.372
Pro Vault Life 1190,Game is highly addictive with stellar graphics!,Positive,0.51,0.758
Pro Vault Life 1190,Subscription fee is ridiculous for basic features that used to be free.,Negative,-0.468,0.549
Pro Vault Life 1190,Average performance. UI could use some polishing.,Neutral,0.049,0.301
Pro Vault Life 1190,Too many intrusive video ads every 30 seconds. Uninstalled.,Negative,-0.8,0.71
Easy Manager Fina 1262,Great customer support and seamless synchronization.,Positive,0.603,0.559
Easy Manager Fina 1262,Game is highly addictive with stellar graphics!,Positive,0.622,0.484
Easy Manager Fina 1262,"Decent app overall, does the job but lacks advanced customization.",Neutral,0.07,0.291
Easy Manager Fina 1262,Essential utility for daily workflow. Fast loading.,Positive,0.858,0.629
Easy Manager Fina 1262,"Full of bugs, login screen freezes constantly.",Negative,-0.711,0.757
Easy Manager Fina 1262,Great customer support and seamless synchronization.,Positive,0.644,0.766
Easy Manager Fina 1262,"Full of bugs, login screen freezes constantly.",Negative,-0.25,0.756
Easy Manager Fina 1262,Essential utility for daily workflow. Fast loading.,Positive,0.734,0.408
Easy Manager Fina 1262,Incredible features and clean layout. Worth every penny.,Positive,0.489,0.589
Easy Manager Fina 1262,Customer service never responded to my refund ticket.,Negative,-0.327,0.738
Global Manager Comm 441,Average performance. UI could use some polishing.,Neutral,0.012,0.385
Global Manager Comm 441,"Full of bugs, login screen freezes constantly.",Negative,-0.537,0.684
Global Manager Comm 441,"Decent app overall, does the job but lacks advanced customization.",Neutral,0.099,0.288
Global Manager Comm 441,"Best in its class, saves me so much time every day.",Positive,0.274,0.554
Global Manager Comm 441,Average performance. UI could use some polishing.,Neutral,-0.089,0.25
Fast Hub Game 1303,"Good concept, waiting for future feature updates.",Neutral,-0.048,0.155
Fast Hub Game 1303,Incredible features and clean layout. Worth every penny.,Positive,0.894,0.513
Fast Hub Game 1303,Average performance. UI could use some polishing.,Neutral,0.053,0.16
Fast Hub Game 1303,Incredible features and clean layout. Worth every penny.,Positive,0.827,0.751
Fast Hub Game 1303,Game is highly addictive with stellar graphics!,Positive,0.415,0.446
Hyper Manager Life 1195,Great customer support and seamless synchronization.,Positive,0.707,0.737
Hyper Manager Life 1195,Absolutely love this app! Very smooth UI and responsive.,Positive,0.377,0.741
Hyper Manager Life 1195,Subscription fee is ridiculous for basic features that used to be free.,Negative,-0.213,0.725
Hyper Manager Life 1195,"Decent app overall, does the job but lacks advanced customization.",Neutral,0.084,0.305
Hyper Manager Life 1195,Too many intrusive video ads every 30 seconds. Uninstalled.,Negative,-0.225,0.487
Hyper Manager Life 1195,Subscription fee is ridiculous for basic features that used to be free.,Negative,-0.559,0.639
Hyper Manager Life 1195,Absolutely love this app! Very smooth UI and responsive.,Positive,0.592,0.658
Hyper Manager Life 1195,Game is highly addictive with stellar graphics!,Positive,0.489,0.565
Hyper Manager Life 1195,"Decent app overall, does the job but lacks advanced customization.",Neutral,0.036,0.177
Hyper Manager Life 1195,Too many intrusive video ads every 30 seconds. Uninstalled.,Negative,-0.842,0.452
Hyper Manager Life 1195,Constant crashes after the latest update. Terrible experience.,Negative,-0.405,0.686
Hyper Manager Life 1195,Incredible features and clean layout. Worth every penny.,Positive,0.361,0.656
Smart Assistant Game 1229,Game is highly addictive with stellar graphics!,Positive,0.457,0.763
Smart Assistant Game 1229,Game is highly addictive with stellar graphics!,Positive,0.748,0.521
Smart Assistant Game 1229,"Works okay on tablet, bit clunky on small screens.",Neutral,-0.094,0.224
Smart Assistant Game 1229,Essential utility for daily workflow. Fast loading.,Positive,0.415,0.579
Smart Assistant Game 1229,"Best in its class, saves me so much time every day.",Positive,0.846,0.535
Global Lite Prod 1095,"Works okay on tablet, bit clunky on small screens.",Neutral,-0.071,0.245
Global Lite Prod 1095,Constant crashes after the latest update. Terrible experience.,Negative,-0.549,0.882
Global Lite Prod 1095,Game is highly addictive with stellar graphics!,Positive,0.62,0.798
Global Lite Prod 1095,Incredible features and clean layout. Worth every penny.,Positive,0.336,0.453
Global Lite Prod 1095,"Best in its class, saves me so much time every day.",Positive,0.814,0.411
Global Lite Prod 1095,Subscription fee is ridiculous for basic features that used to be free.,Negative,-0.416,0.875
Global Lite Prod 1095,Absolutely love this app! Very smooth UI and responsive.,Positive,0.758,0.695
Global Lite Prod 1095,Essential utility for daily workflow. Fast loading.,Positive,0.491,0.576
Global Lite Prod 1095,Essential utility for daily workflow. Fast loading.,Positive,0.55,0.549
Master Hub Pers 1995,Incredible features and clean layout. Worth every penny.,Positive,0.565,0.41
Master Hub Pers 1995,Essential utility for daily workflow. Fast loading.,Positive,0.407,0.683
Master Hub Pers 1995,"Good concept, waiting for future feature updates.",Neutral,0.058,0.338
Master Hub Pers 1995,"Works okay on tablet, bit clunky on small screens.",Neutral,0.133,0.394
Master Hub Pers 1995,"Decent app overall, does the job but lacks advanced customization.",Neutral,0.105,0.34
Master Hub Pers 1995,"Full of bugs, login screen freezes constantly.",Negative,-0.263,0.548
Master Hub Pers 1995,"Works okay on tablet, bit clunky on small screens.",Neutral,0.032,0.285
Master Hub Pers 1995,"Good concept, waiting for future feature updates.",Neutral,-0.059,0.343
Master Hub Pers 1995,Incredible features and clean layout. Worth every penny.,Positive,0.471,0.496
Master Hub Pers 1995,"Best in its class, saves me so much time every day.",Positive,0.267,0.675
Super Vault Tool 790,Game is highly addictive with stellar graphics!,Positive,0.844,0.401
Super Vault Tool 790,Game is highly addictive with stellar graphics!,Positive,0.495,0.518
Super Vault Tool 790,Essential utility for daily workflow. Fast loading.,Positive,0.793,0.595
Super Vault Tool 790,Essential utility for daily workflow. Fast loading.,Positive,0.313,0.591
Super Vault Tool 790,Incredible features and clean layout. Worth every penny.,Positive,0.306,0.612
Super Vault Tool 790,Customer service never responded to my refund ticket.,Negative,-0.708,0.537
Super Vault Tool 790,"Full of bugs, login screen freezes constantly.",Negative,-0.735,0.664
Daily Vault Life 319,Average performance. UI could use some polishing.,Neutral,0.071,0.366
Daily Vault Life 319,Absolutely love this app! Very smooth UI and responsive.,Positive,0.798,0.737
Daily Vault Life 319,Essential utility for daily workflow. Fast loading.,Positive,0.942,0.406
Daily Vault Life 319,"Works okay on tablet, bit clunky on small screens.",Neutral,0.12,0.17
Daily Vault Life 319,Incredible features and clean layout. Worth every penny.,Positive,0.601,0.536
Daily Vault Life 319,Too many intrusive video ads every 30 seconds. Uninstalled.,Negative,-0.808,0.892
Daily Vault Life 319,Subscription fee is ridiculous for basic features that used to be free.,Negative,-0.204,0.507
Super Plus Game 757,Absolutely love this app! Very smooth UI and responsive.,Positive,0.742,0.632
Super Plus Game 757,Great customer support and seamless synchronization.,Positive,0.88,0.834
Super Plus Game 757,"Works okay on tablet, bit clunky on small screens.",Neutral,0.15,0.375
Super Plus Game 757,"Good concept, waiting for future feature updates.",Neutral,-0.068,0.233
Super Plus Game 757,"Works okay on tablet, bit clunky on small screens.",Neutral,-0.05,0.313
Super Plus Game 757,Absolutely love this app! Very smooth UI and responsive.,Positive,0.566,0.403
Easy Plus Pers 1767,Great customer support and seamless synchronization.,Positive,0.701,0.523
Easy Plus Pers 1767,"Good concept, waiting for future feature updates.",Neutral,-0.075,0.268
Easy Plus Pers 1767,Great customer support and seamless synchronization.,Positive,0.838,0.592
Easy Plus Pers 1767,"Best in its class, saves me so much time every day.",Positive,0.695,0.531
Easy Plus Pers 1767,"Best in its class, saves me so much time every day.",Positive,0.472,0.6
Easy Plus Pers 1767,Great customer support and seamless synchronization.,Positive,0.834,0.688
Easy Plus Pers 1767,Game is highly addictive with stellar graphics!,Positive,0.818,0.499
Easy Plus Pers 1767,"Good concept, waiting for future feature updates.",Neutral,-0.078,0.307
Easy Plus Pers 1767,"Best in its class, saves me so much time every day.",Positive,0.758,0.838
Easy Plus Pers 1767,Customer service never responded to my refund ticket.,Negative,-0.514,0.823
Easy Plus Pers 1767,Essential utility for daily workflow. Fast loading.,Positive,0.757,0.797
Master Flow Game 510,Constant crashes after the latest update. Terrible experience.,Negative,-0.375,0.808
Master Flow Game 510,Battery drain is immense and phone overheats quickly.,Negative,-0.399,0.795
Master Flow Game 510,Subscription fee is ridiculous for basic features that used to be free.,Negative,-0.34,0.734
Master Flow Game 510,"Best in its class, saves me so much time every day.",Positive,0.291,0.538
Master Flow Game 510,Average performance. UI could use some polishing.,Neutral,-0.016,0.298
Master Flow Game 510,Absolutely love this app! Very smooth UI and responsive.,Positive,0.503,0.834
Master Flow Game 510,Customer service never responded to my refund ticket.,Negative,-0.609,0.758
Master Flow Game 510,Average performance. UI could use some polishing.,Neutral,0.101,0.276
Master Flow Game 510,Game is highly addictive with stellar graphics!,Positive,0.338,0.741
Master Flow Game 510,"Full of bugs, login screen freezes constantly.",Negative,-0.372,0.859
Easy 3D Life 209,Great customer support and seamless synchronization.,Positive,0.765,0.629
Easy 3D Life 209,Essential utility for daily workflow. Fast loading.,Positive,0.76,0.579
Easy 3D Life 209,Too many intrusive video ads every 30 seconds. Uninstalled.,Negative,-0.831,0.869
Easy 3D Life 209,Incredible features and clean layout. Worth every penny.,Positive,0.909,0.688
Easy 3D Life 209,"Best in its class, saves me so much time every day.",Positive,0.442,0.655
Master Portal Fami 1084,Game is highly addictive with stellar graphics!,Positive,0.619,0.712
Master Portal Fami 1084,"Works okay on tablet, bit clunky on small screens.",Neutral,0.011,0.307
Master Portal Fami 1084,Too many intrusive video ads every 30 seconds. Uninstalled.,Negative,-0.651,0.515
Master Portal Fami 1084,"Good concept, waiting for future feature updates.",Neutral,-0.076,0.256
Master Portal Fami 1084,Absolutely love this app! Very smooth UI and responsive.,Positive,0.811,0.621
Master Portal Fami 1084,Absolutely love this app! Very smooth UI and responsive.,Positive,0.682,0.529
Master Portal Fami 1084,Great customer support and seamless synchronization.,Positive,0.698,0.463
Master Portal Fami 1084,Essential utility for daily workflow. Fast loading.,Positive,0.461,0.617
Master Portal Fami 1084,Customer service never responded to my refund ticket.,Negative,-0.729,0.832
Master Portal Fami 1084,Essential utility for daily workflow. Fast loading.,Positive,0.368,0.719
Master Portal Fami 1084,Incredible features and clean layout. Worth every penny.,Positive,0.494,0.637
Super Hero Game 2116,Game is highly addictive with stellar graphics!,Positive,0.584,0.493
Super Hero Game 2116,"Best in its class, saves me so much time every day.",Positive,0.486,0.443
Super Hero Game 2116,"Full of bugs, login screen freezes constantly.",Negative,-0.212,0.627
Super Hero Game 2116,Incredible features and clean layout. Worth every penny.,Positive,0.255,0.759
Super Hero Game 2116,Customer service never responded to my refund ticket.,Negative,-0.673,0.864
Super Hero Game 2116,Incredible features and clean layout. Worth every penny.,Positive,0.751,0.782
Super Hero Game 2116,Game is highly addictive with stellar graphics!,Positive,0.841,0.581
Master Manager Medi 415,"Decent app overall, does the job but lacks advanced customization.",Neutral,0.003,0.194
Master Manager Medi 415,Absolutely love this app! Very smooth UI and responsive.,Positive,0.573,0.511
Master Manager Medi 415,Too many intrusive video ads every 30 seconds. Uninstalled.,Negative,-0.41,0.584
Master Manager Medi 415,Game is highly addictive with stellar graphics!,Positive,0.27,0.682
Master Manager Medi 415,Essential utility for daily workflow. Fast loading.,Positive,0.266,0.763
Master Manager Medi 415,Essential utility for daily workflow. Fast loading.,Positive,0.483,0.637
Master Manager Medi 415,Game is highly addictive with stellar graphics!,Positive,0.544,0.641
Master Manager Medi 415,Absolutely love this app! Very smooth UI and responsive.,Positive,0.408,0.7
Master Manager Medi 415,Game is highly addictive with stellar graphics!,Positive,0.555,0.623
Master Manager Medi 415,Too many intrusive video ads every 30 seconds. Uninstalled.,Negative,-0.605,0.579
Easy Plus Busi 1341,Too many intrusive video ads every 30 seconds. Uninstalled.,Negative,-0.206,0.613
Easy Plus Busi 1341,Great customer support and seamless synchronization.,Positive,0.626,0.574
Easy Plus Busi 1341,"Best in its class, saves me so much time every day.",Positive,0.866,0.763
Easy Plus Busi 1341,Game is highly addictive with stellar graphics!,Positive,0.547,0.773
Easy Plus Busi 1341,Absolutely love this app! Very smooth UI and responsive.,Positive,0.815,0.444
Easy Plus Busi 1341,"Full of bugs, login screen freezes constantly.",Negative,-0.391,0.465
Easy Plus Busi 1341,Essential utility for daily workflow. Fast loading.,Positive,0.793,0.789
NextGen Manager Pers 1135,"Full of bugs, login screen freezes constantly.",Negative,-0.495,0.744
NextGen Manager Pers 1135,"Good concept, waiting for future feature updates.",Neutral,0.03,0.22
NextGen Manager Pers 1135,"Decent app overall, does the job but lacks advanced customization.",Neutral,0.069,0.184
NextGen Manager Pers 1135,"Best in its class, saves me so much time every day.",Positive,0.871,0.841
NextGen Manager Pers 1135,Battery drain is immense and phone overheats quickly.,Negative,-0.58,0.676
NextGen Manager Pers 1135,Great customer support and seamless synchronization.,Positive,0.253,0.666
Pro Manager Medi 1404,Game is highly addictive with stellar graphics!,Positive,0.649,0.825
Pro Manager Medi 1404,Great customer support and seamless synchronization.,Positive,0.251,0.487
Pro Manager Medi 1404,"Full of bugs, login screen freezes constantly.",Negative,-0.433,0.522
Pro Manager Medi 1404,Absolutely love this app! Very smooth UI and responsive.,Positive,0.854,0.518
Pro Manager Medi 1404,Great customer support and seamless synchronization.,Positive,0.785,0.547
Pro Manager Medi 1404,Constant crashes after the latest update. Terrible experience.,Negative,-0.742,0.704
Pro Manager Medi 1404,Incredible features and clean layout. Worth every penny.,Positive,0.475,0.77
Pro Manager Medi 1404,"Full of bugs, login screen freezes constantly.",Negative,-0.533,0.508
Pro Manager Medi 1404,"Best in its class, saves me so much time every day.",Positive,0.417,0.795
Pro Manager Medi 1404,"Best in its class, saves me so much time every day.",Positive,0.943,0.42
Pro Manager Medi 1404,Absolutely love this app! Very smooth UI and responsive.,Positive,0.506,0.645
Pro Manager Medi 1404,Constant crashes after the latest update. Terrible experience.,Negative,-0.246,0.796
NextGen 3D Phot 1948,"Best in its class, saves me so much time every day.",Positive,0.25,0.549
NextGen 3D Phot 1948,Great customer support and seamless synchronization.,Positive,0.358,0.837
NextGen 3D Phot 1948,"Works okay on tablet, bit clunky on small screens.",Neutral,0.057,0.346
NextGen 3D Phot 1948,Customer service never responded to my refund ticket.,Negative,-0.742,0.859
NextGen 3D Phot 1948,"Decent app overall, does the job but lacks advanced customization.",Neutral,0.014,0.165
Super Tracker Phot 2415,"Works okay on tablet, bit clunky on small screens.",Neutral,0.043,0.193
Super Tracker Phot 2415,Essential utility for daily workflow. Fast loading.,Positive,0.663,0.57
Super Tracker Phot 2415,Too many intrusive video ads every 30 seconds. Uninstalled.,Negative,-0.771,0.571
Super Tracker Phot 2415,Essential utility for daily workflow. Fast loading.,Positive,0.297,0.66
Super Tracker Phot 2415,Game is highly addictive with stellar graphics!,Positive,0.252,0.75
Super Tracker Phot 2415,"Works okay on tablet, bit clunky on small screens.",Neutral,0.083,0.305
Hyper Flow Medi 1843,"Good concept, waiting for future feature updates.",Neutral,0.112,0.383
Hyper Flow Medi 1843,Subscription fee is ridiculous for basic features that used to be free.,Negative,-0.698,0.692
Hyper Flow Medi 1843,"Good concept, waiting for future feature updates.",Neutral,0.046,0.326
Hyper Flow Medi 1843,Great customer support and seamless synchronization.,Positive,0.658,0.803
Hyper Flow Medi 1843,"Works okay on tablet, bit clunky on small screens.",Neutral,0.061,0.217
Hyper Flow Medi 1843,Great customer support and seamless synchronization.,Positive,0.312,0.674
Hyper Flow Medi 1843,Customer service never responded to my refund ticket.,Negative,-0.689,0.558
Global 3D Heal 1103,"Good concept, waiting for future feature updates.",Neutral,0.014,0.392
Global 3D Heal 1103,Average performance. UI could use some polishing.,Neutral,-0.034,0.314
Global 3D Heal 1103,"Full of bugs, login screen freezes constantly.",Negative,-0.782,0.646
Global 3D Heal 1103,Constant crashes after the latest update. Terrible experience.,Negative,-0.605,0.882
Global 3D Heal 1103,Incredible features and clean layout. Worth every penny.,Positive,0.396,0.714
Global 3D Heal 1103,Game is highly addictive with stellar graphics!,Positive,0.31,0.724
Global 3D Heal 1103,Constant crashes after the latest update. Terrible experience.,Negative,-0.164,0.844
Global 3D Heal 1103,"Good concept, waiting for future feature updates.",Neutral,-0.084,0.267
Global 3D Heal 1103,Essential utility for daily workflow. Fast loading.,Positive,0.36,0.419
Global 3D Heal 1103,Great customer support and seamless synchronization.,Positive,0.681,0.729
Super Hub Game 200,Incredible features and clean layout. Worth every penny.,Positive,0.895,0.436
Super Hub Game 200,Great customer support and seamless synchronization.,Positive,0.921,0.613
Super Hub Game 200,Incredible features and clean layout. Worth every penny.,Positive,0.486,0.632
Super Hub Game 200,Game is highly addictive with stellar graphics!,Positive,0.439,0.516
Super Hub Game 200,Average performance. UI could use some polishing.,Neutral,0.005,0.288
Super Hub Game 200,Subscription fee is ridiculous for basic features that used to be free.,Negative,-0.607,0.693
Master Manager Heal 230,"Works okay on tablet, bit clunky on small screens.",Neutral,0.064,0.397
Master Manager Heal 230,"Decent app overall, does the job but lacks advanced customization.",Neutral,-0.011,0.351
Master Manager Heal 230,Game is highly addictive with stellar graphics!,Positive,0.45,0.495
Master Manager Heal 230,Customer service never responded to my refund ticket.,Negative,-0.154,0.651
Master Manager Heal 230,Customer service never responded to my refund ticket.,Negative,-0.215,0.508
Smart Hub Prod 1282,"Good concept, waiting for future feature updates.",Neutral,0.118,0.255
Smart Hub Prod 1282,Essential utility for daily workflow. Fast loading.,Positive,0.633,0.591
Smart Hub Prod 1282,Absolutely love this app! Very smooth UI and responsive.,Positive,0.251,0.553
Smart Hub Prod 1282,Constant crashes after the latest update. Terrible experience.,Negative,-0.761,0.545
Smart Hub Prod 1282,"Good concept, waiting for future feature updates.",Neutral,0.076,0.223
Smart Hub Prod 1282,Customer service never responded to my refund ticket.,Negative,-0.65,0.668
Smart Hub Prod 1282,"Best in its class, saves me so much time every day.",Positive,0.931,0.555
Smart Hub Prod 1282,Absolutely love this app! Very smooth UI and responsive.,Positive,0.525,0.693
Smart Hub Prod 1282,"Good concept, waiting for future feature updates.",Neutral,0.074,0.345
Smart Hub Prod 1282,Incredible features and clean layout. Worth every penny.,Positive,0.816,0.613
Super Hero Prod 1117,"Good concept, waiting for future feature updates.",Neutral,0.033,0.271
Super Hero Prod 1117,"Best in its class, saves me so much time every day.",Positive,0.917,0.831
Super Hero Prod 1117,Average performance. UI could use some polishing.,Neutral,-0.017,0.183
Super Hero Prod 1117,Absolutely love this app! Very smooth UI and responsive.,Positive,0.911,0.443
Super Hero Prod 1117,Constant crashes after the latest update. Terrible experience.,Negative,-0.824,0.761
Super Hero Prod 1117,Incredible features and clean layout. Worth every penny.,Positive,0.699,0.538
Super Hero Prod 1117,Constant crashes after the latest update. Terrible experience.,Negative,-0.497,0.819
Super Hero Prod 1117,Average performance. UI could use some polishing.,Neutral,-0.089,0.188
Super Hero Prod 1117,Incredible features and clean layout. Worth every penny.,Positive,0.797,0.654
Super Hero Prod 1117,"Works okay on tablet, bit clunky on small screens.",Neutral,-0.038,0.396
Super Hero Prod 1117,Average performance. UI could use some polishing.,Neutral,0.133,0.362
Super Hero Prod 1117,Game is highly addictive with stellar graphics!,Positive,0.502,0.561
Fast Hero Fina 2234,Game is highly addictive with stellar graphics!,Positive,0.64,0.823
Fast Hero Fina 2234,"Good concept, waiting for future feature updates.",Neutral,-0.094,0.389
Fast Hero Fina 2234,Battery drain is immense and phone overheats quickly.,Negative,-0.16,0.675
Fast Hero Fina 2234,Essential utility for daily workflow. Fast loading.,Positive,0.531,0.794
Fast Hero Fina 2234,Absolutely love this app! Very smooth UI and responsive.,Positive,0.407,0.423
Fast Hero Fina 2234,Incredible features and clean layout. Worth every penny.,Positive,0.433,0.688
Fast Hero Fina 2234,"Best in its class, saves me so much time every day.",Positive,0.417,0.6
Smart Portal Medi 1997,Incredible features and clean layout. Worth every penny.,Positive,0.695,0.839
Smart Portal Medi 1997,Game is highly addictive with stellar graphics!,Positive,0.254,0.768
Smart Portal Medi 1997,Battery drain is immense and phone overheats quickly.,Negative,-0.59,0.598
Smart Portal Medi 1997,Too many intrusive video ads every 30 seconds. Uninstalled.,Negative,-0.314,0.667
Smart Portal Medi 1997,Incredible features and clean layout. Worth every penny.,Positive,0.704,0.784
Smart Portal Medi 1997,Great customer support and seamless synchronization.,Positive,0.526,0.454
Smart Portal Medi 1997,Game is highly addictive with stellar graphics!,Positive,0.849,0.564
Smart Portal Medi 1997,Battery drain is immense and phone overheats quickly.,Negative,-0.455,0.524
Smart Portal Medi 1997,Absolutely love this app! Very smooth UI and responsive.,Positive,0.716,0.511
Smart Portal Medi 1997,Average performance. UI could use some polishing.,Neutral,-0.028,0.304
Quick Portal Pers 1514,"Works okay on tablet, bit clunky on small screens.",Neutral,0.08,0.17
Quick Portal Pers 1514,Absolutely love this app! Very smooth UI and responsive.,Positive,0.75,0.57
Quick Portal Pers 1514,Subscription fee is ridiculous for basic features that used to be free.,Negative,-0.644,0.818
Quick Portal Pers 1514,Incredible features and clean layout. Worth every penny.,Positive,0.632,0.837
Quick Portal Pers 1514,"Good concept, waiting for future feature updates.",Neutral,0.051,0.26
Quick Portal Pers 1514,Average performance. UI could use some polishing.,Neutral,0.071,0.293
Quick Portal Pers 1514,Incredible features and clean layout. Worth every penny.,Positive,0.949,0.492
Quick Portal Pers 1514,Subscription fee is ridiculous for basic features that used to be free.,Negative,-0.577,0.877
Quick Portal Pers 1514,"Best in its class, saves me so much time every day.",Positive,0.751,0.588
Quick Portal Pers 1514,Essential utility for daily workflow. Fast loading.,Positive,0.313,0.815
Quick Portal Pers 1514,Subscription fee is ridiculous for basic features that used to be free.,Negative,-0.582,0.885
Quick Portal Pers 1514,Essential utility for daily workflow. Fast loading.,Positive,0.289,0.532
Daily Portal Fami 638,Subscription fee is ridiculous for basic features that used to be free.,Negative,-0.406,0.523
Daily Portal Fami 638,Essential utility for daily workflow. Fast loading.,Positive,0.563,0.654
Daily Portal Fami 638,Absolutely love this app! Very smooth UI and responsive.,Positive,0.852,0.487
Daily Portal Fami 638,Game is highly addictive with stellar graphics!,Positive,0.264,0.543
Daily Portal Fami 638,"Good concept, waiting for future feature updates.",Neutral,-0.084,0.377
Daily Portal Fami 638,"Good concept, waiting for future feature updates.",Neutral,0.132,0.305
Master Plus Medi 2287,Incredible features and clean layout. Worth every penny.,Positive,0.512,0.792
Master Plus Medi 2287,"Best in its class, saves me so much time every day.",Positive,0.541,0.441
Master Plus Medi 2287,Great customer support and seamless synchronization.,Positive,0.419,0.79
Master Plus Medi 2287,Great customer support and seamless synchronization.,Positive,0.736,0.509
Master Plus Medi 2287,Incredible features and clean layout. Worth every penny.,Positive,0.326,0.731
Master Plus Medi 2287,Battery drain is immense and phone overheats quickly.,Negative,-0.621,0.773
Master Plus Medi 2287,Incredible features and clean layout. Worth every penny.,Positive,0.735,0.425
Master Plus Medi 2287,Battery drain is immense and phone overheats quickly.,Negative,-0.607,0.827
Master Plus Medi 2287,Absolutely love this app! Very smooth UI and responsive.,Positive,0.786,0.847
Master Plus Medi 2287,Subscription fee is ridiculous for basic features that used to be free.,Negative,-0.661,0.543
Master Plus Medi 2287,Incredible features and clean layout. Worth every penny.,Positive,0.668,0.631
Master Plus Medi 2287,"Best in its class, saves me so much time every day.",Positive,0.597,0.425
Daily Manager Busi 2168,Incredible features and clean layout. Worth every penny.,Positive,0.694,0.831
Daily Manager Busi 2168,Essential utility for daily workflow. Fast loading.,Positive,0.302,0.833
Daily Manager Busi 2168,Essential utility for daily workflow. Fast loading.,Positive,0.847,0.575
Daily Manager Busi 2168,"Good concept, waiting for future feature updates.",Neutral,-0.048,0.22
Daily Manager Busi 2168,"Best in its class, saves me so much time every day.",Positive,0.705,0.835
Daily Manager Busi 2168,Too many intrusive video ads every 30 seconds. Uninstalled.,Negative,-0.678,0.615
Daily Manager Busi 2168,Essential utility for daily workflow. Fast loading.,Positive,0.532,0.481
Daily Manager Busi 2168,Customer service never responded to my refund ticket.,Negative,-0.19,0.467
Master Hub Prod 2162,Absolutely love this app! Very smooth UI and responsive.,Positive,0.502,0.725
Master Hub Prod 2162,Essential utility for daily workflow. Fast loading.,Positive,0.698,0.727
Master Hub Prod 2162,"Decent app overall, does the job but lacks advanced customization.",Neutral,0.019,0.312
Master Hub Prod 2162,"Full of bugs, login screen freezes constantly.",Negative,-0.594,0.568
Master Hub Prod 2162,Customer service never responded to my refund ticket.,Negative,-0.632,0.614
Master Hub Prod 2162,Essential utility for daily workflow. Fast loading.,Positive,0.869,0.464
Master Hub Prod 2162,Too many intrusive video ads every 30 seconds. Uninstalled.,Negative,-0.616,0.745
Global Lite Fami 1661,"Good concept, waiting for future feature updates.",Neutral,-0.091,0.23
Global Lite Fami 1661,Battery drain is immense and phone overheats quickly.,Negative,-0.288,0.853
Global Lite Fami 1661,Game is highly addictive with stellar graphics!,Positive,0.876,0.833
Global Lite Fami 1661,"Decent app overall, does the job but lacks advanced customization.",Neutral,-0.099,0.241
Global Lite Fami 1661,Great customer support and seamless synchronization.,Positive,0.345,0.564
Global Lite Fami 1661,Too many intrusive video ads every 30 seconds. Uninstalled.,Negative,-0.662,0.678
Global Lite Fami 1661,Incredible features and clean layout. Worth every penny.,Positive,0.543,0.758
Global Hero Comm 70,Incredible features and clean layout. Worth every penny.,Positive,0.915,0.581
Global Hero Comm 70,Great customer support and seamless synchronization.,Positive,0.638,0.637
Global Hero Comm 70,Incredible features and clean layout. Worth every penny.,Positive,0.868,0.676
Global Hero Comm 70,Battery drain is immense and phone overheats quickly.,Negative,-0.479,0.625
Global Hero Comm 70,Absolutely love this app! Very smooth UI and responsive.,Positive,0.862,0.722
Global Hero Comm 70,"Best in its class, saves me so much time every day.",Positive,0.828,0.778
Global Hero Comm 70,"Decent app overall, does the job but lacks advanced customization.",Neutral,0.015,0.393
Global Hero Comm 70,"Works okay on tablet, bit clunky on small screens.",Neutral,0.057,0.15
Daily Assistant Tool 1709,Incredible features and clean layout. Worth every penny.,Positive,0.569,0.809
Daily Assistant Tool 1709,Game is highly addictive with stellar graphics!,Positive,0.815,0.407
Daily Assistant Tool 1709,Game is highly addictive with stellar graphics!,Positive,0.493,0.545
Daily Assistant Tool 1709,Great customer support and seamless synchronization.,Positive,0.694,0.736
Daily Assistant Tool 1709,Battery drain is immense and phone overheats quickly.,Negative,-0.476,0.629
Daily Assistant Tool 1709,Essential utility for daily workflow. Fast loading.,Positive,0.748,0.46
Daily Assistant Tool 1709,Incredible features and clean layout. Worth every penny.,Positive,0.377,0.513
Daily Assistant Tool 1709,Game is highly addictive with stellar graphics!,Positive,0.417,0.429
Daily Assistant Tool 1709,Absolutely love this app! Very smooth UI and responsive.,Positive,0.829,0.784
Master Vault Fami 742,"Decent app overall, does the job but lacks advanced customization.",Neutral,0.085,0.212
Master Vault Fami 742,Battery drain is immense and phone overheats quickly.,Negative,-0.436,0.793
Master Vault Fami 742,Constant crashes after the latest update. Terrible experience.,Negative,-0.258,0.892
Master Vault Fami 742,Absolutely love this app! Very smooth UI and responsive.,Positive,0.933,0.469
Master Vault Fami 742,"Best in its class, saves me so much time every day.",Positive,0.821,0.497
Master Vault Fami 742,Essential utility for daily workflow. Fast loading.,Positive,0.849,0.837
Master Vault Fami 742,Absolutely love this app! Very smooth UI and responsive.,Positive,0.751,0.459
Master Vault Fami 742,Incredible features and clean layout. Worth every penny.,Positive,0.459,0.466
Master Vault Fami 742,Too many intrusive video ads every 30 seconds. Uninstalled.,Negative,-0.73,0.558
Master Vault Fami 742,Essential utility for daily workflow. Fast loading.,Positive,0.342,0.716
Master Vault Fami 742,Absolutely love this app! Very smooth UI and responsive.,Positive,0.383,0.601
Master Vault Fami 742,Average performance. UI could use some polishing.,Neutral,0.036,0.318
Global 3D Comm 1513,Battery drain is immense and phone overheats quickly.,Negative,-0.807,0.714
Global 3D Comm 1513,Absolutely love this app! Very smooth UI and responsive.,Positive,0.75,0.505
Global 3D Comm 1513,"Best in its class, saves me so much time every day.",Positive,0.673,0.838
Global 3D Comm 1513,Game is highly addictive with stellar graphics!,Positive,0.948,0.483
Global 3D Comm 1513,Essential utility for daily workflow. Fast loading.,Positive,0.737,0.524
Global 3D Comm 1513,Subscription fee is ridiculous for basic features that used to be free.,Negative,-0.65,0.855
Global 3D Comm 1513,Great customer support and seamless synchronization.,Positive,0.858,0.606
Global 3D Comm 1513,Average performance. UI could use some polishing.,Neutral,-0.006,0.376
Global 3D Comm 1513,"Best in its class, saves me so much time every day.",Positive,0.25,0.609
Easy Manager Pers 633,"Best in its class, saves me so much time every day.",Positive,0.514,0.458
Easy Manager Pers 633,"Decent app overall, does the job but lacks advanced customization.",Neutral,0.08,0.234
Easy Manager Pers 633,Essential utility for daily workflow. Fast loading.,Positive,0.365,0.431
Easy Manager Pers 633,Too many intrusive video ads every 30 seconds. Uninstalled.,Negative,-0.549,0.714
Easy Manager Pers 633,Great customer support and seamless synchronization.,Positive,0.718,0.657
Master Vault Comm 232,Average performance. UI could use some polishing.,Neutral,0.036,0.335
Master Vault Comm 232,Too many intrusive video ads every 30 seconds. Uninstalled.,Negative,-0.188,0.52
Master Vault Comm 232,"Best in its class, saves me so much time every day.",Positive,0.666,0.475
Master Vault Comm 232,Average performance. UI could use some polishing.,Neutral,-0.051,0.33
Master Vault Comm 232,Great customer support and seamless synchronization.,Positive,0.907,0.546
Master Vault Comm 232,Too many intrusive video ads every 30 seconds. Uninstalled.,Negative,-0.614,0.897
Master Vault Comm 232,Game is highly addictive with stellar graphics!,Positive,0.727,0.747
Master Vault Comm 232,"Good concept, waiting for future feature updates.",Neutral,0.13,0.355
Master Vault Comm 232,Essential utility for daily workflow. Fast loading.,Positive,0.731,0.849
Master Vault Comm 232,"Best in its class, saves me so much time every day.",Positive,0.468,0.816
Master Vault Comm 232,"Best in its class, saves me so much time every day.",Positive,0.426,0.566
Master Vault Comm 232,Absolutely love this app! Very smooth UI and responsive.,Positive,0.616,0.771
Super 3D Comm 421,"Best in its class, saves me so much time every day.",Positive,0.884,0.714
Super 3D Comm 421,Incredible features and clean layout. Worth every penny.,Positive,0.54,0.47
Super 3D Comm 421,Average performance. UI could use some polishing.,Neutral,-0.051,0.389
Super 3D Comm 421,Incredible features and clean layout. Worth every penny.,Positive,0.896,0.787
Super 3D Comm 421,Essential utility for daily workflow. Fast loading.,Positive,0.869,0.789
Super 3D Comm 421,Great customer support and seamless synchronization.,Positive,0.563,0.69
Super 3D Comm 421,Great customer support and seamless synchronization.,Positive,0.306,0.808
Super 3D Comm 421,"Decent app overall, does the job but lacks advanced customization.",Neutral,-0.015,0.341
Hyper Hub Game 2112,Game is highly addictive with stellar graphics!,Positive,0.503,0.556
Hyper Hub Game 2112,"Best in its class, saves me so much time every day.",Positive,0.492,0.809
Hyper Hub Game 2112,"Best in its class, saves me so much time every day.",Positive,0.769,0.706
Hyper Hub Game 2112,Game is highly addictive with stellar graphics!,Positive,0.253,0.59
Hyper Hub Game 2112,"Works okay on tablet, bit clunky on small screens.",Neutral,0.051,0.226
Hyper Hub Game 2112,"Works okay on tablet, bit clunky on small screens.",Neutral,0.07,0.221
Hyper Hub Game 2112,Battery drain is immense and phone overheats quickly.,Negative,-0.732,0.729
Hyper Hub Game 2112,"Best in its class, saves me so much time every day.",Positive,0.768,0.829
Hyper Hub Game 2112,Incredible features and clean layout. Worth every penny.,Positive,0.279,0.687
Super Portal Life 2299,Essential utility for daily workflow. Fast loading.,Positive,0.837,0.606
Super Portal Life 2299,"Decent app overall, does the job but lacks advanced customization.",Neutral,0.087,0.233
Super Portal Life 2299,Essential utility for daily workflow. Fast loading.,Positive,0.508,0.761
Super Portal Life 2299,Battery drain is immense and phone overheats quickly.,Negative,-0.225,0.496
Super Portal Life 2299,Essential utility for daily workflow. Fast loading.,Positive,0.293,0.738
Super Portal Life 2299,Essential utility for daily workflow. Fast loading.,Positive,0.537,0.694
Super Portal Life 2299,Average performance. UI could use some polishing.,Neutral,0.006,0.252
Super Portal Life 2299,Essential utility for daily workflow. Fast loading.,Positive,0.605,0.754
Super Portal Life 2299,"Good concept, waiting for future feature updates.",Neutral,0.137,0.335
Super Portal Life 2299,Incredible features and clean layout. Worth every penny.,Positive,0.589,0.512
Super Portal Life 2299,Incredible features and clean layout. Worth every penny.,Positive,0.369,0.53
Super Lite Comm 701,Customer service never responded to my refund ticket.,Negative,-0.741,0.644
Super Lite Comm 701,Essential utility for daily workflow. Fast loading.,Positive,0.763,0.463
Super Lite Comm 701,Absolutely love this app! Very smooth UI and responsive.,Positive,0.456,0.499
Super Lite Comm 701,Average performance. UI could use some polishing.,Neutral,0.02,0.236
Super Lite Comm 701,"Good concept, waiting for future feature updates.",Neutral,-0.052,0.18
Super Lite Comm 701,Battery drain is immense and phone overheats quickly.,Negative,-0.377,0.871
Super Lite Comm 701,Essential utility for daily workflow. Fast loading.,Positive,0.887,0.679
Super Lite Comm 701,"Good concept, waiting for future feature updates.",Neutral,-0.04,0.392
Super Lite Comm 701,"Best in its class, saves me so much time every day.",Positive,0.364,0.564
Super Lite Comm 701,Subscription fee is ridiculous for basic features that used to be free.,Negative,-0.657,0.65
Super Hub Fami 1802,Absolutely love this app! Very smooth UI and responsive.,Positive,0.554,0.693
Super Hub Fami 1802,Battery drain is immense and phone overheats quickly.,Negative,-0.653,0.678
Super Hub Fami 1802,Too many intrusive video ads every 30 seconds. Uninstalled.,Negative,-0.824,0.892
Super Hub Fami 1802,Subscription fee is ridiculous for basic features that used to be free.,Negative,-0.483,0.781
Super Hub Fami 1802,Customer service never responded to my refund ticket.,Negative,-0.824,0.511
Super Hub Fami 1802,"Good concept, waiting for future feature updates.",Neutral,0.031,0.152
Super Hub Fami 1802,Essential utility for daily workflow. Fast loading.,Positive,0.458,0.458
Super Hub Fami 1802,Great customer support and seamless synchronization.,Positive,0.588,0.722
Super Hub Fami 1802,Constant crashes after the latest update. Terrible experience.,Negative,-0.654,0.713
Super Hub Fami 1802,"Decent app overall, does the job but lacks advanced customization.",Neutral,0.01,0.325
Super Hub Fami 1802,Customer service never responded to my refund ticket.,Negative,-0.262,0.582
Super Hub Fami 1802,Absolutely love this app! Very smooth UI and responsive.,Positive,0.448,0.67
NextGen Portal Game 2197,Subscription fee is ridiculous for basic features that used to be free.,Negative,-0.648,0.85
NextGen Portal Game 2197,Absolutely love this app! Very smooth UI and responsive.,Positive,0.291,0.418
NextGen Portal Game 2197,Average performance. UI could use some polishing.,Neutral,-0.081,0.35
NextGen Portal Game 2197,Absolutely love this app! Very smooth UI and responsive.,Positive,0.402,0.564
NextGen Portal Game 2197,Game is highly addictive with stellar graphics!,Positive,0.635,0.418
Hyper Plus Game 1859,Game is highly addictive with stellar graphics!,Positive,0.561,0.764
Hyper Plus Game 1859,Battery drain is immense and phone overheats quickly.,Negative,-0.769,0.685
Hyper Plus Game 1859,Absolutely love this app! Very smooth UI and responsive.,Positive,0.482,0.409
Hyper Plus Game 1859,Incredible features and clean layout. Worth every penny.,Positive,0.754,0.819
Hyper Plus Game 1859,Essential utility for daily workflow. Fast loading.,Positive,0.359,0.554
Hyper Plus Game 1859,Game is highly addictive with stellar graphics!,Positive,0.33,0.834
Hyper Plus Game 1859,Absolutely love this app! Very smooth UI and responsive.,Positive,0.885,0.595
Hyper Plus Game 1859,"Works okay on tablet, bit clunky on small screens.",Neutral,0.112,0.214
Hyper Plus Game 1859,"Full of bugs, login screen freezes constantly.",Negative,-0.715,0.5
Hyper Plus Game 1859,Essential utility for daily workflow. Fast loading.,Positive,0.85,0.834
Hyper Plus Game 1859,Incredible features and clean layout. Worth every penny.,Positive,0.918,0.793
Daily Portal Game 802,"Good concept, waiting for future feature updates.",Neutral,-0.046,0.362
Daily Portal Game 802,"Best in its class, saves me so much time every day.",Positive,0.599,0.433
Daily Portal Game 802,Game is highly addictive with stellar graphics!,Positive,0.352,0.73
Daily Portal Game 802,Incredible features and clean layout. Worth every penny.,Positive,0.475,0.726
Daily Portal Game 802,Absolutely love this app! Very smooth UI and responsive.,Positive,0.634,0.597
Daily Portal Game 802,Customer service never responded to my refund ticket.,Negative,-0.423,0.753
Daily Portal Game 802,"Best in its class, saves me so much time every day.",Positive,0.819,0.583
Master Hub Fami 728,"Full of bugs, login screen freezes constantly.",Negative,-0.335,0.726
Master Hub Fami 728,Absolutely love this app! Very smooth UI and responsive.,Positive,0.833,0.666
Master Hub Fami 728,Essential utility for daily workflow. Fast loading.,Positive,0.836,0.748
Master Hub Fami 728,Great customer support and seamless synchronization.,Positive,0.678,0.627
Master Hub Fami 728,Essential utility for daily workflow. Fast loading.,Positive,0.853,0.603
Master Hub Fami 728,"Full of bugs, login screen freezes constantly.",Negative,-0.755,0.765
Pro Hub Pers 1990,Game is highly addictive with stellar graphics!,Positive,0.85,0.538
Pro Hub Pers 1990,Essential utility for daily workflow. Fast loading.,Positive,0.664,0.807
Pro Hub Pers 1990,Battery drain is immense and phone overheats quickly.,Negative,-0.665,0.536
Pro Hub Pers 1990,Constant crashes after the latest update. Terrible experience.,Negative,-0.746,0.642
Pro Hub Pers 1990,Subscription fee is ridiculous for basic features that used to be free.,Negative,-0.68,0.872
Pro Hub Pers 1990,Great customer support and seamless synchronization.,Positive,0.848,0.778
Pro Hub Pers 1990,"Decent app overall, does the job but lacks advanced customization.",Neutral,0.12,0.159
Pocket Studio Fami 2139,Average performance. UI could use some polishing.,Neutral,0.041,0.332
Pocket Studio Fami 2139,Subscription fee is ridiculous for basic features that used to be free.,Negative,-0.746,0.572
Pocket Studio Fami 2139,Game is highly addictive with stellar graphics!,Positive,0.595,0.624
Pocket Studio Fami 2139,Essential utility for daily workflow. Fast loading.,Positive,0.52,0.606
Pocket Studio Fami 2139,Game is highly addictive with stellar graphics!,Positive,0.252,0.711
Pocket Studio Fami 2139,Absolutely love this app! Very smooth UI and responsive.,Positive,0.602,0.757
NextGen 3D Phot 280,Essential utility for daily workflow. Fast loading.,Positive,0.853,0.499
NextGen 3D Phot 280,Constant crashes after the latest update. Terrible experience.,Negative,-0.155,0.654
NextGen 3D Phot 280,Great customer support and seamless synchronization.,Positive,0.376,0.512
NextGen 3D Phot 280,Absolutely love this app! Very smooth UI and responsive.,Positive,0.83,0.574
NextGen 3D Phot 280,Absolutely love this app! Very smooth UI and responsive.,Positive,0.562,0.839
NextGen 3D Phot 280,Incredible features and clean layout. Worth every penny.,Positive,0.763,0.706
NextGen 3D Phot 280,Game is highly addictive with stellar graphics!,Positive,0.291,0.707
NextGen 3D Phot 280,"Works okay on tablet, bit clunky on small screens.",Neutral,0.138,0.256
NextGen 3D Phot 280,Absolutely love this app! Very smooth UI and responsive.,Positive,0.846,0.409
NextGen 3D Phot 280,Essential utility for daily workflow. Fast loading.,Positive,0.418,0.412
Quick Vault Tool 423,Customer service never responded to my refund ticket.,Negative,-0.188,0.665
Quick Vault Tool 423,Average performance. UI could use some polishing.,Neutral,0.089,0.155
Quick Vault Tool 423,"Best in its class, saves me so much time every day.",Positive,0.872,0.493
Quick Vault Tool 423,"Full of bugs, login screen freezes constantly.",Negative,-0.396,0.606
Quick Vault Tool 423,Essential utility for daily workflow. Fast loading.,Positive,0.533,0.849
Quick Vault Tool 423,Essential utility for daily workflow. Fast loading.,Positive,0.488,0.409
Quick Vault Tool 423,Customer service never responded to my refund ticket.,Negative,-0.824,0.824
Master Vault Prod 2425,Constant crashes after the latest update. Terrible experience.,Negative,-0.466,0.469
Master Vault Prod 2425,Too many intrusive video ads every 30 seconds. Uninstalled.,Negative,-0.598,0.761
Master Vault Prod 2425,Great customer support and seamless synchronization.,Positive,0.831,0.558
Master Vault Prod 2425,"Good concept, waiting for future feature updates.",Neutral,0.123,0.382
Master Vault Prod 2425,Absolutely love this app! Very smooth UI and responsive.,Positive,0.66,0.737
Hyper Hero Heal 2275,"Good concept, waiting for future feature updates.",Neutral,-0.047,0.166
Hyper Hero Heal 2275,Absolutely love this app! Very smooth UI and responsive.,Positive,0.739,0.668
Hyper Hero Heal 2275,"Full of bugs, login screen freezes constantly.",Negative,-0.423,0.469
Hyper Hero Heal 2275,Great customer support and seamless synchronization.,Positive,0.332,0.684
Hyper Hero Heal 2275,Incredible features and clean layout. Worth every penny.,Positive,0.678,0.641
Hyper Hero Heal 2275,Great customer support and seamless synchronization.,Positive,0.434,0.406
Super Flow Prod 1171,"Decent app overall, does the job but lacks advanced customization.",Neutral,0.012,0.22
Super Flow Prod 1171,"Decent app overall, does the job but lacks advanced customization.",Neutral,0.144,0.342
Super Flow Prod 1171,Incredible features and clean layout. Worth every penny.,Positive,0.51,0.836
Super Flow Prod 1171,"Decent app overall, does the job but lacks advanced customization.",Neutral,-0.03,0.356
Super Flow Prod 1171,"Best in its class, saves me so much time every day.",Positive,0.766,0.447
Super Flow Prod 1171,Battery drain is immense and phone overheats quickly.,Negative,-0.399,0.749
Super Flow Prod 1171,"Best in its class, saves me so much time every day.",Positive,0.685,0.424
