App,Category,Rating,Reviews,Size,Installs,Type,Price,Content Rating,Genres,Last Updated,Current Ver,Android Ver
Pro 3D Heal 1,HEALTH_AND_FITNESS,3.6,146,31.1M,"5,000+",Free,$0,Everyone,Health & Fitness,"August 14, 2024",1.0.1,4.4 and up
Daily Plus Prod 2,PRODUCTIVITY,4.3,300,21.3M,"5,000+",Free,$0,Everyone,Productivity,"March 23, 2024",4.5.4,4.4 and up
Super Hub Prod 3,PRODUCTIVITY,4.3,3,13.4M,100+,Paid,$1.49,Teen,Productivity,"January 18, 2024",3.9.5,7.0 and up
Pro Flow Prod 4,PRODUCTIVITY,4.7,129764,Varies with device,"5,000,000+",Free,$0,Everyone,Productivity,"July 9, 2024",4.5.2,5.0 and up
NextGen Hero Fina 5,FINANCE,3.9,1,Varies with device,10+,Free,$0,Mature 17+,Finance,"October 8, 2024",2.7.6,5.0 and up
NextGen Lite Heal 6,HEALTH_AND_FITNESS,3.9,34,3.4M,500+,Free,$0,Everyone,Health & Fitness,"January 7, 2024",5.5.3,8.0 and up
NextGen Studio Phot 7,PHOTOGRAPHY,2.8,1000,25.2M,"50,000+",Free,$0,Teen,Photography,"August 13, 2024",3.3.2,7.0 and up
Pro Hub Phot 8,PHOTOGRAPHY,4.7,1034,27.6M,"50,000+",Free,$0,Mature 17+,Photography,"July 17, 2024",3.8.0,8.0 and up
NextGen Portal Pers 9,PERSONALIZATION,4.0,6256,14.6M,"100,000+",Free,$0,Everyone,Personalization,"October 24, 2024",3.8.2,7.0 and up
Easy Flow Game 10,GAME,3.8,45536,27.9M,"1,000,000+",Free,$0,Mature 17+,Card,"January 20, 2024",3.7.0,4.1 and up
Quick Tracker Fina 11,FINANCE,3.9,268,Varies with device,"10,000+",Free,$0,Everyone,Finance,"August 25, 2024",2.2.7,7.0 and up
Daily Vault Tool 12,TOOLS,4.5,19809,33.4M,"500,000+",Free,$0,Everyone,Tools,"July 22, 2024",3.7.8,6.0 and up
Quick Hub Game 13,GAME,4.2,336659,32.6M,"10,000,000+",Paid,$2.99,Everyone,Arcade,"January 28, 2024",3.1.8,4.4 and up
Quick Portal Medi 14,MEDICAL,3.9,9,22.3M,500+,Free,$0,Teen,Medical,"March 4, 2024",1.6.5,6.0 and up
Fast Tracker Comm 15,COMMUNICATION,3.9,57,Varies with device,"1,000+",Free,$0,Everyone,Communication,"January 8, 2024",2.3.8,6.0 and up
Smart Hero Tool 16,TOOLS,4.7,42,Varies with device,"1,000+",Free,$0,Mature 17+,Tools,"January 2, 2024",5.0.1,4.4 and up
Master Studio Tool 17,TOOLS,3.6,124811,Varies with device,"5,000,000+",Free,$0,Teen,Tools,"May 26, 2024",4.4.6,8.0 and up
Smart Plus Pers 18,PERSONALIZATION,4.1,307,25.3M,"10,000+",Free,$0,Everyone,Personalization,"January 19, 2024",4.8.8,4.4 and up
Smart Hub Fami 19,FAMILY,4.1,1,7.2M,10+,Free,$0,Everyone,Casual,"August 20, 2024",1.9.1,6.0 and up
Easy Plus Heal 20,HEALTH_AND_FITNESS,4.4,5688,7.6M,"100,000+",Free,$0,Teen,Health & Fitness,"May 25, 2024",1.0.7,7.0 and up
Super Portal Busi 21,BUSINESS,5.0,124,39.9M,"5,000+",Free,$0,Everyone,Business,"May 6, 2024",4.8.4,7.0 and up
NextGen Portal Heal 22,HEALTH_AND_FITNESS,4.8,15,7.8M,500+,Free,$0,Everyone,Health & Fitness,"October 18, 2024",2.4.4,7.0 and up
Quick Flow Prod 23,PRODUCTIVITY,4.3,5439665,40.9M,"100,000,000+",Free,$0,Everyone,Productivity,"October 14, 2024",3.0.0,5.0 and up
Smart 3D Tool 24,TOOLS,4.6,2046424,6.8M,"50,000,000+",Free,$0,Everyone 10+,Tools,"March 18, 2024",1.5.9,7.0 and up
Smart Tracker Tool 25,TOOLS,3.7,31,39.0M,"1,000+",Free,$0,Everyone,Tools,"October 8, 2024",1.5.8,6.0 and up
Quick Manager Busi 26,BUSINESS,3.4,78,3.1M,"1,000+",Free,$0,Everyone,Business,"July 26, 2024",2.4.2,8.0 and up
Pro Studio Game 27,GAME,3.5,2557036,39.4M,"100,000,000+",Free,$0,Everyone,Role Playing,"March 1, 2024",2.6.5,5.0 and up
Pocket Flow Game 28,GAME,3.7,456583,41.5M,"10,000,000+",Paid,$3.99,Everyone,Strategy,"August 9, 2024",1.1.9,6.0 and up
Hyper Vault Fina 29,FINANCE,4.5,7,10.2M,100+,Paid,$14.99,Mature 17+,Finance,"October 24, 2024",2.5.6,4.1 and up
Global Lite Heal 30,HEALTH_AND_FITNESS,4.6,28218,23.8M,"500,000+",Free,$0,Everyone,Health & Fitness,"July 23, 2024",3.8.2,4.4 and up
NextGen 3D Comm 31,COMMUNICATION,4.1,3659819,25.6M,"50,000,000+",Paid,$7.99,Mature 17+,Communication,"August 21, 2024",3.7.7,6.0 and up
Daily Studio Heal 32,HEALTH_AND_FITNESS,3.9,6,30.3M,100+,Free,$0,Everyone 10+,Health & Fitness,"October 20, 2024",3.1.3,8.0 and up
Quick Manager Medi 33,MEDICAL,3.4,58548,38.5M,"5,000,000+",Paid,$2.99,Everyone 10+,Medical,"October 13, 2024",4.6.3,4.4 and up
Super Assistant Heal 34,HEALTH_AND_FITNESS,4.8,1,22.0M,50+,Free,$0,Everyone,Health & Fitness,"July 5, 2024",4.8.8,7.0 and up
Global 3D Fina 35,FINANCE,4.8,362,21.2M,"5,000+",Free,$0,Teen,Finance,"July 9, 2024",2.4.8,6.0 and up
Easy Studio Heal 36,HEALTH_AND_FITNESS,3.7,1542,15.7M,"100,000+",Free,$0,Everyone,Health & Fitness,"March 8, 2024",4.2.3,4.1 and up
Pocket Portal Comm 37,COMMUNICATION,,4261470,18.7M,"100,000,000+",Free,$0,Everyone 10+,Communication,"January 28, 2024",5.6.7,4.1 and up
Hyper Assistant Fina 38,FINANCE,4.4,476,40.6M,"10,000+",Free,$0,Everyone,Finance,"July 16, 2024",1.6.5,8.0 and up
Fast Manager Heal 39,HEALTH_AND_FITNESS,3.8,68835,25.0M,"1,000,000+",Free,$0,Mature 17+,Health & Fitness,"August 22, 2024",1.1.6,4.4 and up
Pro Hero Phot 40,PHOTOGRAPHY,4.2,36537,34.7M,"1,000,000+",Free,$0,Teen,Photography,"May 27, 2024",1.7.0,8.0 and up
Pocket Plus Life 41,LIFESTYLE,5.0,2775,34.4M,"50,000+",Free,$0,Everyone,Lifestyle,"January 20, 2024",2.3.2,6.0 and up
Global Plus Heal 42,HEALTH_AND_FITNESS,4.2,425,28.1M,"10,000+",Free,$0,Everyone 10+,Health & Fitness,"January 25, 2024",2.4.1,7.0 and up
Global Flow Fami 43,FAMILY,4.0,367,10.5M,"5,000+",Free,$0,Everyone 10+,Entertainment,"March 4, 2024",3.9.1,7.0 and up
Daily Assistant Fami 44,FAMILY,,2815,2.5M,"50,000+",Free,$0,Teen,Entertainment,"January 14, 2024",3.7.2,6.0 and up
Global Portal Tool 45,TOOLS,3.9,3211245,27.5M,"50,000,000+",Free,$0,Everyone,Tools,"January 9, 2024",4.3.7,7.0 and up
Pocket Tracker Busi 46,BUSINESS,3.4,22300,17.3M,"500,000+",Free,$0,Everyone,Business,"August 23, 2024",3.8.0,7.0 and up
Quick 3D Prod 47,PRODUCTIVITY,4.1,384,22.5M,"10,000+",Free,$0,Teen,Productivity,"January 3, 2024",3.3.6,8.0 and up
NextGen Vault Prod 48,PRODUCTIVITY,4.0,179,44.9M,"5,000+",Free,$0,Everyone,Productivity,"October 15, 2024",3.4.4,4.4 and up
Quick Lite Game 49,GAME,4.4,18368831,29.8M,"1,000,000,000+",Free,$0,Teen,Card,"May 24, 2024",5.8.9,5.0 and up
Easy Plus Game 50,GAME,4.8,3526167,25.1M,"100,000,000+",Paid,$3.99,Everyone 10+,Arcade,"March 21, 2024",4.1.0,7.0 and up
Master Studio Medi 51,MEDICAL,4.9,33849,39.1M,"1,000,000+",Free,$0,Everyone,Medical,"July 16, 2024",1.9.0,4.4 and up
Super Plus Tool 52,TOOLS,4.3,914580,36.0M,"50,000,000+",Free,$0,Mature 17+,Tools,"July 15, 2024",4.4.9,6.0 and up
Global 3D Medi 53,MEDICAL,4.0,84,13.4M,"5,000+",Free,$0,Everyone,Medical,"March 18, 2024",1.2.0,6.0 and up
Easy Tracker Phot 54,PHOTOGRAPHY,4.0,2620,21.5M,"100,000+",Free,$0,Everyone,Photography,"October 19, 2024",2.6.1,7.0 and up
Easy Manager Prod 55,PRODUCTIVITY,2.8,149986,34.2M,"10,000,000+",Free,$0,Everyone,Productivity,"July 4, 2024",4.4.6,5.0 and up
Master Hub Life 56,LIFESTYLE,4.4,51,28.0M,"1,000+",Paid,$0.99,Everyone 10+,Lifestyle,"May 19, 2024",1.2.7,7.0 and up
Easy Manager Heal 57,HEALTH_AND_FITNESS,4.4,7,43.7M,100+,Free,$0,Teen,Health & Fitness,"May 11, 2024",1.2.5,6.0 and up
Easy Flow Pers 58,PERSONALIZATION,4.1,380,21.6M,"5,000+",Free,$0,Everyone,Personalization,"January 25, 2024",4.8.0,8.0 and up
Hyper Tracker Life 59,LIFESTYLE,3.7,1156,28.9M,"50,000+",Free,$0,Everyone,Lifestyle,"May 18, 2024",2.4.7,8.0 and up
Pro Flow Phot 60,PHOTOGRAPHY,4.9,5262101,714k,"100,000,000+",Paid,$2.99,Everyone,Photography,"July 4, 2024",2.7.4,7.0 and up
Hyper Studio Pers 61,PERSONALIZATION,4.2,3930856,18.5M,"50,000,000+",Free,$0,Mature 17+,Personalization,"October 5, 2024",1.4.6,5.0 and up
Pro Hero Life 62,LIFESTYLE,3.3,304,30.4M,"5,000+",Free,$0,Teen,Lifestyle,"August 16, 2024",3.5.8,7.0 and up
Pocket Plus Comm 63,COMMUNICATION,4.2,39327,38.8M,"500,000+",Free,$0,Everyone,Communication,"October 16, 2024",4.6.2,6.0 and up
Daily Vault Fami 64,FAMILY,4.0,1661,6.3M,"50,000+",Free,$0,Everyone,Education,"October 5, 2024",4.2.1,6.0 and up
Global 3D Medi 65,MEDICAL,,1,31.0M,50+,Free,$0,Everyone,Medical,"October 23, 2024",4.8.0,7.0 and up
NextGen Flow Game 66,GAME,4.1,37232,49.7M,"500,000+",Free,$0,Everyone 10+,Arcade,"October 28, 2024",1.7.2,8.0 and up
Pro Lite Medi 67,MEDICAL,4.3,6,8.3M,100+,Free,$0,Mature 17+,Medical,"October 26, 2024",2.2.2,4.1 and up
Global Flow Busi 68,BUSINESS,4.8,268,622k,"10,000+",Free,$0,Teen,Business,"May 22, 2024",1.7.4,8.0 and up
Super Studio Life 69,LIFESTYLE,4.6,76,43.4M,"1,000+",Free,$0,Teen,Lifestyle,"May 7, 2024",4.7.1,4.4 and up
Global Hero Comm 70,COMMUNICATION,4.9,3974422,30.3M,"50,000,000+",Free,$0,Mature 17+,Communication,"October 25, 2024",1.9.7,5.0 and up
Quick Flow Prod 71,PRODUCTIVITY,3.5,23309,35.0M,"1,000,000+",Free,$0,Everyone,Productivity,"October 4, 2024",1.4.7,4.1 and up
Fast Manager Busi 72,BUSINESS,3.7,815,9.6M,"50,000+",Free,$0,Mature 17+,Business,"May 17, 2024",5.4.2,5.0 and up
Fast Lite Phot 73,PHOTOGRAPHY,3.9,6,Varies with device,100+,Free,$0,Everyone,Photography,"October 24, 2024",4.8.5,4.1 and up
Easy Portal Comm 74,COMMUNICATION,3.4,186512,13.3M,"10,000,000+",Free,$0,Everyone 10+,Communication,"May 4, 2024",2.7.0,7.0 and up
Global Plus Life 75,LIFESTYLE,4.2,5533,32.1M,"100,000+",Free,$0,Everyone,Lifestyle,"March 2, 2024",1.4.7,4.1 and up
Daily Manager Game 76,GAME,3.7,3720,70.7M,"100,000+",Free,$0,Mature 17+,Arcade,"October 24, 2024",2.6.1,6.0 and up
Easy Tracker Busi 77,BUSINESS,5.0,583196,12.2M,"10,000,000+",Free,$0,Everyone 10+,Business,"May 18, 2024",3.0.6,5.0 and up
Master Hub Prod 78,PRODUCTIVITY,3.8,281,2.9M,"5,000+",Free,$0,Everyone,Productivity,"March 26, 2024",5.3.1,7.0 and up
Quick Lite Prod 79,PRODUCTIVITY,4.0,3210290,13.9M,"50,000,000+",Free,$0,Everyone,Productivity,"August 9, 2024",2.1.0,4.4 and up
Quick Vault Fami 80,FAMILY,4.6,163320,Varies with device,"5,000,000+",Free,$0,Mature 17+,Entertainment,"January 24, 2024",1.7.7,5.0 and up
Master Portal Life 81,LIFESTYLE,3.5,25508,41.1M,"1,000,000+",Free,$0,Everyone,Lifestyle,"July 21, 2024",1.0.7,6.0 and up
Master 3D Comm 82,COMMUNICATION,,736790,Varies with device,"10,000,000+",Free,$0,Everyone,Communication,"March 9, 2024",5.9.8,8.0 and up
Global Portal Fina 83,FINANCE,4.0,1532,36.1M,"50,000+",Free,$0,Everyone 10+,Finance,"October 25, 2024",5.3.6,6.0 and up
Pocket Studio Prod 84,PRODUCTIVITY,4.1,1895555,15.4M,"50,000,000+",Free,$0,Everyone,Productivity,"October 16, 2024",1.1.1,4.1 and up
Fast 3D Comm 85,COMMUNICATION,3.4,3608528,Varies with device,"100,000,000+",Free,$0,Mature 17+,Communication,"May 22, 2024",1.6.5,8.0 and up
Easy Vault Comm 86,COMMUNICATION,4.8,31871,8.7M,"1,000,000+",Free,$0,Everyone,Communication,"May 28, 2024",5.5.1,5.0 and up
Hyper Portal Busi 87,BUSINESS,4.5,39109,29.6M,"500,000+",Paid,$3.99,Everyone,Business,"March 9, 2024",3.5.5,4.1 and up
Global Flow Tool 88,TOOLS,4.8,38,3.3M,"1,000+",Free,$0,Everyone,Tools,"July 14, 2024",4.5.2,5.0 and up
Global Vault Medi 89,MEDICAL,,7,782k,500+,Paid,$9.99,Everyone 10+,Medical,"July 16, 2024",5.7.6,5.0 and up
Pocket Assistant Prod 90,PRODUCTIVITY,4.3,888114,24.7M,"50,000,000+",Free,$0,Everyone,Productivity,"July 20, 2024",1.0.3,5.0 and up
Easy Hero Prod 91,PRODUCTIVITY,,1,9.6M,10+,Free,$0,Everyone 10+,Productivity,"March 17, 2024",5.5.1,6.0 and up
Hyper Tracker Pers 92,PERSONALIZATION,,21,20.5M,500+,Free,$0,Everyone 10+,Personalization,"July 10, 2024",1.6.0,5.0 and up
Fast Lite Tool 93,TOOLS,3.8,8084,27.3M,"500,000+",Free,$0,Teen,Tools,"May 24, 2024",3.3.5,4.4 and up
NextGen Hub Game 94,GAME,3.6,2357116,43.1M,"50,000,000+",Free,$0,Everyone 10+,Racing,"March 8, 2024",1.2.4,4.4 and up
NextGen Hub Tool 95,TOOLS,4.5,112001,34.4M,"5,000,000+",Free,$0,Teen,Tools,"October 19, 2024",5.5.5,4.4 and up
Master Studio Phot 96,PHOTOGRAPHY,4.8,541,17.1M,"10,000+",Paid,$0.99,Everyone,Photography,"May 27, 2024",3.1.1,7.0 and up
Master Vault Busi 97,BUSINESS,3.8,4880,21.3M,"100,000+",Free,$0,Everyone 10+,Business,"March 11, 2024",5.7.8,4.4 and up
Super Lite Fami 98,FAMILY,,393834,3.7M,"5,000,000+",Free,$0,Teen,Puzzle,"August 17, 2024",5.2.5,5.0 and up
Hyper Lite Medi 99,MEDICAL,,5752,16.4M,"100,000+",Free,$0,Mature 17+,Medical,"October 13, 2024",3.4.9,4.4 and up
Global Flow Fina 100,FINANCE,4.1,994,32.0M,"50,000+",Free,$0,Mature 17+,Finance,"October 3, 2024",3.8.6,8.0 and up
NextGen 3D Fina 101,FINANCE,3.8,68,24.6M,"1,000+",Free,$0,Teen,Finance,"August 12, 2024",1.5.4,4.4 and up
Master Plus Prod 102,PRODUCTIVITY,4.1,258,Varies with device,"10,000+",Free,$0,Everyone,Productivity,"August 25, 2024",5.8.0,8.0 and up
Global Assistant Fina 103,FINANCE,4.4,103988,28.9M,"5,000,000+",Free,$0,Everyone 10+,Finance,"July 2, 2024",4.5.3,6.0 and up
Fast Studio Busi 104,BUSINESS,4.2,2638,35.7M,"100,000+",Free,$0,Everyone,Business,"May 22, 2024",5.7.7,5.0 and up
Smart Plus Comm 105,COMMUNICATION,4.9,660881,29.6M,"10,000,000+",Free,$0,Mature 17+,Communication,"January 23, 2024",5.1.4,4.1 and up
Master Portal Tool 106,TOOLS,4.5,10157,11.5M,"500,000+",Free,$0,Everyone,Tools,"January 14, 2024",1.6.8,5.0 and up
Super Lite Prod 107,PRODUCTIVITY,3.7,1285,Varies with device,"50,000+",Free,$0,Everyone,Productivity,"March 5, 2024",1.4.7,8.0 and up
Master Vault Tool 108,TOOLS,,1,37.9M,50+,Free,$0,Everyone 10+,Tools,"August 17, 2024",4.1.4,4.4 and up
Pro Plus Medi 109,MEDICAL,4.1,3938,6.8M,"100,000+",Free,$0,Mature 17+,Medical,"August 1, 2024",5.9.3,8.0 and up
Hyper Tracker Tool 110,TOOLS,4.6,5303667,30.6M,"100,000,000+",Free,$0,Everyone,Tools,"January 17, 2024",5.8.8,7.0 and up
Master Tracker Fami 111,FAMILY,3.9,2724847,2.7M,"50,000,000+",Free,$0,Everyone,Puzzle,"March 24, 2024",1.9.5,4.4 and up
Daily Lite Fami 112,FAMILY,4.6,334,22.0M,"5,000+",Free,$0,Everyone 10+,Entertainment,"March 26, 2024",2.1.7,4.1 and up
Pro Plus Medi 113,MEDICAL,3.7,360026,19.1M,"5,000,000+",Free,$0,Teen,Medical,"May 2, 2024",2.4.5,4.1 and up
Easy Hub Heal 114,HEALTH_AND_FITNESS,3.9,3297,20.9M,"50,000+",Free,$0,Everyone,Health & Fitness,"March 16, 2024",4.5.8,5.0 and up
Hyper Hub Game 115,GAME,4.5,40142500,38.5M,"1,000,000,000+",Free,$0,Everyone,Card,"October 10, 2024",3.7.9,8.0 and up
Fast Studio Comm 116,COMMUNICATION,,346,17.2M,"10,000+",Free,$0,Everyone,Communication,"October 26, 2024",1.1.6,5.0 and up
Pro Manager Life 117,LIFESTYLE,5.0,6940,7.4M,"100,000+",Free,$0,Everyone 10+,Lifestyle,"May 12, 2024",4.9.0,7.0 and up
Pocket Lite Tool 118,TOOLS,,4107575,525k,"100,000,000+",Free,$0,Everyone 10+,Tools,"May 8, 2024",1.0.2,6.0 and up
Daily Hub Life 119,LIFESTYLE,4.7,2,44.8M,100+,Free,$0,Teen,Lifestyle,"March 4, 2024",2.1.7,4.4 and up
Super Flow Pers 120,PERSONALIZATION,4.2,38864,32.5M,"500,000+",Free,$0,Everyone,Personalization,"May 28, 2024",2.2.5,7.0 and up
Quick Manager Prod 121,PRODUCTIVITY,3.7,132857,26.6M,"5,000,000+",Free,$0,Mature 17+,Productivity,"March 20, 2024",1.1.4,6.0 and up
Daily Assistant Pers 122,PERSONALIZATION,4.9,63,Varies with device,"1,000+",Free,$0,Everyone 10+,Personalization,"January 15, 2024",4.8.5,4.4 and up
Smart Assistant Life 123,LIFESTYLE,4.3,45200,24.3M,"1,000,000+",Free,$0,Everyone,Lifestyle,"May 23, 2024",2.5.8,5.0 and up
Quick Flow Game 124,GAME,4.3,7694461,64.2M,"100,000,000+",Free,$0,Everyone 10+,Strategy,"March 19, 2024",5.2.2,8.0 and up
Global Tracker Busi 125,BUSINESS,,3388,Varies with device,"50,000+",Free,$0,Mature 17+,Business,"May 21, 2024",2.9.6,7.0 and up
Master Flow Heal 126,HEALTH_AND_FITNESS,4.5,2409,12.5M,"50,000+",Free,$0,Teen,Health & Fitness,"May 15, 2024",1.0.2,6.0 and up
Master Plus Comm 127,COMMUNICATION,4.8,1690673,15.7M,"50,000,000+",Free,$0,Everyone,Communication,"July 5, 2024",3.8.8,4.1 and up
Master Hub Fina 128,FINANCE,4.0,28723,Varies with device,"1,000,000+",Free,$0,Teen,Finance,"August 14, 2024",2.2.5,7.0 and up
Quick Manager Pers 129,PERSONALIZATION,4.6,224,15.3M,"5,000+",Paid,$14.99,Teen,Personalization,"March 7, 2024",5.5.0,4.1 and up
Global Flow Medi 130,MEDICAL,3.9,2,Varies with device,50+,Free,$0,Everyone,Medical,"May 24, 2024",3.6.5,4.1 and up
Global Portal Comm 131,COMMUNICATION,4.2,236258,Varies with device,"10,000,000+",Free,$0,Mature 17+,Communication,"May 27, 2024",5.9.1,4.4 and up
Pocket Lite Game 132,GAME,4.5,490482,766k,"10,000,000+",Free,$0,Mature 17+,Role Playing,"January 2, 2024",1.2.5,6.0 and up
Smart Vault Life 133,LIFESTYLE,3.3,1,15.7M,10+,Free,$0,Mature 17+,Lifestyle,"October 27, 2024",3.9.5,7.0 and up
Fast Vault Life 134,LIFESTYLE,3.9,1,31.0M,10+,Free,$0,Mature 17+,Lifestyle,"May 26, 2024",1.9.7,5.0 and up
Fast Tracker Heal 135,HEALTH_AND_FITNESS,4.7,5,28.6M,100+,Free,$0,Everyone,Health & Fitness,"October 8, 2024",1.9.1,4.4 and up
Pocket Assistant Fami 136,FAMILY,3.8,1030,35.3M,"50,000+",Free,$0,Everyone 10+,Puzzle,"October 2, 2024",2.8.3,7.0 and up
Daily Assistant Fina 137,FINANCE,4.5,3196,16.7M,"100,000+",Free,$0,Everyone 10+,Finance,"October 21, 2024",3.9.7,4.4 and up
Daily Hero Prod 138,PRODUCTIVITY,4.2,25,14.4M,"1,000+",Free,$0,Everyone 10+,Productivity,"July 11, 2024",4.5.8,8.0 and up
Super Vault Medi 139,MEDICAL,3.8,2868,37.2M,"50,000+",Free,$0,Everyone,Medical,"May 2, 2024",3.1.5,6.0 and up
Fast Studio Heal 140,HEALTH_AND_FITNESS,3.1,2497,26.2M,"100,000+",Free,$0,Everyone,Health & Fitness,"August 24, 2024",5.3.3,4.1 and up
NextGen Plus Heal 141,HEALTH_AND_FITNESS,4.3,13674,6.3M,"1,000,000+",Free,$0,Everyone,Health & Fitness,"August 6, 2024",4.7.7,8.0 and up
Pocket Hero Prod 142,PRODUCTIVITY,3.8,2760,Varies with device,"50,000+",Free,$0,Mature 17+,Productivity,"October 24, 2024",1.2.6,4.4 and up
Master Manager Fami 143,FAMILY,4.1,1,39.7M,10+,Paid,$1.49,Everyone,Puzzle,"May 15, 2024",5.8.7,4.4 and up
Easy Plus Life 144,LIFESTYLE,4.4,3330848,29.9M,"50,000,000+",Free,$0,Everyone,Lifestyle,"October 11, 2024",3.9.3,4.4 and up
Hyper Portal Busi 145,BUSINESS,4.6,329,Varies with device,"10,000+",Free,$0,Teen,Business,"May 8, 2024",1.4.6,4.4 and up
Pocket Hero Phot 146,PHOTOGRAPHY,3.9,253,17.5M,"5,000+",Free,$0,Everyone 10+,Photography,"January 15, 2024",3.2.6,8.0 and up
Fast Hub Life 147,LIFESTYLE,3.8,2735,11.5M,"50,000+",Free,$0,Teen,Lifestyle,"March 15, 2024",5.5.6,8.0 and up
Daily Flow Life 148,LIFESTYLE,3.5,33896,27.6M,"500,000+",Free,$0,Mature 17+,Lifestyle,"July 17, 2024",3.1.9,4.1 and up
Global Portal Fami 149,FAMILY,4.7,204896,7.0M,"10,000,000+",Free,$0,Mature 17+,Education,"July 3, 2024",5.7.0,6.0 and up
Master Vault Tool 150,TOOLS,5.0,70207,33.1M,"5,000,000+",Free,$0,Everyone,Tools,"October 7, 2024",5.1.0,6.0 and up
Daily Tracker Fina 151,FINANCE,,754,3.4M,"10,000+",Free,$0,Everyone,Finance,"October 24, 2024",4.5.6,6.0 and up
Super Flow Comm 152,COMMUNICATION,4.7,38745,506k,"500,000+",Free,$0,Mature 17+,Communication,"July 17, 2024",2.3.0,4.1 and up
NextGen 3D Medi 153,MEDICAL,4.1,240,12.6M,"5,000+",Free,$0,Everyone,Medical,"March 24, 2024",1.0.6,7.0 and up
Quick Hub Fami 154,FAMILY,,1,32.2M,50+,Paid,$7.99,Teen,Education,"March 18, 2024",2.0.2,7.0 and up
Fast Vault Medi 155,MEDICAL,5.0,323,15.8M,"10,000+",Free,$0,Everyone,Medical,"October 17, 2024",2.6.4,5.0 and up
NextGen Flow Fami 156,FAMILY,4.0,399,42.5M,"10,000+",Free,$0,Mature 17+,Education,"May 23, 2024",4.6.2,5.0 and up
Daily Studio Comm 157,COMMUNICATION,3.5,134338,8.2M,"5,000,000+",Free,$0,Everyone,Communication,"August 14, 2024",4.8.8,4.4 and up
Easy Plus Comm 158,COMMUNICATION,,1655920,18.0M,"50,000,000+",Free,$0,Everyone,Communication,"January 9, 2024",4.9.9,4.1 and up
Global 3D Game 159,GAME,4.1,2850076,87.6M,"50,000,000+",Free,$0,Everyone,Arcade,"March 7, 2024",1.7.3,8.0 and up
Hyper Plus Busi 160,BUSINESS,3.9,4864,24.9M,"100,000+",Free,$0,Everyone,Business,"May 17, 2024",4.7.1,8.0 and up
Quick Lite Phot 161,PHOTOGRAPHY,,15952,33.9M,"500,000+",Paid,$7.99,Everyone,Photography,"March 7, 2024",3.3.6,7.0 and up
Daily Flow Prod 162,PRODUCTIVITY,3.7,760425,23.0M,"10,000,000+",Free,$0,Everyone 10+,Productivity,"July 15, 2024",2.5.2,4.4 and up
Smart Portal Pers 163,PERSONALIZATION,4.4,3,38.1M,50+,Paid,$0.99,Everyone,Personalization,"July 5, 2024",2.1.2,4.1 and up
Pocket Tracker Prod 164,PRODUCTIVITY,4.2,53248,22.8M,"1,000,000+",Free,$0,Everyone,Productivity,"August 18, 2024",4.0.0,7.0 and up
Daily Hero Pers 165,PERSONALIZATION,4.0,111999,36.7M,"10,000,000+",Free,$0,Everyone,Personalization,"January 17, 2024",2.3.3,7.0 and up
Pocket Hero Life 166,LIFESTYLE,,3282,21.7M,"50,000+",Free,$0,Everyone 10+,Lifestyle,"March 10, 2024",1.0.1,6.0 and up
Daily Studio Comm 167,COMMUNICATION,,69640,661k,"5,000,000+",Free,$0,Everyone 10+,Communication,"May 19, 2024",1.8.0,4.4 and up
Easy Tracker Prod 168,PRODUCTIVITY,5.0,74691,25.4M,"1,000,000+",Free,$0,Everyone,Productivity,"May 1, 2024",2.9.2,8.0 and up
Easy Manager Comm 169,COMMUNICATION,3.2,49477073,31.1M,"1,000,000,000+",Free,$0,Teen,Communication,"October 5, 2024",1.8.5,4.1 and up
Quick Hub Game 170,GAME,4.3,169207,46.7M,"5,000,000+",Free,$0,Everyone,Role Playing,"October 9, 2024",4.7.3,5.0 and up
Hyper Manager Life 171,LIFESTYLE,3.9,2,Varies with device,50+,Free,$0,Everyone,Lifestyle,"October 3, 2024",1.4.2,6.0 and up
Fast Assistant Pers 172,PERSONALIZATION,3.9,160,Varies with device,"5,000+",Free,$0,Everyone,Personalization,"May 4, 2024",2.1.2,6.0 and up
Super Tracker Phot 173,PHOTOGRAPHY,4.6,16,35.7M,"1,000+",Free,$0,Everyone,Photography,"May 14, 2024",4.1.8,4.4 and up
NextGen Assistant Busi 174,BUSINESS,4.6,10932,8.3M,"500,000+",Free,$0,Everyone,Business,"July 10, 2024",4.1.5,5.0 and up
Global Vault Prod 175,PRODUCTIVITY,4.3,118441,42.8M,"5,000,000+",Free,$0,Mature 17+,Productivity,"July 26, 2024",3.7.5,6.0 and up
Easy Lite Heal 176,HEALTH_AND_FITNESS,3.7,52224,9.6M,"1,000,000+",Free,$0,Everyone,Health & Fitness,"May 24, 2024",4.9.3,5.0 and up
Hyper Lite Comm 177,COMMUNICATION,3.9,898607,25.5M,"50,000,000+",Free,$0,Mature 17+,Communication,"January 24, 2024",4.3.7,5.0 and up
Hyper Flow Pers 178,PERSONALIZATION,4.2,44951,30.3M,"1,000,000+",Free,$0,Teen,Personalization,"January 15, 2024",5.7.9,6.0 and up
Daily Tracker Life 179,LIFESTYLE,4.2,326,25.1M,"5,000+",Free,$0,Everyone,Lifestyle,"January 25, 2024",2.5.2,8.0 and up
Global Flow Busi 180,BUSINESS,4.5,57423,43.5M,"1,000,000+",Free,$0,Everyone,Business,"January 9, 2024",2.8.8,7.0 and up
Master Lite Busi 181,BUSINESS,4.1,186896,23.5M,"5,000,000+",Free,$0,Everyone,Business,"July 4, 2024",3.6.1,4.1 and up
Pocket Hero Pers 182,PERSONALIZATION,4.6,340,17.0M,"10,000+",Free,$0,Everyone 10+,Personalization,"October 15, 2024",3.1.4,4.1 and up
Pro Lite Pers 183,PERSONALIZATION,4.6,5,908k,100+,Free,$0,Everyone,Personalization,"August 6, 2024",3.8.6,6.0 and up
NextGen Manager Prod 184,PRODUCTIVITY,4.9,1152354,33.7M,"50,000,000+",Free,$0,Teen,Productivity,"August 14, 2024",4.0.3,4.4 and up
Global Hub Medi 185,MEDICAL,4.2,329,10.5M,"5,000+",Free,$0,Everyone 10+,Medical,"July 17, 2024",3.9.6,7.0 and up
Pocket Lite Comm 186,COMMUNICATION,4.3,6918624,32.4M,"100,000,000+",Free,$0,Mature 17+,Communication,"August 3, 2024",2.5.1,4.4 and up
Smart Lite Medi 187,MEDICAL,4.1,585405,7.9M,"10,000,000+",Free,$0,Everyone,Medical,"July 21, 2024",5.2.8,4.4 and up
Smart Manager Phot 188,PHOTOGRAPHY,3.8,32020,Varies with device,"1,000,000+",Free,$0,Everyone,Photography,"July 5, 2024",2.6.8,7.0 and up
Hyper Flow Heal 189,HEALTH_AND_FITNESS,5.0,44,9.2M,"1,000+",Free,$0,Everyone,Health & Fitness,"May 2, 2024",3.3.8,5.0 and up
Global 3D Tool 190,TOOLS,4.8,6407,26.6M,"100,000+",Free,$0,Mature 17+,Tools,"May 18, 2024",1.7.8,4.4 and up
Fast Flow Comm 191,COMMUNICATION,4.6,6259418,21.3M,"100,000,000+",Free,$0,Everyone,Communication,"July 28, 2024",1.3.3,8.0 and up
Fast Vault Busi 192,BUSINESS,4.2,54293,361k,"1,000,000+",Free,$0,Everyone,Business,"August 12, 2024",5.4.9,7.0 and up
Fast Hero Tool 193,TOOLS,3.7,3,44.4M,100+,Free,$0,Everyone,Tools,"March 25, 2024",4.0.4,8.0 and up
Quick Manager Tool 194,TOOLS,4.7,59797,31.1M,"1,000,000+",Free,$0,Mature 17+,Tools,"October 9, 2024",4.6.7,4.1 and up
Hyper Portal Heal 195,HEALTH_AND_FITNESS,4.1,312,21.6M,"5,000+",Free,$0,Mature 17+,Health & Fitness,"January 28, 2024",1.7.5,4.1 and up
Quick Assistant Life 196,LIFESTYLE,4.4,6,14.2M,100+,Free,$0,Everyone,Lifestyle,"August 28, 2024",4.5.0,4.1 and up
Master Tracker Game 197,GAME,3.9,934830,15.1M,"50,000,000+",Free,$0,Everyone,Card,"October 5, 2024",3.2.4,4.1 and up
Easy Hub Heal 198,HEALTH_AND_FITNESS,4.3,3,555k,100+,Free,$0,Everyone 10+,Health & Fitness,"October 25, 2024",2.6.1,8.0 and up
Quick Studio Game 199,GAME,3.9,77,50.6M,"5,000+",Paid,$1.49,Teen,Action,"October 5, 2024",4.1.3,6.0 and up
Super Hub Game 200,GAME,3.9,3193460,942k,"100,000,000+",Free,$0,Everyone,Card,"October 22, 2024",2.1.8,7.0 and up
Master Lite Fami 201,FAMILY,4.3,3,571k,50+,Free,$0,Teen,Education,"March 3, 2024",1.2.1,7.0 and up
Pocket Assistant Pers 202,PERSONALIZATION,3.4,1600762,5.6M,"50,000,000+",Free,$0,Mature 17+,Personalization,"October 20, 2024",3.0.4,4.4 and up
Fast Assistant Life 203,LIFESTYLE,,30687,43.1M,"1,000,000+",Free,$0,Everyone,Lifestyle,"March 16, 2024",5.1.8,4.1 and up
Smart Assistant Fina 204,FINANCE,3.4,702569,31.4M,"10,000,000+",Free,$0,Everyone,Finance,"January 19, 2024",1.0.4,4.4 and up
Hyper Portal Fami 205,FAMILY,3.8,1502707,20.2M,"50,000,000+",Free,$0,Everyone 10+,Casual,"August 18, 2024",5.2.4,4.1 and up
Daily Plus Medi 206,MEDICAL,4.9,3,27.2M,50+,Free,$0,Everyone 10+,Medical,"October 21, 2024",1.4.6,8.0 and up
Quick Hub Prod 207,PRODUCTIVITY,3.1,373619,4.4M,"5,000,000+",Free,$0,Everyone 10+,Productivity,"October 6, 2024",1.0.2,8.0 and up
Master Lite Fami 208,FAMILY,5.0,233051,9.2M,"5,000,000+",Free,$0,Everyone,Education,"October 4, 2024",1.5.6,5.0 and up
Easy 3D Life 209,LIFESTYLE,4.0,7,24.0M,100+,Paid,$1.99,Everyone,Lifestyle,"March 9, 2024",1.9.1,4.4 and up
Pro Tracker Pers 210,PERSONALIZATION,4.2,271,8.5M,"10,000+",Free,$0,Everyone,Personalization,"August 26, 2024",4.3.5,4.4 and up
Easy Hub Comm 211,COMMUNICATION,4.8,50,4.3M,"1,000+",Free,$0,Mature 17+,Communication,"January 13, 2024",1.7.4,5.0 and up
Daily Studio Fina 212,FINANCE,4.6,527,15.1M,"50,000+",Free,$0,Teen,Finance,"May 19, 2024",4.3.8,4.4 and up
Hyper Tracker Tool 213,TOOLS,3.4,2630984,39.7M,"100,000,000+",Free,$0,Everyone,Tools,"October 13, 2024",3.1.3,7.0 and up
Master Tracker Prod 214,PRODUCTIVITY,3.7,3903957,3.9M,"50,000,000+",Free,$0,Mature 17+,Productivity,"July 23, 2024",3.7.1,7.0 and up
Smart Flow Game 215,GAME,,6739,49.8M,"100,000+",Free,$0,Everyone,Racing,"May 9, 2024",3.6.5,5.0 and up
Quick Hub Phot 216,PHOTOGRAPHY,4.3,7604882,6.7M,"100,000,000+",Free,$0,Teen,Photography,"July 11, 2024",4.1.8,5.0 and up
Easy Studio Prod 217,PRODUCTIVITY,4.2,14,852k,500+,Free,$0,Everyone 10+,Productivity,"October 20, 2024",1.3.5,4.4 and up
Quick Lite Game 218,GAME,,377371,80.6M,"10,000,000+",Free,$0,Teen,Card,"July 18, 2024",5.3.1,6.0 and up
Super Tracker Game 219,GAME,5.0,14316842,30.9M,"1,000,000,000+",Free,$0,Everyone 10+,Arcade,"October 21, 2024",1.9.9,5.0 and up
Super Plus Game 220,GAME,4.4,3658736,489k,"50,000,000+",Free,$0,Teen,Action,"January 6, 2024",5.6.6,6.0 and up
NextGen Assistant Fami 221,FAMILY,4.8,220,14.0M,"10,000+",Free,$0,Everyone,Puzzle,"August 20, 2024",5.3.4,6.0 and up
Pro Hub Comm 222,COMMUNICATION,5.0,2958431,40.0M,"100,000,000+",Free,$0,Everyone 10+,Communication,"August 26, 2024",1.6.5,6.0 and up
Pocket Vault Life 223,LIFESTYLE,4.1,1,476k,10+,Free,$0,Everyone,Lifestyle,"May 2, 2024",4.8.5,7.0 and up
Super Plus Prod 224,PRODUCTIVITY,4.7,55980,41.4M,"1,000,000+",Paid,$2.99,Mature 17+,Productivity,"July 12, 2024",2.2.3,7.0 and up
Global Tracker Fina 225,FINANCE,4.1,59,8.1M,"1,000+",Free,$0,Teen,Finance,"August 10, 2024",2.7.0,4.1 and up
Global Plus Fami 226,FAMILY,3.5,56,28.4M,"5,000+",Free,$0,Everyone,Education,"October 6, 2024",3.0.0,4.4 and up
Super Portal Busi 227,BUSINESS,3.2,3512,42.5M,"50,000+",Free,$0,Everyone,Business,"May 10, 2024",3.2.2,8.0 and up
NextGen Lite Comm 228,COMMUNICATION,4.4,2219418,41.9M,"100,000,000+",Free,$0,Everyone,Communication,"October 19, 2024",2.6.4,8.0 and up
Smart Manager Pers 229,PERSONALIZATION,4.6,30509,18.8M,"500,000+",Free,$0,Mature 17+,Personalization,"January 6, 2024",5.5.9,4.4 and up
Master Manager Heal 230,HEALTH_AND_FITNESS,,331,15.7M,"10,000+",Free,$0,Everyone,Health & Fitness,"October 22, 2024",3.7.0,5.0 and up
Fast Hub Prod 231,PRODUCTIVITY,4.9,1726684,4.1M,"50,000,000+",Free,$0,Teen,Productivity,"March 14, 2024",4.6.5,7.0 and up
Master Vault Comm 232,COMMUNICATION,4.8,5556786,225k,"100,000,000+",Free,$0,Everyone,Communication,"May 1, 2024",3.4.1,4.1 and up
Hyper Manager Fina 233,FINANCE,3.9,3061947,6.0M,"50,000,000+",Free,$0,Mature 17+,Finance,"July 23, 2024",1.6.2,7.0 and up
Pro Hub Comm 234,COMMUNICATION,3.3,1658,25.8M,"50,000+",Free,$0,Mature 17+,Communication,"May 22, 2024",3.4.3,4.1 and up
Global Portal Fami 235,FAMILY,4.9,3439490,20.4M,"50,000,000+",Free,$0,Everyone 10+,Puzzle,"October 20, 2024",4.3.1,4.1 and up
NextGen Hero Prod 236,PRODUCTIVITY,4.1,783940,Varies with device,"10,000,000+",Free,$0,Teen,Productivity,"July 22, 2024",3.1.8,6.0 and up
Hyper Lite Tool 237,TOOLS,,2306,13.3M,"100,000+",Free,$0,Mature 17+,Tools,"January 5, 2024",1.1.5,7.0 and up
Daily Tracker Comm 238,COMMUNICATION,4.8,34427,25.0M,"500,000+",Free,$0,Teen,Communication,"August 8, 2024",4.4.1,6.0 and up
Daily Vault Pers 239,PERSONALIZATION,4.3,3,28.7M,50+,Free,$0,Teen,Personalization,"March 6, 2024",2.3.2,4.1 and up
NextGen Assistant Comm 240,COMMUNICATION,4.3,24134349,759k,"1,000,000,000+",Free,$0,Everyone 10+,Communication,"January 3, 2024",4.8.6,7.0 and up
Daily Studio Fina 241,FINANCE,,7420133,27.3M,"100,000,000+",Free,$0,Everyone,Finance,"July 5, 2024",2.9.9,7.0 and up
Global Hub Game 242,GAME,3.9,650021,85.2M,"10,000,000+",Free,$0,Everyone 10+,Action,"July 19, 2024",5.7.0,4.4 and up
Smart Vault Medi 243,MEDICAL,4.5,526,Varies with device,"10,000+",Free,$0,Everyone,Medical,"October 8, 2024",1.7.4,5.0 and up
Easy Hero Fami 244,FAMILY,4.2,2,6.2M,100+,Free,$0,Everyone,Entertainment,"May 24, 2024",4.5.4,8.0 and up
Quick Studio Comm 245,COMMUNICATION,4.4,12398,34.7M,"500,000+",Free,$0,Everyone,Communication,"August 26, 2024",2.1.4,8.0 and up
Smart Portal Life 246,LIFESTYLE,,7155,37.8M,"100,000+",Free,$0,Everyone,Lifestyle,"January 15, 2024",1.5.3,5.0 and up
Daily Assistant Fina 247,FINANCE,3.7,5447,Varies with device,"100,000+",Free,$0,Mature 17+,Finance,"July 6, 2024",4.9.8,5.0 and up
Easy 3D Fina 248,FINANCE,,6816,Varies with device,"100,000+",Paid,$2.99,Everyone,Finance,"October 8, 2024",2.4.6,7.0 and up
Master Manager Fami 249,FAMILY,4.0,2765,Varies with device,"50,000+",Free,$0,Everyone,Casual,"October 23, 2024",3.6.6,5.0 and up
Quick Studio Phot 250,PHOTOGRAPHY,4.8,155750,27.1M,"5,000,000+",Paid,$4.99,Mature 17+,Photography,"October 20, 2024",5.4.4,8.0 and up
Super Lite Game 251,GAME,4.2,791852,35.9M,"10,000,000+",Free,$0,Everyone 10+,Role Playing,"May 7, 2024",2.8.3,4.1 and up
NextGen Lite Busi 252,BUSINESS,4.1,2882,44.9M,"50,000+",Free,$0,Teen,Business,"July 13, 2024",1.9.9,4.4 and up
NextGen Portal Fina 253,FINANCE,4.7,5,17.4M,100+,Free,$0,Everyone,Finance,"October 18, 2024",2.4.1,6.0 and up
Fast Portal Tool 254,TOOLS,4.5,3,16.4M,50+,Free,$0,Everyone,Tools,"March 24, 2024",3.6.5,5.0 and up
Master Hub Medi 255,MEDICAL,4.9,21468,42.6M,"500,000+",Paid,$14.99,Everyone,Medical,"October 13, 2024",5.4.6,4.1 and up
Quick Lite Tool 256,TOOLS,4.7,386,21.7M,"10,000+",Free,$0,Everyone 10+,Tools,"March 25, 2024",1.7.5,8.0 and up
NextGen Tracker Tool 257,TOOLS,3.3,1032,9.3M,"100,000+",Free,$0,Teen,Tools,"January 5, 2024",5.6.6,6.0 and up
Hyper Tracker Comm 258,COMMUNICATION,4.0,63203,2.6M,"5,000,000+",Free,$0,Mature 17+,Communication,"March 1, 2024",1.3.3,8.0 and up
Smart Hub Fina 259,FINANCE,4.6,1842,196k,"50,000+",Free,$0,Everyone,Finance,"July 24, 2024",5.9.8,5.0 and up
Pocket Studio Comm 260,COMMUNICATION,5.0,3514756,41.5M,"100,000,000+",Free,$0,Everyone,Communication,"March 24, 2024",2.3.0,7.0 and up
Super Lite Life 261,LIFESTYLE,3.5,298888,29.5M,"5,000,000+",Free,$0,Mature 17+,Lifestyle,"January 20, 2024",1.1.0,4.1 and up
Hyper Studio Pers 262,PERSONALIZATION,3.3,366177,8.6M,"10,000,000+",Free,$0,Everyone 10+,Personalization,"January 10, 2024",4.1.8,5.0 and up
Hyper Hub Busi 263,BUSINESS,4.2,458,35.7M,"10,000+",Free,$0,Mature 17+,Business,"March 25, 2024",3.8.3,5.0 and up
Easy Manager Pers 264,PERSONALIZATION,3.1,637919,42.1M,"50,000,000+",Free,$0,Everyone,Personalization,"January 22, 2024",1.1.9,8.0 and up
Super Portal Phot 265,PHOTOGRAPHY,4.1,15253,29.7M,"1,000,000+",Free,$0,Everyone,Photography,"May 15, 2024",1.1.2,4.1 and up
NextGen Lite Medi 266,MEDICAL,4.4,39,40.3M,"1,000+",Paid,$1.99,Everyone,Medical,"May 15, 2024",5.4.1,5.0 and up
Super Assistant Fina 267,FINANCE,3.7,19,31.7M,500+,Free,$0,Teen,Finance,"October 26, 2024",2.1.2,8.0 and up
Smart Hub Pers 268,PERSONALIZATION,4.1,195,31.2M,"5,000+",Free,$0,Teen,Personalization,"May 20, 2024",1.2.7,6.0 and up
Master Tracker Game 269,GAME,4.7,721676,Varies with device,"50,000,000+",Free,$0,Mature 17+,Role Playing,"October 19, 2024",5.3.5,7.0 and up
Hyper Flow Life 270,LIFESTYLE,3.9,30,29.6M,500+,Free,$0,Mature 17+,Lifestyle,"August 2, 2024",1.2.8,6.0 and up
Super Studio Phot 271,PHOTOGRAPHY,3.8,162,23.8M,"5,000+",Free,$0,Teen,Photography,"July 27, 2024",2.1.7,6.0 and up
Super Studio Busi 272,BUSINESS,4.1,2,30.1M,50+,Free,$0,Teen,Business,"January 18, 2024",5.0.1,7.0 and up
Daily Portal Busi 273,BUSINESS,3.6,24,17.6M,"1,000+",Paid,$9.99,Everyone,Business,"August 25, 2024",5.9.7,8.0 and up
Fast Studio Heal 274,HEALTH_AND_FITNESS,5.0,89,16.7M,"5,000+",Free,$0,Everyone,Health & Fitness,"August 17, 2024",3.1.0,4.4 and up
Fast 3D Phot 275,PHOTOGRAPHY,4.2,6,10.1M,100+,Free,$0,Teen,Photography,"March 15, 2024",2.5.1,6.0 and up
Master Studio Fami 276,FAMILY,3.8,56091,660k,"1,000,000+",Paid,$14.99,Teen,Casual,"August 16, 2024",5.2.9,4.4 and up
Super Assistant Pers 277,PERSONALIZATION,4.3,280132,39.9M,"5,000,000+",Free,$0,Mature 17+,Personalization,"October 25, 2024",2.4.6,5.0 and up
Smart Manager Medi 278,MEDICAL,4.1,388921,14.9M,"10,000,000+",Free,$0,Everyone,Medical,"October 24, 2024",5.3.3,4.4 and up
NextGen Lite Busi 279,BUSINESS,4.1,74483,43.9M,"1,000,000+",Free,$0,Mature 17+,Business,"October 21, 2024",3.1.5,7.0 and up
NextGen 3D Phot 280,PHOTOGRAPHY,3.9,362853,20.2M,"5,000,000+",Paid,$7.99,Everyone,Photography,"January 22, 2024",1.3.4,4.4 and up
Smart Tracker Medi 281,MEDICAL,3.9,291,3.4M,"5,000+",Free,$0,Everyone,Medical,"August 28, 2024",5.3.8,6.0 and up
Fast Flow Prod 282,PRODUCTIVITY,3.4,6644,35.9M,"500,000+",Free,$0,Mature 17+,Productivity,"January 1, 2024",3.3.9,6.0 and up
Global Portal Prod 283,PRODUCTIVITY,4.9,30845,10.3M,"500,000+",Free,$0,Everyone 10+,Productivity,"January 6, 2024",2.8.1,6.0 and up
Easy Portal Fami 284,FAMILY,4.5,14248,2.2M,"500,000+",Free,$0,Everyone,Puzzle,"January 5, 2024",3.9.0,8.0 and up
Master Vault Busi 285,BUSINESS,,2425,24.6M,"50,000+",Free,$0,Mature 17+,Business,"January 26, 2024",5.2.6,7.0 and up
Super Lite Life 286,LIFESTYLE,4.3,1274,17.5M,"50,000+",Free,$0,Mature 17+,Lifestyle,"August 16, 2024",5.0.1,8.0 and up
Quick Flow Fina 287,FINANCE,5.0,5,31.3M,100+,Free,$0,Everyone,Finance,"July 9, 2024",5.4.0,7.0 and up
Master Tracker Fina 288,FINANCE,2.9,30,5.5M,"1,000+",Free,$0,Mature 17+,Finance,"August 1, 2024",1.3.3,8.0 and up
Quick Portal Comm 289,COMMUNICATION,4.1,34006,20.7M,"500,000+",Free,$0,Everyone,Communication,"October 22, 2024",2.0.7,8.0 and up
Super Hub Fina 290,FINANCE,4.2,68,26.7M,"5,000+",Free,$0,Everyone,Finance,"July 13, 2024",4.6.6,5.0 and up
NextGen Hub Fami 291,FAMILY,3.8,47,34.5M,"1,000+",Free,$0,Everyone 10+,Puzzle,"January 12, 2024",5.1.4,8.0 and up
Easy Studio Medi 292,MEDICAL,4.0,183494,Varies with device,"5,000,000+",Free,$0,Everyone,Medical,"March 24, 2024",4.8.4,8.0 and up
NextGen 3D Tool 293,TOOLS,4.7,55355,Varies with device,"1,000,000+",Free,$0,Everyone,Tools,"January 2, 2024",1.9.9,6.0 and up
Easy Plus Life 294,LIFESTYLE,4.5,623,19.7M,"10,000+",Free,$0,Mature 17+,Lifestyle,"March 6, 2024",2.3.9,5.0 and up
Smart Flow Prod 295,PRODUCTIVITY,5.0,65,42.1M,"1,000+",Free,$0,Teen,Productivity,"October 18, 2024",1.4.1,5.0 and up
Fast Vault Game 296,GAME,4.7,2205166,821k,"50,000,000+",Free,$0,Everyone,Arcade,"August 3, 2024",2.5.7,6.0 and up
Fast Vault Fina 297,FINANCE,4.0,206,43.2M,"10,000+",Free,$0,Everyone,Finance,"March 26, 2024",2.6.4,5.0 and up
Master Studio Tool 298,TOOLS,3.8,4117,6.7M,"100,000+",Free,$0,Everyone,Tools,"May 28, 2024",2.8.3,5.0 and up
Fast Hub Pers 299,PERSONALIZATION,3.2,7244,36.9M,"100,000+",Free,$0,Mature 17+,Personalization,"March 2, 2024",5.4.8,7.0 and up
Pocket Assistant Phot 300,PHOTOGRAPHY,4.7,2563146,14.5M,"100,000,000+",Free,$0,Mature 17+,Photography,"January 13, 2024",3.8.0,8.0 and up
Daily Manager Prod 301,PRODUCTIVITY,4.0,41235,30.4M,"1,000,000+",Free,$0,Everyone 10+,Productivity,"October 16, 2024",3.0.3,6.0 and up
Easy Lite Prod 302,PRODUCTIVITY,4.1,131,36.0M,"5,000+",Free,$0,Teen,Productivity,"January 2, 2024",3.1.8,8.0 and up
Global Portal Medi 303,MEDICAL,4.0,49,27.3M,"1,000+",Free,$0,Everyone,Medical,"August 9, 2024",4.3.8,6.0 and up
Master Studio Fina 304,FINANCE,,72,20.9M,"1,000+",Free,$0,Mature 17+,Finance,"October 9, 2024",2.2.2,4.4 and up
NextGen Plus Fina 305,FINANCE,4.0,19,Varies with device,500+,Free,$0,Teen,Finance,"March 19, 2024",2.6.0,4.4 and up
Global Vault Fami 306,FAMILY,4.2,106395,Varies with device,"5,000,000+",Free,$0,Everyone,Education,"March 9, 2024",2.8.6,7.0 and up
Fast 3D Busi 307,BUSINESS,3.7,563,Varies with device,"10,000+",Free,$0,Teen,Business,"July 6, 2024",2.6.9,4.4 and up
Global Flow Busi 308,BUSINESS,4.1,2287817,41.7M,"50,000,000+",Free,$0,Everyone,Business,"March 13, 2024",4.2.1,4.1 and up
Smart Vault Prod 309,PRODUCTIVITY,3.7,1674090,3.7M,"100,000,000+",Free,$0,Mature 17+,Productivity,"January 3, 2024",4.2.9,7.0 and up
Daily Assistant Fami 310,FAMILY,,179632,11.9M,"5,000,000+",Free,$0,Teen,Puzzle,"May 19, 2024",5.1.6,4.4 and up
Quick Hub Medi 311,MEDICAL,3.8,29828,10.1M,"1,000,000+",Free,$0,Everyone,Medical,"August 17, 2024",1.8.0,6.0 and up
Fast Lite Heal 312,HEALTH_AND_FITNESS,3.9,3861,27.2M,"100,000+",Free,$0,Mature 17+,Health & Fitness,"July 19, 2024",3.9.4,8.0 and up
Hyper Portal Comm 313,COMMUNICATION,5.0,64865189,25.9M,"1,000,000,000+",Free,$0,Everyone,Communication,"August 12, 2024",4.2.1,8.0 and up
Fast Manager Prod 314,PRODUCTIVITY,5.0,850,36.4M,"50,000+",Free,$0,Everyone 10+,Productivity,"October 2, 2024",2.6.0,4.1 and up
Global Assistant Tool 315,TOOLS,3.9,80849,28.2M,"5,000,000+",Free,$0,Teen,Tools,"August 21, 2024",5.4.9,4.1 and up
Master Tracker Tool 316,TOOLS,3.7,2411,14.3M,"100,000+",Paid,$14.99,Everyone 10+,Tools,"March 20, 2024",2.0.5,4.4 and up
Smart Hub Heal 317,HEALTH_AND_FITNESS,3.9,3988,19.0M,"50,000+",Free,$0,Mature 17+,Health & Fitness,"January 24, 2024",1.1.8,5.0 and up
Pocket Hero Pers 318,PERSONALIZATION,4.0,2584,19.4M,"100,000+",Paid,$14.99,Everyone,Personalization,"August 3, 2024",5.4.5,4.1 and up
Daily Vault Life 319,LIFESTYLE,3.6,27,22.8M,"1,000+",Free,$0,Everyone,Lifestyle,"July 22, 2024",4.9.0,6.0 and up
Super Assistant Game 320,GAME,4.3,543563,33.4M,"10,000,000+",Free,$0,Everyone,Strategy,"August 18, 2024",1.4.3,5.0 and up
NextGen 3D Game 321,GAME,,674752,53.1M,"10,000,000+",Free,$0,Mature 17+,Role Playing,"May 6, 2024",2.7.3,4.4 and up
Easy Plus Pers 322,PERSONALIZATION,3.7,1,17.3M,50+,Free,$0,Everyone,Personalization,"January 22, 2024",4.9.0,7.0 and up
Pocket Vault Fami 323,FAMILY,4.0,1,26.7M,50+,Free,$0,Everyone,Puzzle,"August 9, 2024",4.3.9,4.4 and up
Master Portal Fami 324,FAMILY,4.7,613969,35.4M,"50,000,000+",Free,$0,Everyone,Puzzle,"October 17, 2024",4.5.0,4.1 and up
Hyper Vault Heal 325,HEALTH_AND_FITNESS,3.9,17,10.0M,"1,000+",Free,$0,Everyone,Health & Fitness,"July 20, 2024",3.5.2,6.0 and up
Hyper 3D Comm 326,COMMUNICATION,4.5,3132685,21.4M,"50,000,000+",Free,$0,Mature 17+,Communication,"October 8, 2024",1.4.3,7.0 and up
Quick Manager Comm 327,COMMUNICATION,4.9,660026,2.4M,"10,000,000+",Free,$0,Everyone,Communication,"October 17, 2024",5.5.7,5.0 and up
Hyper Hub Medi 328,MEDICAL,,583,22.5M,"10,000+",Free,$0,Teen,Medical,"October 11, 2024",3.5.5,7.0 and up
Pocket Tracker Life 329,LIFESTYLE,4.3,194,28.0M,"5,000+",Free,$0,Everyone 10+,Lifestyle,"October 18, 2024",2.4.5,5.0 and up
Fast Studio Heal 330,HEALTH_AND_FITNESS,4.2,36,29.2M,500+,Free,$0,Everyone,Health & Fitness,"October 26, 2024",3.6.9,7.0 and up
Super Manager Comm 331,COMMUNICATION,4.4,170,32.5M,"5,000+",Free,$0,Teen,Communication,"May 15, 2024",3.9.8,6.0 and up
Smart Tracker Comm 332,COMMUNICATION,5.0,1875279,34.0M,"100,000,000+",Free,$0,Everyone,Communication,"March 13, 2024",1.1.1,6.0 and up
Pro Assistant Life 333,LIFESTYLE,3.9,4,Varies with device,100+,Free,$0,Everyone,Lifestyle,"October 13, 2024",3.3.3,8.0 and up
NextGen Manager Medi 334,MEDICAL,4.5,9,Varies with device,500+,Free,$0,Everyone,Medical,"July 15, 2024",5.4.8,6.0 and up
Global Vault Tool 335,TOOLS,4.5,209,20.7M,"5,000+",Free,$0,Mature 17+,Tools,"May 12, 2024",4.8.3,4.1 and up
Pocket Assistant Phot 336,PHOTOGRAPHY,4.7,14093,Varies with device,"500,000+",Free,$0,Everyone,Photography,"May 10, 2024",4.8.0,8.0 and up
Easy Tracker Phot 337,PHOTOGRAPHY,4.0,6361,36.3M,"100,000+",Free,$0,Everyone,Photography,"July 18, 2024",4.6.3,4.4 and up
Hyper Plus Pers 338,PERSONALIZATION,4.7,28408,34.9M,"1,000,000+",Free,$0,Everyone 10+,Personalization,"October 9, 2024",3.8.4,6.0 and up
Smart Manager Prod 339,PRODUCTIVITY,3.8,15135,13.7M,"500,000+",Free,$0,Everyone,Productivity,"May 1, 2024",2.0.8,4.1 and up
Easy Hero Tool 340,TOOLS,3.0,937,Varies with device,"50,000+",Free,$0,Everyone,Tools,"July 7, 2024",3.6.4,6.0 and up
Fast Tracker Fina 341,FINANCE,3.4,16558,4.4M,"500,000+",Free,$0,Everyone,Finance,"August 16, 2024",2.3.4,6.0 and up
Fast Plus Fami 342,FAMILY,4.2,184679,44.8M,"5,000,000+",Free,$0,Everyone 10+,Casual,"January 17, 2024",2.7.6,8.0 and up
Smart Flow Medi 343,MEDICAL,4.6,304,7.3M,"5,000+",Free,$0,Everyone,Medical,"March 12, 2024",1.3.1,4.4 and up
Pocket Tracker Heal 344,HEALTH_AND_FITNESS,4.2,2171,Varies with device,"100,000+",Free,$0,Everyone,Health & Fitness,"January 19, 2024",4.9.2,5.0 and up
Smart Studio Game 345,GAME,4.3,163,94.8M,"10,000+",Free,$0,Everyone,Arcade,"May 21, 2024",2.8.1,4.4 and up
Pocket Portal Phot 346,PHOTOGRAPHY,4.5,6519,20.9M,"100,000+",Free,$0,Everyone 10+,Photography,"July 12, 2024",2.4.0,6.0 and up
Daily Hero Pers 347,PERSONALIZATION,4.4,4,25.4M,100+,Free,$0,Teen,Personalization,"May 28, 2024",5.8.2,4.1 and up
Master Hero Life 348,LIFESTYLE,4.8,3367,35.4M,"50,000+",Free,$0,Everyone 10+,Lifestyle,"March 1, 2024",5.5.9,4.4 and up
NextGen Portal Fina 349,FINANCE,3.9,336667,34.9M,"5,000,000+",Free,$0,Everyone,Finance,"May 14, 2024",3.1.1,7.0 and up
Pro Manager Heal 350,HEALTH_AND_FITNESS,,112,Varies with device,"5,000+",Free,$0,Everyone,Health & Fitness,"August 21, 2024",4.7.8,7.0 and up
Pro Lite Pers 351,PERSONALIZATION,4.4,25,Varies with device,"1,000+",Free,$0,Everyone 10+,Personalization,"July 27, 2024",1.7.0,5.0 and up
Pocket 3D Life 352,LIFESTYLE,4.2,7040,33.6M,"500,000+",Free,$0,Everyone,Lifestyle,"March 17, 2024",1.1.3,7.0 and up
Quick Portal Comm 353,COMMUNICATION,3.9,2799067,26.0M,"50,000,000+",Free,$0,Everyone 10+,Communication,"January 25, 2024",5.5.7,8.0 and up
Super Manager Heal 354,HEALTH_AND_FITNESS,4.7,327361,30.3M,"5,000,000+",Free,$0,Mature 17+,Health & Fitness,"July 12, 2024",3.8.5,5.0 and up
Fast Lite Comm 355,COMMUNICATION,3.9,525,34.9M,"10,000+",Free,$0,Everyone,Communication,"May 15, 2024",4.6.0,8.0 and up
Global Tracker Fami 356,FAMILY,4.0,231163,14.9M,"5,000,000+",Free,$0,Everyone,Entertainment,"January 25, 2024",3.8.8,7.0 and up
Super Tracker Busi 357,BUSINESS,3.7,42225,40.3M,"1,000,000+",Free,$0,Everyone,Business,"May 3, 2024",5.6.9,4.4 and up
Fast Lite Pers 358,PERSONALIZATION,4.6,6,31.7M,100+,Free,$0,Everyone,Personalization,"August 21, 2024",3.0.9,6.0 and up
Pocket Lite Game 359,GAME,3.7,3579273,24.6M,"50,000,000+",Free,$0,Everyone 10+,Action,"October 28, 2024",5.0.6,4.1 and up
Pocket Portal Medi 360,MEDICAL,4.4,4954,8.6M,"100,000+",Free,$0,Teen,Medical,"July 25, 2024",5.9.8,4.1 and up
Easy Assistant Prod 361,PRODUCTIVITY,5.0,203,34.0M,"10,000+",Free,$0,Everyone,Productivity,"January 13, 2024",5.6.2,4.4 and up
Master Assistant Phot 362,PHOTOGRAPHY,3.3,5565,33.6M,"100,000+",Free,$0,Everyone,Photography,"May 25, 2024",4.5.9,4.1 and up
Hyper Assistant Game 363,GAME,5.0,355687,67.4M,"10,000,000+",Free,$0,Everyone,Card,"May 20, 2024",4.9.2,6.0 and up
Quick Flow Fami 364,FAMILY,4.3,361674,6.8M,"10,000,000+",Paid,$1.99,Everyone,Education,"January 11, 2024",1.4.7,6.0 and up
Quick 3D Fami 365,FAMILY,3.6,2383,13.1M,"50,000+",Free,$0,Everyone 10+,Entertainment,"March 23, 2024",1.6.9,8.0 and up
Easy Manager Life 366,LIFESTYLE,4.2,1420,13.7M,"100,000+",Free,$0,Everyone,Lifestyle,"January 13, 2024",3.5.1,4.1 and up
Quick Assistant Medi 367,MEDICAL,4.6,22798,22.8M,"500,000+",Free,$0,Everyone,Medical,"March 7, 2024",5.7.8,8.0 and up
Quick Portal Fami 368,FAMILY,3.8,313449,2.8M,"10,000,000+",Free,$0,Everyone,Casual,"October 10, 2024",2.8.4,4.1 and up
Hyper Tracker Heal 369,HEALTH_AND_FITNESS,4.4,3804,16.7M,"50,000+",Free,$0,Everyone,Health & Fitness,"January 24, 2024",4.8.9,8.0 and up
Hyper Plus Heal 370,HEALTH_AND_FITNESS,5.0,5010,28.0M,"100,000+",Free,$0,Everyone,Health & Fitness,"March 21, 2024",2.9.8,8.0 and up
Easy 3D Prod 371,PRODUCTIVITY,3.9,2967977,938k,"50,000,000+",Free,$0,Mature 17+,Productivity,"March 11, 2024",1.8.8,8.0 and up
Pocket Manager Game 372,GAME,3.7,60895567,48.1M,"1,000,000,000+",Free,$0,Teen,Arcade,"October 27, 2024",3.2.3,4.1 and up
Pro Vault Tool 373,TOOLS,4.1,5318625,27.6M,"100,000,000+",Free,$0,Everyone,Tools,"May 3, 2024",4.2.8,7.0 and up
Smart Assistant Phot 374,PHOTOGRAPHY,4.2,444011,3.4M,"10,000,000+",Free,$0,Everyone,Photography,"May 14, 2024",2.3.3,4.1 and up
Global Studio Tool 375,TOOLS,4.7,58150,20.4M,"1,000,000+",Free,$0,Mature 17+,Tools,"October 27, 2024",4.5.6,7.0 and up
Daily Hub Pers 376,PERSONALIZATION,4.1,208,Varies with device,"5,000+",Free,$0,Mature 17+,Personalization,"August 13, 2024",1.8.6,7.0 and up
Quick Hero Heal 377,HEALTH_AND_FITNESS,4.0,40768,14.3M,"1,000,000+",Free,$0,Everyone,Health & Fitness,"August 2, 2024",5.2.7,8.0 and up
Fast Portal Phot 378,PHOTOGRAPHY,3.7,1,31.9M,10+,Free,$0,Teen,Photography,"May 15, 2024",1.2.7,7.0 and up
Master Hub Pers 379,PERSONALIZATION,3.3,1375,36.2M,"50,000+",Free,$0,Everyone,Personalization,"January 4, 2024",4.5.1,7.0 and up
Fast Portal Pers 380,PERSONALIZATION,3.5,264225,3.9M,"5,000,000+",Free,$0,Everyone,Personalization,"August 28, 2024",2.2.2,4.4 and up
Hyper Hero Pers 381,PERSONALIZATION,3.5,15833,28.9M,"500,000+",Free,$0,Everyone,Personalization,"March 1, 2024",5.4.0,6.0 and up
Daily Tracker Phot 382,PHOTOGRAPHY,4.0,26279,30.4M,"500,000+",Free,$0,Teen,Photography,"January 20, 2024",5.0.3,7.0 and up
Pro Manager Medi 383,MEDICAL,3.4,2,Varies with device,100+,Free,$0,Everyone 10+,Medical,"August 27, 2024",5.4.5,4.1 and up
Hyper Manager Fami 384,FAMILY,2.8,10,32.1M,500+,Free,$0,Mature 17+,Casual,"March 15, 2024",5.5.0,4.1 and up
Pocket Assistant Medi 385,MEDICAL,4.2,337092,4.8M,"5,000,000+",Free,$0,Everyone,Medical,"October 28, 2024",3.5.8,6.0 and up
Fast Plus Life 386,LIFESTYLE,5.0,264,29.0M,"5,000+",Free,$0,Teen,Lifestyle,"October 23, 2024",5.4.6,7.0 and up
Daily Vault Fina 387,FINANCE,4.8,1,726k,10+,Free,$0,Everyone 10+,Finance,"October 16, 2024",4.2.9,4.4 and up
Quick Tracker Pers 388,PERSONALIZATION,4.0,1827,33.7M,"100,000+",Free,$0,Mature 17+,Personalization,"July 14, 2024",1.5.5,7.0 and up
Pro Flow Heal 389,HEALTH_AND_FITNESS,3.6,1,15.2M,50+,Free,$0,Everyone,Health & Fitness,"January 4, 2024",3.5.6,8.0 and up
Smart Plus Busi 390,BUSINESS,5.0,3313603,41.4M,"100,000,000+",Free,$0,Everyone 10+,Business,"March 16, 2024",2.7.8,5.0 and up
Fast Tracker Phot 391,PHOTOGRAPHY,4.2,34,15.6M,500+,Free,$0,Everyone,Photography,"August 22, 2024",3.5.1,4.4 and up
Pocket Assistant Medi 392,MEDICAL,4.3,26927,18.8M,"500,000+",Free,$0,Everyone,Medical,"October 28, 2024",3.0.4,6.0 and up
Quick Lite Game 393,GAME,4.1,4163,39.2M,"100,000+",Free,$0,Everyone,Role Playing,"March 3, 2024",4.8.0,6.0 and up
Quick Lite Life 394,LIFESTYLE,4.2,37,35.3M,500+,Free,$0,Everyone,Lifestyle,"August 22, 2024",2.3.0,6.0 and up
Pro Hero Comm 395,COMMUNICATION,3.9,752636,5.7M,"10,000,000+",Free,$0,Everyone,Communication,"January 17, 2024",3.0.9,5.0 and up
Pocket Plus Heal 396,HEALTH_AND_FITNESS,4.0,1,21.0M,50+,Free,$0,Everyone,Health & Fitness,"March 9, 2024",1.0.9,7.0 and up
Quick Portal Life 397,LIFESTYLE,5.0,1726,871k,"50,000+",Free,$0,Mature 17+,Lifestyle,"March 6, 2024",1.4.9,5.0 and up
Pro Manager Life 398,LIFESTYLE,4.8,120,Varies with device,"10,000+",Free,$0,Everyone,Lifestyle,"July 13, 2024",2.9.9,8.0 and up
Global Lite Pers 399,PERSONALIZATION,3.1,15,30.8M,500+,Free,$0,Teen,Personalization,"August 5, 2024",1.7.1,6.0 and up
Master Plus Medi 400,MEDICAL,3.4,38,13.1M,500+,Free,$0,Everyone,Medical,"October 22, 2024",3.5.7,6.0 and up
Master Hub Fami 401,FAMILY,3.8,3460,936k,"100,000+",Free,$0,Mature 17+,Casual,"March 17, 2024",1.6.1,5.0 and up
Easy Portal Life 402,LIFESTYLE,4.7,422,12.5M,"10,000+",Free,$0,Teen,Lifestyle,"July 3, 2024",3.3.9,6.0 and up
Daily 3D Comm 403,COMMUNICATION,4.8,2,Varies with device,100+,Free,$0,Mature 17+,Communication,"July 4, 2024",5.9.7,5.0 and up
Master Manager Life 404,LIFESTYLE,4.6,31,31.5M,"1,000+",Free,$0,Teen,Lifestyle,"May 16, 2024",1.1.3,4.4 and up
Smart Flow Busi 405,BUSINESS,3.6,1,26.9M,10+,Free,$0,Everyone 10+,Business,"May 10, 2024",5.4.6,8.0 and up
Global Tracker Fina 406,FINANCE,3.9,5,38.7M,100+,Paid,$0.99,Everyone,Finance,"October 18, 2024",3.1.4,4.1 and up
Fast Vault Prod 407,PRODUCTIVITY,4.4,37598,18.4M,"1,000,000+",Free,$0,Everyone 10+,Productivity,"March 16, 2024",2.3.8,6.0 and up
Smart Hero Fina 408,FINANCE,4.1,79,223k,"1,000+",Free,$0,Everyone,Finance,"October 16, 2024",4.2.1,4.4 and up
Master 3D Heal 409,HEALTH_AND_FITNESS,4.0,26155,671k,"500,000+",Free,$0,Teen,Health & Fitness,"July 12, 2024",2.2.6,7.0 and up
Fast Plus Fami 410,FAMILY,4.0,299245,26.8M,"5,000,000+",Paid,$9.99,Everyone 10+,Puzzle,"May 4, 2024",5.7.1,4.4 and up
Master Portal Pers 411,PERSONALIZATION,4.8,1547,Varies with device,"100,000+",Free,$0,Everyone 10+,Personalization,"October 22, 2024",1.8.9,5.0 and up
Pocket Portal Busi 412,BUSINESS,4.5,64,22.2M,"1,000+",Free,$0,Teen,Business,"May 26, 2024",3.4.2,4.1 and up
Fast Vault Pers 413,PERSONALIZATION,4.0,1,26.6M,10+,Free,$0,Everyone,Personalization,"October 20, 2024",1.4.7,4.1 and up
Easy Hero Tool 414,TOOLS,4.3,19,2.6M,"1,000+",Free,$0,Everyone,Tools,"August 24, 2024",2.7.5,4.4 and up
Master Manager Medi 415,MEDICAL,3.5,659,5.6M,"10,000+",Free,$0,Everyone,Medical,"July 25, 2024",4.6.3,8.0 and up
Quick Vault Phot 416,PHOTOGRAPHY,3.9,3070263,34.5M,"50,000,000+",Free,$0,Everyone,Photography,"July 13, 2024",4.4.7,8.0 and up
Hyper Flow Life 417,LIFESTYLE,4.7,59,595k,"1,000+",Paid,$9.99,Teen,Lifestyle,"October 11, 2024",5.0.1,7.0 and up
Hyper Vault Heal 418,HEALTH_AND_FITNESS,3.4,371,13.5M,"5,000+",Free,$0,Everyone 10+,Health & Fitness,"August 13, 2024",4.3.9,4.4 and up
NextGen 3D Life 419,LIFESTYLE,4.5,7952,Varies with device,"100,000+",Paid,$7.99,Everyone,Lifestyle,"August 4, 2024",4.5.3,8.0 and up
Quick Tracker Medi 420,MEDICAL,,116,30.2M,"10,000+",Free,$0,Mature 17+,Medical,"October 4, 2024",1.1.9,4.4 and up
Super 3D Comm 421,COMMUNICATION,3.3,228984,5.3M,"10,000,000+",Free,$0,Everyone,Communication,"July 23, 2024",3.4.2,4.1 and up
Hyper Assistant Medi 422,MEDICAL,,332858,13.4M,"10,000,000+",Free,$0,Teen,Medical,"March 20, 2024",4.2.7,4.1 and up
Quick Vault Tool 423,TOOLS,3.9,275168,6.4M,"5,000,000+",Paid,$3.99,Teen,Tools,"January 16, 2024",2.0.0,8.0 and up
Smart 3D Comm 424,COMMUNICATION,4.2,1654,Varies with device,"50,000+",Free,$0,Teen,Communication,"July 14, 2024",4.1.8,4.4 and up
Fast Studio Fami 425,FAMILY,4.8,92421,16.3M,"5,000,000+",Free,$0,Everyone,Puzzle,"October 21, 2024",1.5.8,5.0 and up
Easy Flow Game 426,GAME,4.0,2421843,67.9M,"100,000,000+",Free,$0,Teen,Role Playing,"January 21, 2024",3.7.1,8.0 and up
Smart Tracker Phot 427,PHOTOGRAPHY,4.2,1175,23.0M,"50,000+",Paid,$3.99,Teen,Photography,"August 27, 2024",4.0.0,5.0 and up
Fast Tracker Fami 428,FAMILY,3.5,1919,24.5M,"50,000+",Free,$0,Mature 17+,Entertainment,"March 24, 2024",5.3.1,4.1 and up
Master Flow Pers 429,PERSONALIZATION,4.6,1,12.4M,100+,Free,$0,Everyone,Personalization,"March 21, 2024",1.4.1,6.0 and up
Global Hub Busi 430,BUSINESS,4.2,67246,36.4M,"1,000,000+",Free,$0,Everyone,Business,"July 11, 2024",4.5.1,8.0 and up
Pocket Plus Busi 431,BUSINESS,4.4,31,7.2M,500+,Free,$0,Teen,Business,"March 23, 2024",3.8.2,6.0 and up
Smart Hub Prod 432,PRODUCTIVITY,4.3,3268,8.8M,"50,000+",Free,$0,Everyone,Productivity,"January 1, 2024",2.1.9,5.0 and up
Fast Manager Comm 433,COMMUNICATION,3.7,12215,19.7M,"500,000+",Free,$0,Mature 17+,Communication,"October 2, 2024",5.2.7,7.0 and up
Easy Lite Game 434,GAME,4.7,393150,93.9M,"10,000,000+",Free,$0,Mature 17+,Card,"May 28, 2024",5.8.3,6.0 and up
Easy Tracker Heal 435,HEALTH_AND_FITNESS,4.4,23,43.6M,"1,000+",Free,$0,Everyone,Health & Fitness,"March 22, 2024",1.0.5,5.0 and up
Easy Lite Prod 436,PRODUCTIVITY,4.3,1,6.5M,10+,Paid,$1.99,Everyone,Productivity,"July 17, 2024",1.1.3,8.0 and up
Hyper Plus Phot 437,PHOTOGRAPHY,4.7,62296,6.7M,"1,000,000+",Free,$0,Everyone,Photography,"October 14, 2024",2.6.3,4.1 and up
Pro Assistant Phot 438,PHOTOGRAPHY,3.2,20145,18.7M,"1,000,000+",Free,$0,Everyone 10+,Photography,"March 21, 2024",3.4.3,5.0 and up
Fast Vault Tool 439,TOOLS,3.5,7087,21.7M,"500,000+",Free,$0,Everyone,Tools,"March 10, 2024",5.2.9,4.4 and up
Super Assistant Busi 440,BUSINESS,4.4,1,27.4M,10+,Free,$0,Everyone,Business,"January 24, 2024",4.3.3,5.0 and up
Global Manager Comm 441,COMMUNICATION,3.8,369,3.9M,"5,000+",Free,$0,Everyone 10+,Communication,"August 2, 2024",4.8.6,6.0 and up
Master Studio Pers 442,PERSONALIZATION,3.9,2683,Varies with device,"100,000+",Free,$0,Everyone,Personalization,"March 12, 2024",3.3.1,4.1 and up
Smart 3D Phot 443,PHOTOGRAPHY,3.4,2107,44.0M,"50,000+",Free,$0,Everyone,Photography,"October 13, 2024",2.5.7,8.0 and up
NextGen Hub Heal 444,HEALTH_AND_FITNESS,3.7,184,14.8M,"5,000+",Free,$0,Everyone 10+,Health & Fitness,"August 18, 2024",5.3.1,7.0 and up
Daily Flow Fina 445,FINANCE,,1773,22.0M,"50,000+",Paid,$14.99,Everyone 10+,Finance,"January 18, 2024",2.2.5,4.4 and up
NextGen Studio Life 446,LIFESTYLE,4.7,616,32.2M,"10,000+",Free,$0,Everyone,Lifestyle,"May 12, 2024",3.8.6,5.0 and up
Pocket Lite Fami 447,FAMILY,4.2,4166,22.2M,"100,000+",Free,$0,Mature 17+,Casual,"May 15, 2024",5.5.1,4.4 and up
Super Assistant Phot 448,PHOTOGRAPHY,4.3,728,6.7M,"10,000+",Free,$0,Everyone 10+,Photography,"March 16, 2024",2.3.8,8.0 and up
Hyper Flow Fami 449,FAMILY,4.5,1,21.1M,10+,Free,$0,Everyone,Entertainment,"March 3, 2024",1.3.8,8.0 and up
Global Lite Fina 450,FINANCE,3.4,2,30.6M,50+,Free,$0,Mature 17+,Finance,"July 15, 2024",3.9.2,5.0 and up
Quick Studio Tool 451,TOOLS,3.3,18016,8.4M,"500,000+",Free,$0,Everyone,Tools,"August 6, 2024",5.4.2,4.4 and up
Smart Plus Pers 452,PERSONALIZATION,4.7,18184,21.0M,"1,000,000+",Free,$0,Everyone,Personalization,"August 23, 2024",1.5.5,4.4 and up
Daily Manager Fina 453,FINANCE,4.3,4,Varies with device,100+,Free,$0,Everyone,Finance,"July 11, 2024",2.0.8,7.0 and up
Master Hero Fina 454,FINANCE,4.0,778,30.7M,"10,000+",Free,$0,Everyone 10+,Finance,"July 11, 2024",1.7.0,4.4 and up
Easy Tracker Heal 455,HEALTH_AND_FITNESS,3.4,19057,6.0M,"500,000+",Paid,$14.99,Everyone,Health & Fitness,"May 7, 2024",1.1.8,6.0 and up
Daily Assistant Heal 456,HEALTH_AND_FITNESS,4.0,23611,42.6M,"1,000,000+",Free,$0,Everyone,Health & Fitness,"July 5, 2024",4.5.6,5.0 and up
Pocket Lite Fami 457,FAMILY,3.6,31565,11.3M,"1,000,000+",Free,$0,Everyone 10+,Entertainment,"July 26, 2024",4.4.2,8.0 and up
Smart Vault Comm 458,COMMUNICATION,4.7,518554,44.5M,"10,000,000+",Free,$0,Everyone,Communication,"January 19, 2024",4.1.0,6.0 and up
Hyper Manager Heal 459,HEALTH_AND_FITNESS,3.5,244,7.9M,"5,000+",Free,$0,Teen,Health & Fitness,"May 18, 2024",4.0.4,7.0 and up
Daily 3D Medi 460,MEDICAL,,2122,Varies with device,"50,000+",Free,$0,Everyone 10+,Medical,"October 16, 2024",1.4.6,4.4 and up
Pro Hub Phot 461,PHOTOGRAPHY,4.1,3176514,27.8M,"50,000,000+",Free,$0,Teen,Photography,"August 14, 2024",3.7.1,5.0 and up
Easy Manager Life 462,LIFESTYLE,4.5,25357,31.8M,"500,000+",Free,$0,Everyone,Lifestyle,"May 12, 2024",4.5.0,5.0 and up
Daily Plus Medi 463,MEDICAL,4.7,31825,Varies with device,"500,000+",Free,$0,Mature 17+,Medical,"May 28, 2024",3.4.4,8.0 and up
Super Portal Pers 464,PERSONALIZATION,4.1,253016,Varies with device,"5,000,000+",Free,$0,Everyone,Personalization,"July 14, 2024",3.2.1,4.4 and up
Quick Portal Tool 465,TOOLS,3.3,529,24.9M,"10,000+",Free,$0,Everyone,Tools,"July 15, 2024",1.1.2,4.1 and up
Easy 3D Phot 466,PHOTOGRAPHY,4.4,3537979,27.7M,"100,000,000+",Free,$0,Everyone,Photography,"March 23, 2024",3.0.1,4.4 and up
Fast Plus Tool 467,TOOLS,4.3,157,20.3M,"5,000+",Free,$0,Everyone,Tools,"January 1, 2024",4.6.0,4.4 and up
NextGen Portal Game 468,GAME,3.6,515223,18.5M,"10,000,000+",Free,$0,Everyone,Action,"January 26, 2024",1.9.3,7.0 and up
NextGen Lite Prod 469,PRODUCTIVITY,4.7,602406,13.9M,"50,000,000+",Free,$0,Everyone,Productivity,"March 28, 2024",5.9.3,7.0 and up
Super Vault Busi 470,BUSINESS,4.2,3171354,43.5M,"50,000,000+",Free,$0,Mature 17+,Business,"January 24, 2024",1.3.8,8.0 and up
Fast Vault Phot 471,PHOTOGRAPHY,4.5,229588,Varies with device,"10,000,000+",Free,$0,Teen,Photography,"July 7, 2024",5.3.6,4.1 and up
Master Hub Fina 472,FINANCE,4.7,231904,14.4M,"5,000,000+",Free,$0,Everyone,Finance,"May 16, 2024",1.6.4,6.0 and up
NextGen Studio Busi 473,BUSINESS,3.9,1,20.4M,10+,Free,$0,Teen,Business,"October 12, 2024",2.0.7,8.0 and up
Master Portal Game 474,GAME,,2804918,560k,"50,000,000+",Free,$0,Everyone,Role Playing,"October 6, 2024",1.5.3,5.0 and up
Super Plus Prod 475,PRODUCTIVITY,3.6,686,32.7M,"10,000+",Free,$0,Everyone,Productivity,"October 13, 2024",3.7.9,6.0 and up
Smart Studio Phot 476,PHOTOGRAPHY,4.8,87812,29.0M,"5,000,000+",Free,$0,Everyone,Photography,"October 2, 2024",1.7.0,4.4 and up
Smart Hero Comm 477,COMMUNICATION,,53,Varies with device,"1,000+",Free,$0,Teen,Communication,"July 7, 2024",3.7.7,7.0 and up
Daily Portal Medi 478,MEDICAL,4.9,56,39.8M,"5,000+",Free,$0,Teen,Medical,"May 28, 2024",4.7.7,4.1 and up
Daily Flow Fami 479,FAMILY,4.3,351,23.1M,"5,000+",Free,$0,Everyone 10+,Education,"July 16, 2024",1.9.7,8.0 and up
Master Portal Life 480,LIFESTYLE,4.3,6980,23.3M,"100,000+",Free,$0,Mature 17+,Lifestyle,"October 12, 2024",3.5.0,4.1 and up
Smart Lite Busi 481,BUSINESS,4.6,34,Varies with device,"1,000+",Free,$0,Everyone,Business,"July 4, 2024",4.5.5,6.0 and up
NextGen Plus Fina 482,FINANCE,4.2,1,41.1M,10+,Paid,$4.99,Everyone,Finance,"January 18, 2024",3.0.7,8.0 and up
Easy Tracker Comm 483,COMMUNICATION,4.7,58717093,18.2M,"1,000,000,000+",Free,$0,Mature 17+,Communication,"January 26, 2024",4.1.3,5.0 and up
Smart Vault Phot 484,PHOTOGRAPHY,3.9,309664,29.3M,"10,000,000+",Free,$0,Everyone,Photography,"August 7, 2024",3.4.0,5.0 and up
Quick Vault Busi 485,BUSINESS,,620,6.1M,"10,000+",Free,$0,Everyone,Business,"August 26, 2024",5.7.6,4.4 and up
NextGen Hero Fina 486,FINANCE,4.9,4532,15.5M,"100,000+",Free,$0,Everyone,Finance,"August 17, 2024",4.8.2,4.1 and up
Global Studio Heal 487,HEALTH_AND_FITNESS,3.3,124533,22.1M,"5,000,000+",Free,$0,Mature 17+,Health & Fitness,"August 28, 2024",4.9.0,7.0 and up
Master Manager Prod 488,PRODUCTIVITY,3.3,134130,38.3M,"5,000,000+",Free,$0,Everyone,Productivity,"October 7, 2024",4.4.4,8.0 and up
NextGen Vault Tool 489,TOOLS,4.0,265,178k,"10,000+",Free,$0,Everyone,Tools,"July 16, 2024",5.6.6,8.0 and up
Smart Hero Fami 490,FAMILY,3.8,19,30.3M,"1,000+",Free,$0,Everyone,Education,"October 16, 2024",1.0.1,5.0 and up
Super Assistant Busi 491,BUSINESS,3.2,72,19.1M,"1,000+",Free,$0,Everyone,Business,"March 4, 2024",5.8.1,7.0 and up
Master Hub Heal 492,HEALTH_AND_FITNESS,3.6,2666,16.2M,"100,000+",Free,$0,Teen,Health & Fitness,"October 24, 2024",2.6.3,4.4 and up
Quick Hero Game 493,GAME,4.1,4076,54.2M,"100,000+",Free,$0,Everyone,Arcade,"May 18, 2024",4.7.3,5.0 and up
Master 3D Tool 494,TOOLS,3.8,1787087,40.9M,"50,000,000+",Paid,$0.99,Everyone 10+,Tools,"October 8, 2024",3.8.6,5.0 and up
NextGen Hub Heal 495,HEALTH_AND_FITNESS,5.0,474437,2.3M,"10,000,000+",Free,$0,Everyone,Health & Fitness,"May 3, 2024",2.4.3,4.4 and up
NextGen Assistant Phot 496,PHOTOGRAPHY,3.8,326,Varies with device,"5,000+",Free,$0,Teen,Photography,"July 24, 2024",4.5.6,4.1 and up
Daily Hub Tool 497,TOOLS,4.8,34629944,33.7M,"1,000,000,000+",Free,$0,Everyone,Tools,"January 21, 2024",2.7.2,4.1 and up
NextGen Hero Comm 498,COMMUNICATION,,319605,678k,"10,000,000+",Free,$0,Everyone 10+,Communication,"March 28, 2024",5.6.5,6.0 and up
Easy Manager Phot 499,PHOTOGRAPHY,5.0,581,10.5M,"10,000+",Free,$0,Everyone,Photography,"July 13, 2024",5.3.0,4.1 and up
Super Studio Life 500,LIFESTYLE,3.9,11,560k,500+,Free,$0,Mature 17+,Lifestyle,"May 5, 2024",1.5.2,7.0 and up
Fast Portal Game 501,GAME,3.9,2023055,68.9M,"50,000,000+",Free,$0,Everyone 10+,Action,"March 7, 2024",3.4.7,6.0 and up
Quick Vault Tool 502,TOOLS,4.9,2508,10.1M,"100,000+",Free,$0,Everyone,Tools,"January 10, 2024",3.3.9,6.0 and up
Global Flow Prod 503,PRODUCTIVITY,,276532,39.5M,"5,000,000+",Free,$0,Teen,Productivity,"October 7, 2024",4.6.9,5.0 and up
Daily Tracker Game 504,GAME,3.9,1364,43.3M,"100,000+",Free,$0,Everyone 10+,Action,"August 23, 2024",1.0.4,7.0 and up
Easy Assistant Busi 505,BUSINESS,3.8,56988,3.8M,"1,000,000+",Free,$0,Everyone,Business,"August 16, 2024",3.7.2,4.1 and up
Smart Hero Fina 506,FINANCE,,908,437k,"50,000+",Free,$0,Teen,Finance,"May 9, 2024",5.4.8,5.0 and up
Pocket 3D Comm 507,COMMUNICATION,3.8,796195,823k,"10,000,000+",Free,$0,Teen,Communication,"January 7, 2024",2.0.3,4.4 and up
Easy Manager Fami 508,FAMILY,3.9,2970,41.9M,"50,000+",Paid,$14.99,Teen,Puzzle,"July 16, 2024",1.2.1,5.0 and up
Easy Manager Game 509,GAME,4.0,6844675,60.1M,"100,000,000+",Free,$0,Everyone,Arcade,"August 1, 2024",5.9.2,6.0 and up
Master Flow Game 510,GAME,4.3,16601365,93.5M,"1,000,000,000+",Free,$0,Everyone,Arcade,"August 4, 2024",3.2.0,4.1 and up
Master Flow Phot 511,PHOTOGRAPHY,4.4,76864,Varies with device,"1,000,000+",Free,$0,Everyone 10+,Photography,"August 15, 2024",3.9.2,4.4 and up
Pocket Tracker Fami 512,FAMILY,4.1,3103,6.0M,"50,000+",Free,$0,Everyone,Entertainment,"July 3, 2024",1.3.2,6.0 and up
NextGen Flow Comm 513,COMMUNICATION,3.8,20789,33.6M,"1,000,000+",Free,$0,Everyone 10+,Communication,"August 5, 2024",3.1.5,7.0 and up
Master Assistant Prod 514,PRODUCTIVITY,4.2,2167,34.5M,"50,000+",Free,$0,Mature 17+,Productivity,"March 14, 2024",4.1.0,7.0 and up
NextGen Plus Fina 515,FINANCE,5.0,2,24.7M,50+,Free,$0,Everyone,Finance,"May 15, 2024",4.1.7,5.0 and up
NextGen Hero Tool 516,TOOLS,3.9,689,4.1M,"10,000+",Paid,$1.49,Mature 17+,Tools,"July 14, 2024",1.7.9,5.0 and up
Global Hub Fina 517,FINANCE,,319026,21.9M,"5,000,000+",Free,$0,Teen,Finance,"January 3, 2024",4.4.5,7.0 and up
NextGen Studio Pers 518,PERSONALIZATION,4.3,536,39.5M,"10,000+",Free,$0,Everyone,Personalization,"January 24, 2024",5.4.1,6.0 and up
Pro Assistant Life 519,LIFESTYLE,4.8,181,31.7M,"10,000+",Free,$0,Everyone 10+,Lifestyle,"August 24, 2024",4.4.9,7.0 and up
Easy Hub Fina 520,FINANCE,,93,Varies with device,"5,000+",Paid,$0.99,Everyone,Finance,"July 21, 2024",2.3.6,8.0 and up
Super Hero Life 521,LIFESTYLE,4.4,6388,7.0M,"100,000+",Free,$0,Everyone 10+,Lifestyle,"October 15, 2024",4.7.0,6.0 and up
Quick Hero Busi 522,BUSINESS,4.5,2493,Varies with device,"50,000+",Paid,$7.99,Teen,Business,"July 24, 2024",5.9.8,5.0 and up
Hyper Studio Fami 523,FAMILY,4.0,45934,40.9M,"1,000,000+",Free,$0,Everyone,Puzzle,"October 2, 2024",5.0.6,7.0 and up
Easy Flow Fina 524,FINANCE,4.6,3919,42.4M,"100,000+",Free,$0,Everyone 10+,Finance,"July 1, 2024",2.4.3,6.0 and up
Quick Portal Fina 525,FINANCE,4.4,12689,27.9M,"500,000+",Free,$0,Everyone 10+,Finance,"July 5, 2024",3.6.6,8.0 and up
Master Manager Heal 526,HEALTH_AND_FITNESS,4.9,26764,30.7M,"500,000+",Free,$0,Everyone,Health & Fitness,"March 20, 2024",4.1.6,6.0 and up
Quick Portal Medi 527,MEDICAL,,6,17.4M,500+,Free,$0,Mature 17+,Medical,"January 26, 2024",1.5.6,4.1 and up
Super Portal Busi 528,BUSINESS,4.5,128433,17.3M,"5,000,000+",Paid,$3.99,Everyone,Business,"October 28, 2024",5.9.1,8.0 and up
Master Hub Fami 529,FAMILY,4.0,391130,38.9M,"5,000,000+",Free,$0,Mature 17+,Puzzle,"January 17, 2024",1.2.1,4.4 and up
Fast Hero Fina 530,FINANCE,3.7,29785,39.4M,"500,000+",Free,$0,Everyone,Finance,"May 27, 2024",2.1.3,6.0 and up
Quick Studio Comm 531,COMMUNICATION,4.4,3389,Varies with device,"100,000+",Free,$0,Teen,Communication,"May 21, 2024",2.2.8,6.0 and up
Hyper Assistant Prod 532,PRODUCTIVITY,4.4,37130,24.2M,"500,000+",Free,$0,Everyone,Productivity,"July 5, 2024",1.8.1,4.1 and up
Hyper Manager Fina 533,FINANCE,4.6,1,Varies with device,10+,Free,$0,Everyone,Finance,"August 2, 2024",5.4.6,6.0 and up
Fast 3D Heal 534,HEALTH_AND_FITNESS,3.4,1597933,40.7M,"50,000,000+",Free,$0,Everyone,Health & Fitness,"October 13, 2024",4.3.8,7.0 and up
Fast Lite Busi 535,BUSINESS,4.6,7213,10.5M,"100,000+",Free,$0,Everyone,Business,"August 11, 2024",4.2.8,7.0 and up
Super Portal Medi 536,MEDICAL,3.5,2431,8.9M,"50,000+",Paid,$3.99,Everyone,Medical,"May 24, 2024",4.8.1,8.0 and up
Easy Flow Fami 537,FAMILY,4.3,45524,42.5M,"1,000,000+",Free,$0,Mature 17+,Entertainment,"October 1, 2024",4.5.3,8.0 and up
Pocket Hero Busi 538,BUSINESS,4.0,1495,30.9M,"50,000+",Free,$0,Mature 17+,Business,"October 8, 2024",1.5.8,7.0 and up
Master Hub Prod 539,PRODUCTIVITY,4.8,2025872,6.0M,"100,000,000+",Free,$0,Everyone,Productivity,"July 7, 2024",4.1.5,8.0 and up
Global Portal Life 540,LIFESTYLE,3.4,463261,23.4M,"10,000,000+",Free,$0,Teen,Lifestyle,"October 16, 2024",4.2.2,7.0 and up
Fast Studio Tool 541,TOOLS,4.3,19,7.1M,"1,000+",Free,$0,Teen,Tools,"January 24, 2024",2.8.5,4.1 and up
Super Hub Busi 542,BUSINESS,4.4,1,7.1M,50+,Free,$0,Everyone,Business,"May 10, 2024",4.0.2,4.4 and up
Pro Hero Busi 543,BUSINESS,4.0,361,23.0M,"5,000+",Free,$0,Everyone,Business,"January 28, 2024",1.6.7,7.0 and up
Pocket Assistant Medi 544,MEDICAL,4.3,2163,34.8M,"50,000+",Free,$0,Teen,Medical,"July 22, 2024",4.2.5,4.1 and up
Hyper Plus Busi 545,BUSINESS,3.9,365,Varies with device,"5,000+",Free,$0,Teen,Business,"October 9, 2024",1.2.0,7.0 and up
Daily Flow Heal 546,HEALTH_AND_FITNESS,4.2,93323,28.6M,"5,000,000+",Free,$0,Everyone,Health & Fitness,"August 17, 2024",2.7.8,4.1 and up
Daily Manager Game 547,GAME,4.4,77366373,81.4M,"1,000,000,000+",Free,$0,Mature 17+,Card,"July 3, 2024",5.9.5,6.0 and up
Master Tracker Busi 548,BUSINESS,3.9,1,Varies with device,10+,Free,$0,Teen,Business,"May 3, 2024",1.1.8,4.4 and up
Smart Hero Medi 549,MEDICAL,4.1,1,31.2M,10+,Paid,$1.99,Everyone,Medical,"October 2, 2024",3.6.1,5.0 and up
Pocket Hero Tool 550,TOOLS,3.1,181429,357k,"5,000,000+",Free,$0,Mature 17+,Tools,"August 8, 2024",4.8.8,6.0 and up
Pro Lite Game 551,GAME,3.3,2126882,47.6M,"50,000,000+",Free,$0,Everyone,Strategy,"May 18, 2024",5.1.3,7.0 and up
Easy Vault Heal 552,HEALTH_AND_FITNESS,,3847221,10.7M,"100,000,000+",Free,$0,Everyone,Health & Fitness,"August 6, 2024",2.8.6,7.0 and up
Pro Studio Phot 553,PHOTOGRAPHY,4.0,7727,9.2M,"100,000+",Paid,$3.99,Mature 17+,Photography,"May 27, 2024",4.5.3,7.0 and up
Pro Manager Life 554,LIFESTYLE,4.4,617,19.0M,"10,000+",Free,$0,Everyone,Lifestyle,"October 18, 2024",3.6.3,7.0 and up
NextGen Lite Life 555,LIFESTYLE,3.9,27230,13.7M,"500,000+",Free,$0,Everyone,Lifestyle,"May 7, 2024",4.9.5,4.1 and up
NextGen Tracker Pers 556,PERSONALIZATION,,52,Varies with device,"1,000+",Free,$0,Mature 17+,Personalization,"October 23, 2024",4.6.8,4.1 and up
Daily Tracker Heal 557,HEALTH_AND_FITNESS,4.8,3,7.3M,50+,Free,$0,Teen,Health & Fitness,"August 12, 2024",4.2.0,4.1 and up
Quick Studio Phot 558,PHOTOGRAPHY,4.9,532,31.3M,"50,000+",Free,$0,Everyone,Photography,"January 27, 2024",5.4.3,4.4 and up
Pro Hero Phot 559,PHOTOGRAPHY,4.1,4449865,2.3M,"100,000,000+",Free,$0,Everyone 10+,Photography,"July 4, 2024",3.9.8,6.0 and up
NextGen 3D Tool 560,TOOLS,3.6,4959949,4.8M,"100,000,000+",Free,$0,Everyone,Tools,"March 9, 2024",5.3.8,8.0 and up
NextGen Tracker Medi 561,MEDICAL,3.5,794,12.9M,"10,000+",Free,$0,Teen,Medical,"January 14, 2024",1.5.6,6.0 and up
NextGen Portal Medi 562,MEDICAL,5.0,42,40.0M,"1,000+",Free,$0,Everyone,Medical,"July 18, 2024",4.5.0,6.0 and up
Super Vault Prod 563,PRODUCTIVITY,4.6,6653710,31.7M,"100,000,000+",Free,$0,Everyone,Productivity,"March 6, 2024",3.4.1,8.0 and up
Pro Studio Heal 564,HEALTH_AND_FITNESS,,40,42.2M,"1,000+",Free,$0,Everyone,Health & Fitness,"January 16, 2024",2.5.0,5.0 and up
Super Vault Life 565,LIFESTYLE,4.1,53,26.9M,"1,000+",Free,$0,Everyone,Lifestyle,"January 13, 2024",3.1.2,4.1 and up
Easy Vault Phot 566,PHOTOGRAPHY,,2,26.0M,50+,Free,$0,Teen,Photography,"July 4, 2024",5.6.3,7.0 and up
Master Assistant Heal 567,HEALTH_AND_FITNESS,4.7,4249,6.4M,"100,000+",Free,$0,Everyone 10+,Health & Fitness,"January 15, 2024",5.5.9,4.4 and up
Pro Vault Game 568,GAME,4.0,599309,87.3M,"10,000,000+",Free,$0,Mature 17+,Action,"May 12, 2024",4.7.9,6.0 and up
Smart Tracker Tool 569,TOOLS,4.3,1423438,43.3M,"100,000,000+",Free,$0,Everyone,Tools,"August 18, 2024",2.2.7,5.0 and up
Easy Lite Busi 570,BUSINESS,4.1,77918,8.2M,"1,000,000+",Free,$0,Mature 17+,Business,"January 14, 2024",3.3.3,8.0 and up
Pocket Plus Prod 571,PRODUCTIVITY,4.4,283751,27.8M,"5,000,000+",Free,$0,Mature 17+,Productivity,"August 11, 2024",5.4.6,5.0 and up
Master Tracker Tool 572,TOOLS,4.5,44715,31.8M,"1,000,000+",Free,$0,Everyone,Tools,"March 16, 2024",3.6.3,6.0 and up
Pocket Tracker Tool 573,TOOLS,,15,Varies with device,"1,000+",Free,$0,Everyone,Tools,"October 19, 2024",3.0.0,4.4 and up
Smart Plus Prod 574,PRODUCTIVITY,4.3,3,25.8M,50+,Free,$0,Everyone,Productivity,"March 27, 2024",3.1.0,8.0 and up
NextGen Hub Tool 575,TOOLS,4.5,336868,17.9M,"10,000,000+",Free,$0,Everyone,Tools,"August 26, 2024",5.6.1,4.1 and up
Quick Plus Tool 576,TOOLS,3.8,23639,20.5M,"500,000+",Free,$0,Everyone,Tools,"August 19, 2024",2.8.4,4.4 and up
Pro Flow Fina 577,FINANCE,5.0,65,43.6M,"1,000+",Free,$0,Everyone,Finance,"October 3, 2024",4.9.1,4.4 and up
NextGen Portal Life 578,LIFESTYLE,4.2,361,879k,"10,000+",Free,$0,Everyone 10+,Lifestyle,"July 23, 2024",4.7.4,7.0 and up
Quick Plus Comm 579,COMMUNICATION,3.8,36320,11.4M,"500,000+",Free,$0,Teen,Communication,"August 6, 2024",3.4.8,4.1 and up
Easy Studio Tool 580,TOOLS,3.9,463174,Varies with device,"10,000,000+",Free,$0,Everyone,Tools,"July 15, 2024",4.6.6,5.0 and up
Easy Assistant Phot 581,PHOTOGRAPHY,3.2,1,5.3M,10+,Free,$0,Everyone,Photography,"August 17, 2024",5.1.4,4.4 and up
Super Lite Game 582,GAME,3.9,63,41.3M,"5,000+",Free,$0,Everyone 10+,Action,"May 7, 2024",5.2.8,5.0 and up
Easy Lite Fami 583,FAMILY,2.9,6481,26.9M,"100,000+",Free,$0,Teen,Entertainment,"October 17, 2024",2.6.3,4.4 and up
Master Plus Pers 584,PERSONALIZATION,4.6,46,33.1M,"1,000+",Free,$0,Everyone,Personalization,"May 28, 2024",2.6.6,4.4 and up
Daily Tracker Phot 585,PHOTOGRAPHY,4.4,181145,905k,"5,000,000+",Paid,$4.99,Everyone,Photography,"March 14, 2024",4.6.8,5.0 and up
Global Tracker Fina 586,FINANCE,3.7,1,16.2M,10+,Free,$0,Mature 17+,Finance,"August 19, 2024",4.6.3,6.0 and up
Hyper Plus Game 587,GAME,4.2,21617,66.1M,"500,000+",Free,$0,Everyone,Racing,"January 22, 2024",5.2.0,8.0 and up
Pro Manager Busi 588,BUSINESS,4.2,1196495,10.9M,"50,000,000+",Free,$0,Mature 17+,Business,"January 15, 2024",1.5.8,4.1 and up
Hyper Assistant Tool 589,TOOLS,3.6,20992,22.6M,"1,000,000+",Paid,$2.99,Everyone,Tools,"March 10, 2024",4.7.2,7.0 and up
Global Plus Busi 590,BUSINESS,4.1,22586,2.3M,"500,000+",Free,$0,Everyone,Business,"July 20, 2024",2.8.5,7.0 and up
Master Vault Phot 591,PHOTOGRAPHY,,1273,41.5M,"100,000+",Free,$0,Everyone 10+,Photography,"May 13, 2024",5.2.6,4.4 and up
Master Assistant Tool 592,TOOLS,4.2,36879,18.9M,"500,000+",Free,$0,Everyone,Tools,"March 9, 2024",5.4.1,8.0 and up
Master Assistant Pers 593,PERSONALIZATION,4.0,3,5.3M,50+,Free,$0,Everyone,Personalization,"July 15, 2024",2.4.3,7.0 and up
Pro Hub Fami 594,FAMILY,4.1,2,16.8M,50+,Free,$0,Everyone,Puzzle,"July 2, 2024",1.4.1,8.0 and up
NextGen 3D Tool 595,TOOLS,4.3,4249,Varies with device,"100,000+",Free,$0,Everyone 10+,Tools,"July 5, 2024",4.4.2,4.4 and up
Smart Hero Fami 596,FAMILY,3.6,9345,837k,"500,000+",Free,$0,Everyone 10+,Casual,"May 5, 2024",4.5.2,4.4 and up
NextGen Portal Pers 597,PERSONALIZATION,3.9,25131,36.9M,"1,000,000+",Free,$0,Everyone 10+,Personalization,"October 4, 2024",4.4.7,4.1 and up
Pro Assistant Busi 598,BUSINESS,3.9,6,12.3M,100+,Free,$0,Teen,Business,"January 1, 2024",3.3.1,4.4 and up
Smart 3D Game 599,GAME,5.0,1084665,Varies with device,"50,000,000+",Free,$0,Mature 17+,Card,"October 7, 2024",5.3.8,6.0 and up
Quick Plus Comm 600,COMMUNICATION,4.4,1741197,Varies with device,"100,000,000+",Free,$0,Everyone,Communication,"July 7, 2024",4.3.1,8.0 and up
Pro Hub Medi 601,MEDICAL,3.9,35991,23.5M,"500,000+",Free,$0,Everyone 10+,Medical,"August 26, 2024",5.2.4,4.1 and up
NextGen 3D Busi 602,BUSINESS,4.7,37199,7.7M,"1,000,000+",Free,$0,Everyone 10+,Business,"May 28, 2024",4.1.5,4.1 and up
Hyper Portal Busi 603,BUSINESS,4.2,2,44.5M,50+,Free,$0,Mature 17+,Business,"January 10, 2024",2.6.3,7.0 and up
Smart Lite Game 604,GAME,4.7,4491085,66.4M,"100,000,000+",Free,$0,Everyone 10+,Action,"August 15, 2024",3.2.4,5.0 and up
Daily Assistant Heal 605,HEALTH_AND_FITNESS,4.4,553,Varies with device,"10,000+",Free,$0,Everyone,Health & Fitness,"May 8, 2024",2.8.0,8.0 and up
Global Assistant Prod 606,PRODUCTIVITY,5.0,232515,4.8M,"5,000,000+",Free,$0,Everyone,Productivity,"January 21, 2024",2.3.2,4.1 and up
Quick Portal Tool 607,TOOLS,3.6,15,33.0M,"1,000+",Free,$0,Everyone,Tools,"August 8, 2024",3.4.9,6.0 and up
Easy Studio Heal 608,HEALTH_AND_FITNESS,3.9,15601,9.2M,"1,000,000+",Free,$0,Mature 17+,Health & Fitness,"August 24, 2024",4.2.7,4.1 and up
Super Hero Comm 609,COMMUNICATION,5.0,2583141,13.1M,"50,000,000+",Free,$0,Teen,Communication,"May 13, 2024",5.9.7,4.1 and up
Fast Studio Fina 610,FINANCE,4.1,11850,Varies with device,"500,000+",Free,$0,Everyone 10+,Finance,"October 12, 2024",4.6.6,6.0 and up
Hyper Studio Pers 611,PERSONALIZATION,3.6,31,Varies with device,"1,000+",Free,$0,Everyone,Personalization,"July 19, 2024",2.3.6,5.0 and up
Daily 3D Pers 612,PERSONALIZATION,4.5,22101,30.0M,"500,000+",Free,$0,Everyone 10+,Personalization,"March 8, 2024",4.0.5,8.0 and up
Fast Flow Pers 613,PERSONALIZATION,4.7,2,31.3M,50+,Free,$0,Mature 17+,Personalization,"August 22, 2024",2.0.1,4.1 and up
Hyper 3D Heal 614,HEALTH_AND_FITNESS,4.1,25515,10.1M,"500,000+",Free,$0,Teen,Health & Fitness,"May 23, 2024",3.8.8,8.0 and up
Fast Assistant Comm 615,COMMUNICATION,3.2,3133617,6.7M,"50,000,000+",Free,$0,Everyone,Communication,"March 9, 2024",2.6.4,4.1 and up
Pro Hub Tool 616,TOOLS,3.7,1488,30.1M,"100,000+",Free,$0,Everyone,Tools,"March 12, 2024",2.2.3,6.0 and up
Master Vault Tool 617,TOOLS,3.4,6700593,Varies with device,"100,000,000+",Free,$0,Everyone,Tools,"May 28, 2024",4.7.9,4.1 and up
Super Hero Heal 618,HEALTH_AND_FITNESS,5.0,7999,Varies with device,"500,000+",Paid,$9.99,Everyone 10+,Health & Fitness,"January 1, 2024",1.4.0,8.0 and up
Super Plus Busi 619,BUSINESS,,465,44.4M,"10,000+",Free,$0,Teen,Business,"July 25, 2024",3.9.6,5.0 and up
Pocket Plus Fina 620,FINANCE,4.1,379346,4.5M,"5,000,000+",Free,$0,Everyone,Finance,"January 1, 2024",4.6.2,4.1 and up
Daily Hero Busi 621,BUSINESS,4.6,76,21.4M,"1,000+",Free,$0,Teen,Business,"August 14, 2024",2.0.5,4.1 and up
Pro 3D Heal 622,HEALTH_AND_FITNESS,4.9,1639,19.2M,"50,000+",Free,$0,Everyone,Health & Fitness,"May 14, 2024",4.1.6,5.0 and up
Fast Manager Busi 623,BUSINESS,4.9,35445,32.8M,"500,000+",Paid,$1.49,Everyone,Business,"October 18, 2024",4.2.7,4.1 and up
Quick Plus Phot 624,PHOTOGRAPHY,4.4,21,6.5M,"1,000+",Free,$0,Everyone,Photography,"March 11, 2024",4.4.3,8.0 and up
NextGen Hub Medi 625,MEDICAL,4.3,28,23.2M,500+,Free,$0,Everyone,Medical,"March 19, 2024",5.1.5,6.0 and up
NextGen Flow Pers 626,PERSONALIZATION,4.2,64,12.0M,"1,000+",Free,$0,Everyone,Personalization,"January 4, 2024",1.5.9,4.4 and up
Global Lite Pers 627,PERSONALIZATION,4.8,18,33.7M,"1,000+",Free,$0,Mature 17+,Personalization,"August 7, 2024",4.6.5,5.0 and up
Daily Flow Heal 628,HEALTH_AND_FITNESS,4.6,260566,25.1M,"5,000,000+",Free,$0,Everyone,Health & Fitness,"May 27, 2024",2.7.7,4.4 and up
Smart 3D Busi 629,BUSINESS,2.7,282,27.8M,"5,000+",Free,$0,Everyone 10+,Business,"January 9, 2024",5.7.3,6.0 and up
Pro Lite Medi 630,MEDICAL,4.0,1034,42.2M,"50,000+",Free,$0,Everyone 10+,Medical,"January 28, 2024",2.7.6,5.0 and up
Pro Portal Heal 631,HEALTH_AND_FITNESS,3.6,1872999,17.0M,"50,000,000+",Free,$0,Everyone,Health & Fitness,"August 24, 2024",3.4.3,8.0 and up
Super Manager Life 632,LIFESTYLE,3.5,32,4.3M,"1,000+",Free,$0,Everyone,Lifestyle,"July 21, 2024",2.9.2,6.0 and up
Easy Manager Pers 633,PERSONALIZATION,4.8,24683,30.0M,"1,000,000+",Free,$0,Mature 17+,Personalization,"January 22, 2024",2.6.6,8.0 and up
Super Lite Tool 634,TOOLS,4.2,78,Varies with device,"1,000+",Free,$0,Everyone 10+,Tools,"May 19, 2024",4.2.6,4.4 and up
Quick Assistant Fami 635,FAMILY,4.4,44,30.1M,"1,000+",Free,$0,Everyone 10+,Casual,"October 22, 2024",1.7.6,5.0 and up
Pocket Tracker Heal 636,HEALTH_AND_FITNESS,,1,30.8M,50+,Free,$0,Everyone,Health & Fitness,"August 19, 2024",5.7.4,8.0 and up
Global Manager Pers 637,PERSONALIZATION,3.1,18,14.8M,500+,Free,$0,Everyone,Personalization,"January 23, 2024",5.2.6,8.0 and up
Daily Portal Fami 638,FAMILY,4.3,64843,Varies with device,"1,000,000+",Free,$0,Mature 17+,Puzzle,"October 27, 2024",1.3.1,4.4 and up
Pro Portal Busi 639,BUSINESS,4.5,413,Varies with device,"10,000+",Free,$0,Everyone 10+,Business,"March 3, 2024",5.4.0,4.1 and up
Easy Lite Game 640,GAME,3.5,3881966,67.7M,"50,000,000+",Free,$0,Everyone,Racing,"August 26, 2024",3.8.7,4.4 and up
Fast Lite Busi 641,BUSINESS,4.6,23,25.1M,500+,Free,$0,Everyone,Business,"October 27, 2024",1.3.0,4.4 and up
Quick Manager Tool 642,TOOLS,4.8,26075,7.5M,"500,000+",Free,$0,Everyone,Tools,"August 9, 2024",3.6.2,6.0 and up
Easy Flow Phot 643,PHOTOGRAPHY,4.4,397740,5.0M,"10,000,000+",Free,$0,Everyone 10+,Photography,"October 21, 2024",2.5.9,8.0 and up
Hyper Manager Heal 644,HEALTH_AND_FITNESS,4.9,160726,43.5M,"5,000,000+",Free,$0,Everyone,Health & Fitness,"January 18, 2024",1.8.6,4.1 and up
Pocket Lite Fina 645,FINANCE,4.0,64,13.8M,"1,000+",Free,$0,Everyone,Finance,"July 4, 2024",1.2.8,8.0 and up
Super Portal Medi 646,MEDICAL,3.9,1,13.7M,50+,Free,$0,Everyone,Medical,"March 11, 2024",4.2.5,8.0 and up
Master Vault Heal 647,HEALTH_AND_FITNESS,,946,8.7M,"50,000+",Free,$0,Teen,Health & Fitness,"August 24, 2024",3.0.5,8.0 and up
Fast Studio Prod 648,PRODUCTIVITY,4.6,1140865,23.6M,"50,000,000+",Free,$0,Teen,Productivity,"August 23, 2024",2.4.1,5.0 and up
Super Flow Comm 649,COMMUNICATION,4.1,15563,9.1M,"1,000,000+",Paid,$14.99,Teen,Communication,"January 14, 2024",5.2.7,6.0 and up
Hyper Tracker Life 650,LIFESTYLE,4.7,2657,32.7M,"50,000+",Free,$0,Everyone 10+,Lifestyle,"May 8, 2024",5.9.0,7.0 and up
NextGen Portal Phot 651,PHOTOGRAPHY,4.4,36632,7.7M,"500,000+",Free,$0,Everyone,Photography,"July 16, 2024",4.2.5,4.1 and up
Daily Hub Fina 652,FINANCE,5.0,1515,2.1M,"50,000+",Free,$0,Teen,Finance,"March 10, 2024",5.0.7,7.0 and up
Pocket Tracker Phot 653,PHOTOGRAPHY,4.1,265,2.2M,"5,000+",Free,$0,Everyone,Photography,"July 12, 2024",1.1.6,6.0 and up
Daily Portal Prod 654,PRODUCTIVITY,4.8,3,2.3M,50+,Free,$0,Everyone,Productivity,"March 16, 2024",4.5.4,5.0 and up
Daily Hero Comm 655,COMMUNICATION,3.6,1760,9.0M,"100,000+",Free,$0,Teen,Communication,"January 12, 2024",2.1.3,5.0 and up
Hyper Assistant Fami 656,FAMILY,3.9,6207,353k,"100,000+",Free,$0,Everyone 10+,Education,"May 4, 2024",4.7.8,6.0 and up
Pocket Assistant Heal 657,HEALTH_AND_FITNESS,5.0,225650,18.7M,"5,000,000+",Free,$0,Everyone,Health & Fitness,"January 5, 2024",2.5.8,4.1 and up
Pro Flow Heal 658,HEALTH_AND_FITNESS,4.6,34,2.3M,500+,Free,$0,Everyone,Health & Fitness,"July 3, 2024",4.3.9,4.4 and up
Quick Hero Pers 659,PERSONALIZATION,4.4,636709,12.6M,"10,000,000+",Free,$0,Everyone,Personalization,"July 23, 2024",1.8.9,4.4 and up
Quick Hub Prod 660,PRODUCTIVITY,,96303,42.0M,"5,000,000+",Free,$0,Mature 17+,Productivity,"March 3, 2024",1.6.6,7.0 and up
Quick Lite Medi 661,MEDICAL,,398,4.2M,"10,000+",Free,$0,Everyone,Medical,"May 12, 2024",4.3.5,4.1 and up
Pro Tracker Tool 662,TOOLS,4.3,56230,14.0M,"1,000,000+",Free,$0,Teen,Tools,"March 9, 2024",4.5.5,5.0 and up
NextGen Tracker Game 663,GAME,4.7,28,519k,500+,Free,$0,Everyone,Action,"October 25, 2024",5.8.9,5.0 and up
Quick Vault Prod 664,PRODUCTIVITY,4.8,1844172,910k,"50,000,000+",Free,$0,Everyone,Productivity,"August 21, 2024",2.3.7,4.1 and up
Global Lite Game 665,GAME,4.8,3110,57.7M,"100,000+",Free,$0,Everyone,Racing,"March 14, 2024",5.4.8,5.0 and up
NextGen 3D Fina 666,FINANCE,5.0,1822,24.5M,"100,000+",Free,$0,Everyone,Finance,"March 20, 2024",3.2.4,4.1 and up
Fast Plus Busi 667,BUSINESS,3.6,6,39.4M,100+,Free,$0,Everyone,Business,"July 25, 2024",5.6.8,6.0 and up
Quick Manager Comm 668,COMMUNICATION,4.1,512601,2.4M,"50,000,000+",Free,$0,Mature 17+,Communication,"July 17, 2024",5.4.4,4.4 and up
Daily Hub Medi 669,MEDICAL,,109888,3.7M,"5,000,000+",Free,$0,Everyone,Medical,"March 9, 2024",1.3.3,7.0 and up
NextGen Lite Game 670,GAME,4.4,2714390,90.7M,"50,000,000+",Free,$0,Everyone,Action,"October 5, 2024",4.9.4,5.0 and up
Pocket Plus Fami 671,FAMILY,4.5,3056,2.7M,"50,000+",Free,$0,Mature 17+,Casual,"January 24, 2024",4.4.9,7.0 and up
Quick Lite Prod 672,PRODUCTIVITY,4.4,2881,34.4M,"100,000+",Free,$0,Everyone,Productivity,"October 24, 2024",4.5.2,6.0 and up
Smart Studio Game 673,GAME,4.7,22951,54.2M,"1,000,000+",Free,$0,Everyone 10+,Role Playing,"May 1, 2024",3.2.2,6.0 and up
Super Manager Heal 674,HEALTH_AND_FITNESS,4.5,15043,43.7M,"1,000,000+",Free,$0,Mature 17+,Health & Fitness,"March 24, 2024",1.9.1,6.0 and up
Super Tracker Comm 675,COMMUNICATION,4.9,6344120,Varies with device,"100,000,000+",Free,$0,Everyone,Communication,"May 5, 2024",5.0.0,4.1 and up
Fast Hub Life 676,LIFESTYLE,4.0,2,21.1M,100+,Free,$0,Everyone,Lifestyle,"July 5, 2024",2.0.8,8.0 and up
Pro Tracker Medi 677,MEDICAL,3.5,859,38.0M,"50,000+",Free,$0,Everyone,Medical,"January 8, 2024",4.6.2,5.0 and up
Quick Flow Heal 678,HEALTH_AND_FITNESS,3.3,18466,6.8M,"500,000+",Free,$0,Everyone,Health & Fitness,"March 4, 2024",3.5.1,7.0 and up
Pocket Hub Fina 679,FINANCE,3.4,363,693k,"5,000+",Free,$0,Everyone,Finance,"October 14, 2024",2.4.9,5.0 and up
Easy Studio Fina 680,FINANCE,4.0,281,32.6M,"5,000+",Paid,$299.99,Everyone 10+,Finance,"March 11, 2024",2.6.7,8.0 and up
Super Vault Phot 681,PHOTOGRAPHY,4.3,399,480k,"10,000+",Free,$0,Everyone,Photography,"July 12, 2024",3.7.6,6.0 and up
Global Flow Pers 682,PERSONALIZATION,3.8,3334,12.6M,"100,000+",Free,$0,Teen,Personalization,"August 18, 2024",4.8.8,4.4 and up
Global 3D Comm 683,COMMUNICATION,3.0,1976442,34.2M,"50,000,000+",Free,$0,Everyone,Communication,"May 1, 2024",2.0.5,7.0 and up
Super Tracker Phot 684,PHOTOGRAPHY,3.8,3689766,35.5M,"50,000,000+",Free,$0,Teen,Photography,"March 27, 2024",5.6.3,4.4 and up
Fast Manager Prod 685,PRODUCTIVITY,3.9,9103,900k,"500,000+",Paid,$4.99,Everyone,Productivity,"October 4, 2024",5.1.7,7.0 and up
Smart Lite Tool 686,TOOLS,4.2,1988,Varies with device,"100,000+",Free,$0,Teen,Tools,"March 25, 2024",2.7.2,8.0 and up
Master Assistant Life 687,LIFESTYLE,4.9,302,2.6M,"5,000+",Free,$0,Everyone,Lifestyle,"October 2, 2024",5.2.8,4.4 and up
Hyper Flow Fami 688,FAMILY,3.2,3818,13.1M,"50,000+",Free,$0,Everyone,Puzzle,"October 8, 2024",4.2.4,4.1 and up
Smart 3D Life 689,LIFESTYLE,4.5,2483,9.9M,"100,000+",Free,$0,Mature 17+,Lifestyle,"August 27, 2024",1.7.7,5.0 and up
Hyper Manager Heal 690,HEALTH_AND_FITNESS,4.5,6913,13.6M,"500,000+",Free,$0,Everyone,Health & Fitness,"August 25, 2024",3.0.3,5.0 and up
Super Plus Tool 691,TOOLS,4.0,5179775,25.7M,"100,000,000+",Free,$0,Everyone,Tools,"March 9, 2024",1.9.9,4.1 and up
Pro Tracker Busi 692,BUSINESS,4.4,320206,Varies with device,"10,000,000+",Free,$0,Everyone,Business,"July 17, 2024",2.5.6,8.0 and up
Fast Flow Fina 693,FINANCE,4.1,1,6.3M,50+,Free,$0,Everyone,Finance,"January 19, 2024",4.7.9,4.1 and up
Smart Flow Medi 694,MEDICAL,4.5,4,Varies with device,100+,Free,$0,Everyone,Medical,"October 21, 2024",2.2.8,7.0 and up
Master Manager Pers 695,PERSONALIZATION,3.7,337,20.5M,"10,000+",Free,$0,Everyone 10+,Personalization,"July 8, 2024",2.9.9,4.1 and up
Super Tracker Tool 696,TOOLS,3.7,999,43.7M,"50,000+",Free,$0,Everyone,Tools,"July 4, 2024",4.5.2,5.0 and up
Easy Vault Tool 697,TOOLS,,354329,940k,"10,000,000+",Free,$0,Teen,Tools,"May 25, 2024",4.2.1,7.0 and up
Pocket Hero Phot 698,PHOTOGRAPHY,4.7,19032,7.5M,"500,000+",Free,$0,Mature 17+,Photography,"May 12, 2024",1.6.8,6.0 and up
Global Flow Medi 699,MEDICAL,3.4,6997,26.1M,"500,000+",Free,$0,Everyone,Medical,"May 13, 2024",2.9.6,4.1 and up
Master Flow Prod 700,PRODUCTIVITY,3.7,827,40.7M,"50,000+",Free,$0,Everyone,Productivity,"March 24, 2024",1.6.6,4.4 and up
Super Lite Comm 701,COMMUNICATION,4.1,3396,33.9M,"100,000+",Free,$0,Teen,Communication,"January 18, 2024",2.7.2,8.0 and up
Global Tracker Prod 702,PRODUCTIVITY,4.2,395733,Varies with device,"5,000,000+",Free,$0,Teen,Productivity,"July 7, 2024",1.3.0,8.0 and up
Easy Flow Comm 703,COMMUNICATION,3.5,1116369,5.5M,"50,000,000+",Free,$0,Teen,Communication,"July 17, 2024",2.4.2,4.1 and up
Pocket Hero Game 704,GAME,3.4,215,53.0M,"10,000+",Free,$0,Everyone,Role Playing,"October 14, 2024",3.9.6,4.1 and up
Super 3D Life 705,LIFESTYLE,4.4,2837868,44.4M,"50,000,000+",Free,$0,Everyone 10+,Lifestyle,"October 24, 2024",3.0.2,6.0 and up
Pocket Hub Tool 706,TOOLS,4.3,32720,33.1M,"500,000+",Free,$0,Everyone,Tools,"October 15, 2024",5.1.0,4.4 and up
Hyper 3D Pers 707,PERSONALIZATION,4.9,1,17.0M,10+,Free,$0,Everyone 10+,Personalization,"August 1, 2024",3.5.0,5.0 and up
Fast Studio Medi 708,MEDICAL,4.2,5542,17.1M,"100,000+",Free,$0,Mature 17+,Medical,"May 4, 2024",2.7.6,5.0 and up
Daily Assistant Tool 709,TOOLS,4.5,367094,20.8M,"10,000,000+",Free,$0,Mature 17+,Tools,"January 3, 2024",1.1.0,7.0 and up
Master 3D Comm 710,COMMUNICATION,3.8,6262087,Varies with device,"100,000,000+",Free,$0,Mature 17+,Communication,"January 22, 2024",3.6.3,4.4 and up
Super Plus Phot 711,PHOTOGRAPHY,3.8,69943,36.1M,"1,000,000+",Free,$0,Everyone 10+,Photography,"October 26, 2024",4.0.5,4.4 and up
Easy Flow Life 712,LIFESTYLE,3.5,285,19.8M,"10,000+",Free,$0,Teen,Lifestyle,"January 1, 2024",1.2.5,7.0 and up
Pocket Manager Pers 713,PERSONALIZATION,3.8,77141,43.9M,"1,000,000+",Free,$0,Everyone 10+,Personalization,"July 27, 2024",1.9.6,4.4 and up
Fast Manager Heal 714,HEALTH_AND_FITNESS,4.0,38,386k,"1,000+",Free,$0,Everyone,Health & Fitness,"August 4, 2024",5.6.4,7.0 and up
Quick Hub Tool 715,TOOLS,4.8,82642,27.5M,"5,000,000+",Paid,$1.49,Mature 17+,Tools,"July 1, 2024",2.7.5,4.4 and up
Easy Plus Prod 716,PRODUCTIVITY,3.7,47,35.8M,"1,000+",Free,$0,Everyone 10+,Productivity,"January 9, 2024",1.2.0,8.0 and up
Super Studio Busi 717,BUSINESS,5.0,3745,418k,"50,000+",Free,$0,Everyone,Business,"January 16, 2024",3.3.6,4.1 and up
Hyper Hub Phot 718,PHOTOGRAPHY,4.5,220,20.1M,"5,000+",Free,$0,Everyone 10+,Photography,"July 26, 2024",2.2.4,4.1 and up
Super Lite Tool 719,TOOLS,4.4,795,25.5M,"10,000+",Free,$0,Everyone 10+,Tools,"May 4, 2024",2.9.0,7.0 and up
Quick Lite Fami 720,FAMILY,4.2,1,11.4M,50+,Free,$0,Everyone,Education,"May 9, 2024",4.3.1,5.0 and up
Master 3D Pers 721,PERSONALIZATION,4.1,6663,41.7M,"100,000+",Free,$0,Everyone,Personalization,"October 28, 2024",3.6.1,7.0 and up
Smart Plus Busi 722,BUSINESS,3.9,3838,20.2M,"50,000+",Free,$0,Everyone,Business,"August 4, 2024",5.6.6,4.4 and up
Pocket Flow Busi 723,BUSINESS,3.5,3367,43.2M,"50,000+",Free,$0,Teen,Business,"May 20, 2024",5.5.6,4.1 and up
Pocket Assistant Game 724,GAME,3.8,653627,Varies with device,"10,000,000+",Free,$0,Everyone,Arcade,"March 25, 2024",3.1.0,5.0 and up
Fast Lite Pers 725,PERSONALIZATION,5.0,249,12.0M,"10,000+",Paid,$2.99,Mature 17+,Personalization,"March 4, 2024",5.4.9,8.0 and up
NextGen Assistant Game 726,GAME,4.5,2887461,30.9M,"50,000,000+",Paid,$0.99,Everyone,Racing,"July 4, 2024",1.7.2,7.0 and up
Quick Vault Fina 727,FINANCE,,11,26.8M,"1,000+",Paid,$1.99,Teen,Finance,"January 18, 2024",5.0.5,8.0 and up
Master Hub Fami 728,FAMILY,5.0,3,15.6M,50+,Free,$0,Everyone,Casual,"August 25, 2024",3.7.9,4.1 and up
Fast Studio Comm 729,COMMUNICATION,3.6,222,38.3M,"5,000+",Free,$0,Everyone,Communication,"January 8, 2024",1.0.2,4.1 and up
Quick Manager Fina 730,FINANCE,3.8,80,37.1M,"5,000+",Free,$0,Everyone,Finance,"October 28, 2024",1.4.0,4.1 and up
Super Hero Fami 731,FAMILY,3.8,1,13.6M,50+,Free,$0,Everyone,Entertainment,"August 15, 2024",1.2.5,4.4 and up
NextGen Studio Busi 732,BUSINESS,4.2,56776,22.6M,"1,000,000+",Free,$0,Everyone,Business,"May 25, 2024",4.3.1,5.0 and up
Pocket Portal Medi 733,MEDICAL,4.7,68,38.8M,"1,000+",Free,$0,Everyone,Medical,"July 2, 2024",2.0.3,6.0 and up
Master Hub Comm 734,COMMUNICATION,4.2,1691575,24.1M,"50,000,000+",Free,$0,Everyone,Communication,"October 15, 2024",2.8.1,4.4 and up
Hyper Studio Prod 735,PRODUCTIVITY,3.6,35375,10.1M,"500,000+",Free,$0,Everyone,Productivity,"October 10, 2024",5.1.2,6.0 and up
Super Plus Game 736,GAME,3.5,558057,53.1M,"50,000,000+",Free,$0,Everyone,Card,"May 4, 2024",5.1.5,6.0 and up
Hyper Portal Prod 737,PRODUCTIVITY,4.5,40159389,17.9M,"1,000,000,000+",Paid,$7.99,Everyone,Productivity,"May 7, 2024",4.2.9,5.0 and up
Daily Assistant Life 738,LIFESTYLE,,8821,6.8M,"500,000+",Free,$0,Everyone,Lifestyle,"August 9, 2024",2.1.8,4.1 and up
Global 3D Medi 739,MEDICAL,5.0,601,Varies with device,"10,000+",Free,$0,Everyone 10+,Medical,"May 16, 2024",2.2.3,5.0 and up
Fast Vault Heal 740,HEALTH_AND_FITNESS,,1,41.0M,50+,Free,$0,Everyone 10+,Health & Fitness,"May 28, 2024",2.2.5,8.0 and up
Smart Lite Game 741,GAME,3.7,729908,Varies with device,"10,000,000+",Free,$0,Everyone,Arcade,"January 6, 2024",3.1.2,8.0 and up
Master Vault Fami 742,FAMILY,4.5,503,3.9M,"50,000+",Paid,$3.99,Everyone,Entertainment,"August 17, 2024",2.2.1,4.1 and up
Master Studio Medi 743,MEDICAL,5.0,3,22.9M,50+,Free,$0,Everyone,Medical,"May 10, 2024",3.8.9,6.0 and up
NextGen Portal Game 744,GAME,,60975,83.5M,"1,000,000+",Free,$0,Everyone,Strategy,"May 16, 2024",1.3.9,8.0 and up
Pocket Plus Pers 745,PERSONALIZATION,4.0,6210,29.5M,"100,000+",Free,$0,Everyone 10+,Personalization,"October 18, 2024",4.8.2,5.0 and up
Pocket Assistant Heal 746,HEALTH_AND_FITNESS,3.6,51240,10.2M,"1,000,000+",Free,$0,Everyone 10+,Health & Fitness,"May 27, 2024",5.1.6,6.0 and up
Easy Hub Busi 747,BUSINESS,4.0,7786289,22.1M,"100,000,000+",Free,$0,Everyone,Business,"August 18, 2024",2.4.7,5.0 and up
Pro Studio Game 748,GAME,4.8,12866716,19.3M,"1,000,000,000+",Free,$0,Teen,Strategy,"May 22, 2024",1.0.4,4.4 and up
Daily Flow Fina 749,FINANCE,4.3,3854,32.7M,"50,000+",Free,$0,Everyone 10+,Finance,"March 14, 2024",5.1.4,4.4 and up
Pocket Plus Fami 750,FAMILY,4.3,6681,43.6M,"100,000+",Free,$0,Everyone,Puzzle,"May 20, 2024",3.2.9,6.0 and up
Global Manager Heal 751,HEALTH_AND_FITNESS,4.0,5,717k,100+,Free,$0,Everyone,Health & Fitness,"January 10, 2024",5.7.8,4.4 and up
Super Manager Comm 752,COMMUNICATION,4.5,4685999,31.5M,"100,000,000+",Free,$0,Everyone,Communication,"July 15, 2024",4.6.7,4.1 and up
Hyper Hub Life 753,LIFESTYLE,4.7,1,12.4M,10+,Free,$0,Everyone,Lifestyle,"August 18, 2024",5.4.0,6.0 and up
NextGen Tracker Tool 754,TOOLS,3.8,2119,38.1M,"50,000+",Free,$0,Everyone,Tools,"October 4, 2024",3.9.1,5.0 and up
Fast Lite Busi 755,BUSINESS,3.5,3,24.0M,50+,Free,$0,Everyone 10+,Business,"March 17, 2024",2.8.7,4.4 and up
Easy Flow Prod 756,PRODUCTIVITY,3.2,1588117,Varies with device,"50,000,000+",Free,$0,Everyone 10+,Productivity,"March 4, 2024",1.0.2,7.0 and up
Super Plus Game 757,GAME,4.4,121502,50.5M,"5,000,000+",Paid,$7.99,Teen,Racing,"March 27, 2024",2.8.4,7.0 and up
NextGen Vault Heal 758,HEALTH_AND_FITNESS,4.4,186,Varies with device,"10,000+",Free,$0,Everyone 10+,Health & Fitness,"October 8, 2024",2.8.8,4.4 and up
Easy Hero Phot 759,PHOTOGRAPHY,5.0,2836374,30.7M,"50,000,000+",Free,$0,Everyone 10+,Photography,"January 15, 2024",4.6.2,4.1 and up
Super Vault Medi 760,MEDICAL,4.2,372,Varies with device,"10,000+",Free,$0,Everyone 10+,Medical,"August 15, 2024",1.5.2,6.0 and up
Easy Tracker Pers 761,PERSONALIZATION,4.1,393,23.6M,"5,000+",Free,$0,Everyone 10+,Personalization,"August 13, 2024",5.1.2,8.0 and up
NextGen 3D Tool 762,TOOLS,4.3,2471017,8.0M,"50,000,000+",Free,$0,Everyone 10+,Tools,"May 13, 2024",1.7.6,6.0 and up
Global 3D Busi 763,BUSINESS,4.3,74918,7.6M,"1,000,000+",Free,$0,Mature 17+,Business,"May 19, 2024",5.6.1,4.1 and up
Quick Hub Fami 764,FAMILY,4.1,282,15.9M,"5,000+",Free,$0,Everyone 10+,Education,"March 4, 2024",2.6.6,4.1 and up
Super Tracker Fami 765,FAMILY,,34,28.1M,500+,Free,$0,Everyone,Entertainment,"May 4, 2024",4.6.2,8.0 and up
Quick Hero Busi 766,BUSINESS,3.8,22188,33.9M,"500,000+",Free,$0,Mature 17+,Business,"March 3, 2024",5.0.1,4.4 and up
Pro Lite Fami 767,FAMILY,4.2,321,16.7M,"5,000+",Free,$0,Everyone 10+,Education,"October 17, 2024",4.3.3,7.0 and up
Pocket Vault Phot 768,PHOTOGRAPHY,4.3,729829,20.9M,"10,000,000+",Free,$0,Everyone,Photography,"August 3, 2024",2.8.4,4.1 and up
Quick Tracker Game 769,GAME,5.0,2605,90.2M,"50,000+",Free,$0,Everyone,Role Playing,"July 23, 2024",3.1.2,5.0 and up
Global Plus Game 770,GAME,4.0,3486183,46.9M,"50,000,000+",Paid,$1.49,Mature 17+,Racing,"July 9, 2024",1.0.5,6.0 and up
Pocket Tracker Medi 771,MEDICAL,2.9,9,41.7M,500+,Free,$0,Everyone,Medical,"March 16, 2024",1.9.9,8.0 and up
Super Assistant Fami 772,FAMILY,4.2,5,Varies with device,100+,Free,$0,Everyone,Entertainment,"May 24, 2024",1.1.0,6.0 and up
NextGen Lite Life 773,LIFESTYLE,4.4,201,43.8M,"5,000+",Paid,$2.99,Mature 17+,Lifestyle,"August 28, 2024",4.0.8,6.0 and up
Hyper 3D Fami 774,FAMILY,4.2,187,7.0M,"10,000+",Free,$0,Mature 17+,Puzzle,"May 12, 2024",2.5.6,4.1 and up
Super Vault Prod 775,PRODUCTIVITY,2.7,535,36.7M,"50,000+",Free,$0,Everyone,Productivity,"January 28, 2024",2.0.1,4.1 and up
Smart Hero Tool 776,TOOLS,4.3,13,12.5M,"1,000+",Free,$0,Mature 17+,Tools,"July 16, 2024",1.1.1,5.0 and up
Master 3D Life 777,LIFESTYLE,4.5,6146,11.5M,"100,000+",Free,$0,Everyone,Lifestyle,"August 10, 2024",2.8.4,5.0 and up
Pro Lite Pers 778,PERSONALIZATION,3.5,7302,14.0M,"100,000+",Free,$0,Everyone,Personalization,"August 8, 2024",3.8.3,4.1 and up
Pro Plus Fina 779,FINANCE,3.8,29,6.9M,500+,Free,$0,Everyone,Finance,"May 9, 2024",5.6.4,4.1 and up
Global Assistant Fami 780,FAMILY,4.1,4467502,3.9M,"100,000,000+",Free,$0,Everyone,Entertainment,"October 14, 2024",5.0.4,4.1 and up
Pro Vault Life 781,LIFESTYLE,3.9,3,13.3M,50+,Free,$0,Everyone,Lifestyle,"January 11, 2024",5.6.6,8.0 and up
Super Portal Pers 782,PERSONALIZATION,4.0,3,38.9M,100+,Free,$0,Teen,Personalization,"July 19, 2024",5.8.4,4.4 and up
Fast Plus Comm 783,COMMUNICATION,,19231,42.9M,"1,000,000+",Free,$0,Everyone,Communication,"August 10, 2024",3.9.6,4.1 and up
Pocket Hero Busi 784,BUSINESS,4.0,5,28.1M,100+,Free,$0,Mature 17+,Business,"October 11, 2024",3.2.7,6.0 and up
Pro Studio Fami 785,FAMILY,4.3,629,25.9M,"50,000+",Free,$0,Mature 17+,Puzzle,"January 9, 2024",5.8.5,4.1 and up
Easy Hero Phot 786,PHOTOGRAPHY,4.4,28167856,9.5M,"1,000,000,000+",Free,$0,Everyone 10+,Photography,"January 8, 2024",1.0.2,8.0 and up
Global Lite Life 787,LIFESTYLE,4.8,64,Varies with device,"5,000+",Free,$0,Everyone,Lifestyle,"May 1, 2024",3.8.0,7.0 and up
Super Hub Prod 788,PRODUCTIVITY,2.9,45485,Varies with device,"1,000,000+",Free,$0,Mature 17+,Productivity,"May 27, 2024",4.1.6,5.0 and up
Pocket Vault Tool 789,TOOLS,4.7,65,30.0M,"1,000+",Free,$0,Everyone,Tools,"August 1, 2024",2.5.0,5.0 and up
Super Vault Tool 790,TOOLS,3.5,1240178,33.9M,"50,000,000+",Free,$0,Everyone 10+,Tools,"May 7, 2024",4.9.0,8.0 and up
Hyper Flow Pers 791,PERSONALIZATION,,77,11.7M,"5,000+",Free,$0,Mature 17+,Personalization,"October 18, 2024",4.8.1,7.0 and up
NextGen Portal Fami 792,FAMILY,4.1,464,26.7M,"10,000+",Free,$0,Everyone,Puzzle,"March 26, 2024",3.3.7,5.0 and up
Fast Plus Pers 793,PERSONALIZATION,4.6,41150,5.4M,"1,000,000+",Free,$0,Everyone,Personalization,"May 21, 2024",4.9.3,6.0 and up
Global Manager Comm 794,COMMUNICATION,4.6,3,31.0M,50+,Free,$0,Mature 17+,Communication,"May 26, 2024",3.5.5,4.1 and up
Hyper Portal Game 795,GAME,4.0,394136,76.8M,"5,000,000+",Free,$0,Teen,Role Playing,"January 6, 2024",1.6.4,7.0 and up
Fast Hub Pers 796,PERSONALIZATION,,18,31.7M,"1,000+",Free,$0,Everyone,Personalization,"August 28, 2024",5.6.6,5.0 and up
Fast Portal Tool 797,TOOLS,4.2,134502,37.5M,"5,000,000+",Free,$0,Mature 17+,Tools,"August 4, 2024",1.1.5,6.0 and up
Fast Assistant Comm 798,COMMUNICATION,3.4,1512,337k,"50,000+",Free,$0,Mature 17+,Communication,"August 3, 2024",2.0.9,7.0 and up
Hyper Lite Fina 799,FINANCE,4.3,1,42.6M,10+,Free,$0,Everyone,Finance,"July 11, 2024",1.9.8,7.0 and up
Easy Lite Busi 800,BUSINESS,4.2,36,3.8M,"1,000+",Free,$0,Everyone 10+,Business,"March 14, 2024",5.4.9,7.0 and up
Pocket Hero Fina 801,FINANCE,4.5,2,11.6M,100+,Free,$0,Everyone,Finance,"August 25, 2024",1.3.4,4.4 and up
Daily Portal Game 802,GAME,,628405,91.8M,"10,000,000+",Free,$0,Everyone,Arcade,"January 16, 2024",1.5.3,5.0 and up
Fast Studio Busi 803,BUSINESS,3.6,464,6.7M,"10,000+",Free,$0,Everyone,Business,"July 14, 2024",4.4.1,4.4 and up
Pocket Hub Medi 804,MEDICAL,4.2,310,Varies with device,"5,000+",Free,$0,Everyone,Medical,"May 15, 2024",5.1.5,4.1 and up
Fast Portal Comm 805,COMMUNICATION,3.0,1611345,39.7M,"50,000,000+",Paid,$0.99,Everyone,Communication,"March 19, 2024",4.3.3,5.0 and up
Master Manager Phot 806,PHOTOGRAPHY,3.9,6134,39.7M,"100,000+",Free,$0,Everyone 10+,Photography,"October 7, 2024",1.6.1,6.0 and up
Fast Manager Life 807,LIFESTYLE,4.3,127,29.1M,"10,000+",Free,$0,Everyone,Lifestyle,"July 17, 2024",2.4.3,5.0 and up
Master Flow Heal 808,HEALTH_AND_FITNESS,4.3,374547,6.2M,"10,000,000+",Free,$0,Everyone,Health & Fitness,"July 15, 2024",3.3.6,4.1 and up
Pocket Flow Tool 809,TOOLS,4.8,179475,35.3M,"10,000,000+",Free,$0,Teen,Tools,"August 14, 2024",2.0.4,5.0 and up
Hyper Tracker Life 810,LIFESTYLE,3.6,493,19.7M,"10,000+",Free,$0,Teen,Lifestyle,"July 9, 2024",1.4.7,8.0 and up
NextGen Tracker Prod 811,PRODUCTIVITY,4.1,315,9.2M,"10,000+",Free,$0,Everyone 10+,Productivity,"January 20, 2024",5.5.2,7.0 and up
Fast Tracker Life 812,LIFESTYLE,,6616,41.2M,"100,000+",Free,$0,Mature 17+,Lifestyle,"January 21, 2024",1.8.3,5.0 and up
Smart Portal Life 813,LIFESTYLE,4.7,3768,8.9M,"100,000+",Free,$0,Teen,Lifestyle,"March 18, 2024",2.0.0,4.1 and up
Daily Assistant Life 814,LIFESTYLE,,326970,3.0M,"5,000,000+",Free,$0,Everyone 10+,Lifestyle,"March 2, 2024",3.1.6,8.0 and up
Fast Hero Comm 815,COMMUNICATION,,3516942,32.3M,"50,000,000+",Free,$0,Everyone,Communication,"January 24, 2024",5.9.2,4.1 and up
Quick Vault Pers 816,PERSONALIZATION,4.2,7015,34.0M,"100,000+",Free,$0,Teen,Personalization,"March 4, 2024",3.9.7,6.0 and up
Super Plus Medi 817,MEDICAL,3.8,38,41.0M,500+,Free,$0,Everyone,Medical,"July 1, 2024",4.6.5,7.0 and up
Master Plus Pers 818,PERSONALIZATION,,25225,21.2M,"500,000+",Free,$0,Everyone,Personalization,"October 10, 2024",3.2.1,4.1 and up
Quick Studio Life 819,LIFESTYLE,,2576,38.0M,"50,000+",Free,$0,Mature 17+,Lifestyle,"March 2, 2024",4.4.6,5.0 and up
Smart Tracker Pers 820,PERSONALIZATION,4.0,16250,2.2M,"500,000+",Free,$0,Mature 17+,Personalization,"July 18, 2024",4.5.3,5.0 and up
Daily Portal Phot 821,PHOTOGRAPHY,4.3,35,Varies with device,500+,Free,$0,Everyone 10+,Photography,"January 13, 2024",2.0.2,7.0 and up
Smart Plus Pers 822,PERSONALIZATION,3.5,1,Varies with device,10+,Free,$0,Everyone,Personalization,"October 26, 2024",5.7.2,8.0 and up
Hyper Tracker Life 823,LIFESTYLE,3.7,153,41.6M,"5,000+",Free,$0,Mature 17+,Lifestyle,"May 20, 2024",3.9.2,4.4 and up
Global 3D Medi 824,MEDICAL,3.6,35987,11.1M,"1,000,000+",Free,$0,Everyone 10+,Medical,"October 28, 2024",2.2.8,8.0 and up
Pocket Assistant Phot 825,PHOTOGRAPHY,4.5,112,2.2M,"5,000+",Free,$0,Everyone,Photography,"October 4, 2024",5.7.5,4.1 and up
Global Manager Fami 826,FAMILY,4.8,1,16.8M,50+,Paid,$3.99,Teen,Puzzle,"August 24, 2024",3.5.9,6.0 and up
Super Vault Medi 827,MEDICAL,4.6,20,13.3M,"1,000+",Free,$0,Mature 17+,Medical,"August 21, 2024",4.5.9,7.0 and up
Fast Vault Busi 828,BUSINESS,4.7,1,387k,10+,Free,$0,Everyone,Business,"August 5, 2024",2.2.7,4.1 and up
Pro Manager Fina 829,FINANCE,3.8,4581,16.1M,"100,000+",Free,$0,Everyone,Finance,"March 18, 2024",4.6.6,8.0 and up
Easy Portal Phot 830,PHOTOGRAPHY,,3218,11.2M,"100,000+",Free,$0,Everyone 10+,Photography,"May 23, 2024",2.6.8,6.0 and up
NextGen Hub Phot 831,PHOTOGRAPHY,4.3,490,3.1M,"10,000+",Free,$0,Teen,Photography,"October 12, 2024",4.3.9,7.0 and up
Pocket Manager Prod 832,PRODUCTIVITY,3.7,376617,17.5M,"5,000,000+",Free,$0,Mature 17+,Productivity,"May 11, 2024",1.5.4,7.0 and up
Pro Flow Fami 833,FAMILY,3.9,2924,Varies with device,"100,000+",Free,$0,Everyone,Entertainment,"May 21, 2024",1.9.0,8.0 and up
Master Manager Phot 834,PHOTOGRAPHY,4.2,4314138,36.7M,"100,000,000+",Paid,$399.99,Everyone,Photography,"October 24, 2024",2.2.1,6.0 and up
Master Flow Game 835,GAME,4.9,5974136,37.2M,"100,000,000+",Free,$0,Everyone 10+,Action,"August 24, 2024",1.5.5,8.0 and up
Daily Tracker Tool 836,TOOLS,5.0,379190,30.8M,"5,000,000+",Paid,$14.99,Everyone,Tools,"October 9, 2024",1.2.7,4.1 and up
Fast Portal Medi 837,MEDICAL,3.7,38647,42.5M,"1,000,000+",Free,$0,Mature 17+,Medical,"May 4, 2024",3.7.9,8.0 and up
Master Hub Game 838,GAME,,18138,29.9M,"1,000,000+",Free,$0,Everyone,Racing,"March 26, 2024",1.3.5,6.0 and up
Quick Hero Game 839,GAME,4.4,68611582,30.3M,"1,000,000,000+",Free,$0,Everyone,Card,"May 2, 2024",4.4.2,5.0 and up
Hyper Plus Tool 840,TOOLS,3.6,684,44.1M,"10,000+",Free,$0,Teen,Tools,"May 3, 2024",4.5.9,5.0 and up
NextGen Flow Fina 841,FINANCE,,682,18.6M,"10,000+",Free,$0,Everyone,Finance,"October 14, 2024",3.4.3,5.0 and up
Super Portal Pers 842,PERSONALIZATION,3.2,6413,3.4M,"100,000+",Free,$0,Everyone 10+,Personalization,"October 6, 2024",4.2.7,7.0 and up
Global Assistant Fina 843,FINANCE,3.9,560813,6.5M,"10,000,000+",Free,$0,Everyone,Finance,"March 14, 2024",4.5.5,8.0 and up
Pocket Hero Game 844,GAME,4.0,2139,50.1M,"100,000+",Free,$0,Mature 17+,Arcade,"August 23, 2024",4.6.7,4.4 and up
Global Lite Medi 845,MEDICAL,3.5,218895,Varies with device,"5,000,000+",Free,$0,Everyone,Medical,"August 4, 2024",4.6.4,7.0 and up
Smart Portal Comm 846,COMMUNICATION,4.7,2164693,32.0M,"100,000,000+",Free,$0,Mature 17+,Communication,"March 5, 2024",3.0.1,5.0 and up
Master Assistant Tool 847,TOOLS,,215739,326k,"10,000,000+",Free,$0,Everyone,Tools,"March 8, 2024",2.6.1,8.0 and up
NextGen Portal Prod 848,PRODUCTIVITY,4.1,691967,16.8M,"10,000,000+",Free,$0,Everyone 10+,Productivity,"July 23, 2024",2.7.6,6.0 and up
Super Assistant Pers 849,PERSONALIZATION,4.3,9497,941k,"500,000+",Free,$0,Everyone,Personalization,"October 24, 2024",4.9.6,7.0 and up
Master Flow Game 850,GAME,4.4,618300,63.7M,"10,000,000+",Free,$0,Everyone,Strategy,"May 11, 2024",5.0.9,7.0 and up
NextGen Plus Comm 851,COMMUNICATION,4.6,983279,20.7M,"50,000,000+",Free,$0,Everyone 10+,Communication,"March 14, 2024",2.4.4,6.0 and up
Pro Hero Heal 852,HEALTH_AND_FITNESS,4.3,7709,848k,"100,000+",Free,$0,Everyone,Health & Fitness,"July 26, 2024",1.5.1,8.0 and up
Smart Lite Comm 853,COMMUNICATION,3.5,19011765,2.5M,"1,000,000,000+",Free,$0,Everyone 10+,Communication,"July 14, 2024",1.4.6,5.0 and up
Global Studio Pers 854,PERSONALIZATION,4.4,451443,38.3M,"10,000,000+",Free,$0,Everyone,Personalization,"March 14, 2024",5.6.1,4.4 and up
Fast Vault Fami 855,FAMILY,3.8,28048,39.5M,"1,000,000+",Free,$0,Teen,Entertainment,"May 2, 2024",1.7.7,5.0 and up
Easy Assistant Fami 856,FAMILY,4.8,33,25.3M,"1,000+",Free,$0,Everyone,Entertainment,"July 1, 2024",4.5.4,8.0 and up
Pocket 3D Fami 857,FAMILY,4.2,6281,5.6M,"500,000+",Free,$0,Everyone 10+,Casual,"March 21, 2024",4.6.4,5.0 and up
Fast Portal Phot 858,PHOTOGRAPHY,,24917,3.6M,"500,000+",Free,$0,Everyone 10+,Photography,"October 26, 2024",1.6.8,8.0 and up
NextGen 3D Game 859,GAME,3.2,311390,74.7M,"10,000,000+",Free,$0,Everyone 10+,Strategy,"January 27, 2024",4.1.3,7.0 and up
Global Portal Medi 860,MEDICAL,4.2,2387,4.1M,"50,000+",Free,$0,Everyone,Medical,"July 9, 2024",2.4.8,8.0 and up
Smart Flow Fami 861,FAMILY,,14971,35.6M,"500,000+",Free,$0,Everyone,Puzzle,"May 15, 2024",5.5.1,4.4 and up
Fast Lite Prod 862,PRODUCTIVITY,4.9,1273701,28.2M,"50,000,000+",Free,$0,Teen,Productivity,"October 20, 2024",3.8.6,6.0 and up
Pocket Lite Life 863,LIFESTYLE,4.5,16,910k,500+,Free,$0,Mature 17+,Lifestyle,"October 6, 2024",4.4.6,4.1 and up
NextGen Studio Heal 864,HEALTH_AND_FITNESS,4.1,492,44.3M,"10,000+",Free,$0,Everyone,Health & Fitness,"May 15, 2024",4.0.2,7.0 and up
Global Lite Busi 865,BUSINESS,3.7,49542,34.3M,"1,000,000+",Free,$0,Everyone 10+,Business,"July 8, 2024",4.8.2,6.0 and up
Super Assistant Busi 866,BUSINESS,5.0,25,9.7M,"1,000+",Free,$0,Everyone 10+,Business,"July 18, 2024",4.5.3,6.0 and up
Pocket Lite Busi 867,BUSINESS,4.4,5411,29.2M,"100,000+",Free,$0,Mature 17+,Business,"August 18, 2024",4.3.6,6.0 and up
Master Manager Phot 868,PHOTOGRAPHY,4.8,373,24.9M,"5,000+",Free,$0,Teen,Photography,"October 6, 2024",1.6.9,8.0 and up
Hyper Plus Comm 869,COMMUNICATION,3.9,545491,784k,"10,000,000+",Free,$0,Everyone,Communication,"August 19, 2024",4.0.5,7.0 and up
Global Flow Prod 870,PRODUCTIVITY,,1,33.9M,10+,Free,$0,Everyone 10+,Productivity,"July 18, 2024",5.3.2,6.0 and up
Smart Studio Fina 871,FINANCE,3.4,75599,14.6M,"1,000,000+",Free,$0,Everyone,Finance,"August 15, 2024",4.3.9,6.0 and up
Master Portal Prod 872,PRODUCTIVITY,3.6,274,39.5M,"5,000+",Free,$0,Everyone,Productivity,"July 24, 2024",1.0.0,8.0 and up
Daily Studio Heal 873,HEALTH_AND_FITNESS,,351,13.2M,"5,000+",Free,$0,Everyone,Health & Fitness,"October 25, 2024",5.8.0,6.0 and up
Easy Assistant Phot 874,PHOTOGRAPHY,5.0,3399077,Varies with device,"50,000,000+",Free,$0,Mature 17+,Photography,"October 21, 2024",4.6.1,4.1 and up
Global Hub Tool 875,TOOLS,4.0,3026979,8.1M,"50,000,000+",Free,$0,Teen,Tools,"March 9, 2024",1.5.1,6.0 and up
Quick Hero Pers 876,PERSONALIZATION,3.4,1698,21.4M,"50,000+",Free,$0,Everyone,Personalization,"August 2, 2024",2.2.8,5.0 and up
Pocket Vault Fami 877,FAMILY,3.3,17695,8.8M,"500,000+",Free,$0,Teen,Education,"October 15, 2024",3.2.2,4.4 and up
Hyper Hero Busi 878,BUSINESS,,1,15.0M,10+,Free,$0,Everyone,Business,"May 24, 2024",5.8.6,6.0 and up
Pocket Flow Busi 879,BUSINESS,4.8,2091,18.1M,"100,000+",Free,$0,Teen,Business,"October 6, 2024",5.7.2,6.0 and up
NextGen Hub Comm 880,COMMUNICATION,3.9,169,14.0M,"5,000+",Free,$0,Everyone,Communication,"October 7, 2024",3.7.7,7.0 and up
Fast Portal Heal 881,HEALTH_AND_FITNESS,5.0,3643,3.4M,"50,000+",Free,$0,Everyone,Health & Fitness,"August 3, 2024",3.8.8,8.0 and up
Pro Studio Life 882,LIFESTYLE,4.0,2,33.8M,50+,Free,$0,Everyone 10+,Lifestyle,"March 8, 2024",4.2.0,7.0 and up
Super 3D Medi 883,MEDICAL,5.0,1165,Varies with device,"50,000+",Free,$0,Mature 17+,Medical,"May 2, 2024",2.3.3,7.0 and up
Master Hub Busi 884,BUSINESS,5.0,4758,29.3M,"100,000+",Free,$0,Everyone,Business,"July 3, 2024",4.3.1,7.0 and up
Global Studio Busi 885,BUSINESS,,3099,40.9M,"100,000+",Free,$0,Teen,Business,"October 7, 2024",5.9.7,4.1 and up
Global Hero Medi 886,MEDICAL,4.6,44482,24.1M,"1,000,000+",Free,$0,Everyone,Medical,"May 28, 2024",5.3.5,5.0 and up
NextGen Studio Heal 887,HEALTH_AND_FITNESS,3.9,178,2.3M,"10,000+",Free,$0,Mature 17+,Health & Fitness,"July 16, 2024",2.2.1,6.0 and up
Super Studio Heal 888,HEALTH_AND_FITNESS,4.1,1,10.3M,50+,Free,$0,Everyone,Health & Fitness,"March 10, 2024",5.4.5,7.0 and up
NextGen Hero Phot 889,PHOTOGRAPHY,3.9,749286,15.9M,"10,000,000+",Free,$0,Teen,Photography,"March 28, 2024",2.9.2,5.0 and up
NextGen Vault Life 890,LIFESTYLE,4.2,32606,42.1M,"500,000+",Free,$0,Everyone,Lifestyle,"May 5, 2024",3.5.5,8.0 and up
Easy Assistant Fina 891,FINANCE,4.9,494,Varies with device,"10,000+",Free,$0,Everyone,Finance,"July 12, 2024",2.7.4,4.1 and up
Quick Flow Pers 892,PERSONALIZATION,3.8,6,15.8M,100+,Free,$0,Everyone,Personalization,"August 18, 2024",2.3.9,7.0 and up
Super Hub Phot 893,PHOTOGRAPHY,3.2,27,33.0M,"1,000+",Free,$0,Everyone,Photography,"October 13, 2024",4.3.4,7.0 and up
Pro Hub Busi 894,BUSINESS,5.0,13,20.8M,"1,000+",Free,$0,Teen,Business,"March 24, 2024",1.5.6,4.4 and up
Global Plus Tool 895,TOOLS,4.5,49328546,25.5M,"1,000,000,000+",Free,$0,Mature 17+,Tools,"August 27, 2024",3.0.2,4.1 and up
Pocket Studio Pers 896,PERSONALIZATION,3.6,623091,11.8M,"10,000,000+",Free,$0,Everyone,Personalization,"October 23, 2024",3.4.9,8.0 and up
Super Flow Fami 897,FAMILY,5.0,3875,4.1M,"100,000+",Free,$0,Mature 17+,Education,"May 1, 2024",5.6.0,7.0 and up
Easy Vault Fina 898,FINANCE,,33362,Varies with device,"1,000,000+",Free,$0,Mature 17+,Finance,"January 18, 2024",2.8.1,7.0 and up
Super Flow Phot 899,PHOTOGRAPHY,4.8,40,39.9M,"1,000+",Free,$0,Everyone 10+,Photography,"May 3, 2024",2.9.5,6.0 and up
Pro Assistant Life 900,LIFESTYLE,,251,2.8M,"5,000+",Free,$0,Teen,Lifestyle,"March 9, 2024",2.9.5,7.0 and up
Global Lite Phot 901,PHOTOGRAPHY,4.0,72527,10.1M,"1,000,000+",Free,$0,Everyone,Photography,"March 4, 2024",1.8.9,4.1 and up
Super Lite Tool 902,TOOLS,3.9,70938,10.7M,"1,000,000+",Free,$0,Everyone,Tools,"March 7, 2024",3.0.2,6.0 and up
Pro Studio Game 903,GAME,3.6,70727,18.9M,"1,000,000+",Free,$0,Everyone,Role Playing,"March 25, 2024",4.9.1,4.1 and up
Smart Plus Tool 904,TOOLS,4.3,1,34.2M,50+,Free,$0,Everyone,Tools,"March 3, 2024",5.5.7,5.0 and up
Master Tracker Life 905,LIFESTYLE,3.3,10,38.9M,"1,000+",Free,$0,Everyone,Lifestyle,"January 14, 2024",3.3.1,8.0 and up
Master Tracker Heal 906,HEALTH_AND_FITNESS,3.9,765916,15.9M,"10,000,000+",Free,$0,Everyone,Health & Fitness,"March 19, 2024",1.2.8,4.4 and up
Pro Tracker Tool 907,TOOLS,3.4,2586715,14.6M,"50,000,000+",Free,$0,Everyone,Tools,"July 6, 2024",2.8.2,8.0 and up
Pocket Hub Heal 908,HEALTH_AND_FITNESS,,325294,19.4M,"5,000,000+",Free,$0,Everyone,Health & Fitness,"August 11, 2024",1.0.5,4.1 and up
Fast Manager Phot 909,PHOTOGRAPHY,,369,27.7M,"5,000+",Free,$0,Everyone,Photography,"January 1, 2024",3.3.1,6.0 and up
Master Studio Game 910,GAME,3.6,7883581,25.8M,"100,000,000+",Free,$0,Everyone 10+,Action,"January 10, 2024",4.7.4,4.4 and up
Global Flow Fina 911,FINANCE,2.7,6,38.6M,100+,Free,$0,Everyone,Finance,"August 5, 2024",2.3.1,8.0 and up
Hyper Hero Game 912,GAME,4.2,360,29.8M,"5,000+",Free,$0,Everyone,Card,"October 15, 2024",5.8.8,7.0 and up
Pocket Assistant Medi 913,MEDICAL,5.0,362,38.6M,"10,000+",Free,$0,Teen,Medical,"October 2, 2024",2.2.0,4.4 and up
Quick Manager Heal 914,HEALTH_AND_FITNESS,,18886,38.9M,"500,000+",Free,$0,Mature 17+,Health & Fitness,"July 15, 2024",2.7.9,5.0 and up
Super 3D Life 915,LIFESTYLE,4.4,29551,16.5M,"1,000,000+",Free,$0,Everyone,Lifestyle,"May 26, 2024",4.8.7,8.0 and up
Pocket Portal Game 916,GAME,3.6,1420,17.0M,"50,000+",Free,$0,Everyone,Card,"March 15, 2024",1.1.8,8.0 and up
Pocket Hero Medi 917,MEDICAL,4.4,20839,43.6M,"500,000+",Free,$0,Everyone,Medical,"July 27, 2024",5.3.2,8.0 and up
Quick 3D Prod 918,PRODUCTIVITY,4.2,31,26.2M,500+,Free,$0,Everyone,Productivity,"August 12, 2024",5.3.8,4.4 and up
Super Flow Fina 919,FINANCE,3.7,1,38.3M,50+,Free,$0,Everyone,Finance,"August 20, 2024",4.3.4,4.1 and up
Hyper Portal Comm 920,COMMUNICATION,3.7,39020,7.9M,"500,000+",Free,$0,Everyone,Communication,"January 9, 2024",5.4.3,8.0 and up
Pro Assistant Busi 921,BUSINESS,3.7,99106,398k,"5,000,000+",Free,$0,Everyone,Business,"October 14, 2024",4.9.3,4.4 and up
Quick Hero Fina 922,FINANCE,3.7,9915,27.2M,"500,000+",Free,$0,Everyone,Finance,"July 5, 2024",3.5.0,8.0 and up
Easy Portal Game 923,GAME,3.9,85914,67.8M,"5,000,000+",Free,$0,Everyone,Racing,"August 24, 2024",5.7.2,4.1 and up
Easy Tracker Pers 924,PERSONALIZATION,4.2,1,Varies with device,50+,Free,$0,Mature 17+,Personalization,"March 23, 2024",4.4.3,7.0 and up
Fast Vault Game 925,GAME,4.2,7718141,83.0M,"100,000,000+",Free,$0,Everyone 10+,Action,"July 14, 2024",1.1.4,8.0 and up
Easy Flow Pers 926,PERSONALIZATION,3.6,455,44.3M,"10,000+",Free,$0,Everyone,Personalization,"October 26, 2024",4.3.9,6.0 and up
NextGen Hero Prod 927,PRODUCTIVITY,4.3,1727,26.1M,"100,000+",Free,$0,Teen,Productivity,"August 17, 2024",4.0.9,4.1 and up
Global Hub Busi 928,BUSINESS,4.2,911,30.9M,"50,000+",Free,$0,Teen,Business,"July 23, 2024",1.5.7,6.0 and up
Hyper Flow Busi 929,BUSINESS,4.1,621070,11.3M,"10,000,000+",Free,$0,Everyone 10+,Business,"May 4, 2024",3.6.0,8.0 and up
Pocket Flow Phot 930,PHOTOGRAPHY,3.9,1704,21.2M,"50,000+",Paid,$3.99,Everyone,Photography,"March 18, 2024",5.5.6,5.0 and up
Super Lite Tool 931,TOOLS,3.6,173131,43.5M,"5,000,000+",Free,$0,Everyone,Tools,"January 24, 2024",1.6.5,7.0 and up
Hyper Plus Phot 932,PHOTOGRAPHY,4.5,28527,36.7M,"1,000,000+",Free,$0,Everyone,Photography,"March 11, 2024",1.1.3,7.0 and up
Daily Portal Medi 933,MEDICAL,4.2,224,Varies with device,"10,000+",Free,$0,Everyone 10+,Medical,"August 22, 2024",4.4.2,8.0 and up
Hyper Manager Fina 934,FINANCE,4.4,372,37.0M,"5,000+",Free,$0,Everyone,Finance,"August 19, 2024",1.5.3,6.0 and up
Daily Manager Fami 935,FAMILY,4.0,5,37.8M,100+,Free,$0,Everyone,Education,"March 15, 2024",2.2.0,5.0 and up
Global Studio Prod 936,PRODUCTIVITY,3.9,686,26.4M,"10,000+",Free,$0,Mature 17+,Productivity,"August 13, 2024",5.6.4,8.0 and up
Hyper Lite Fina 937,FINANCE,4.7,177580,25.2M,"5,000,000+",Paid,$4.99,Everyone 10+,Finance,"March 26, 2024",5.9.2,4.1 and up
Daily Lite Life 938,LIFESTYLE,5.0,1,17.0M,100+,Free,$0,Mature 17+,Lifestyle,"March 15, 2024",3.9.0,6.0 and up
Master Vault Busi 939,BUSINESS,4.0,202664,723k,"5,000,000+",Free,$0,Everyone 10+,Business,"January 12, 2024",4.2.1,8.0 and up
Fast Hero Fina 940,FINANCE,4.3,24941,32.7M,"500,000+",Free,$0,Everyone 10+,Finance,"March 13, 2024",2.7.4,7.0 and up
Pocket Plus Pers 941,PERSONALIZATION,4.1,2494,8.2M,"50,000+",Free,$0,Everyone 10+,Personalization,"August 11, 2024",1.9.0,8.0 and up
Super Vault Fina 942,FINANCE,3.7,144,349k,"10,000+",Free,$0,Mature 17+,Finance,"March 27, 2024",2.0.7,8.0 and up
Super Hub Game 943,GAME,3.9,7623,46.0M,"100,000+",Free,$0,Everyone 10+,Strategy,"July 5, 2024",3.2.1,5.0 and up
Fast Assistant Fina 944,FINANCE,5.0,715,19.3M,"10,000+",Free,$0,Everyone 10+,Finance,"October 3, 2024",3.7.1,7.0 and up
Global Tracker Medi 945,MEDICAL,,7874,9.2M,"100,000+",Free,$0,Mature 17+,Medical,"January 1, 2024",3.6.4,4.1 and up
Super Manager Busi 946,BUSINESS,4.2,1159,11.4M,"50,000+",Free,$0,Everyone 10+,Business,"March 20, 2024",3.9.2,6.0 and up
Daily Manager Pers 947,PERSONALIZATION,3.8,67005,42.2M,"1,000,000+",Free,$0,Everyone,Personalization,"May 10, 2024",1.5.2,7.0 and up
Super Studio Life 948,LIFESTYLE,3.8,235,16.5M,"10,000+",Free,$0,Everyone 10+,Lifestyle,"August 27, 2024",4.7.1,8.0 and up
Pocket Plus Life 949,LIFESTYLE,3.8,17,10.1M,500+,Free,$0,Everyone,Lifestyle,"January 16, 2024",5.1.8,4.1 and up
Daily Vault Heal 950,HEALTH_AND_FITNESS,4.2,251,25.5M,"5,000+",Free,$0,Everyone,Health & Fitness,"March 15, 2024",2.4.6,6.0 and up
Super Studio Comm 951,COMMUNICATION,5.0,1166,28.2M,"100,000+",Free,$0,Everyone,Communication,"October 23, 2024",1.8.0,4.4 and up
Global 3D Game 952,GAME,4.0,7301934,74.1M,"100,000,000+",Free,$0,Everyone,Strategy,"May 13, 2024",2.5.8,4.1 and up
Fast Portal Heal 953,HEALTH_AND_FITNESS,3.4,2333945,32.1M,"50,000,000+",Free,$0,Everyone,Health & Fitness,"July 6, 2024",2.5.1,8.0 and up
Quick Vault Prod 954,PRODUCTIVITY,,274147,10.9M,"5,000,000+",Free,$0,Everyone,Productivity,"January 8, 2024",3.2.6,4.4 and up
Pro Manager Fina 955,FINANCE,4.1,1,39.9M,10+,Free,$0,Mature 17+,Finance,"October 28, 2024",3.3.4,6.0 and up
Hyper Assistant Pers 956,PERSONALIZATION,3.8,181996,35.5M,"5,000,000+",Free,$0,Everyone,Personalization,"October 23, 2024",4.0.7,4.4 and up
Super Flow Heal 957,HEALTH_AND_FITNESS,3.7,900,4.9M,"50,000+",Free,$0,Everyone,Health & Fitness,"October 9, 2024",4.4.8,5.0 and up
Super Hub Medi 958,MEDICAL,4.2,3764,5.7M,"100,000+",Free,$0,Everyone,Medical,"March 17, 2024",1.7.7,4.1 and up
Pro Assistant Game 959,GAME,4.9,2291348,34.3M,"100,000,000+",Free,$0,Teen,Arcade,"October 5, 2024",4.9.0,8.0 and up
Quick 3D Life 960,LIFESTYLE,3.9,1612724,16.7M,"50,000,000+",Free,$0,Everyone,Lifestyle,"May 15, 2024",2.0.6,6.0 and up
Daily Hub Tool 961,TOOLS,3.2,257,33.0M,"10,000+",Paid,$2.99,Mature 17+,Tools,"August 10, 2024",5.2.2,7.0 and up
Super Flow Fina 962,FINANCE,4.3,14559,Varies with device,"1,000,000+",Free,$0,Everyone 10+,Finance,"May 12, 2024",1.2.1,8.0 and up
Hyper Tracker Prod 963,PRODUCTIVITY,4.8,49389,7.1M,"1,000,000+",Free,$0,Everyone 10+,Productivity,"January 19, 2024",5.1.0,8.0 and up
Easy Flow Phot 964,PHOTOGRAPHY,4.5,5312,31.4M,"100,000+",Free,$0,Everyone,Photography,"October 15, 2024",4.2.7,7.0 and up
Smart Hero Fina 965,FINANCE,3.5,272982,45.0M,"5,000,000+",Free,$0,Everyone,Finance,"October 1, 2024",4.4.2,4.1 and up
Fast Portal Phot 966,PHOTOGRAPHY,4.2,348089,791k,"5,000,000+",Free,$0,Teen,Photography,"July 14, 2024",4.7.7,6.0 and up
Pocket Lite Phot 967,PHOTOGRAPHY,4.6,565761,12.6M,"10,000,000+",Free,$0,Mature 17+,Photography,"March 28, 2024",5.5.7,7.0 and up
NextGen Hero Comm 968,COMMUNICATION,4.0,2494595,Varies with device,"100,000,000+",Free,$0,Everyone,Communication,"August 14, 2024",1.3.3,5.0 and up
NextGen Assistant Life 969,LIFESTYLE,3.9,75,3.0M,"1,000+",Free,$0,Mature 17+,Lifestyle,"October 6, 2024",3.9.2,8.0 and up
Smart Assistant Comm 970,COMMUNICATION,3.9,3215434,34.8M,"100,000,000+",Free,$0,Mature 17+,Communication,"August 17, 2024",1.1.1,4.1 and up
Pro Lite Fami 971,FAMILY,4.1,6968,10.7M,"100,000+",Free,$0,Everyone,Casual,"May 27, 2024",1.5.9,5.0 and up
Master Lite Busi 972,BUSINESS,3.6,5925,Varies with device,"100,000+",Free,$0,Everyone,Business,"March 14, 2024",1.8.9,6.0 and up
Fast Hero Tool 973,TOOLS,4.3,58,30.5M,"1,000+",Free,$0,Teen,Tools,"January 25, 2024",1.2.6,6.0 and up
Smart Tracker Comm 974,COMMUNICATION,4.3,510322,21.0M,"10,000,000+",Free,$0,Teen,Communication,"January 16, 2024",5.5.5,4.1 and up
Smart Manager Fina 975,FINANCE,4.3,2684108,6.8M,"50,000,000+",Free,$0,Everyone 10+,Finance,"March 21, 2024",3.4.1,5.0 and up
Pro Vault Busi 976,BUSINESS,4.2,7237,408k,"100,000+",Free,$0,Everyone,Business,"August 1, 2024",4.5.2,4.1 and up
Fast Hero Heal 977,HEALTH_AND_FITNESS,3.6,2841,13.7M,"100,000+",Free,$0,Everyone 10+,Health & Fitness,"July 22, 2024",1.5.8,4.1 and up
Fast Vault Tool 978,TOOLS,4.0,1,18.3M,10+,Paid,$7.99,Everyone,Tools,"May 26, 2024",5.6.6,8.0 and up
Pocket 3D Fina 979,FINANCE,5.0,1415,5.6M,"50,000+",Free,$0,Everyone 10+,Finance,"January 26, 2024",3.8.1,4.1 and up
Quick Hub Tool 980,TOOLS,,1119875,12.2M,"50,000,000+",Free,$0,Everyone,Tools,"January 24, 2024",1.5.9,4.1 and up
NextGen Lite Tool 981,TOOLS,4.3,65,871k,"1,000+",Free,$0,Everyone 10+,Tools,"January 6, 2024",1.1.0,6.0 and up
Quick Tracker Heal 982,HEALTH_AND_FITNESS,4.4,30094,10.3M,"500,000+",Free,$0,Everyone 10+,Health & Fitness,"July 20, 2024",2.7.4,8.0 and up
Master Manager Heal 983,HEALTH_AND_FITNESS,,45530,13.3M,"1,000,000+",Free,$0,Mature 17+,Health & Fitness,"March 23, 2024",1.1.3,4.4 and up
Smart Assistant Fina 984,FINANCE,4.0,2723,23.8M,"50,000+",Free,$0,Teen,Finance,"May 27, 2024",3.3.8,4.1 and up
Easy Manager Heal 985,HEALTH_AND_FITNESS,,7262,33.5M,"500,000+",Free,$0,Teen,Health & Fitness,"January 22, 2024",4.0.1,5.0 and up
Fast Flow Busi 986,BUSINESS,4.9,261,33.3M,"5,000+",Free,$0,Everyone,Business,"October 26, 2024",4.5.7,5.0 and up
Daily 3D Phot 987,PHOTOGRAPHY,4.1,11659,Varies with device,"500,000+",Free,$0,Teen,Photography,"July 11, 2024",4.7.7,6.0 and up
Fast Assistant Tool 988,TOOLS,,3937,474k,"100,000+",Free,$0,Everyone 10+,Tools,"March 13, 2024",3.0.6,8.0 and up
Global Manager Tool 989,TOOLS,,12594,13.6M,"500,000+",Free,$0,Teen,Tools,"July 6, 2024",3.8.4,4.4 and up
Global 3D Prod 990,PRODUCTIVITY,3.7,449395,23.0M,"10,000,000+",Free,$0,Everyone,Productivity,"January 3, 2024",3.7.9,5.0 and up
Daily Studio Tool 991,TOOLS,3.9,331267,Varies with device,"5,000,000+",Free,$0,Everyone,Tools,"May 21, 2024",3.9.6,7.0 and up
Smart Portal Game 992,GAME,4.1,2973279,84.1M,"100,000,000+",Free,$0,Teen,Racing,"January 1, 2024",4.5.6,4.4 and up
Fast Plus Prod 993,PRODUCTIVITY,4.0,368,40.8M,"5,000+",Free,$0,Everyone,Productivity,"August 11, 2024",5.5.3,4.4 and up
Fast Vault Fina 994,FINANCE,5.0,263,26.2M,"5,000+",Free,$0,Everyone,Finance,"August 4, 2024",4.2.9,5.0 and up
Master Studio Game 995,GAME,4.0,2609099,36.3M,"50,000,000+",Free,$0,Everyone,Racing,"May 23, 2024",2.5.0,6.0 and up
NextGen Tracker Prod 996,PRODUCTIVITY,4.7,32905,8.3M,"1,000,000+",Free,$0,Everyone,Productivity,"July 11, 2024",5.8.3,8.0 and up
Easy 3D Prod 997,PRODUCTIVITY,4.0,7119,23.7M,"500,000+",Free,$0,Teen,Productivity,"July 23, 2024",1.4.4,4.4 and up
Pro Tracker Tool 998,TOOLS,3.7,5561444,Varies with device,"100,000,000+",Free,$0,Everyone,Tools,"July 21, 2024",4.8.2,7.0 and up
Super Hero Phot 999,PHOTOGRAPHY,4.3,209580,14.2M,"5,000,000+",Free,$0,Everyone,Photography,"January 4, 2024",1.5.8,6.0 and up
Pocket 3D Fina 1000,FINANCE,,181,15.9M,"5,000+",Free,$0,Mature 17+,Finance,"January 21, 2024",3.5.9,7.0 and up
Fast 3D Fami 1001,FAMILY,4.0,29978,8.0M,"500,000+",Free,$0,Everyone,Casual,"October 8, 2024",1.5.5,5.0 and up
Pocket Hub Game 1002,GAME,4.5,4447189,66.3M,"100,000,000+",Free,$0,Everyone,Role Playing,"August 27, 2024",1.3.7,4.4 and up
Quick Plus Game 1003,GAME,4.9,6977,Varies with device,"500,000+",Free,$0,Everyone 10+,Strategy,"March 16, 2024",1.0.3,4.4 and up
Daily Lite Tool 1004,TOOLS,4.7,16303,2.8M,"500,000+",Free,$0,Teen,Tools,"January 22, 2024",4.8.1,4.1 and up
Quick Plus Prod 1005,PRODUCTIVITY,,2539,27.0M,"50,000+",Free,$0,Everyone,Productivity,"July 7, 2024",2.8.0,8.0 and up
Easy Portal Pers 1006,PERSONALIZATION,4.4,36,34.4M,"1,000+",Free,$0,Everyone,Personalization,"May 9, 2024",4.1.4,6.0 and up
Global Flow Fami 1007,FAMILY,4.3,285146,6.8M,"5,000,000+",Free,$0,Everyone,Puzzle,"October 28, 2024",2.3.9,8.0 and up
Fast Flow Pers 1008,PERSONALIZATION,4.5,25003,21.9M,"1,000,000+",Free,$0,Everyone,Personalization,"August 27, 2024",3.3.8,4.1 and up
Quick Manager Medi 1009,MEDICAL,4.8,70,18.7M,"1,000+",Free,$0,Teen,Medical,"August 25, 2024",2.7.7,7.0 and up
NextGen Plus Busi 1010,BUSINESS,4.5,77185,Varies with device,"5,000,000+",Paid,$0.99,Everyone,Business,"January 10, 2024",4.6.9,4.4 and up
Pocket Plus Game 1011,GAME,5.0,552,44.8M,"10,000+",Free,$0,Everyone 10+,Action,"January 10, 2024",1.1.4,4.4 and up
Quick Hub Medi 1012,MEDICAL,4.8,743,3.3M,"10,000+",Free,$0,Teen,Medical,"March 1, 2024",1.1.3,6.0 and up
Easy Tracker Busi 1013,BUSINESS,4.1,2960,8.6M,"50,000+",Paid,$0.99,Everyone,Business,"July 14, 2024",4.6.2,4.1 and up
NextGen Hub Busi 1014,BUSINESS,3.9,385,32.9M,"5,000+",Free,$0,Everyone,Business,"January 22, 2024",3.3.3,8.0 and up
NextGen Tracker Phot 1015,PHOTOGRAPHY,4.1,355732,42.9M,"5,000,000+",Free,$0,Everyone,Photography,"October 28, 2024",1.4.5,4.1 and up
Master Studio Busi 1016,BUSINESS,4.5,240606,33.2M,"5,000,000+",Free,$0,Everyone,Business,"October 21, 2024",3.6.2,7.0 and up
Master Lite Comm 1017,COMMUNICATION,4.0,31855,40.2M,"500,000+",Free,$0,Teen,Communication,"May 14, 2024",1.9.4,4.4 and up
NextGen Studio Fina 1018,FINANCE,4.6,207769,40.3M,"5,000,000+",Free,$0,Everyone 10+,Finance,"March 20, 2024",3.8.2,7.0 and up
Fast Assistant Tool 1019,TOOLS,4.5,1,Varies with device,10+,Free,$0,Everyone,Tools,"August 4, 2024",5.0.4,7.0 and up
Fast Plus Heal 1020,HEALTH_AND_FITNESS,3.7,2894037,16.0M,"50,000,000+",Free,$0,Everyone,Health & Fitness,"August 13, 2024",5.6.3,7.0 and up
Fast Hub Fina 1021,FINANCE,4.7,25807,860k,"1,000,000+",Free,$0,Everyone,Finance,"October 1, 2024",5.1.7,4.4 and up
Easy Plus Game 1022,GAME,4.4,31453,66.1M,"500,000+",Free,$0,Everyone,Card,"January 1, 2024",1.4.1,4.4 and up
Super Hero Tool 1023,TOOLS,5.0,41,30.4M,"1,000+",Paid,$4.99,Teen,Tools,"May 7, 2024",3.6.9,7.0 and up
NextGen Studio Phot 1024,PHOTOGRAPHY,4.2,783,13.0M,"10,000+",Free,$0,Teen,Photography,"August 25, 2024",1.6.9,7.0 and up
Pro Assistant Fina 1025,FINANCE,4.0,63,22.4M,"5,000+",Free,$0,Everyone,Finance,"March 24, 2024",1.7.6,8.0 and up
Global Studio Fina 1026,FINANCE,3.6,620,38.7M,"50,000+",Free,$0,Teen,Finance,"January 1, 2024",2.9.0,7.0 and up
Daily Manager Phot 1027,PHOTOGRAPHY,3.6,212112,41.8M,"5,000,000+",Free,$0,Everyone,Photography,"May 19, 2024",1.8.7,4.4 and up
Smart Tracker Phot 1028,PHOTOGRAPHY,4.7,3,Varies with device,100+,Free,$0,Everyone,Photography,"March 16, 2024",4.3.0,6.0 and up
Hyper Tracker Pers 1029,PERSONALIZATION,5.0,155796,27.1M,"5,000,000+",Free,$0,Everyone 10+,Personalization,"July 26, 2024",1.1.2,4.4 and up
Master Studio Tool 1030,TOOLS,4.1,178,Varies with device,"5,000+",Free,$0,Everyone 10+,Tools,"May 21, 2024",5.1.6,6.0 and up
Hyper Portal Fami 1031,FAMILY,,59143,Varies with device,"1,000,000+",Free,$0,Everyone 10+,Entertainment,"May 16, 2024",4.8.3,4.4 and up
Smart Hub Game 1032,GAME,4.1,24,94.7M,500+,Free,$0,Everyone,Action,"July 3, 2024",2.9.6,4.1 and up
Quick Plus Life 1033,LIFESTYLE,3.8,1015,2.5M,"50,000+",Paid,$1.49,Mature 17+,Lifestyle,"October 9, 2024",5.8.0,5.0 and up
Quick Studio Tool 1034,TOOLS,4.2,660857,22.6M,"10,000,000+",Free,$0,Teen,Tools,"August 21, 2024",5.1.2,8.0 and up
Super Studio Tool 1035,TOOLS,4.3,45936,12.6M,"1,000,000+",Free,$0,Everyone 10+,Tools,"May 8, 2024",3.6.0,6.0 and up
Hyper Tracker Fami 1036,FAMILY,4.5,23482,21.3M,"1,000,000+",Free,$0,Everyone,Entertainment,"October 5, 2024",4.9.8,6.0 and up
Quick Vault Heal 1037,HEALTH_AND_FITNESS,4.5,232440,Varies with device,"5,000,000+",Free,$0,Teen,Health & Fitness,"January 18, 2024",1.2.0,5.0 and up
Easy Studio Medi 1038,MEDICAL,5.0,555,38.0M,"10,000+",Free,$0,Everyone,Medical,"July 17, 2024",4.6.9,8.0 and up
Master Lite Life 1039,LIFESTYLE,4.9,81,24.2M,"5,000+",Free,$0,Everyone,Lifestyle,"October 9, 2024",3.4.9,7.0 and up
Pocket Plus Prod 1040,PRODUCTIVITY,4.0,49621,37.5M,"1,000,000+",Free,$0,Teen,Productivity,"May 9, 2024",5.6.3,7.0 and up
Quick Flow Tool 1041,TOOLS,5.0,2900928,10.8M,"50,000,000+",Free,$0,Mature 17+,Tools,"March 4, 2024",3.3.3,7.0 and up
Smart Flow Heal 1042,HEALTH_AND_FITNESS,3.6,6667,32.8M,"100,000+",Free,$0,Teen,Health & Fitness,"August 11, 2024",2.4.9,4.1 and up
Hyper Portal Medi 1043,MEDICAL,,3943,42.2M,"50,000+",Free,$0,Teen,Medical,"August 19, 2024",3.8.9,6.0 and up
Pro Assistant Prod 1044,PRODUCTIVITY,4.2,269839,Varies with device,"5,000,000+",Free,$0,Everyone,Productivity,"January 5, 2024",2.1.5,4.1 and up
Easy Hub Fami 1045,FAMILY,3.3,4,41.8M,100+,Free,$0,Everyone,Casual,"January 22, 2024",5.0.0,4.1 and up
Easy Assistant Fina 1046,FINANCE,5.0,134,34.3M,"5,000+",Free,$0,Everyone,Finance,"March 5, 2024",1.8.9,5.0 and up
Hyper Plus Prod 1047,PRODUCTIVITY,,4791978,734k,"100,000,000+",Free,$0,Everyone,Productivity,"July 4, 2024",1.3.6,4.4 and up
Global Manager Prod 1048,PRODUCTIVITY,4.1,72431,2.1M,"1,000,000+",Free,$0,Teen,Productivity,"August 28, 2024",5.6.7,4.4 and up
Super Assistant Prod 1049,PRODUCTIVITY,5.0,299348,18.5M,"5,000,000+",Free,$0,Teen,Productivity,"January 18, 2024",3.3.7,6.0 and up
Pocket Tracker Life 1050,LIFESTYLE,4.2,2,28.1M,50+,Free,$0,Everyone 10+,Lifestyle,"January 20, 2024",4.2.6,4.4 and up
Pocket Assistant Prod 1051,PRODUCTIVITY,4.0,291,18.3M,"10,000+",Free,$0,Everyone,Productivity,"October 19, 2024",2.1.7,8.0 and up
Global Lite Fami 1052,FAMILY,,1,21.1M,10+,Free,$0,Teen,Puzzle,"May 12, 2024",2.4.5,5.0 and up
Smart Plus Phot 1053,PHOTOGRAPHY,3.0,348,36.8M,"5,000+",Free,$0,Teen,Photography,"May 2, 2024",2.1.2,4.1 and up
Easy Hub Busi 1054,BUSINESS,3.4,46,295k,"1,000+",Free,$0,Everyone,Business,"March 8, 2024",4.4.2,7.0 and up
Super Vault Game 1055,GAME,4.1,682512,91.3M,"50,000,000+",Free,$0,Everyone,Arcade,"May 18, 2024",4.6.2,4.4 and up
Global 3D Fami 1056,FAMILY,4.2,15,35.7M,"1,000+",Free,$0,Teen,Education,"August 25, 2024",3.2.2,7.0 and up
Pro Lite Tool 1057,TOOLS,3.4,1,2.9M,10+,Free,$0,Everyone,Tools,"July 5, 2024",2.0.7,4.4 and up
Global Lite Tool 1058,TOOLS,4.0,1,9.5M,10+,Free,$0,Everyone,Tools,"March 21, 2024",5.0.1,6.0 and up
Easy Studio Tool 1059,TOOLS,3.8,470225,25.7M,"10,000,000+",Free,$0,Mature 17+,Tools,"July 21, 2024",5.5.9,7.0 and up
Easy Portal Pers 1060,PERSONALIZATION,3.2,3779,7.4M,"50,000+",Paid,$4.99,Everyone,Personalization,"January 20, 2024",4.6.6,5.0 and up
Pocket Studio Fina 1061,FINANCE,,239091,29.5M,"10,000,000+",Free,$0,Mature 17+,Finance,"October 5, 2024",3.6.3,4.4 and up
Master Hero Fami 1062,FAMILY,4.2,220,39.9M,"5,000+",Free,$0,Teen,Education,"January 8, 2024",2.1.4,5.0 and up
Master Assistant Fami 1063,FAMILY,3.7,3,Varies with device,50+,Free,$0,Mature 17+,Entertainment,"August 16, 2024",1.7.1,5.0 and up
Easy Portal Fina 1064,FINANCE,4.3,108,878k,"5,000+",Free,$0,Everyone,Finance,"January 17, 2024",2.8.5,4.1 and up
Pocket Vault Phot 1065,PHOTOGRAPHY,4.2,21110,4.2M,"500,000+",Free,$0,Everyone,Photography,"July 25, 2024",4.6.8,4.1 and up
Smart Assistant Heal 1066,HEALTH_AND_FITNESS,4.7,16555,29.3M,"500,000+",Free,$0,Everyone,Health & Fitness,"January 20, 2024",4.4.6,4.4 and up
Easy Tracker Fami 1067,FAMILY,4.0,7674917,20.0M,"100,000,000+",Free,$0,Everyone,Casual,"July 18, 2024",5.4.3,4.1 and up
Pro Hero Game 1068,GAME,3.8,304533,88.2M,"5,000,000+",Free,$0,Everyone 10+,Arcade,"July 4, 2024",1.7.5,7.0 and up
Master Hero Pers 1069,PERSONALIZATION,4.6,503,33.9M,"10,000+",Free,$0,Everyone,Personalization,"August 5, 2024",5.8.4,7.0 and up
Pro Assistant Prod 1070,PRODUCTIVITY,4.1,219188,23.5M,"5,000,000+",Free,$0,Teen,Productivity,"January 19, 2024",3.4.1,4.4 and up
Quick Plus Life 1071,LIFESTYLE,4.7,4250,Varies with device,"100,000+",Free,$0,Everyone,Lifestyle,"July 24, 2024",4.6.9,5.0 and up
Quick Manager Medi 1072,MEDICAL,3.9,536140,35.3M,"10,000,000+",Free,$0,Everyone,Medical,"July 13, 2024",4.2.6,6.0 and up
Pocket Hub Fami 1073,FAMILY,4.3,31560,41.9M,"1,000,000+",Free,$0,Everyone,Entertainment,"July 14, 2024",2.4.3,7.0 and up
Smart Vault Tool 1074,TOOLS,3.9,164500,Varies with device,"5,000,000+",Free,$0,Everyone 10+,Tools,"January 5, 2024",5.6.7,4.1 and up
Pro Tracker Pers 1075,PERSONALIZATION,,4,38.3M,100+,Free,$0,Everyone 10+,Personalization,"May 22, 2024",5.1.0,4.4 and up
Super Tracker Medi 1076,MEDICAL,,398,Varies with device,"5,000+",Paid,$1.99,Teen,Medical,"July 4, 2024",3.9.4,7.0 and up
Global Hero Life 1077,LIFESTYLE,3.7,197,8.8M,"10,000+",Free,$0,Mature 17+,Lifestyle,"January 16, 2024",5.3.4,4.1 and up
NextGen Manager Comm 1078,COMMUNICATION,4.0,293218,23.9M,"5,000,000+",Free,$0,Everyone 10+,Communication,"July 14, 2024",2.4.5,4.4 and up
Smart 3D Prod 1079,PRODUCTIVITY,,104326,7.1M,"5,000,000+",Free,$0,Teen,Productivity,"March 5, 2024",1.4.5,8.0 and up
Fast Studio Fina 1080,FINANCE,4.1,2,42.5M,50+,Free,$0,Mature 17+,Finance,"May 23, 2024",2.7.0,5.0 and up
Quick Lite Tool 1081,TOOLS,,1462387,12.8M,"100,000,000+",Free,$0,Teen,Tools,"July 22, 2024",4.5.7,4.4 and up
NextGen Lite Fina 1082,FINANCE,3.8,7706,9.9M,"100,000+",Free,$0,Everyone,Finance,"May 14, 2024",1.7.5,4.4 and up
Quick Portal Fami 1083,FAMILY,4.8,5227,33.0M,"100,000+",Free,$0,Everyone,Education,"October 12, 2024",3.9.5,5.0 and up
Master Portal Fami 1084,FAMILY,3.3,1,38.9M,10+,Free,$0,Everyone,Casual,"August 13, 2024",5.9.9,7.0 and up
Fast Tracker Prod 1085,PRODUCTIVITY,4.3,41846,25.2M,"1,000,000+",Free,$0,Everyone,Productivity,"May 11, 2024",1.6.9,8.0 and up
Hyper Studio Game 1086,GAME,4.6,7398736,40.2M,"100,000,000+",Free,$0,Teen,Role Playing,"May 10, 2024",1.3.9,5.0 and up
Pro Portal Comm 1087,COMMUNICATION,4.2,1302272,12.3M,"50,000,000+",Paid,$1.49,Everyone,Communication,"August 27, 2024",5.6.0,7.0 and up
Global Flow Pers 1088,PERSONALIZATION,3.8,1,30.4M,100+,Free,$0,Everyone,Personalization,"March 13, 2024",5.5.2,7.0 and up
Pro Flow Heal 1089,HEALTH_AND_FITNESS,3.3,1,22.6M,10+,Free,$0,Everyone 10+,Health & Fitness,"October 9, 2024",2.4.4,6.0 and up
Quick 3D Tool 1090,TOOLS,,10736,15.3M,"500,000+",Free,$0,Mature 17+,Tools,"October 3, 2024",1.2.1,4.1 and up
Easy Manager Prod 1091,PRODUCTIVITY,3.8,17935,934k,"1,000,000+",Free,$0,Mature 17+,Productivity,"July 17, 2024",1.7.9,5.0 and up
Super Lite Game 1092,GAME,4.3,22,35.0M,"1,000+",Paid,$1.49,Everyone,Strategy,"March 5, 2024",3.2.8,8.0 and up
Master Flow Life 1093,LIFESTYLE,3.6,172,34.5M,"5,000+",Free,$0,Mature 17+,Lifestyle,"July 7, 2024",2.3.9,8.0 and up
Fast Plus Phot 1094,PHOTOGRAPHY,4.7,342078,26.0M,"5,000,000+",Free,$0,Everyone,Photography,"October 12, 2024",2.0.0,6.0 and up
Global Lite Prod 1095,PRODUCTIVITY,4.4,55992,16.6M,"5,000,000+",Free,$0,Everyone,Productivity,"May 28, 2024",4.1.2,4.1 and up
Global Manager Busi 1096,BUSINESS,3.6,431,34.7M,"10,000+",Free,$0,Everyone,Business,"October 11, 2024",2.4.8,6.0 and up
Super Tracker Medi 1097,MEDICAL,4.7,378,31.9M,"5,000+",Free,$0,Everyone,Medical,"May 11, 2024",4.1.8,5.0 and up
Easy 3D Game 1098,GAME,,3098740,41.2M,"100,000,000+",Free,$0,Everyone,Role Playing,"August 20, 2024",5.1.5,4.1 and up
Pocket Lite Game 1099,GAME,4.5,360942,79.0M,"5,000,000+",Free,$0,Everyone,Strategy,"May 27, 2024",5.8.1,8.0 and up
Daily Flow Life 1100,LIFESTYLE,4.4,154141,3.8M,"5,000,000+",Free,$0,Teen,Lifestyle,"January 22, 2024",3.4.0,4.4 and up
Global Tracker Game 1101,GAME,3.2,1747800,43.9M,"100,000,000+",Free,$0,Everyone,Action,"March 19, 2024",5.3.1,5.0 and up
NextGen Vault Tool 1102,TOOLS,3.8,59048,22.2M,"1,000,000+",Free,$0,Everyone,Tools,"March 24, 2024",5.3.6,4.1 and up
Global 3D Heal 1103,HEALTH_AND_FITNESS,5.0,321,4.6M,"5,000+",Free,$0,Everyone 10+,Health & Fitness,"July 7, 2024",5.4.5,4.4 and up
Global Hero Comm 1104,COMMUNICATION,4.6,1442760,32.4M,"50,000,000+",Free,$0,Mature 17+,Communication,"July 1, 2024",1.6.9,4.4 and up
Fast Manager Pers 1105,PERSONALIZATION,4.0,251,43.6M,"5,000+",Free,$0,Everyone 10+,Personalization,"January 8, 2024",2.0.1,8.0 and up
Quick Hero Comm 1106,COMMUNICATION,3.5,3857,32.8M,"50,000+",Free,$0,Everyone,Communication,"July 4, 2024",3.3.7,4.4 and up
Pocket Lite Tool 1107,TOOLS,3.7,3920375,13.8M,"50,000,000+",Free,$0,Everyone 10+,Tools,"March 7, 2024",4.5.3,8.0 and up
Master Studio Heal 1108,HEALTH_AND_FITNESS,4.0,1,20.6M,10+,Free,$0,Everyone,Health & Fitness,"October 15, 2024",5.4.3,6.0 and up
Smart Hero Game 1109,GAME,3.4,1477648,Varies with device,"50,000,000+",Free,$0,Mature 17+,Strategy,"January 19, 2024",4.5.4,8.0 and up
Quick 3D Prod 1110,PRODUCTIVITY,4.8,35,13.6M,500+,Free,$0,Teen,Productivity,"March 1, 2024",2.7.6,4.4 and up
Super Hero Life 1111,LIFESTYLE,4.8,604,13.7M,"10,000+",Free,$0,Everyone,Lifestyle,"October 13, 2024",1.1.9,4.1 and up
Easy Plus Prod 1112,PRODUCTIVITY,3.6,63041,28.4M,"1,000,000+",Free,$0,Mature 17+,Productivity,"March 21, 2024",4.8.0,4.4 and up
Fast Portal Fami 1113,FAMILY,5.0,196,10.1M,"5,000+",Free,$0,Everyone 10+,Entertainment,"July 9, 2024",3.9.3,8.0 and up
Super Assistant Comm 1114,COMMUNICATION,3.9,2151,4.0M,"50,000+",Free,$0,Teen,Communication,"March 18, 2024",3.7.3,6.0 and up
Fast Hub Life 1115,LIFESTYLE,4.2,172,39.3M,"10,000+",Free,$0,Teen,Lifestyle,"August 24, 2024",1.1.8,6.0 and up
Quick 3D Pers 1116,PERSONALIZATION,3.9,1250868,Varies with device,"50,000,000+",Paid,$1.49,Everyone,Personalization,"October 19, 2024",4.3.1,5.0 and up
Super Hero Prod 1117,PRODUCTIVITY,3.6,6537,34.7M,"100,000+",Paid,$14.99,Everyone,Productivity,"October 25, 2024",1.7.3,6.0 and up
Super Portal Fina 1118,FINANCE,4.0,1,20.4M,10+,Free,$0,Everyone,Finance,"July 18, 2024",2.0.1,8.0 and up
NextGen Hero Busi 1119,BUSINESS,3.2,11739,3.9M,"500,000+",Free,$0,Everyone,Business,"March 5, 2024",3.7.0,8.0 and up
Global Manager Phot 1120,PHOTOGRAPHY,4.0,610218,17.8M,"50,000,000+",Free,$0,Everyone,Photography,"October 14, 2024",2.1.2,6.0 and up
Smart Lite Comm 1121,COMMUNICATION,4.1,124,20.1M,"10,000+",Free,$0,Everyone,Communication,"March 3, 2024",2.6.1,6.0 and up
Easy 3D Prod 1122,PRODUCTIVITY,4.3,2320916,42.8M,"50,000,000+",Free,$0,Mature 17+,Productivity,"May 15, 2024",2.9.8,8.0 and up
Master Assistant Busi 1123,BUSINESS,3.4,2204,15.6M,"100,000+",Free,$0,Everyone 10+,Business,"January 7, 2024",4.4.6,7.0 and up
Global Hub Phot 1124,PHOTOGRAPHY,3.4,6576,Varies with device,"100,000+",Free,$0,Mature 17+,Photography,"January 18, 2024",4.6.9,8.0 and up
Pro Portal Pers 1125,PERSONALIZATION,4.3,1129,12.3M,"50,000+",Paid,$14.99,Everyone,Personalization,"March 18, 2024",5.1.5,7.0 and up
Easy Hero Life 1126,LIFESTYLE,3.6,1662,587k,"50,000+",Free,$0,Everyone,Lifestyle,"March 26, 2024",2.1.8,4.4 and up
Super Assistant Busi 1127,BUSINESS,4.1,60464,15.8M,"1,000,000+",Free,$0,Everyone,Business,"May 1, 2024",1.0.0,8.0 and up
Fast Tracker Pers 1128,PERSONALIZATION,4.8,79,29.4M,"5,000+",Free,$0,Everyone 10+,Personalization,"March 16, 2024",1.7.8,8.0 and up
NextGen 3D Fina 1129,FINANCE,,77,511k,"1,000+",Free,$0,Everyone 10+,Finance,"January 26, 2024",5.4.4,5.0 and up
Daily Manager Tool 1130,TOOLS,4.1,260,23.1M,"5,000+",Free,$0,Everyone,Tools,"March 6, 2024",3.8.9,4.1 and up
Master Tracker Fina 1131,FINANCE,3.9,45,Varies with device,"1,000+",Paid,$2.99,Teen,Finance,"May 21, 2024",3.1.5,8.0 and up
Daily Manager Life 1132,LIFESTYLE,3.2,1918141,8.4M,"50,000,000+",Free,$0,Everyone,Lifestyle,"May 12, 2024",1.5.4,4.4 and up
Fast Tracker Busi 1133,BUSINESS,,2433,19.5M,"50,000+",Free,$0,Mature 17+,Business,"August 18, 2024",4.9.5,4.1 and up
Smart Hub Busi 1134,BUSINESS,4.6,1,39.2M,100+,Free,$0,Mature 17+,Business,"January 18, 2024",5.0.4,8.0 and up
NextGen Manager Pers 1135,PERSONALIZATION,4.1,483,12.7M,"10,000+",Free,$0,Everyone 10+,Personalization,"March 17, 2024",1.6.4,4.4 and up
Smart 3D Tool 1136,TOOLS,5.0,3800,24.4M,"100,000+",Free,$0,Everyone 10+,Tools,"October 10, 2024",4.4.2,4.1 and up
Fast Manager Prod 1137,PRODUCTIVITY,4.3,35777956,11.2M,"1,000,000,000+",Free,$0,Everyone,Productivity,"January 15, 2024",1.6.4,8.0 and up
Pocket Lite Comm 1138,COMMUNICATION,4.6,630360,Varies with device,"10,000,000+",Free,$0,Everyone,Communication,"October 22, 2024",3.5.8,8.0 and up
Quick 3D Tool 1139,TOOLS,,11628,19.7M,"1,000,000+",Free,$0,Everyone,Tools,"August 19, 2024",5.8.0,4.4 and up
Pocket Plus Pers 1140,PERSONALIZATION,3.9,48,432k,"1,000+",Free,$0,Everyone,Personalization,"July 20, 2024",1.5.0,5.0 and up
Easy Plus Heal 1141,HEALTH_AND_FITNESS,4.1,243,37.4M,"10,000+",Free,$0,Mature 17+,Health & Fitness,"May 19, 2024",3.1.6,8.0 and up
Super Hub Prod 1142,PRODUCTIVITY,4.3,8310,33.0M,"500,000+",Free,$0,Mature 17+,Productivity,"January 20, 2024",2.3.9,4.1 and up
Master Plus Heal 1143,HEALTH_AND_FITNESS,4.4,971,3.7M,"50,000+",Free,$0,Everyone,Health & Fitness,"October 3, 2024",1.9.8,6.0 and up
Super Studio Fina 1144,FINANCE,4.3,386258,33.0M,"5,000,000+",Free,$0,Everyone,Finance,"January 6, 2024",2.0.0,7.0 and up
Hyper Hub Game 1145,GAME,4.0,2424,16.0M,"50,000+",Free,$0,Everyone,Strategy,"July 21, 2024",4.4.4,7.0 and up
Hyper Tracker Game 1146,GAME,4.5,7175968,63.8M,"100,000,000+",Free,$0,Everyone,Card,"January 10, 2024",5.1.1,7.0 and up
Super Portal Heal 1147,HEALTH_AND_FITNESS,4.0,304570,16.7M,"10,000,000+",Paid,$7.99,Everyone,Health & Fitness,"March 27, 2024",2.3.9,7.0 and up
Super Plus Life 1148,LIFESTYLE,4.4,4,6.0M,100+,Free,$0,Everyone 10+,Lifestyle,"October 28, 2024",3.2.8,7.0 and up
Pocket Flow Comm 1149,COMMUNICATION,4.2,114877,42.2M,"10,000,000+",Free,$0,Everyone 10+,Communication,"January 17, 2024",1.1.2,6.0 and up
Quick Tracker Fami 1150,FAMILY,3.3,232089,40.0M,"5,000,000+",Free,$0,Everyone,Casual,"July 5, 2024",4.1.5,8.0 and up
Smart Plus Prod 1151,PRODUCTIVITY,4.8,1389,Varies with device,"50,000+",Free,$0,Mature 17+,Productivity,"March 14, 2024",5.1.7,8.0 and up
Daily Flow Phot 1152,PHOTOGRAPHY,3.9,731,37.7M,"10,000+",Free,$0,Everyone,Photography,"January 8, 2024",3.8.0,7.0 and up
Pocket Hero Phot 1153,PHOTOGRAPHY,4.9,13309,33.7M,"500,000+",Free,$0,Teen,Photography,"January 7, 2024",2.5.9,8.0 and up
Super Flow Game 1154,GAME,4.7,359393,Varies with device,"10,000,000+",Free,$0,Mature 17+,Action,"May 19, 2024",5.1.4,5.0 and up
Pro 3D Busi 1155,BUSINESS,4.3,3983772,9.1M,"50,000,000+",Free,$0,Everyone 10+,Business,"August 20, 2024",4.9.9,6.0 and up
Daily Flow Heal 1156,HEALTH_AND_FITNESS,4.5,523,31.2M,"10,000+",Free,$0,Teen,Health & Fitness,"January 17, 2024",3.2.8,5.0 and up
NextGen Vault Busi 1157,BUSINESS,4.5,1368,Varies with device,"50,000+",Paid,$3.99,Mature 17+,Business,"August 26, 2024",2.2.3,4.1 and up
Easy Manager Tool 1158,TOOLS,4.1,6433881,43.3M,"100,000,000+",Paid,$0.99,Mature 17+,Tools,"July 5, 2024",4.1.7,6.0 and up
Smart 3D Fami 1159,FAMILY,4.1,125567,11.8M,"5,000,000+",Free,$0,Everyone,Puzzle,"October 22, 2024",5.5.3,7.0 and up
Easy Tracker Tool 1160,TOOLS,4.5,36403,7.1M,"500,000+",Free,$0,Everyone 10+,Tools,"August 20, 2024",4.5.0,7.0 and up
Global Lite Tool 1161,TOOLS,2.7,48115,6.0M,"1,000,000+",Free,$0,Mature 17+,Tools,"July 12, 2024",4.1.3,4.1 and up
Hyper Hub Life 1162,LIFESTYLE,4.2,570408,344k,"10,000,000+",Free,$0,Everyone,Lifestyle,"August 11, 2024",1.4.3,5.0 and up
Quick Vault Comm 1163,COMMUNICATION,4.0,3286992,28.9M,"50,000,000+",Paid,$299.99,Teen,Communication,"March 1, 2024",1.8.6,7.0 and up
Super Tracker Comm 1164,COMMUNICATION,3.8,908743,10.7M,"50,000,000+",Free,$0,Everyone,Communication,"August 11, 2024",1.0.1,6.0 and up
Global Flow Life 1165,LIFESTYLE,4.4,29,38.9M,"1,000+",Free,$0,Teen,Lifestyle,"July 25, 2024",2.8.3,7.0 and up
NextGen Manager Phot 1166,PHOTOGRAPHY,3.9,1352,13.6M,"100,000+",Free,$0,Teen,Photography,"July 20, 2024",3.6.2,4.1 and up
Smart 3D Pers 1167,PERSONALIZATION,4.6,38,27.6M,"1,000+",Free,$0,Mature 17+,Personalization,"January 24, 2024",4.7.6,4.1 and up
Easy Tracker Tool 1168,TOOLS,4.7,3780952,4.9M,"100,000,000+",Free,$0,Everyone,Tools,"July 8, 2024",1.2.5,5.0 and up
Quick Lite Pers 1169,PERSONALIZATION,4.4,74,41.9M,"1,000+",Free,$0,Everyone,Personalization,"March 22, 2024",1.1.9,4.4 and up
Super Plus Fami 1170,FAMILY,4.6,1,30.8M,10+,Free,$0,Teen,Puzzle,"August 19, 2024",3.6.1,4.4 and up
Super Flow Prod 1171,PRODUCTIVITY,4.4,240816,33.2M,"5,000,000+",Free,$0,Mature 17+,Productivity,"May 2, 2024",2.6.4,7.0 and up
Hyper Hero Fami 1172,FAMILY,,2,31.3M,100+,Free,$0,Teen,Casual,"July 18, 2024",1.2.7,8.0 and up
Smart Hub Phot 1173,PHOTOGRAPHY,4.5,54904,Varies with device,"5,000,000+",Free,$0,Mature 17+,Photography,"August 27, 2024",2.1.3,5.0 and up
Smart Vault Life 1174,LIFESTYLE,4.8,48228,33.4M,"1,000,000+",Free,$0,Everyone,Lifestyle,"July 28, 2024",2.8.3,4.1 and up
Daily Flow Life 1175,LIFESTYLE,3.8,398570,26.6M,"5,000,000+",Free,$0,Everyone 10+,Lifestyle,"January 16, 2024",5.8.6,6.0 and up
Master Studio Heal 1176,HEALTH_AND_FITNESS,4.3,590,12.1M,"10,000+",Free,$0,Everyone,Health & Fitness,"January 12, 2024",1.6.8,4.4 and up
Smart Manager Game 1177,GAME,3.3,128,21.9M,"5,000+",Free,$0,Everyone 10+,Card,"May 1, 2024",3.8.7,4.1 and up
Hyper Vault Heal 1178,HEALTH_AND_FITNESS,,1,42.3M,50+,Paid,$4.99,Mature 17+,Health & Fitness,"July 15, 2024",5.0.8,7.0 and up
Quick Assistant Life 1179,LIFESTYLE,3.3,268,39.3M,"5,000+",Free,$0,Everyone,Lifestyle,"January 28, 2024",3.0.9,8.0 and up
NextGen Portal Pers 1180,PERSONALIZATION,3.2,4,12.8M,100+,Free,$0,Everyone 10+,Personalization,"March 10, 2024",5.5.9,7.0 and up
NextGen Hub Life 1181,LIFESTYLE,4.3,1,21.7M,50+,Free,$0,Everyone,Lifestyle,"October 21, 2024",4.1.5,4.4 and up
Master Assistant Prod 1182,PRODUCTIVITY,4.5,21716,10.0M,"500,000+",Free,$0,Teen,Productivity,"May 13, 2024",1.9.1,8.0 and up
Master Vault Heal 1183,HEALTH_AND_FITNESS,4.7,2,788k,50+,Free,$0,Teen,Health & Fitness,"August 16, 2024",2.2.5,7.0 and up
Master 3D Busi 1184,BUSINESS,3.3,1,24.5M,50+,Free,$0,Everyone,Business,"October 21, 2024",2.5.0,8.0 and up
NextGen Lite Medi 1185,MEDICAL,3.8,62,16.3M,"1,000+",Free,$0,Everyone,Medical,"January 22, 2024",1.2.4,7.0 and up
Pocket Hero Tool 1186,TOOLS,4.6,1379,27.5M,"50,000+",Free,$0,Everyone,Tools,"August 10, 2024",2.3.2,8.0 and up
Hyper Plus Life 1187,LIFESTYLE,4.1,353,41.7M,"5,000+",Free,$0,Everyone,Lifestyle,"July 6, 2024",3.1.5,4.4 and up
Fast Studio Life 1188,LIFESTYLE,4.5,224,43.7M,"10,000+",Free,$0,Mature 17+,Lifestyle,"March 28, 2024",2.5.8,7.0 and up
Super Plus Heal 1189,HEALTH_AND_FITNESS,3.5,3511575,Varies with device,"50,000,000+",Free,$0,Everyone,Health & Fitness,"May 1, 2024",4.8.4,6.0 and up
Pro Vault Life 1190,LIFESTYLE,4.9,3243,37.5M,"100,000+",Free,$0,Everyone,Lifestyle,"May 21, 2024",5.1.8,7.0 and up
Master Vault Game 1191,GAME,,2194,71.4M,"50,000+",Free,$0,Everyone,Action,"January 3, 2024",3.3.6,5.0 and up
Easy Studio Game 1192,GAME,3.5,1752658,32.3M,"100,000,000+",Free,$0,Mature 17+,Strategy,"March 27, 2024",4.7.8,4.1 and up
Master Lite Prod 1193,PRODUCTIVITY,5.0,6602,38.4M,"500,000+",Free,$0,Everyone 10+,Productivity,"January 10, 2024",1.0.5,4.4 and up
Global Portal Phot 1194,PHOTOGRAPHY,3.5,76358,22.3M,"1,000,000+",Paid,$1.99,Teen,Photography,"January 9, 2024",3.2.3,7.0 and up
Hyper Manager Life 1195,LIFESTYLE,3.6,3,41.3M,50+,Free,$0,Teen,Lifestyle,"January 11, 2024",5.8.6,6.0 and up
Easy Hero Life 1196,LIFESTYLE,4.6,35190,23.9M,"500,000+",Free,$0,Everyone 10+,Lifestyle,"May 18, 2024",3.9.6,5.0 and up
Smart Portal Fina 1197,FINANCE,4.3,19022,43.6M,"1,000,000+",Free,$0,Teen,Finance,"May 1, 2024",2.0.0,4.1 and up
Pocket Flow Tool 1198,TOOLS,4.9,13035,43.2M,"500,000+",Free,$0,Everyone,Tools,"May 28, 2024",3.1.3,4.1 and up
Master Tracker Fina 1199,FINANCE,3.8,4,33.7M,100+,Free,$0,Everyone,Finance,"May 10, 2024",5.8.9,6.0 and up
Smart Studio Comm 1200,COMMUNICATION,4.6,774166,20.2M,"10,000,000+",Free,$0,Teen,Communication,"October 10, 2024",4.2.0,4.4 and up
Pocket Hero Fina 1201,FINANCE,4.4,24,36.6M,"1,000+",Free,$0,Mature 17+,Finance,"January 24, 2024",2.3.1,4.4 and up
NextGen Tracker Prod 1202,PRODUCTIVITY,3.7,5,Varies with device,100+,Free,$0,Everyone,Productivity,"August 8, 2024",4.4.7,4.4 and up
Pocket Tracker Prod 1203,PRODUCTIVITY,3.9,236379,32.4M,"5,000,000+",Free,$0,Everyone,Productivity,"March 12, 2024",4.7.5,5.0 and up
Daily Flow Pers 1204,PERSONALIZATION,4.2,28,734k,"1,000+",Free,$0,Everyone,Personalization,"March 20, 2024",1.8.7,6.0 and up
Fast Hub Heal 1205,HEALTH_AND_FITNESS,3.7,18737,20.9M,"500,000+",Free,$0,Teen,Health & Fitness,"March 3, 2024",4.3.3,6.0 and up
Global Flow Pers 1206,PERSONALIZATION,4.8,5,3.3M,100+,Free,$0,Everyone,Personalization,"August 19, 2024",5.3.6,4.4 and up
Hyper Lite Game 1207,GAME,4.6,56007,33.9M,"1,000,000+",Free,$0,Everyone,Card,"March 11, 2024",3.3.9,7.0 and up
Daily Hero Prod 1208,PRODUCTIVITY,3.9,1433,21.9M,"50,000+",Free,$0,Teen,Productivity,"March 6, 2024",4.4.3,4.1 and up
Easy Hero Busi 1209,BUSINESS,4.1,50432,32.8M,"1,000,000+",Free,$0,Teen,Business,"August 27, 2024",5.7.0,4.4 and up
Master Hub Busi 1210,BUSINESS,4.7,106731,27.6M,"5,000,000+",Free,$0,Teen,Business,"October 4, 2024",2.7.5,4.4 and up
Smart Manager Busi 1211,BUSINESS,4.1,59,7.8M,"5,000+",Free,$0,Everyone 10+,Business,"October 28, 2024",1.8.3,4.4 and up
Easy Portal Fami 1212,FAMILY,5.0,221,22.0M,"5,000+",Free,$0,Mature 17+,Casual,"July 12, 2024",2.5.8,5.0 and up
NextGen Portal Tool 1213,TOOLS,,37604,34.3M,"1,000,000+",Free,$0,Everyone,Tools,"March 1, 2024",3.4.3,6.0 and up
Global Vault Heal 1214,HEALTH_AND_FITNESS,4.7,16225,39.5M,"500,000+",Free,$0,Everyone 10+,Health & Fitness,"August 28, 2024",1.0.2,8.0 and up
Fast Vault Busi 1215,BUSINESS,4.8,3122473,Varies with device,"50,000,000+",Free,$0,Everyone,Business,"October 28, 2024",5.3.0,7.0 and up
Global Assistant Prod 1216,PRODUCTIVITY,,397262,23.5M,"5,000,000+",Free,$0,Everyone,Productivity,"March 13, 2024",1.2.2,4.1 and up
Super Flow Prod 1217,PRODUCTIVITY,3.6,7467912,34.4M,"100,000,000+",Free,$0,Everyone,Productivity,"August 25, 2024",1.1.1,6.0 and up
Smart Manager Comm 1218,COMMUNICATION,4.7,129,Varies with device,"10,000+",Free,$0,Everyone,Communication,"October 24, 2024",5.7.3,4.4 and up
Pro Hero Busi 1219,BUSINESS,4.0,50031,25.1M,"1,000,000+",Free,$0,Teen,Business,"October 22, 2024",3.8.1,4.4 and up
Super Hub Medi 1220,MEDICAL,4.3,149,28.9M,"5,000+",Free,$0,Everyone,Medical,"January 19, 2024",3.2.2,7.0 and up
Smart Tracker Medi 1221,MEDICAL,2.7,687993,17.8M,"10,000,000+",Free,$0,Everyone 10+,Medical,"July 27, 2024",1.0.3,8.0 and up
Smart 3D Heal 1222,HEALTH_AND_FITNESS,4.2,508,11.8M,"10,000+",Free,$0,Everyone,Health & Fitness,"May 7, 2024",4.5.8,5.0 and up
Hyper Hero Life 1223,LIFESTYLE,3.4,63,13.2M,"1,000+",Paid,$1.99,Everyone,Lifestyle,"March 16, 2024",1.6.1,5.0 and up
Master Plus Busi 1224,BUSINESS,3.4,2,784k,50+,Paid,$1.49,Teen,Business,"July 28, 2024",5.0.6,4.4 and up
Easy Portal Tool 1225,TOOLS,4.8,277532,13.2M,"5,000,000+",Free,$0,Everyone 10+,Tools,"October 21, 2024",1.3.4,4.1 and up
Super Tracker Prod 1226,PRODUCTIVITY,4.0,531296,23.3M,"10,000,000+",Free,$0,Everyone 10+,Productivity,"July 12, 2024",4.4.9,4.1 and up
Global Flow Fina 1227,FINANCE,4.0,64,38.3M,"1,000+",Free,$0,Everyone,Finance,"July 27, 2024",1.2.4,6.0 and up
Super Tracker Comm 1228,COMMUNICATION,5.0,4884589,24.1M,"100,000,000+",Paid,$399.99,Teen,Communication,"August 8, 2024",1.7.6,5.0 and up
Smart Assistant Game 1229,GAME,4.7,4613,80.0M,"100,000+",Free,$0,Teen,Role Playing,"January 5, 2024",5.0.1,5.0 and up
Master Hub Pers 1230,PERSONALIZATION,,23,12.6M,"1,000+",Free,$0,Everyone,Personalization,"May 3, 2024",1.4.5,7.0 and up
Easy Plus Medi 1231,MEDICAL,5.0,6,3.1M,100+,Free,$0,Everyone,Medical,"May 18, 2024",5.5.7,6.0 and up
Global Hero Pers 1232,PERSONALIZATION,3.7,4473,16.4M,"100,000+",Free,$0,Everyone,Personalization,"August 13, 2024",2.7.4,6.0 and up
Smart Hub Comm 1233,COMMUNICATION,,1736318,7.9M,"50,000,000+",Free,$0,Everyone,Communication,"January 2, 2024",3.6.6,6.0 and up
Pocket Flow Game 1234,GAME,4.8,256259,19.0M,"5,000,000+",Free,$0,Everyone 10+,Strategy,"July 4, 2024",3.0.0,8.0 and up
Global Plus Heal 1235,HEALTH_AND_FITNESS,4.3,24035,Varies with device,"500,000+",Free,$0,Everyone 10+,Health & Fitness,"October 21, 2024",3.9.0,5.0 and up
Pocket Manager Prod 1236,PRODUCTIVITY,4.1,648,36.7M,"50,000+",Free,$0,Mature 17+,Productivity,"July 13, 2024",5.8.7,8.0 and up
Quick Studio Prod 1237,PRODUCTIVITY,3.3,5132,18.4M,"100,000+",Free,$0,Everyone,Productivity,"January 14, 2024",4.1.2,4.4 and up
Pro Studio Phot 1238,PHOTOGRAPHY,4.2,435924,9.5M,"10,000,000+",Free,$0,Everyone,Photography,"March 24, 2024",5.9.9,5.0 and up
Global Studio Busi 1239,BUSINESS,,1,13.4M,10+,Free,$0,Everyone 10+,Business,"March 1, 2024",2.7.0,7.0 and up
Super Hub Phot 1240,PHOTOGRAPHY,4.1,3875,30.3M,"100,000+",Free,$0,Everyone 10+,Photography,"October 9, 2024",1.8.1,4.4 and up
Smart Hub Fina 1241,FINANCE,3.7,158,Varies with device,"10,000+",Free,$0,Mature 17+,Finance,"October 19, 2024",3.8.0,4.1 and up
Easy Hero Life 1242,LIFESTYLE,5.0,474,514k,"10,000+",Free,$0,Everyone 10+,Lifestyle,"March 19, 2024",4.8.5,6.0 and up
Pro Tracker Fami 1243,FAMILY,,1,22.4M,10+,Free,$0,Everyone,Education,"March 13, 2024",5.1.4,7.0 and up
NextGen Flow Comm 1244,COMMUNICATION,4.6,158822,31.0M,"10,000,000+",Free,$0,Everyone,Communication,"August 22, 2024",4.8.8,4.4 and up
Global Flow Phot 1245,PHOTOGRAPHY,5.0,7511504,13.5M,"100,000,000+",Free,$0,Everyone,Photography,"October 4, 2024",3.1.9,6.0 and up
Hyper Tracker Game 1246,GAME,4.3,44604,54.0M,"1,000,000+",Free,$0,Everyone 10+,Strategy,"August 18, 2024",2.5.6,5.0 and up
Global Flow Game 1247,GAME,4.2,2845099,18.6M,"50,000,000+",Free,$0,Teen,Role Playing,"October 21, 2024",3.9.6,6.0 and up
Fast Hero Life 1248,LIFESTYLE,5.0,3774447,24.0M,"50,000,000+",Free,$0,Teen,Lifestyle,"January 5, 2024",5.5.1,6.0 and up
Pocket Vault Tool 1249,TOOLS,4.1,63,25.3M,"1,000+",Free,$0,Mature 17+,Tools,"August 26, 2024",2.4.8,6.0 and up
Global Tracker Life 1250,LIFESTYLE,4.3,71,22.6M,"1,000+",Free,$0,Mature 17+,Lifestyle,"July 20, 2024",5.1.6,4.1 and up
Super Hero Busi 1251,BUSINESS,4.7,1,Varies with device,10+,Free,$0,Everyone 10+,Business,"March 12, 2024",5.2.3,8.0 and up
Quick Plus Comm 1252,COMMUNICATION,3.8,432577,Varies with device,"10,000,000+",Free,$0,Everyone,Communication,"January 9, 2024",3.8.8,4.1 and up
Fast Tracker Comm 1253,COMMUNICATION,4.7,73700,34.3M,"1,000,000+",Free,$0,Everyone,Communication,"January 20, 2024",1.6.5,8.0 and up
Fast Hero Fami 1254,FAMILY,3.5,1457600,38.3M,"50,000,000+",Free,$0,Everyone 10+,Education,"July 24, 2024",1.8.2,8.0 and up
Daily Portal Medi 1255,MEDICAL,4.5,384749,21.9M,"5,000,000+",Free,$0,Everyone,Medical,"May 3, 2024",4.4.6,7.0 and up
Pocket Vault Game 1256,GAME,4.5,229295,36.2M,"10,000,000+",Free,$0,Everyone 10+,Arcade,"August 20, 2024",2.9.6,8.0 and up
Easy Portal Busi 1257,BUSINESS,4.0,183,5.9M,"5,000+",Free,$0,Everyone,Business,"May 26, 2024",1.1.1,7.0 and up
Pro Flow Tool 1258,TOOLS,4.1,646,41.9M,"10,000+",Free,$0,Everyone,Tools,"May 4, 2024",1.7.1,6.0 and up
Quick Vault Heal 1259,HEALTH_AND_FITNESS,5.0,47,10.9M,"1,000+",Free,$0,Teen,Health & Fitness,"October 21, 2024",2.1.8,7.0 and up
Pocket Vault Medi 1260,MEDICAL,4.1,139,Varies with device,"10,000+",Free,$0,Everyone 10+,Medical,"August 10, 2024",2.4.8,7.0 and up
Pro Hero Medi 1261,MEDICAL,4.5,3,13.8M,50+,Free,$0,Mature 17+,Medical,"August 14, 2024",4.7.6,4.1 and up
Easy Manager Fina 1262,FINANCE,4.2,1,20.2M,50+,Free,$0,Teen,Finance,"May 18, 2024",1.9.7,5.0 and up
Quick Portal Fina 1263,FINANCE,,331,528k,"5,000+",Free,$0,Teen,Finance,"July 26, 2024",2.2.6,5.0 and up
Pro Hub Pers 1264,PERSONALIZATION,4.0,37,11.8M,"1,000+",Paid,$7.99,Everyone,Personalization,"March 4, 2024",2.2.4,4.4 and up
Master 3D Phot 1265,PHOTOGRAPHY,4.0,55965,473k,"1,000,000+",Free,$0,Teen,Photography,"January 4, 2024",1.2.4,8.0 and up
Pocket Portal Game 1266,GAME,3.6,3353499,66.2M,"50,000,000+",Free,$0,Everyone,Action,"August 1, 2024",1.7.9,7.0 and up
Fast Studio Comm 1267,COMMUNICATION,4.3,7941458,9.4M,"100,000,000+",Free,$0,Everyone,Communication,"July 26, 2024",1.4.7,4.4 and up
Easy Manager Pers 1268,PERSONALIZATION,5.0,5470,263k,"100,000+",Free,$0,Everyone,Personalization,"March 17, 2024",3.3.7,5.0 and up
Pocket 3D Prod 1269,PRODUCTIVITY,3.7,2560,4.1M,"50,000+",Free,$0,Everyone 10+,Productivity,"March 12, 2024",3.8.2,5.0 and up
NextGen Portal Tool 1270,TOOLS,4.1,5863,12.9M,"100,000+",Free,$0,Everyone,Tools,"January 2, 2024",4.4.4,8.0 and up
NextGen Studio Fina 1271,FINANCE,4.4,336,39.8M,"10,000+",Free,$0,Everyone,Finance,"March 23, 2024",4.4.8,7.0 and up
NextGen Vault Pers 1272,PERSONALIZATION,4.0,306703,40.8M,"5,000,000+",Free,$0,Everyone,Personalization,"March 22, 2024",3.2.7,4.4 and up
Daily Portal Fami 1273,FAMILY,4.3,3,Varies with device,100+,Free,$0,Everyone 10+,Education,"January 21, 2024",5.0.1,7.0 and up
Pro Hero Comm 1274,COMMUNICATION,3.7,1,Varies with device,10+,Free,$0,Everyone,Communication,"May 24, 2024",5.8.2,5.0 and up
Pocket Plus Busi 1275,BUSINESS,,7,39.1M,100+,Free,$0,Everyone 10+,Business,"January 17, 2024",1.6.7,6.0 and up
Daily Hub Life 1276,LIFESTYLE,5.0,689792,410k,"10,000,000+",Free,$0,Everyone 10+,Lifestyle,"May 9, 2024",3.6.0,7.0 and up
Fast Hub Prod 1277,PRODUCTIVITY,4.2,21628,35.7M,"500,000+",Free,$0,Everyone 10+,Productivity,"October 21, 2024",3.3.9,4.1 and up
Daily Portal Tool 1278,TOOLS,3.3,281374,36.6M,"5,000,000+",Free,$0,Teen,Tools,"August 17, 2024",5.2.9,4.1 and up
Master Vault Medi 1279,MEDICAL,4.6,2,Varies with device,50+,Free,$0,Everyone 10+,Medical,"March 9, 2024",4.3.0,4.1 and up
Fast Hero Pers 1280,PERSONALIZATION,3.9,222,25.9M,"10,000+",Free,$0,Teen,Personalization,"March 17, 2024",2.3.9,4.1 and up
NextGen Flow Tool 1281,TOOLS,,24239,8.8M,"500,000+",Free,$0,Everyone,Tools,"March 17, 2024",5.0.9,7.0 and up
Smart Hub Prod 1282,PRODUCTIVITY,3.4,6567,9.6M,"500,000+",Paid,$14.99,Teen,Productivity,"July 14, 2024",4.1.0,4.1 and up
Fast Assistant Life 1283,LIFESTYLE,4.0,1,10.1M,10+,Free,$0,Everyone,Lifestyle,"May 2, 2024",2.8.4,5.0 and up
NextGen Hub Heal 1284,HEALTH_AND_FITNESS,4.0,256371,13.9M,"5,000,000+",Free,$0,Mature 17+,Health & Fitness,"October 5, 2024",2.5.4,6.0 and up
NextGen Hub Busi 1285,BUSINESS,4.5,622042,2.7M,"50,000,000+",Free,$0,Teen,Business,"March 1, 2024",3.4.5,8.0 and up
Master Hub Busi 1286,BUSINESS,3.3,16,Varies with device,500+,Free,$0,Everyone 10+,Business,"July 14, 2024",3.1.1,4.1 and up
Pocket Hero Heal 1287,HEALTH_AND_FITNESS,4.4,707,40.3M,"10,000+",Free,$0,Everyone,Health & Fitness,"January 26, 2024",4.8.5,4.1 and up
Global Studio Comm 1288,COMMUNICATION,4.3,129370,26.2M,"10,000,000+",Free,$0,Teen,Communication,"August 7, 2024",3.8.2,6.0 and up
Smart Assistant Life 1289,LIFESTYLE,3.8,2624266,25.2M,"50,000,000+",Free,$0,Mature 17+,Lifestyle,"October 19, 2024",1.7.8,8.0 and up
Global Hub Heal 1290,HEALTH_AND_FITNESS,4.4,17,9.8M,500+,Free,$0,Everyone,Health & Fitness,"August 15, 2024",4.0.9,4.4 and up
Super Manager Tool 1291,TOOLS,4.2,201064,21.5M,"5,000,000+",Free,$0,Mature 17+,Tools,"August 18, 2024",2.6.0,5.0 and up
Pro Vault Game 1292,GAME,5.0,3579,Varies with device,"100,000+",Free,$0,Everyone,Racing,"August 11, 2024",1.7.7,6.0 and up
NextGen 3D Medi 1293,MEDICAL,4.1,19,35.7M,"1,000+",Free,$0,Everyone 10+,Medical,"October 18, 2024",2.4.1,7.0 and up
Smart Assistant Pers 1294,PERSONALIZATION,3.7,2863,22.5M,"100,000+",Free,$0,Everyone,Personalization,"July 2, 2024",3.5.4,4.4 and up
Pocket Flow Game 1295,GAME,4.4,305553,40.5M,"10,000,000+",Free,$0,Everyone,Racing,"January 28, 2024",5.2.2,5.0 and up
Fast Vault Phot 1296,PHOTOGRAPHY,4.0,56321,Varies with device,"5,000,000+",Free,$0,Everyone 10+,Photography,"May 14, 2024",3.0.7,4.4 and up
Easy Studio Prod 1297,PRODUCTIVITY,4.2,1,28.3M,10+,Free,$0,Everyone,Productivity,"January 2, 2024",1.7.8,8.0 and up
Smart 3D Life 1298,LIFESTYLE,3.5,141,Varies with device,"5,000+",Free,$0,Everyone,Lifestyle,"July 18, 2024",3.0.7,4.1 and up
Daily Flow Fami 1299,FAMILY,4.5,294,Varies with device,"5,000+",Free,$0,Everyone,Entertainment,"August 6, 2024",4.1.1,5.0 and up
Super 3D Tool 1300,TOOLS,3.9,716078,37.1M,"10,000,000+",Free,$0,Everyone,Tools,"August 5, 2024",2.0.0,6.0 and up
Global Lite Game 1301,GAME,,288169,87.5M,"5,000,000+",Free,$0,Everyone 10+,Role Playing,"January 17, 2024",5.4.8,8.0 and up
Quick Flow Fina 1302,FINANCE,4.3,1,27.5M,10+,Free,$0,Teen,Finance,"May 5, 2024",5.4.4,6.0 and up
Fast Hub Game 1303,GAME,3.8,771535,26.3M,"10,000,000+",Free,$0,Everyone,Role Playing,"August 3, 2024",2.1.0,5.0 and up
Smart Lite Fina 1304,FINANCE,4.4,64,31.4M,"1,000+",Paid,$2.99,Everyone 10+,Finance,"May 15, 2024",3.8.3,5.0 and up
Daily Tracker Tool 1305,TOOLS,3.5,3839,3.7M,"100,000+",Free,$0,Everyone,Tools,"August 18, 2024",2.4.4,7.0 and up
Daily Hero Life 1306,LIFESTYLE,3.3,38868,41.6M,"500,000+",Free,$0,Everyone 10+,Lifestyle,"May 13, 2024",2.8.0,5.0 and up
Master Studio Fina 1307,FINANCE,4.2,374454,21.3M,"5,000,000+",Free,$0,Everyone,Finance,"May 13, 2024",2.3.9,4.4 and up
Global Tracker Pers 1308,PERSONALIZATION,4.5,239,6.6M,"5,000+",Free,$0,Everyone 10+,Personalization,"May 24, 2024",1.9.1,4.4 and up
Super Studio Game 1309,GAME,4.4,6452364,Varies with device,"100,000,000+",Free,$0,Everyone,Action,"March 11, 2024",3.7.6,4.1 and up
Smart Flow Heal 1310,HEALTH_AND_FITNESS,3.4,58,12.1M,"5,000+",Free,$0,Everyone,Health & Fitness,"October 3, 2024",2.0.1,8.0 and up
Master Lite Tool 1311,TOOLS,3.8,64945,43.4M,"1,000,000+",Paid,$0.99,Everyone,Tools,"May 4, 2024",3.3.2,5.0 and up
Master Flow Heal 1312,HEALTH_AND_FITNESS,3.9,361708,3.9M,"5,000,000+",Free,$0,Everyone,Health & Fitness,"July 23, 2024",2.2.7,7.0 and up
Pocket 3D Life 1313,LIFESTYLE,3.4,6,41.3M,100+,Free,$0,Everyone,Lifestyle,"January 1, 2024",4.4.9,4.4 and up
Quick 3D Medi 1314,MEDICAL,4.2,1,7.4M,10+,Paid,$0.99,Mature 17+,Medical,"August 23, 2024",3.1.1,7.0 and up
Quick Flow Medi 1315,MEDICAL,4.3,1,43.3M,10+,Free,$0,Everyone,Medical,"May 22, 2024",5.5.2,4.1 and up
Super Tracker Fina 1316,FINANCE,4.1,14,26.8M,"1,000+",Free,$0,Teen,Finance,"August 14, 2024",5.0.1,7.0 and up
Master Hero Comm 1317,COMMUNICATION,3.4,13086218,22.6M,"1,000,000,000+",Free,$0,Everyone 10+,Communication,"March 23, 2024",2.3.9,5.0 and up
Quick Tracker Medi 1318,MEDICAL,5.0,509,38.5M,"50,000+",Free,$0,Everyone,Medical,"January 7, 2024",2.5.0,4.1 and up
Hyper Lite Phot 1319,PHOTOGRAPHY,3.8,13928,6.5M,"500,000+",Free,$0,Everyone,Photography,"August 2, 2024",2.9.2,4.4 and up
Pocket Hub Prod 1320,PRODUCTIVITY,4.7,1488,Varies with device,"100,000+",Paid,$7.99,Everyone 10+,Productivity,"January 12, 2024",2.0.8,7.0 and up
Quick Tracker Comm 1321,COMMUNICATION,4.9,2060267,Varies with device,"100,000,000+",Free,$0,Everyone,Communication,"March 20, 2024",1.4.5,6.0 and up
Pocket Vault Fina 1322,FINANCE,,702,27.5M,"10,000+",Free,$0,Everyone,Finance,"July 2, 2024",2.3.6,8.0 and up
Fast Manager Tool 1323,TOOLS,4.0,21015,13.0M,"500,000+",Free,$0,Everyone,Tools,"October 20, 2024",2.0.7,4.1 and up
Smart Plus Game 1324,GAME,3.5,5995,49.5M,"100,000+",Free,$0,Everyone,Strategy,"October 26, 2024",5.2.1,5.0 and up
Daily Vault Life 1325,LIFESTYLE,4.4,368,26.3M,"5,000+",Free,$0,Everyone,Lifestyle,"August 14, 2024",2.8.5,5.0 and up
Fast Vault Life 1326,LIFESTYLE,2.8,358253,43.8M,"5,000,000+",Free,$0,Everyone 10+,Lifestyle,"January 13, 2024",5.8.0,8.0 and up
Quick Studio Fami 1327,FAMILY,4.3,47448,11.3M,"1,000,000+",Free,$0,Teen,Entertainment,"August 5, 2024",5.9.7,4.4 and up
Pocket Hero Life 1328,LIFESTYLE,4.8,70636,7.9M,"1,000,000+",Free,$0,Teen,Lifestyle,"March 1, 2024",1.2.8,4.4 and up
Daily Manager Busi 1329,BUSINESS,3.6,53769,30.5M,"1,000,000+",Free,$0,Everyone,Business,"January 9, 2024",3.7.4,8.0 and up
Fast Portal Prod 1330,PRODUCTIVITY,,62344,43.1M,"1,000,000+",Free,$0,Everyone 10+,Productivity,"March 23, 2024",1.2.0,4.4 and up
Pro Hero Fami 1331,FAMILY,4.2,37,7.6M,500+,Free,$0,Teen,Education,"May 28, 2024",2.1.3,5.0 and up
Pro Manager Pers 1332,PERSONALIZATION,4.7,45,19.5M,"1,000+",Free,$0,Everyone,Personalization,"October 27, 2024",1.5.9,4.4 and up
Master Lite Phot 1333,PHOTOGRAPHY,4.5,3785,11.6M,"100,000+",Free,$0,Everyone 10+,Photography,"January 21, 2024",2.9.1,6.0 and up
Master Hero Heal 1334,HEALTH_AND_FITNESS,2.8,1,8.8M,50+,Free,$0,Mature 17+,Health & Fitness,"March 4, 2024",1.4.3,8.0 and up
Super Vault Life 1335,LIFESTYLE,3.8,1854847,36.5M,"50,000,000+",Free,$0,Everyone,Lifestyle,"July 16, 2024",1.8.0,5.0 and up
Hyper Assistant Comm 1336,COMMUNICATION,3.6,42235,18.5M,"1,000,000+",Free,$0,Everyone,Communication,"January 19, 2024",5.6.5,5.0 and up
Global Hero Fami 1337,FAMILY,4.8,64,3.6M,"1,000+",Free,$0,Teen,Entertainment,"March 22, 2024",3.9.3,8.0 and up
Pocket Tracker Prod 1338,PRODUCTIVITY,4.6,311610,344k,"10,000,000+",Free,$0,Everyone,Productivity,"July 5, 2024",4.1.1,5.0 and up
Quick Assistant Tool 1339,TOOLS,3.6,5658,42.5M,"100,000+",Free,$0,Everyone,Tools,"May 22, 2024",2.1.8,7.0 and up
Daily 3D Heal 1340,HEALTH_AND_FITNESS,3.6,22254,28.6M,"500,000+",Free,$0,Teen,Health & Fitness,"March 21, 2024",2.4.1,8.0 and up
Easy Plus Busi 1341,BUSINESS,3.9,24070,7.8M,"1,000,000+",Free,$0,Everyone,Business,"July 6, 2024",3.0.5,7.0 and up
Quick Hero Prod 1342,PRODUCTIVITY,3.6,3822323,Varies with device,"50,000,000+",Free,$0,Everyone,Productivity,"January 23, 2024",3.8.7,6.0 and up
Fast Hero Fami 1343,FAMILY,4.9,35885,41.4M,"1,000,000+",Free,$0,Everyone,Entertainment,"July 11, 2024",4.6.9,8.0 and up
Fast Flow Pers 1344,PERSONALIZATION,3.3,3348,20.8M,"100,000+",Free,$0,Everyone,Personalization,"July 13, 2024",5.8.6,4.1 and up
Easy Manager Comm 1345,COMMUNICATION,5.0,77,25.0M,"5,000+",Free,$0,Mature 17+,Communication,"May 27, 2024",5.4.8,4.1 and up
Hyper Vault Fina 1346,FINANCE,4.4,9,18.4M,500+,Free,$0,Teen,Finance,"March 4, 2024",2.0.7,5.0 and up
Pocket 3D Tool 1347,TOOLS,4.5,255975,7.3M,"5,000,000+",Free,$0,Everyone,Tools,"October 9, 2024",5.9.3,4.4 and up
Super Hero Tool 1348,TOOLS,4.2,6,36.8M,100+,Free,$0,Teen,Tools,"March 22, 2024",4.3.1,8.0 and up
Daily Flow Fami 1349,FAMILY,3.4,58,37.3M,"1,000+",Free,$0,Everyone,Casual,"January 3, 2024",3.8.7,4.1 and up
Pocket Manager Life 1350,LIFESTYLE,4.6,12319,33.8M,"500,000+",Free,$0,Mature 17+,Lifestyle,"July 9, 2024",3.7.0,4.1 and up
NextGen Manager Phot 1351,PHOTOGRAPHY,4.2,354392,31.7M,"5,000,000+",Free,$0,Everyone,Photography,"October 27, 2024",2.3.7,6.0 and up
Global Assistant Phot 1352,PHOTOGRAPHY,3.7,19010,22.1M,"500,000+",Free,$0,Everyone,Photography,"October 27, 2024",1.5.2,6.0 and up
Pro Lite Life 1353,LIFESTYLE,4.7,163,3.6M,"5,000+",Free,$0,Teen,Lifestyle,"October 6, 2024",2.1.4,4.4 and up
NextGen Plus Fina 1354,FINANCE,,183,43.6M,"10,000+",Free,$0,Everyone,Finance,"March 25, 2024",4.8.1,6.0 and up
Quick Hub Tool 1355,TOOLS,4.7,1193404,8.6M,"50,000,000+",Free,$0,Everyone,Tools,"October 1, 2024",5.2.9,8.0 and up
Quick Lite Heal 1356,HEALTH_AND_FITNESS,4.5,9473,37.6M,"500,000+",Free,$0,Everyone 10+,Health & Fitness,"March 8, 2024",2.2.2,8.0 and up
Quick 3D Pers 1357,PERSONALIZATION,4.4,53,9.5M,"1,000+",Free,$0,Teen,Personalization,"October 23, 2024",2.5.3,4.4 and up
Hyper Hub Prod 1358,PRODUCTIVITY,3.9,455093,5.9M,"10,000,000+",Paid,$0.99,Mature 17+,Productivity,"March 13, 2024",5.7.1,7.0 and up
Hyper Tracker Tool 1359,TOOLS,3.6,1690,252k,"100,000+",Free,$0,Mature 17+,Tools,"March 18, 2024",5.2.1,6.0 and up
Fast Hero Heal 1360,HEALTH_AND_FITNESS,4.4,2369463,10.6M,"50,000,000+",Free,$0,Everyone,Health & Fitness,"March 5, 2024",2.3.2,4.4 and up
NextGen Hub Tool 1361,TOOLS,4.6,314033,16.9M,"5,000,000+",Free,$0,Everyone 10+,Tools,"August 5, 2024",2.2.5,6.0 and up
Smart Vault Fami 1362,FAMILY,4.2,3975,4.1M,"50,000+",Free,$0,Everyone 10+,Puzzle,"October 16, 2024",2.1.1,7.0 and up
Hyper Flow Fami 1363,FAMILY,4.5,327,2.3M,"5,000+",Free,$0,Everyone,Entertainment,"August 10, 2024",1.8.5,4.4 and up
Quick Assistant Fami 1364,FAMILY,4.5,11,14.3M,500+,Free,$0,Mature 17+,Casual,"October 16, 2024",3.6.1,5.0 and up
Master Tracker Pers 1365,PERSONALIZATION,4.6,176,Varies with device,"5,000+",Free,$0,Everyone 10+,Personalization,"October 3, 2024",3.1.6,8.0 and up
Super Vault Medi 1366,MEDICAL,3.4,1,13.7M,10+,Free,$0,Everyone 10+,Medical,"January 19, 2024",4.9.3,7.0 and up
Daily Studio Fina 1367,FINANCE,4.0,17521,2.0M,"500,000+",Free,$0,Everyone,Finance,"March 14, 2024",2.0.1,7.0 and up
Super Manager Heal 1368,HEALTH_AND_FITNESS,,61027,42.5M,"1,000,000+",Free,$0,Everyone 10+,Health & Fitness,"July 20, 2024",4.7.8,7.0 and up
Hyper Tracker Heal 1369,HEALTH_AND_FITNESS,5.0,2482,9.1M,"50,000+",Free,$0,Teen,Health & Fitness,"March 3, 2024",5.2.2,6.0 and up
NextGen Tracker Heal 1370,HEALTH_AND_FITNESS,4.2,211133,24.8M,"5,000,000+",Free,$0,Everyone 10+,Health & Fitness,"August 14, 2024",3.3.3,8.0 and up
Quick Hub Heal 1371,HEALTH_AND_FITNESS,4.3,26,15.3M,500+,Paid,$4.99,Everyone,Health & Fitness,"March 4, 2024",2.0.2,4.1 and up
Pocket Tracker Busi 1372,BUSINESS,4.9,321,44.7M,"5,000+",Free,$0,Teen,Business,"May 16, 2024",1.0.0,4.4 and up
Hyper Hero Comm 1373,COMMUNICATION,3.6,1582,19.2M,"50,000+",Free,$0,Mature 17+,Communication,"July 10, 2024",1.6.3,6.0 and up
Fast Tracker Fina 1374,FINANCE,3.7,139926,Varies with device,"5,000,000+",Free,$0,Everyone,Finance,"October 8, 2024",4.3.0,7.0 and up
Easy Vault Pers 1375,PERSONALIZATION,3.8,3986,5.4M,"100,000+",Free,$0,Mature 17+,Personalization,"October 12, 2024",2.9.6,4.4 and up
Pro 3D Fina 1376,FINANCE,4.6,3596,Varies with device,"100,000+",Free,$0,Everyone,Finance,"March 17, 2024",2.7.6,8.0 and up
Easy Plus Prod 1377,PRODUCTIVITY,4.2,79121,41.4M,"1,000,000+",Free,$0,Mature 17+,Productivity,"August 25, 2024",3.9.6,5.0 and up
NextGen Assistant Medi 1378,MEDICAL,3.8,27,39.6M,"1,000+",Free,$0,Everyone,Medical,"October 8, 2024",3.4.1,5.0 and up
Hyper Vault Busi 1379,BUSINESS,4.8,374,12.4M,"5,000+",Free,$0,Everyone,Business,"May 19, 2024",4.4.3,7.0 and up
Easy Tracker Medi 1380,MEDICAL,3.4,234,26.1M,"5,000+",Free,$0,Everyone,Medical,"August 11, 2024",5.6.2,7.0 and up
Fast Plus Pers 1381,PERSONALIZATION,3.8,39591,35.1M,"500,000+",Free,$0,Everyone,Personalization,"January 8, 2024",2.1.0,7.0 and up
Pro 3D Phot 1382,PHOTOGRAPHY,4.1,110667,22.6M,"5,000,000+",Free,$0,Mature 17+,Photography,"May 7, 2024",3.6.5,5.0 and up
Smart Tracker Phot 1383,PHOTOGRAPHY,,1355,20.6M,"50,000+",Free,$0,Everyone,Photography,"March 24, 2024",5.3.9,4.1 and up
Fast Lite Fami 1384,FAMILY,3.6,174,39.1M,"10,000+",Free,$0,Teen,Education,"May 17, 2024",5.6.3,5.0 and up
NextGen Flow Busi 1385,BUSINESS,4.8,3,20.5M,50+,Free,$0,Mature 17+,Business,"August 7, 2024",1.4.5,7.0 and up
Easy 3D Medi 1386,MEDICAL,4.3,164,Varies with device,"5,000+",Free,$0,Mature 17+,Medical,"August 12, 2024",1.3.4,4.4 and up
Smart Flow Prod 1387,PRODUCTIVITY,,309301,15.3M,"5,000,000+",Free,$0,Everyone,Productivity,"July 7, 2024",1.0.4,4.4 and up
Fast Vault Heal 1388,HEALTH_AND_FITNESS,4.4,3909,30.3M,"100,000+",Free,$0,Mature 17+,Health & Fitness,"January 2, 2024",5.5.2,7.0 and up
Global Tracker Medi 1389,MEDICAL,5.0,10,Varies with device,500+,Free,$0,Teen,Medical,"July 10, 2024",1.7.4,4.4 and up
Quick Lite Fami 1390,FAMILY,3.9,1,37.9M,100+,Free,$0,Everyone,Entertainment,"March 27, 2024",5.9.4,6.0 and up
Smart Studio Comm 1391,COMMUNICATION,3.9,31306,34.6M,"500,000+",Free,$0,Everyone,Communication,"August 5, 2024",5.3.0,4.4 and up
Pocket Assistant Fami 1392,FAMILY,3.3,2507659,2.4M,"50,000,000+",Paid,$7.99,Teen,Education,"July 3, 2024",1.6.7,5.0 and up
Hyper Manager Fami 1393,FAMILY,3.5,3,37.0M,50+,Free,$0,Everyone 10+,Puzzle,"January 6, 2024",3.5.3,4.1 and up
Quick 3D Game 1394,GAME,4.2,50720484,28.7M,"1,000,000,000+",Paid,$1.99,Everyone,Arcade,"March 18, 2024",3.7.1,7.0 and up
Super Studio Pers 1395,PERSONALIZATION,5.0,6,7.7M,100+,Paid,$9.99,Everyone 10+,Personalization,"July 27, 2024",3.8.7,8.0 and up
NextGen Flow Game 1396,GAME,3.9,2918443,23.5M,"50,000,000+",Free,$0,Mature 17+,Role Playing,"March 9, 2024",1.6.5,8.0 and up
Daily Studio Life 1397,LIFESTYLE,3.6,207,16.6M,"10,000+",Free,$0,Everyone,Lifestyle,"March 5, 2024",3.9.0,7.0 and up
Hyper Assistant Pers 1398,PERSONALIZATION,3.3,63,23.8M,"1,000+",Free,$0,Everyone,Personalization,"July 8, 2024",2.7.9,4.1 and up
Smart Hub Tool 1399,TOOLS,,160,43.5M,"10,000+",Paid,$14.99,Teen,Tools,"October 20, 2024",1.1.7,4.1 and up
Fast Tracker Phot 1400,PHOTOGRAPHY,3.7,32927,17.2M,"500,000+",Free,$0,Mature 17+,Photography,"August 9, 2024",3.2.9,5.0 and up
Master Hub Pers 1401,PERSONALIZATION,3.7,2208,18.7M,"100,000+",Free,$0,Everyone,Personalization,"August 15, 2024",2.2.0,5.0 and up
Smart Hub Medi 1402,MEDICAL,3.8,1814881,36.9M,"50,000,000+",Free,$0,Everyone 10+,Medical,"July 28, 2024",2.3.0,8.0 and up
Quick Hero Life 1403,LIFESTYLE,4.3,1,2.8M,50+,Free,$0,Mature 17+,Lifestyle,"July 17, 2024",5.9.5,4.1 and up
Pro Manager Medi 1404,MEDICAL,3.9,107227,34.9M,"10,000,000+",Free,$0,Everyone,Medical,"August 25, 2024",3.3.7,6.0 and up
Hyper Assistant Medi 1405,MEDICAL,4.0,2721,27.7M,"50,000+",Free,$0,Everyone,Medical,"May 6, 2024",4.7.7,5.0 and up
Pocket Vault Tool 1406,TOOLS,3.5,20752,17.0M,"1,000,000+",Free,$0,Mature 17+,Tools,"March 1, 2024",3.9.2,4.4 and up
Super Hub Busi 1407,BUSINESS,4.6,1,19.7M,10+,Paid,$4.99,Everyone 10+,Business,"October 19, 2024",4.3.6,4.4 and up
NextGen Assistant Phot 1408,PHOTOGRAPHY,4.6,2206523,34.8M,"100,000,000+",Free,$0,Teen,Photography,"July 3, 2024",3.4.9,7.0 and up
Super Plus Fami 1409,FAMILY,3.6,12166,34.7M,"500,000+",Paid,$14.99,Everyone,Entertainment,"October 28, 2024",2.1.1,4.4 and up
Smart Hub Tool 1410,TOOLS,3.6,36047,40.0M,"1,000,000+",Free,$0,Mature 17+,Tools,"March 28, 2024",4.8.6,7.0 and up
Easy Tracker Phot 1411,PHOTOGRAPHY,3.7,17278,13.3M,"1,000,000+",Free,$0,Teen,Photography,"May 10, 2024",2.0.0,6.0 and up
Master Flow Tool 1412,TOOLS,4.5,2335460,16.1M,"50,000,000+",Free,$0,Teen,Tools,"October 13, 2024",3.6.4,8.0 and up
Hyper 3D Game 1413,GAME,4.4,1905,63.8M,"100,000+",Free,$0,Teen,Racing,"March 6, 2024",1.3.2,4.1 and up
Pro Hero Medi 1414,MEDICAL,4.7,1070,43.8M,"50,000+",Free,$0,Teen,Medical,"August 19, 2024",1.1.7,7.0 and up
Hyper Vault Phot 1415,PHOTOGRAPHY,4.8,5265,31.7M,"100,000+",Free,$0,Everyone,Photography,"August 23, 2024",2.1.8,4.1 and up
Hyper Assistant Fami 1416,FAMILY,3.4,1,32.4M,10+,Paid,$2.99,Everyone 10+,Education,"March 18, 2024",3.3.8,6.0 and up
Pro Lite Prod 1417,PRODUCTIVITY,4.4,27113,400k,"500,000+",Free,$0,Everyone,Productivity,"August 23, 2024",1.5.8,8.0 and up
Global Manager Tool 1418,TOOLS,4.8,5619893,4.6M,"100,000,000+",Free,$0,Everyone 10+,Tools,"July 6, 2024",4.6.3,4.4 and up
Daily Vault Tool 1419,TOOLS,4.0,362,10.8M,"5,000+",Free,$0,Teen,Tools,"October 3, 2024",5.5.1,8.0 and up
Smart Assistant Life 1420,LIFESTYLE,4.2,4184,43.5M,"100,000+",Free,$0,Everyone,Lifestyle,"March 5, 2024",5.2.3,4.4 and up
Super Flow Pers 1421,PERSONALIZATION,4.1,2,17.0M,50+,Free,$0,Everyone 10+,Personalization,"August 24, 2024",1.8.7,5.0 and up
Hyper Studio Pers 1422,PERSONALIZATION,,22255,Varies with device,"500,000+",Free,$0,Everyone 10+,Personalization,"May 27, 2024",5.2.0,8.0 and up
NextGen Hero Life 1423,LIFESTYLE,,136576,771k,"5,000,000+",Free,$0,Teen,Lifestyle,"January 15, 2024",5.1.5,7.0 and up
Daily 3D Comm 1424,COMMUNICATION,4.0,154618,841k,"5,000,000+",Paid,$1.99,Everyone 10+,Communication,"July 13, 2024",3.6.8,6.0 and up
Global Hub Tool 1425,TOOLS,3.3,98428,23.8M,"5,000,000+",Free,$0,Everyone,Tools,"May 11, 2024",2.9.4,8.0 and up
Master 3D Comm 1426,COMMUNICATION,5.0,1,3.0M,10+,Free,$0,Teen,Communication,"March 25, 2024",5.6.6,7.0 and up
Master Vault Medi 1427,MEDICAL,4.9,5331,25.8M,"100,000+",Free,$0,Everyone,Medical,"October 22, 2024",4.4.8,5.0 and up
Hyper Hero Heal 1428,HEALTH_AND_FITNESS,3.9,15,36.5M,"1,000+",Free,$0,Everyone,Health & Fitness,"July 15, 2024",2.4.7,7.0 and up
Quick Assistant Heal 1429,HEALTH_AND_FITNESS,4.3,30,44.9M,500+,Free,$0,Mature 17+,Health & Fitness,"August 1, 2024",3.4.5,4.1 and up
NextGen Flow Busi 1430,BUSINESS,3.8,230169,Varies with device,"5,000,000+",Free,$0,Everyone,Business,"January 6, 2024",4.2.7,4.1 and up
Easy Portal Comm 1431,COMMUNICATION,,26064,9.7M,"500,000+",Free,$0,Everyone,Communication,"May 17, 2024",1.3.0,7.0 and up
NextGen Tracker Life 1432,LIFESTYLE,3.8,33,25.7M,"1,000+",Free,$0,Everyone 10+,Lifestyle,"July 9, 2024",1.8.5,6.0 and up
Smart Studio Prod 1433,PRODUCTIVITY,5.0,32,Varies with device,500+,Free,$0,Everyone 10+,Productivity,"May 24, 2024",4.6.1,7.0 and up
NextGen Plus Busi 1434,BUSINESS,4.0,1121,14.6M,"100,000+",Free,$0,Mature 17+,Business,"March 27, 2024",4.8.4,6.0 and up
Daily Studio Phot 1435,PHOTOGRAPHY,4.4,369893,24.8M,"5,000,000+",Free,$0,Everyone 10+,Photography,"January 1, 2024",1.3.6,5.0 and up
Pro Plus Pers 1436,PERSONALIZATION,4.4,28996,12.8M,"1,000,000+",Free,$0,Everyone,Personalization,"July 16, 2024",3.5.6,7.0 and up
Smart Hero Comm 1437,COMMUNICATION,3.5,75799896,7.4M,"1,000,000,000+",Free,$0,Everyone,Communication,"August 20, 2024",4.7.2,5.0 and up
Smart Manager Comm 1438,COMMUNICATION,,937094,42.1M,"50,000,000+",Free,$0,Everyone,Communication,"July 26, 2024",1.4.7,5.0 and up
Easy Portal Phot 1439,PHOTOGRAPHY,4.3,151000,11.6M,"5,000,000+",Free,$0,Everyone,Photography,"January 28, 2024",2.8.3,5.0 and up
Super Manager Fami 1440,FAMILY,3.8,15061,9.1M,"500,000+",Free,$0,Mature 17+,Puzzle,"January 1, 2024",2.6.2,8.0 and up
Super 3D Tool 1441,TOOLS,4.2,6453,8.2M,"100,000+",Free,$0,Teen,Tools,"March 14, 2024",3.8.8,8.0 and up
Daily Lite Prod 1442,PRODUCTIVITY,4.7,2993279,9.8M,"50,000,000+",Free,$0,Everyone,Productivity,"October 27, 2024",3.2.5,4.1 and up
Daily Lite Comm 1443,COMMUNICATION,5.0,22123,4.4M,"500,000+",Free,$0,Mature 17+,Communication,"October 2, 2024",3.4.9,4.1 and up
Master Hero Medi 1444,MEDICAL,4.3,144,11.2M,"5,000+",Free,$0,Everyone,Medical,"July 28, 2024",5.4.1,6.0 and up
Global Hero Game 1445,GAME,4.6,5916294,35.8M,"100,000,000+",Free,$0,Mature 17+,Strategy,"March 2, 2024",3.3.7,7.0 and up
Quick Plus Life 1446,LIFESTYLE,3.5,187,Varies with device,"10,000+",Free,$0,Everyone 10+,Lifestyle,"March 8, 2024",5.9.2,6.0 and up
Daily Portal Fami 1447,FAMILY,4.5,36136,17.2M,"500,000+",Free,$0,Mature 17+,Puzzle,"July 7, 2024",1.4.8,6.0 and up
NextGen Hub Tool 1448,TOOLS,5.0,3194,19.6M,"100,000+",Free,$0,Everyone,Tools,"May 24, 2024",2.7.8,4.1 and up
Global Hub Game 1449,GAME,3.8,34936831,37.3M,"1,000,000,000+",Free,$0,Everyone,Racing,"October 16, 2024",4.6.2,7.0 and up
Easy Plus Comm 1450,COMMUNICATION,3.9,24,26.8M,"1,000+",Free,$0,Everyone 10+,Communication,"July 9, 2024",3.0.9,7.0 and up
Fast Tracker Busi 1451,BUSINESS,4.6,178,22.6M,"10,000+",Free,$0,Mature 17+,Business,"March 27, 2024",3.2.1,8.0 and up
Global Assistant Game 1452,GAME,4.2,5,67.0M,100+,Free,$0,Everyone 10+,Racing,"August 25, 2024",5.4.9,8.0 and up
Global Lite Busi 1453,BUSINESS,3.2,2,37.4M,50+,Free,$0,Everyone,Business,"October 23, 2024",5.5.8,4.4 and up
Global Tracker Life 1454,LIFESTYLE,,225,21.9M,"10,000+",Free,$0,Everyone 10+,Lifestyle,"October 28, 2024",1.2.4,7.0 and up
NextGen Vault Life 1455,LIFESTYLE,4.3,735112,Varies with device,"10,000,000+",Paid,$14.99,Everyone,Lifestyle,"May 11, 2024",1.4.3,6.0 and up
Daily Assistant Phot 1456,PHOTOGRAPHY,4.0,7874,11.4M,"100,000+",Paid,$4.99,Teen,Photography,"August 4, 2024",1.9.3,7.0 and up
Easy Lite Phot 1457,PHOTOGRAPHY,3.8,50350,Varies with device,"1,000,000+",Free,$0,Everyone 10+,Photography,"October 19, 2024",2.1.7,6.0 and up
Pocket Lite Busi 1458,BUSINESS,3.9,10,27.2M,500+,Free,$0,Everyone,Business,"January 21, 2024",3.8.8,4.1 and up
Fast Tracker Pers 1459,PERSONALIZATION,4.5,3,31.0M,50+,Paid,$1.49,Mature 17+,Personalization,"March 26, 2024",5.1.0,4.4 and up
Global Studio Life 1460,LIFESTYLE,3.6,157580,7.2M,"5,000,000+",Free,$0,Everyone,Lifestyle,"August 2, 2024",5.5.8,4.1 and up
Pro Hero Life 1461,LIFESTYLE,3.8,32941,32.7M,"1,000,000+",Free,$0,Everyone,Lifestyle,"May 23, 2024",5.7.3,6.0 and up
Master Hub Comm 1462,COMMUNICATION,4.4,12596,19.2M,"500,000+",Free,$0,Everyone,Communication,"March 26, 2024",5.0.0,8.0 and up
Hyper Hub Fina 1463,FINANCE,4.2,178,12.6M,"5,000+",Free,$0,Teen,Finance,"July 8, 2024",5.7.9,4.4 and up
Super Hub Fina 1464,FINANCE,3.3,1829,28.4M,"50,000+",Free,$0,Mature 17+,Finance,"March 16, 2024",4.2.7,4.1 and up
NextGen Assistant Tool 1465,TOOLS,4.7,3869,9.6M,"100,000+",Free,$0,Everyone,Tools,"May 3, 2024",4.1.0,4.1 and up
Pocket Flow Busi 1466,BUSINESS,3.9,72415,29.3M,"1,000,000+",Free,$0,Everyone,Business,"January 12, 2024",1.0.3,8.0 and up
Smart Studio Life 1467,LIFESTYLE,,393,579k,"5,000+",Free,$0,Everyone,Lifestyle,"August 28, 2024",1.4.4,8.0 and up
Super Portal Medi 1468,MEDICAL,4.1,314242,11.1M,"5,000,000+",Paid,$0.99,Teen,Medical,"July 13, 2024",3.9.0,7.0 and up
Daily Portal Tool 1469,TOOLS,4.4,6344,21.5M,"100,000+",Free,$0,Everyone,Tools,"May 4, 2024",2.5.8,8.0 and up
Master Hub Phot 1470,PHOTOGRAPHY,4.1,20872,Varies with device,"500,000+",Free,$0,Mature 17+,Photography,"August 4, 2024",1.6.4,8.0 and up
Easy Plus Fami 1471,FAMILY,3.7,2567,23.8M,"50,000+",Free,$0,Teen,Education,"July 21, 2024",3.8.3,8.0 and up
Hyper Hero Prod 1472,PRODUCTIVITY,4.4,31634,6.1M,"500,000+",Free,$0,Mature 17+,Productivity,"January 20, 2024",1.5.3,7.0 and up
Pro Manager Heal 1473,HEALTH_AND_FITNESS,4.0,4814,35.9M,"100,000+",Free,$0,Everyone,Health & Fitness,"January 21, 2024",2.3.1,7.0 and up
Master Studio Fami 1474,FAMILY,4.4,19376,2.8M,"1,000,000+",Free,$0,Teen,Entertainment,"October 19, 2024",3.1.9,4.4 and up
Pocket Plus Tool 1475,TOOLS,4.5,34406,Varies with device,"500,000+",Free,$0,Mature 17+,Tools,"May 4, 2024",2.2.4,7.0 and up
Global 3D Phot 1476,PHOTOGRAPHY,4.4,61476,44.3M,"1,000,000+",Free,$0,Mature 17+,Photography,"July 7, 2024",2.2.5,4.1 and up
Smart Manager Phot 1477,PHOTOGRAPHY,3.7,151,29.8M,"5,000+",Free,$0,Teen,Photography,"January 4, 2024",5.9.0,4.1 and up
Hyper Portal Prod 1478,PRODUCTIVITY,4.0,201067,22.4M,"5,000,000+",Free,$0,Teen,Productivity,"July 23, 2024",2.0.2,4.1 and up
Quick Assistant Fami 1479,FAMILY,4.0,36,734k,500+,Free,$0,Teen,Entertainment,"August 19, 2024",1.0.5,6.0 and up
Pro Tracker Phot 1480,PHOTOGRAPHY,4.7,1,36.3M,10+,Free,$0,Everyone,Photography,"July 7, 2024",5.7.1,4.4 and up
Smart Manager Fami 1481,FAMILY,4.7,827,26.4M,"50,000+",Free,$0,Teen,Puzzle,"January 21, 2024",4.7.2,4.4 and up
Easy Lite Game 1482,GAME,3.8,7090,47.6M,"100,000+",Free,$0,Teen,Action,"January 19, 2024",2.8.1,6.0 and up
Easy Hero Fami 1483,FAMILY,,2,37.5M,100+,Free,$0,Everyone,Puzzle,"March 6, 2024",3.2.1,8.0 and up
Smart Lite Comm 1484,COMMUNICATION,3.5,2267,5.5M,"100,000+",Free,$0,Everyone 10+,Communication,"October 1, 2024",5.4.4,8.0 and up
Smart Assistant Phot 1485,PHOTOGRAPHY,3.4,26595,29.6M,"500,000+",Free,$0,Everyone,Photography,"March 5, 2024",4.6.1,8.0 and up
Fast Portal Phot 1486,PHOTOGRAPHY,4.5,1,503k,100+,Free,$0,Everyone,Photography,"August 18, 2024",3.1.6,4.1 and up
Super Vault Tool 1487,TOOLS,3.8,5671,27.0M,"100,000+",Free,$0,Everyone,Tools,"July 18, 2024",4.4.9,7.0 and up
Master Portal Comm 1488,COMMUNICATION,3.8,39957191,31.0M,"1,000,000,000+",Free,$0,Teen,Communication,"July 2, 2024",1.8.8,5.0 and up
Easy Tracker Medi 1489,MEDICAL,3.1,4578,26.0M,"100,000+",Free,$0,Mature 17+,Medical,"January 19, 2024",1.7.4,7.0 and up
Super Assistant Busi 1490,BUSINESS,,310,33.2M,"10,000+",Free,$0,Everyone,Business,"July 20, 2024",2.3.5,4.4 and up
Daily Assistant Medi 1491,MEDICAL,4.9,1446,Varies with device,"50,000+",Free,$0,Everyone,Medical,"August 17, 2024",4.5.4,6.0 and up
Fast Tracker Tool 1492,TOOLS,3.7,108860,33.3M,"5,000,000+",Free,$0,Everyone 10+,Tools,"March 28, 2024",1.5.5,4.1 and up
Pro Tracker Prod 1493,PRODUCTIVITY,4.5,5721,36.1M,"500,000+",Free,$0,Teen,Productivity,"July 8, 2024",5.1.9,4.1 and up
Super Hero Fami 1494,FAMILY,4.4,183,Varies with device,"10,000+",Free,$0,Everyone,Casual,"July 19, 2024",2.3.2,8.0 and up
Master 3D Phot 1495,PHOTOGRAPHY,4.7,34108,26.8M,"500,000+",Free,$0,Everyone 10+,Photography,"August 2, 2024",4.0.8,8.0 and up
Daily Hub Fina 1496,FINANCE,3.7,7,22.6M,100+,Free,$0,Everyone,Finance,"January 2, 2024",1.9.9,7.0 and up
Quick Assistant Medi 1497,MEDICAL,,91,43.0M,"5,000+",Free,$0,Everyone,Medical,"August 3, 2024",3.1.9,7.0 and up
Fast Hero Heal 1498,HEALTH_AND_FITNESS,4.3,3,36.6M,100+,Free,$0,Everyone,Health & Fitness,"March 21, 2024",3.0.1,5.0 and up
Quick Hero Prod 1499,PRODUCTIVITY,,194505,42.6M,"5,000,000+",Free,$0,Everyone,Productivity,"May 19, 2024",3.6.6,6.0 and up
Super Tracker Tool 1500,TOOLS,4.6,485,2.7M,"10,000+",Free,$0,Mature 17+,Tools,"January 23, 2024",5.2.2,8.0 and up
Global Hero Prod 1501,PRODUCTIVITY,4.1,777,8.1M,"10,000+",Free,$0,Mature 17+,Productivity,"January 16, 2024",3.5.2,6.0 and up
NextGen Plus Prod 1502,PRODUCTIVITY,4.0,19405,16.8M,"500,000+",Free,$0,Everyone,Productivity,"May 3, 2024",2.9.1,7.0 and up
Super Portal Tool 1503,TOOLS,4.2,181336,Varies with device,"10,000,000+",Free,$0,Everyone 10+,Tools,"May 12, 2024",5.0.4,8.0 and up
Pro Tracker Comm 1504,COMMUNICATION,5.0,212,Varies with device,"5,000+",Free,$0,Everyone,Communication,"January 3, 2024",2.8.3,7.0 and up
Super Tracker Tool 1505,TOOLS,3.6,16281,10.6M,"1,000,000+",Free,$0,Mature 17+,Tools,"October 21, 2024",4.1.5,4.1 and up
NextGen Hero Tool 1506,TOOLS,4.3,381276,Varies with device,"5,000,000+",Free,$0,Teen,Tools,"May 8, 2024",3.4.6,8.0 and up
NextGen Manager Fami 1507,FAMILY,5.0,72568,11.4M,"1,000,000+",Free,$0,Teen,Entertainment,"January 4, 2024",5.1.5,4.4 and up
Master 3D Fami 1508,FAMILY,4.2,62046,33.5M,"1,000,000+",Free,$0,Everyone,Entertainment,"May 8, 2024",3.8.6,4.1 and up
Daily Manager Phot 1509,PHOTOGRAPHY,4.8,2142,Varies with device,"100,000+",Free,$0,Teen,Photography,"October 6, 2024",4.7.0,7.0 and up
Fast Assistant Comm 1510,COMMUNICATION,3.5,7544631,43.0M,"100,000,000+",Free,$0,Everyone,Communication,"January 20, 2024",4.6.8,6.0 and up
Global Hero Life 1511,LIFESTYLE,4.1,215656,26.9M,"5,000,000+",Free,$0,Everyone,Lifestyle,"January 2, 2024",4.1.8,5.0 and up
Easy Manager Life 1512,LIFESTYLE,3.8,93943,11.0M,"5,000,000+",Paid,$7.99,Mature 17+,Lifestyle,"March 4, 2024",2.1.5,8.0 and up
Global 3D Comm 1513,COMMUNICATION,4.1,312923,35.8M,"5,000,000+",Paid,$3.99,Everyone,Communication,"October 27, 2024",1.1.1,8.0 and up
Quick Portal Pers 1514,PERSONALIZATION,4.2,48530,2.1M,"1,000,000+",Free,$0,Everyone,Personalization,"May 8, 2024",3.9.4,7.0 and up
Fast Hub Life 1515,LIFESTYLE,4.2,2,25.1M,50+,Free,$0,Teen,Lifestyle,"May 28, 2024",1.5.1,4.1 and up
Super Manager Fami 1516,FAMILY,4.6,335312,34.2M,"5,000,000+",Free,$0,Everyone 10+,Education,"March 8, 2024",1.1.6,4.1 and up
Pro Plus Medi 1517,MEDICAL,3.0,2238349,39.5M,"50,000,000+",Free,$0,Everyone,Medical,"March 6, 2024",1.3.1,7.0 and up
Super Hub Phot 1518,PHOTOGRAPHY,,33,Varies with device,500+,Free,$0,Teen,Photography,"January 8, 2024",1.7.1,7.0 and up
Pro 3D Phot 1519,PHOTOGRAPHY,4.1,17347,41.9M,"1,000,000+",Free,$0,Everyone,Photography,"October 23, 2024",5.0.8,5.0 and up
NextGen Hero Game 1520,GAME,3.8,6917807,41.3M,"100,000,000+",Free,$0,Everyone,Racing,"October 4, 2024",1.3.7,5.0 and up
Daily Manager Prod 1521,PRODUCTIVITY,,29715,26.0M,"500,000+",Free,$0,Teen,Productivity,"August 24, 2024",1.7.2,6.0 and up
Fast Plus Busi 1522,BUSINESS,3.2,4275637,Varies with device,"100,000,000+",Paid,$1.49,Mature 17+,Business,"July 27, 2024",2.2.3,8.0 and up
Easy Studio Busi 1523,BUSINESS,4.5,44,16.6M,"1,000+",Free,$0,Teen,Business,"July 18, 2024",1.0.2,5.0 and up
NextGen 3D Life 1524,LIFESTYLE,3.9,300,39.3M,"5,000+",Free,$0,Everyone,Lifestyle,"March 21, 2024",3.4.3,4.4 and up
Smart Manager Prod 1525,PRODUCTIVITY,4.1,7791,35.9M,"100,000+",Free,$0,Everyone 10+,Productivity,"July 18, 2024",3.7.4,6.0 and up
Pro Assistant Heal 1526,HEALTH_AND_FITNESS,4.6,660,20.8M,"10,000+",Free,$0,Everyone,Health & Fitness,"August 28, 2024",3.2.1,5.0 and up
Hyper Hero Fami 1527,FAMILY,4.8,33820,Varies with device,"500,000+",Free,$0,Everyone,Casual,"March 12, 2024",1.8.4,4.4 and up
Fast 3D Medi 1528,MEDICAL,4.5,1,26.8M,10+,Free,$0,Everyone,Medical,"August 3, 2024",2.0.0,5.0 and up
Hyper Vault Game 1529,GAME,,666558,Varies with device,"10,000,000+",Free,$0,Everyone,Card,"March 4, 2024",3.1.6,6.0 and up
Fast Portal Pers 1530,PERSONALIZATION,3.6,1,36.2M,10+,Free,$0,Mature 17+,Personalization,"May 8, 2024",3.8.1,4.1 and up
Pro Hub Fami 1531,FAMILY,4.3,71632,13.2M,"1,000,000+",Free,$0,Teen,Entertainment,"August 27, 2024",5.6.1,5.0 and up
Daily Lite Phot 1532,PHOTOGRAPHY,5.0,16,7.9M,500+,Free,$0,Teen,Photography,"July 11, 2024",1.2.3,7.0 and up
Daily Hub Fina 1533,FINANCE,4.9,33895,42.4M,"1,000,000+",Paid,$9.99,Everyone,Finance,"March 24, 2024",4.0.2,5.0 and up
Fast Lite Medi 1534,MEDICAL,4.4,32009,8.1M,"500,000+",Free,$0,Teen,Medical,"January 1, 2024",4.3.0,7.0 and up
Pocket Assistant Phot 1535,PHOTOGRAPHY,3.6,663856,44.8M,"10,000,000+",Free,$0,Teen,Photography,"October 24, 2024",1.3.1,6.0 and up
Quick Portal Fina 1536,FINANCE,4.2,1111,37.3M,"100,000+",Free,$0,Mature 17+,Finance,"May 23, 2024",4.2.6,4.1 and up
Pocket Hero Tool 1537,TOOLS,3.8,63940,44.2M,"1,000,000+",Free,$0,Everyone,Tools,"August 17, 2024",3.0.7,6.0 and up
Smart Tracker Comm 1538,COMMUNICATION,4.5,4117,8.2M,"100,000+",Free,$0,Everyone 10+,Communication,"March 11, 2024",2.8.6,6.0 and up
Pocket Vault Comm 1539,COMMUNICATION,4.4,1877662,23.7M,"100,000,000+",Free,$0,Everyone,Communication,"July 22, 2024",1.4.8,7.0 and up
Smart Tracker Comm 1540,COMMUNICATION,4.3,2928725,13.2M,"50,000,000+",Free,$0,Everyone,Communication,"October 17, 2024",5.2.7,4.4 and up
Fast Hub Busi 1541,BUSINESS,4.6,3849,20.4M,"50,000+",Free,$0,Everyone,Business,"May 7, 2024",3.6.7,4.1 and up
Daily Vault Pers 1542,PERSONALIZATION,4.3,3586,13.0M,"50,000+",Free,$0,Everyone,Personalization,"August 23, 2024",1.3.8,5.0 and up
Master Plus Tool 1543,TOOLS,4.1,70221,896k,"1,000,000+",Free,$0,Everyone,Tools,"October 6, 2024",2.2.7,4.1 and up
Master Lite Game 1544,GAME,3.5,2779370,92.5M,"50,000,000+",Free,$0,Everyone,Action,"January 25, 2024",3.2.9,7.0 and up
Easy Hero Fina 1545,FINANCE,3.9,68,3.4M,"1,000+",Free,$0,Everyone,Finance,"July 19, 2024",1.3.9,4.4 and up
Smart 3D Tool 1546,TOOLS,3.7,389,25.6M,"10,000+",Free,$0,Everyone,Tools,"March 22, 2024",4.4.7,4.1 and up
Daily Tracker Fami 1547,FAMILY,4.6,70,34.7M,"1,000+",Free,$0,Everyone,Puzzle,"July 7, 2024",4.0.5,8.0 and up
Easy Vault Fami 1548,FAMILY,4.1,1193,9.9M,"50,000+",Free,$0,Teen,Casual,"August 8, 2024",1.7.2,7.0 and up
Hyper Plus Medi 1549,MEDICAL,,37,26.2M,500+,Free,$0,Everyone,Medical,"May 2, 2024",2.5.9,8.0 and up
Super 3D Busi 1550,BUSINESS,3.7,2,21.9M,50+,Free,$0,Teen,Business,"March 18, 2024",1.2.9,4.1 and up
Pocket Flow Comm 1551,COMMUNICATION,5.0,1334306,20.5M,"100,000,000+",Free,$0,Teen,Communication,"October 14, 2024",4.6.5,4.4 and up
Daily Flow Phot 1552,PHOTOGRAPHY,3.8,31260,13.4M,"1,000,000+",Free,$0,Mature 17+,Photography,"May 1, 2024",4.0.8,7.0 and up
Pro Assistant Comm 1553,COMMUNICATION,4.6,3118642,38.4M,"50,000,000+",Paid,$0.99,Everyone 10+,Communication,"October 4, 2024",5.2.9,4.1 and up
Super Lite Tool 1554,TOOLS,4.3,3218,12.2M,"50,000+",Paid,$0.99,Mature 17+,Tools,"March 6, 2024",2.5.3,4.4 and up
Pro Manager Prod 1555,PRODUCTIVITY,,2712,533k,"100,000+",Free,$0,Everyone,Productivity,"May 28, 2024",1.1.9,8.0 and up
Easy Lite Prod 1556,PRODUCTIVITY,4.5,3286,Varies with device,"50,000+",Free,$0,Mature 17+,Productivity,"August 27, 2024",5.8.4,8.0 and up
Quick Plus Prod 1557,PRODUCTIVITY,3.7,356,41.5M,"5,000+",Free,$0,Everyone,Productivity,"January 26, 2024",5.0.5,7.0 and up
Super Manager Pers 1558,PERSONALIZATION,4.5,3410,5.9M,"50,000+",Free,$0,Everyone,Personalization,"July 25, 2024",3.9.6,5.0 and up
Pro Hub Busi 1559,BUSINESS,4.7,19,5.2M,"1,000+",Free,$0,Mature 17+,Business,"May 9, 2024",2.1.0,6.0 and up
NextGen Hub Tool 1560,TOOLS,4.5,248225,44.4M,"5,000,000+",Free,$0,Everyone,Tools,"March 13, 2024",4.1.3,4.1 and up
Quick 3D Phot 1561,PHOTOGRAPHY,3.7,190273,13.8M,"5,000,000+",Free,$0,Everyone 10+,Photography,"August 21, 2024",4.4.6,4.1 and up
Global Assistant Tool 1562,TOOLS,4.9,9216,2.2M,"500,000+",Free,$0,Everyone 10+,Tools,"October 18, 2024",3.5.2,5.0 and up
Smart 3D Fami 1563,FAMILY,4.0,1,16.3M,10+,Paid,$2.99,Everyone 10+,Education,"March 4, 2024",5.1.4,4.4 and up
Daily Studio Heal 1564,HEALTH_AND_FITNESS,4.4,2197,13.2M,"50,000+",Free,$0,Everyone,Health & Fitness,"May 23, 2024",3.2.2,4.1 and up
Fast Hero Life 1565,LIFESTYLE,3.5,1,25.2M,10+,Free,$0,Everyone,Lifestyle,"October 1, 2024",3.8.7,6.0 and up
Master Flow Fami 1566,FAMILY,4.8,183771,39.9M,"5,000,000+",Free,$0,Mature 17+,Puzzle,"August 18, 2024",4.5.1,5.0 and up
Smart Lite Busi 1567,BUSINESS,4.5,213544,20.6M,"5,000,000+",Paid,$14.99,Everyone,Business,"October 17, 2024",5.3.8,4.4 and up
Fast Studio Fina 1568,FINANCE,4.0,1944829,Varies with device,"100,000,000+",Free,$0,Teen,Finance,"July 5, 2024",5.2.5,5.0 and up
Fast Lite Prod 1569,PRODUCTIVITY,3.9,156107,312k,"10,000,000+",Free,$0,Everyone,Productivity,"January 25, 2024",1.8.2,5.0 and up
Smart Hero Pers 1570,PERSONALIZATION,4.5,2065,34.7M,"50,000+",Free,$0,Everyone 10+,Personalization,"January 3, 2024",2.2.3,5.0 and up
Global Vault Game 1571,GAME,,111,Varies with device,"5,000+",Free,$0,Teen,Strategy,"July 6, 2024",4.0.2,6.0 and up
Easy Lite Comm 1572,COMMUNICATION,,679,20.5M,"10,000+",Free,$0,Teen,Communication,"May 21, 2024",1.0.3,7.0 and up
Fast Hub Game 1573,GAME,4.8,50244457,58.1M,"1,000,000,000+",Free,$0,Everyone,Action,"May 27, 2024",4.1.1,7.0 and up
Pro 3D Prod 1574,PRODUCTIVITY,3.8,132743,8.2M,"10,000,000+",Free,$0,Everyone,Productivity,"May 13, 2024",3.6.1,8.0 and up
Pro Studio Pers 1575,PERSONALIZATION,4.1,391465,11.4M,"5,000,000+",Free,$0,Everyone,Personalization,"January 1, 2024",5.5.3,6.0 and up
Easy Assistant Tool 1576,TOOLS,3.9,16,38.9M,"1,000+",Free,$0,Everyone,Tools,"March 26, 2024",4.1.0,8.0 and up
Easy 3D Busi 1577,BUSINESS,4.8,1,354k,10+,Free,$0,Teen,Business,"May 9, 2024",3.1.3,6.0 and up
Master Flow Tool 1578,TOOLS,3.9,72633,20.1M,"1,000,000+",Free,$0,Everyone,Tools,"July 28, 2024",2.4.9,5.0 and up
Easy Assistant Tool 1579,TOOLS,3.6,3330,6.3M,"50,000+",Free,$0,Everyone,Tools,"January 27, 2024",4.9.9,7.0 and up
Easy 3D Prod 1580,PRODUCTIVITY,4.5,1,11.4M,10+,Free,$0,Everyone,Productivity,"January 25, 2024",4.2.3,5.0 and up
Pocket Plus Fina 1581,FINANCE,4.9,45068,26.5M,"1,000,000+",Free,$0,Everyone,Finance,"May 28, 2024",3.8.5,8.0 and up
Smart Assistant Prod 1582,PRODUCTIVITY,,2,9.4M,50+,Free,$0,Everyone 10+,Productivity,"October 9, 2024",1.0.0,7.0 and up
Daily Lite Fina 1583,FINANCE,4.5,53807,13.5M,"1,000,000+",Free,$0,Everyone 10+,Finance,"May 8, 2024",3.9.9,4.1 and up
Master Portal Fami 1584,FAMILY,5.0,1543,Varies with device,"100,000+",Free,$0,Everyone 10+,Education,"October 14, 2024",1.4.3,6.0 and up
Easy Plus Life 1585,LIFESTYLE,4.7,209962,25.3M,"5,000,000+",Free,$0,Everyone 10+,Lifestyle,"May 14, 2024",3.6.7,4.4 and up
Quick Assistant Heal 1586,HEALTH_AND_FITNESS,4.3,2437,4.9M,"50,000+",Free,$0,Everyone 10+,Health & Fitness,"January 17, 2024",3.8.9,7.0 and up
Smart Studio Fami 1587,FAMILY,4.2,21638,6.7M,"500,000+",Free,$0,Everyone,Casual,"May 2, 2024",4.8.6,4.1 and up
Pocket Assistant Medi 1588,MEDICAL,3.8,627,3.6M,"10,000+",Free,$0,Teen,Medical,"May 14, 2024",5.8.3,4.4 and up
Master Flow Fami 1589,FAMILY,5.0,40,22.3M,"1,000+",Free,$0,Everyone,Puzzle,"August 5, 2024",2.2.6,6.0 and up
Super Vault Phot 1590,PHOTOGRAPHY,4.4,11130,23.8M,"1,000,000+",Free,$0,Mature 17+,Photography,"May 22, 2024",5.0.6,6.0 and up
Quick Hero Prod 1591,PRODUCTIVITY,3.1,575,28.6M,"10,000+",Free,$0,Teen,Productivity,"July 1, 2024",3.5.0,8.0 and up
Global Manager Heal 1592,HEALTH_AND_FITNESS,4.5,1972992,13.3M,"100,000,000+",Free,$0,Teen,Health & Fitness,"October 25, 2024",1.8.6,8.0 and up
Pro Assistant Pers 1593,PERSONALIZATION,4.6,1867,Varies with device,"50,000+",Paid,$0.99,Teen,Personalization,"March 26, 2024",5.9.2,7.0 and up
NextGen Vault Busi 1594,BUSINESS,5.0,3,26.2M,50+,Free,$0,Everyone,Business,"March 25, 2024",2.7.1,6.0 and up
Daily Assistant Pers 1595,PERSONALIZATION,3.9,6756,19.4M,"100,000+",Free,$0,Everyone,Personalization,"March 23, 2024",5.8.3,4.1 and up
Pocket Hero Heal 1596,HEALTH_AND_FITNESS,5.0,290,6.9M,"5,000+",Free,$0,Mature 17+,Health & Fitness,"August 14, 2024",4.0.6,7.0 and up
Global Lite Tool 1597,TOOLS,4.2,336834,Varies with device,"5,000,000+",Free,$0,Mature 17+,Tools,"August 6, 2024",3.3.8,7.0 and up
NextGen Plus Pers 1598,PERSONALIZATION,3.8,6682,31.8M,"100,000+",Free,$0,Everyone,Personalization,"July 24, 2024",5.1.6,6.0 and up
Hyper Flow Life 1599,LIFESTYLE,3.9,3638,31.1M,"100,000+",Free,$0,Everyone 10+,Lifestyle,"August 19, 2024",1.1.6,8.0 and up
NextGen Portal Medi 1600,MEDICAL,,826,35.3M,"50,000+",Free,$0,Everyone,Medical,"August 5, 2024",4.4.0,6.0 and up
Pro Portal Fami 1601,FAMILY,,27,39.2M,500+,Free,$0,Teen,Education,"March 13, 2024",2.8.2,7.0 and up
NextGen Hero Comm 1602,COMMUNICATION,5.0,3415232,42.7M,"50,000,000+",Free,$0,Everyone,Communication,"July 5, 2024",5.8.9,5.0 and up
NextGen Flow Busi 1603,BUSINESS,3.9,42684,Varies with device,"1,000,000+",Free,$0,Teen,Business,"August 22, 2024",1.9.6,4.1 and up
Hyper Assistant Tool 1604,TOOLS,5.0,96,38.1M,"5,000+",Free,$0,Everyone,Tools,"July 2, 2024",2.6.3,8.0 and up
Easy Plus Medi 1605,MEDICAL,4.6,32824,9.9M,"1,000,000+",Free,$0,Mature 17+,Medical,"October 27, 2024",4.0.1,4.4 and up
NextGen Flow Fami 1606,FAMILY,4.2,19982,11.2M,"1,000,000+",Free,$0,Mature 17+,Entertainment,"January 5, 2024",2.7.5,4.4 and up
Daily Hero Fami 1607,FAMILY,4.5,498,32.3M,"10,000+",Free,$0,Teen,Education,"October 25, 2024",4.0.2,5.0 and up
Pocket Manager Prod 1608,PRODUCTIVITY,4.3,6911,17.1M,"100,000+",Free,$0,Teen,Productivity,"May 17, 2024",1.8.7,5.0 and up
Quick Assistant Medi 1609,MEDICAL,3.6,67,23.9M,"1,000+",Free,$0,Everyone,Medical,"October 19, 2024",4.7.3,7.0 and up
Fast Assistant Fina 1610,FINANCE,5.0,387779,11.9M,"10,000,000+",Paid,$9.99,Mature 17+,Finance,"August 17, 2024",4.4.9,4.1 and up
Global Hero Tool 1611,TOOLS,5.0,4968,40.2M,"100,000+",Free,$0,Everyone,Tools,"October 2, 2024",3.2.9,7.0 and up
Smart Assistant Comm 1612,COMMUNICATION,4.1,49,19.1M,"1,000+",Free,$0,Mature 17+,Communication,"August 14, 2024",2.3.5,6.0 and up
Global 3D Busi 1613,BUSINESS,3.9,2,11.3M,50+,Free,$0,Everyone 10+,Business,"July 28, 2024",4.8.8,6.0 and up
Master Vault Pers 1614,PERSONALIZATION,3.6,2311,14.9M,"100,000+",Free,$0,Mature 17+,Personalization,"March 2, 2024",5.4.9,4.4 and up
Quick Vault Game 1615,GAME,4.5,4695161,21.8M,"100,000,000+",Free,$0,Teen,Strategy,"January 1, 2024",1.1.4,5.0 and up
Hyper Manager Fami 1616,FAMILY,4.5,344026,43.1M,"5,000,000+",Free,$0,Everyone 10+,Puzzle,"October 8, 2024",1.4.9,4.1 and up
Super Tracker Prod 1617,PRODUCTIVITY,3.8,1214,8.5M,"50,000+",Free,$0,Mature 17+,Productivity,"July 5, 2024",1.9.9,7.0 and up
NextGen Assistant Comm 1618,COMMUNICATION,4.3,3079858,32.0M,"100,000,000+",Free,$0,Everyone,Communication,"May 20, 2024",2.0.8,4.4 and up
Quick Tracker Prod 1619,PRODUCTIVITY,4.6,4991593,28.2M,"100,000,000+",Free,$0,Mature 17+,Productivity,"May 18, 2024",5.6.2,7.0 and up
NextGen Lite Life 1620,LIFESTYLE,3.9,381,Varies with device,"10,000+",Free,$0,Everyone,Lifestyle,"March 21, 2024",1.7.9,6.0 and up
Daily Assistant Comm 1621,COMMUNICATION,4.1,50030966,932k,"1,000,000,000+",Free,$0,Everyone 10+,Communication,"October 25, 2024",3.0.4,4.4 and up
Easy Hub Medi 1622,MEDICAL,4.1,59757,30.2M,"1,000,000+",Free,$0,Mature 17+,Medical,"May 28, 2024",4.1.0,4.1 and up
Master Plus Phot 1623,PHOTOGRAPHY,,27,17.0M,500+,Free,$0,Everyone,Photography,"August 25, 2024",2.0.2,8.0 and up
Global Plus Fina 1624,FINANCE,3.8,46,10.2M,"1,000+",Free,$0,Everyone,Finance,"May 9, 2024",4.4.8,7.0 and up
Master Assistant Fami 1625,FAMILY,3.3,11,39.2M,"1,000+",Free,$0,Everyone,Entertainment,"January 1, 2024",4.6.5,4.1 and up
Master Flow Busi 1626,BUSINESS,4.1,1,35.6M,100+,Free,$0,Teen,Business,"October 8, 2024",2.8.9,5.0 and up
Pocket Assistant Game 1627,GAME,3.3,2348,20.9M,"100,000+",Free,$0,Mature 17+,Strategy,"January 12, 2024",3.8.1,8.0 and up
Pocket Studio Pers 1628,PERSONALIZATION,3.9,28240,30.8M,"1,000,000+",Free,$0,Everyone 10+,Personalization,"January 13, 2024",1.7.7,4.1 and up
Pro Vault Fami 1629,FAMILY,3.7,136,Varies with device,"5,000+",Free,$0,Everyone,Entertainment,"January 18, 2024",3.0.3,7.0 and up
Smart Hub Pers 1630,PERSONALIZATION,,6,18.5M,100+,Free,$0,Everyone 10+,Personalization,"October 2, 2024",2.8.5,7.0 and up
NextGen Hero Life 1631,LIFESTYLE,3.8,53,Varies with device,"1,000+",Free,$0,Mature 17+,Lifestyle,"January 5, 2024",4.5.2,7.0 and up
Super Assistant Pers 1632,PERSONALIZATION,3.9,148,39.3M,"5,000+",Free,$0,Everyone,Personalization,"October 14, 2024",2.3.0,4.4 and up
Easy Hero Busi 1633,BUSINESS,4.3,69,4.3M,"1,000+",Free,$0,Teen,Business,"July 2, 2024",5.9.8,6.0 and up
Pro Flow Fami 1634,FAMILY,4.0,60094,25.3M,"1,000,000+",Free,$0,Everyone 10+,Education,"October 10, 2024",2.1.1,4.4 and up
Hyper Assistant Heal 1635,HEALTH_AND_FITNESS,3.7,85090,16.6M,"5,000,000+",Paid,$7.99,Everyone,Health & Fitness,"March 22, 2024",1.1.9,8.0 and up
Easy Studio Comm 1636,COMMUNICATION,4.2,6591,168k,"100,000+",Free,$0,Mature 17+,Communication,"July 22, 2024",1.7.7,5.0 and up
Easy Studio Fina 1637,FINANCE,3.7,304,Varies with device,"5,000+",Free,$0,Everyone 10+,Finance,"March 21, 2024",2.1.7,4.1 and up
Fast Hub Medi 1638,MEDICAL,4.0,3380,26.8M,"50,000+",Free,$0,Teen,Medical,"July 14, 2024",2.6.2,4.4 and up
Pro Lite Fina 1639,FINANCE,,1312,5.2M,"50,000+",Free,$0,Everyone,Finance,"March 12, 2024",4.8.7,4.1 and up
Daily Assistant Prod 1640,PRODUCTIVITY,4.3,6694,Varies with device,"500,000+",Free,$0,Teen,Productivity,"July 8, 2024",4.0.5,4.1 and up
NextGen Flow Tool 1641,TOOLS,3.4,200,27.3M,"5,000+",Paid,$0.99,Mature 17+,Tools,"January 6, 2024",1.3.0,4.4 and up
Pro Vault Fina 1642,FINANCE,4.6,283,42.5M,"10,000+",Free,$0,Mature 17+,Finance,"July 23, 2024",5.5.3,4.1 and up
Hyper Tracker Busi 1643,BUSINESS,3.2,1,7.7M,50+,Free,$0,Everyone,Business,"July 10, 2024",3.4.4,8.0 and up
Pro Lite Busi 1644,BUSINESS,4.0,30008,31.8M,"1,000,000+",Free,$0,Everyone,Business,"August 3, 2024",1.8.0,8.0 and up
Fast Portal Life 1645,LIFESTYLE,3.6,2,11.1M,50+,Free,$0,Everyone,Lifestyle,"May 13, 2024",4.2.2,7.0 and up
Smart Hub Heal 1646,HEALTH_AND_FITNESS,3.0,22266,19.5M,"500,000+",Paid,$7.99,Everyone,Health & Fitness,"July 27, 2024",2.4.8,6.0 and up
Pro Hero Fami 1647,FAMILY,4.8,2071,40.8M,"50,000+",Free,$0,Everyone,Puzzle,"March 12, 2024",1.5.8,5.0 and up
Pocket Plus Fami 1648,FAMILY,,288313,33.2M,"5,000,000+",Free,$0,Teen,Casual,"July 26, 2024",1.5.6,4.1 and up
Global Tracker Fina 1649,FINANCE,4.5,180,11.0M,"5,000+",Free,$0,Everyone,Finance,"July 19, 2024",3.0.6,5.0 and up
Quick Hub Pers 1650,PERSONALIZATION,4.0,2880,41.5M,"50,000+",Free,$0,Everyone,Personalization,"October 15, 2024",1.9.1,8.0 and up
Hyper 3D Life 1651,LIFESTYLE,4.6,37,11.2M,500+,Free,$0,Everyone,Lifestyle,"August 8, 2024",2.5.9,6.0 and up
Hyper Portal Medi 1652,MEDICAL,4.2,768,35.2M,"10,000+",Free,$0,Everyone 10+,Medical,"October 16, 2024",4.1.8,5.0 and up
NextGen Hub Prod 1653,PRODUCTIVITY,5.0,24728,20.6M,"500,000+",Free,$0,Everyone,Productivity,"March 23, 2024",5.7.3,8.0 and up
Global Assistant Tool 1654,TOOLS,,302367,41.6M,"10,000,000+",Free,$0,Everyone,Tools,"July 26, 2024",4.6.9,7.0 and up
Easy Manager Heal 1655,HEALTH_AND_FITNESS,4.0,203,32.5M,"5,000+",Free,$0,Mature 17+,Health & Fitness,"May 21, 2024",2.0.2,4.4 and up
Pro Vault Heal 1656,HEALTH_AND_FITNESS,4.7,82,Varies with device,"5,000+",Free,$0,Everyone,Health & Fitness,"March 25, 2024",2.8.4,5.0 and up
Easy Studio Tool 1657,TOOLS,3.9,28094,40.2M,"500,000+",Paid,$4.99,Everyone,Tools,"January 11, 2024",3.5.2,6.0 and up
Pocket Assistant Fami 1658,FAMILY,4.4,24,Varies with device,500+,Free,$0,Everyone,Puzzle,"January 1, 2024",1.6.4,4.4 and up
Smart Assistant Prod 1659,PRODUCTIVITY,4.3,7950266,281k,"100,000,000+",Free,$0,Teen,Productivity,"July 7, 2024",2.1.6,8.0 and up
Hyper Assistant Life 1660,LIFESTYLE,3.5,3750,Varies with device,"50,000+",Free,$0,Everyone,Lifestyle,"March 18, 2024",3.0.3,6.0 and up
Global Lite Fami 1661,FAMILY,3.5,218,29.1M,"10,000+",Free,$0,Everyone,Entertainment,"October 16, 2024",3.0.2,6.0 and up
NextGen Flow Medi 1662,MEDICAL,4.5,3539,23.8M,"50,000+",Free,$0,Teen,Medical,"March 12, 2024",5.0.6,4.4 and up
Quick 3D Fami 1663,FAMILY,3.7,191,17.3M,"5,000+",Free,$0,Teen,Casual,"May 14, 2024",1.4.9,6.0 and up
Global Studio Medi 1664,MEDICAL,4.4,2759,11.4M,"50,000+",Free,$0,Mature 17+,Medical,"October 16, 2024",5.8.4,7.0 and up
Global 3D Game 1665,GAME,,4542,86.1M,"100,000+",Free,$0,Everyone,Strategy,"May 20, 2024",2.2.6,6.0 and up
Smart Manager Medi 1666,MEDICAL,3.9,62,18.4M,"1,000+",Free,$0,Everyone,Medical,"October 18, 2024",5.8.1,8.0 and up
Global Hero Game 1667,GAME,3.9,4936694,15.3M,"100,000,000+",Paid,$7.99,Everyone 10+,Strategy,"October 6, 2024",2.3.9,7.0 and up
Master Hero Pers 1668,PERSONALIZATION,3.6,22,16.7M,"1,000+",Free,$0,Everyone 10+,Personalization,"August 23, 2024",4.1.8,7.0 and up
Smart Plus Life 1669,LIFESTYLE,4.3,207,4.5M,"5,000+",Free,$0,Everyone,Lifestyle,"January 13, 2024",5.0.6,8.0 and up
Quick 3D Game 1670,GAME,3.8,6063356,39.5M,"100,000,000+",Free,$0,Mature 17+,Card,"August 18, 2024",3.6.0,8.0 and up
NextGen Studio Fina 1671,FINANCE,4.1,2682,10.3M,"50,000+",Free,$0,Everyone,Finance,"January 28, 2024",5.7.2,4.4 and up
Pro Portal Comm 1672,COMMUNICATION,3.9,1415477,18.5M,"100,000,000+",Free,$0,Everyone,Communication,"July 11, 2024",3.5.7,8.0 and up
Easy Lite Life 1673,LIFESTYLE,4.4,4494,15.9M,"100,000+",Free,$0,Everyone,Lifestyle,"July 12, 2024",1.2.4,6.0 and up
Pro Tracker Comm 1674,COMMUNICATION,4.4,1366,35.8M,"100,000+",Free,$0,Mature 17+,Communication,"March 10, 2024",1.5.1,6.0 and up
Easy Lite Comm 1675,COMMUNICATION,4.0,8727,15.0M,"500,000+",Paid,$9.99,Everyone,Communication,"January 5, 2024",2.3.8,6.0 and up
Pro Portal Life 1676,LIFESTYLE,4.5,64,39.3M,"1,000+",Free,$0,Teen,Lifestyle,"January 8, 2024",4.3.0,7.0 and up
Smart Plus Medi 1677,MEDICAL,4.8,22944,860k,"500,000+",Free,$0,Everyone,Medical,"August 20, 2024",5.3.0,7.0 and up
Quick Hero Medi 1678,MEDICAL,,28,29.4M,500+,Free,$0,Teen,Medical,"August 16, 2024",5.7.2,5.0 and up
Daily Hero Fina 1679,FINANCE,3.8,176,24.6M,"10,000+",Free,$0,Everyone,Finance,"July 7, 2024",3.6.7,5.0 and up
Global Lite Life 1680,LIFESTYLE,4.0,448,12.8M,"10,000+",Paid,$14.99,Everyone,Lifestyle,"March 22, 2024",4.0.2,8.0 and up
Easy Manager Busi 1681,BUSINESS,3.8,555471,Varies with device,"10,000,000+",Free,$0,Everyone,Business,"May 17, 2024",5.2.5,7.0 and up
Master Plus Medi 1682,MEDICAL,3.8,345534,26.2M,"5,000,000+",Free,$0,Teen,Medical,"July 10, 2024",5.6.7,5.0 and up
Super Flow Busi 1683,BUSINESS,5.0,316,13.5M,"10,000+",Free,$0,Mature 17+,Business,"October 6, 2024",2.0.8,7.0 and up
Global Lite Pers 1684,PERSONALIZATION,4.1,32,24.1M,500+,Free,$0,Everyone,Personalization,"August 14, 2024",2.3.3,4.4 and up
Fast Flow Comm 1685,COMMUNICATION,5.0,352416,34.5M,"10,000,000+",Free,$0,Teen,Communication,"July 10, 2024",5.3.1,6.0 and up
Hyper Assistant Prod 1686,PRODUCTIVITY,3.5,22725531,29.6M,"1,000,000,000+",Free,$0,Everyone,Productivity,"January 26, 2024",5.1.7,7.0 and up
Easy Manager Life 1687,LIFESTYLE,4.8,72044,26.2M,"1,000,000+",Free,$0,Mature 17+,Lifestyle,"August 27, 2024",1.6.2,4.4 and up
Fast Manager Tool 1688,TOOLS,4.0,127,23.6M,"5,000+",Free,$0,Everyone,Tools,"March 8, 2024",4.9.0,4.1 and up
Pocket Hero Pers 1689,PERSONALIZATION,3.9,1,21.3M,10+,Free,$0,Mature 17+,Personalization,"May 26, 2024",4.7.9,5.0 and up
Super Flow Pers 1690,PERSONALIZATION,3.6,3268,10.7M,"50,000+",Free,$0,Mature 17+,Personalization,"August 20, 2024",1.7.3,6.0 and up
Pocket Vault Life 1691,LIFESTYLE,4.2,1453,Varies with device,"100,000+",Free,$0,Everyone,Lifestyle,"August 20, 2024",4.2.6,7.0 and up
Daily Portal Prod 1692,PRODUCTIVITY,4.6,20515,Varies with device,"500,000+",Free,$0,Everyone,Productivity,"October 16, 2024",4.1.2,4.4 and up
NextGen Hub Busi 1693,BUSINESS,4.2,1,27.9M,50+,Free,$0,Everyone,Business,"October 3, 2024",5.8.1,4.4 and up
NextGen Hub Busi 1694,BUSINESS,3.9,457,29.9M,"10,000+",Free,$0,Teen,Business,"July 23, 2024",5.0.1,4.1 and up
Quick Studio Phot 1695,PHOTOGRAPHY,3.4,645535,716k,"10,000,000+",Free,$0,Everyone,Photography,"March 9, 2024",5.6.4,7.0 and up
Quick 3D Phot 1696,PHOTOGRAPHY,4.0,3,24.0M,100+,Free,$0,Mature 17+,Photography,"October 28, 2024",2.3.5,5.0 and up
Pro Studio Pers 1697,PERSONALIZATION,4.3,20479,38.1M,"500,000+",Free,$0,Everyone,Personalization,"January 11, 2024",3.5.0,8.0 and up
NextGen Tracker Fina 1698,FINANCE,3.7,35,28.6M,"1,000+",Free,$0,Everyone 10+,Finance,"March 17, 2024",3.4.4,4.1 and up
Daily Portal Medi 1699,MEDICAL,4.8,12,15.3M,500+,Free,$0,Everyone,Medical,"October 23, 2024",1.2.3,8.0 and up
Quick Assistant Fina 1700,FINANCE,3.9,237,34.3M,"5,000+",Free,$0,Mature 17+,Finance,"August 3, 2024",1.9.7,6.0 and up
Daily Tracker Busi 1701,BUSINESS,4.3,35579,15.0M,"500,000+",Free,$0,Everyone,Business,"May 14, 2024",5.4.4,6.0 and up
Pro Plus Phot 1702,PHOTOGRAPHY,3.9,673,43.0M,"10,000+",Free,$0,Everyone,Photography,"July 7, 2024",2.9.5,6.0 and up
Daily Flow Prod 1703,PRODUCTIVITY,4.6,122909,23.4M,"5,000,000+",Free,$0,Everyone,Productivity,"August 23, 2024",2.7.3,4.1 and up
Daily 3D Life 1704,LIFESTYLE,,122,5.8M,"5,000+",Free,$0,Everyone 10+,Lifestyle,"October 10, 2024",2.3.3,4.4 and up
Hyper 3D Medi 1705,MEDICAL,4.2,1,12.9M,50+,Free,$0,Teen,Medical,"July 1, 2024",4.3.4,5.0 and up
Fast Hero Comm 1706,COMMUNICATION,4.2,3,29.2M,100+,Free,$0,Everyone,Communication,"October 3, 2024",4.4.9,4.1 and up
Master Tracker Comm 1707,COMMUNICATION,4.9,1678345,5.3M,"50,000,000+",Free,$0,Teen,Communication,"August 18, 2024",1.4.1,4.4 and up
NextGen Studio Medi 1708,MEDICAL,4.1,37,13.0M,"1,000+",Free,$0,Everyone 10+,Medical,"July 26, 2024",4.4.0,8.0 and up
Daily Assistant Tool 1709,TOOLS,4.1,3020308,10.7M,"100,000,000+",Free,$0,Everyone,Tools,"July 28, 2024",3.0.9,8.0 and up
Fast Manager Heal 1710,HEALTH_AND_FITNESS,4.1,1816,21.5M,"100,000+",Free,$0,Everyone 10+,Health & Fitness,"July 14, 2024",4.6.1,4.1 and up
Fast Assistant Tool 1711,TOOLS,4.3,74068,41.6M,"1,000,000+",Free,$0,Everyone,Tools,"March 22, 2024",2.4.9,7.0 and up
Super Plus Life 1712,LIFESTYLE,4.6,6076,40.3M,"100,000+",Free,$0,Mature 17+,Lifestyle,"October 1, 2024",1.7.7,7.0 and up
Smart Flow Game 1713,GAME,3.9,31310036,450k,"1,000,000,000+",Paid,$2.99,Everyone,Strategy,"January 15, 2024",3.6.5,6.0 and up
Hyper Tracker Medi 1714,MEDICAL,3.7,88515,7.5M,"5,000,000+",Free,$0,Mature 17+,Medical,"August 26, 2024",3.6.9,8.0 and up
Global Manager Fina 1715,FINANCE,4.7,54,38.6M,"1,000+",Free,$0,Everyone,Finance,"May 20, 2024",1.0.3,7.0 and up
Smart 3D Fina 1716,FINANCE,4.6,3305535,44.1M,"50,000,000+",Free,$0,Everyone,Finance,"May 22, 2024",3.8.6,6.0 and up
Daily Portal Tool 1717,TOOLS,,2600856,12.4M,"100,000,000+",Free,$0,Everyone,Tools,"May 9, 2024",4.1.5,8.0 and up
Global Plus Phot 1718,PHOTOGRAPHY,,1020,35.6M,"50,000+",Free,$0,Mature 17+,Photography,"July 19, 2024",3.3.1,4.4 and up
Easy Tracker Pers 1719,PERSONALIZATION,4.9,254,30.0M,"5,000+",Free,$0,Mature 17+,Personalization,"March 2, 2024",5.5.8,4.1 and up
Fast 3D Fami 1720,FAMILY,3.3,2,Varies with device,50+,Free,$0,Everyone,Casual,"May 3, 2024",1.4.3,6.0 and up
Smart Flow Phot 1721,PHOTOGRAPHY,4.0,1727,25.6M,"100,000+",Free,$0,Everyone,Photography,"January 20, 2024",4.8.5,6.0 and up
Pocket Studio Medi 1722,MEDICAL,4.5,68726,38.0M,"1,000,000+",Free,$0,Teen,Medical,"August 22, 2024",2.3.1,5.0 and up
Fast 3D Medi 1723,MEDICAL,4.1,1,Varies with device,50+,Free,$0,Everyone,Medical,"August 14, 2024",3.5.0,8.0 and up
Smart Hero Fina 1724,FINANCE,,3,3.2M,50+,Free,$0,Everyone,Finance,"January 11, 2024",1.4.5,8.0 and up
Pro Hub Busi 1725,BUSINESS,3.6,39,10.8M,500+,Free,$0,Everyone,Business,"March 5, 2024",2.4.0,4.1 and up
Global Manager Fina 1726,FINANCE,4.3,1144662,8.0M,"50,000,000+",Paid,$0.99,Everyone,Finance,"January 25, 2024",2.4.8,5.0 and up
Global Hub Prod 1727,PRODUCTIVITY,3.3,11735,24.2M,"500,000+",Free,$0,Everyone,Productivity,"March 6, 2024",2.9.4,5.0 and up
Pocket Manager Comm 1728,COMMUNICATION,4.2,251604,35.2M,"10,000,000+",Free,$0,Teen,Communication,"July 26, 2024",1.2.4,7.0 and up
Hyper Plus Life 1729,LIFESTYLE,4.6,2873,27.1M,"100,000+",Free,$0,Teen,Lifestyle,"July 21, 2024",4.3.4,8.0 and up
Smart Vault Busi 1730,BUSINESS,4.6,2151,35.3M,"50,000+",Free,$0,Everyone,Business,"July 13, 2024",3.5.9,4.1 and up
Hyper Manager Medi 1731,MEDICAL,4.5,179406,4.6M,"5,000,000+",Free,$0,Teen,Medical,"May 4, 2024",3.7.5,4.4 and up
Global 3D Prod 1732,PRODUCTIVITY,4.5,3,44.7M,100+,Free,$0,Teen,Productivity,"July 24, 2024",3.3.5,4.4 and up
Smart Flow Life 1733,LIFESTYLE,4.5,1,34.2M,10+,Free,$0,Everyone,Lifestyle,"October 25, 2024",4.7.9,4.4 and up
Pocket Studio Medi 1734,MEDICAL,3.6,157,32.0M,"10,000+",Free,$0,Everyone,Medical,"October 21, 2024",5.3.5,5.0 and up
Hyper Portal Prod 1735,PRODUCTIVITY,4.0,3299,26.8M,"100,000+",Free,$0,Everyone,Productivity,"July 24, 2024",5.2.4,7.0 and up
Global Vault Phot 1736,PHOTOGRAPHY,4.5,313217,5.3M,"5,000,000+",Free,$0,Everyone,Photography,"October 17, 2024",1.1.6,7.0 and up
Fast Studio Heal 1737,HEALTH_AND_FITNESS,3.9,16,11.0M,"1,000+",Free,$0,Everyone,Health & Fitness,"July 23, 2024",2.0.1,5.0 and up
Master Portal Life 1738,LIFESTYLE,,366,18.6M,"5,000+",Free,$0,Everyone,Lifestyle,"January 5, 2024",1.4.6,4.4 and up
Master Assistant Busi 1739,BUSINESS,3.9,228,34.2M,"10,000+",Free,$0,Everyone 10+,Business,"March 13, 2024",3.5.6,4.4 and up
Master Manager Prod 1740,PRODUCTIVITY,4.4,623635,29.1M,"10,000,000+",Free,$0,Everyone,Productivity,"July 27, 2024",5.4.8,8.0 and up
Super Manager Game 1741,GAME,3.9,549421,38.4M,"10,000,000+",Free,$0,Mature 17+,Card,"July 15, 2024",1.6.8,4.4 and up
Quick Vault Prod 1742,PRODUCTIVITY,3.2,888,9.3M,"50,000+",Free,$0,Mature 17+,Productivity,"January 4, 2024",4.3.9,7.0 and up
Super Plus Medi 1743,MEDICAL,4.1,1292,22.5M,"50,000+",Free,$0,Teen,Medical,"October 26, 2024",2.4.8,4.1 and up
Global Portal Medi 1744,MEDICAL,4.7,657,43.1M,"10,000+",Free,$0,Teen,Medical,"August 7, 2024",1.1.4,7.0 and up
Hyper Tracker Game 1745,GAME,4.2,78272,68.0M,"1,000,000+",Free,$0,Everyone,Action,"January 28, 2024",3.2.0,4.4 and up
Hyper Hub Life 1746,LIFESTYLE,4.5,19146,Varies with device,"500,000+",Free,$0,Mature 17+,Lifestyle,"August 2, 2024",2.4.2,4.1 and up
Daily 3D Prod 1747,PRODUCTIVITY,4.3,754174,8.7M,"10,000,000+",Paid,$1.49,Teen,Productivity,"January 23, 2024",4.9.1,6.0 and up
Quick Portal Busi 1748,BUSINESS,,1837,6.3M,"50,000+",Free,$0,Everyone,Business,"July 4, 2024",2.2.1,7.0 and up
Pro Manager Heal 1749,HEALTH_AND_FITNESS,4.1,3124,8.9M,"100,000+",Free,$0,Mature 17+,Health & Fitness,"October 3, 2024",3.1.1,4.4 and up
NextGen Hero Life 1750,LIFESTYLE,4.6,160,5.2M,"5,000+",Free,$0,Everyone,Lifestyle,"July 16, 2024",5.5.7,6.0 and up
Quick Vault Medi 1751,MEDICAL,4.4,1,3.6M,10+,Free,$0,Everyone,Medical,"August 4, 2024",4.1.9,5.0 and up
NextGen Manager Tool 1752,TOOLS,4.4,18,Varies with device,"1,000+",Free,$0,Everyone,Tools,"May 7, 2024",3.0.6,7.0 and up
NextGen Manager Heal 1753,HEALTH_AND_FITNESS,3.6,1859,16.8M,"50,000+",Free,$0,Everyone,Health & Fitness,"March 25, 2024",4.4.1,4.1 and up
Easy Studio Tool 1754,TOOLS,,6044647,27.1M,"100,000,000+",Free,$0,Mature 17+,Tools,"May 17, 2024",5.5.6,6.0 and up
Daily Vault Busi 1755,BUSINESS,4.1,78,3.3M,"1,000+",Free,$0,Everyone 10+,Business,"October 24, 2024",3.6.7,5.0 and up
Quick Lite Heal 1756,HEALTH_AND_FITNESS,5.0,1,38.6M,50+,Free,$0,Everyone 10+,Health & Fitness,"October 3, 2024",4.2.6,6.0 and up
Hyper Lite Tool 1757,TOOLS,4.5,1,Varies with device,50+,Paid,$3.99,Everyone 10+,Tools,"May 4, 2024",2.0.6,7.0 and up
Smart Hero Heal 1758,HEALTH_AND_FITNESS,3.7,1283,36.7M,"100,000+",Free,$0,Everyone,Health & Fitness,"October 27, 2024",4.6.8,7.0 and up
Super Studio Fami 1759,FAMILY,4.2,9,9.2M,500+,Free,$0,Everyone,Entertainment,"January 12, 2024",2.2.3,4.4 and up
Smart Manager Life 1760,LIFESTYLE,4.4,2446,22.3M,"50,000+",Free,$0,Mature 17+,Lifestyle,"March 12, 2024",5.9.9,5.0 and up
Easy Hub Fami 1761,FAMILY,4.1,12730,28.0M,"1,000,000+",Free,$0,Everyone,Casual,"January 23, 2024",1.3.5,8.0 and up
Quick Lite Fami 1762,FAMILY,3.2,3885137,9.1M,"50,000,000+",Free,$0,Mature 17+,Entertainment,"March 27, 2024",1.6.4,4.1 and up
Master Portal Heal 1763,HEALTH_AND_FITNESS,3.7,3,12.3M,50+,Free,$0,Mature 17+,Health & Fitness,"January 28, 2024",1.0.4,4.1 and up
Fast Lite Busi 1764,BUSINESS,,1,34.6M,50+,Free,$0,Mature 17+,Business,"January 21, 2024",3.4.7,7.0 and up
Easy 3D Comm 1765,COMMUNICATION,3.4,3593250,Varies with device,"50,000,000+",Free,$0,Mature 17+,Communication,"October 18, 2024",5.3.0,6.0 and up
Master Portal Prod 1766,PRODUCTIVITY,4.1,54973,11.8M,"1,000,000+",Free,$0,Everyone,Productivity,"October 5, 2024",1.3.9,8.0 and up
Easy Plus Pers 1767,PERSONALIZATION,3.2,67,15.7M,"1,000+",Free,$0,Everyone,Personalization,"May 16, 2024",3.9.9,5.0 and up
Daily Hero Pers 1768,PERSONALIZATION,4.7,23060,Varies with device,"1,000,000+",Free,$0,Teen,Personalization,"August 21, 2024",1.4.5,4.4 and up
Pro Assistant Life 1769,LIFESTYLE,,14667,21.8M,"1,000,000+",Free,$0,Everyone,Lifestyle,"May 15, 2024",1.1.6,5.0 and up
Hyper Hub Tool 1770,TOOLS,3.5,37425,14.9M,"500,000+",Free,$0,Everyone,Tools,"March 12, 2024",2.0.8,5.0 and up
Fast Assistant Prod 1771,PRODUCTIVITY,3.5,531175,19.1M,"10,000,000+",Free,$0,Teen,Productivity,"July 28, 2024",2.5.0,7.0 and up
Quick 3D Medi 1772,MEDICAL,3.4,99,24.0M,"5,000+",Free,$0,Everyone,Medical,"January 15, 2024",2.4.1,8.0 and up
Quick Assistant Fina 1773,FINANCE,2.7,260123,21.7M,"5,000,000+",Free,$0,Mature 17+,Finance,"January 13, 2024",2.7.9,6.0 and up
Easy Manager Fami 1774,FAMILY,,35,11.2M,"1,000+",Free,$0,Mature 17+,Education,"May 22, 2024",5.4.5,4.4 and up
Pocket Flow Prod 1775,PRODUCTIVITY,4.4,4764,11.7M,"100,000+",Free,$0,Everyone,Productivity,"August 14, 2024",4.2.9,7.0 and up
Smart Hub Game 1776,GAME,4.4,219880,81.3M,"5,000,000+",Paid,$9.99,Mature 17+,Role Playing,"March 4, 2024",3.3.9,4.4 and up
Global Plus Comm 1777,COMMUNICATION,4.4,432387,Varies with device,"10,000,000+",Free,$0,Everyone,Communication,"May 25, 2024",1.3.1,4.4 and up
Daily Tracker Busi 1778,BUSINESS,4.1,3,2.3M,100+,Free,$0,Teen,Business,"January 22, 2024",5.0.1,7.0 and up
Quick Lite Prod 1779,PRODUCTIVITY,4.4,2666483,28.0M,"50,000,000+",Paid,$1.99,Everyone 10+,Productivity,"August 21, 2024",3.6.1,6.0 and up
Pocket Assistant Tool 1780,TOOLS,5.0,3,4.8M,50+,Free,$0,Everyone,Tools,"August 10, 2024",1.7.9,7.0 and up
Pro Hero Tool 1781,TOOLS,3.6,32787,11.3M,"500,000+",Free,$0,Everyone,Tools,"July 21, 2024",4.7.8,4.1 and up
Hyper Hero Medi 1782,MEDICAL,4.0,4087,2.6M,"100,000+",Free,$0,Mature 17+,Medical,"May 25, 2024",3.3.9,8.0 and up
NextGen Studio Game 1783,GAME,5.0,78182445,49.2M,"1,000,000,000+",Paid,$9.99,Everyone 10+,Action,"July 3, 2024",2.0.9,4.4 and up
Fast Flow Life 1784,LIFESTYLE,4.4,1,5.2M,50+,Free,$0,Everyone,Lifestyle,"March 5, 2024",2.1.1,6.0 and up
Pro Assistant Phot 1785,PHOTOGRAPHY,4.3,5404,16.4M,"100,000+",Free,$0,Everyone,Photography,"October 16, 2024",1.8.5,7.0 and up
Smart Assistant Tool 1786,TOOLS,3.7,3365574,24.0M,"50,000,000+",Free,$0,Teen,Tools,"January 3, 2024",3.2.9,5.0 and up
Pro Tracker Prod 1787,PRODUCTIVITY,4.1,75727,35.2M,"1,000,000+",Free,$0,Mature 17+,Productivity,"August 23, 2024",2.3.1,4.4 and up
Hyper Lite Tool 1788,TOOLS,3.9,51960,18.3M,"1,000,000+",Free,$0,Teen,Tools,"August 23, 2024",3.1.7,8.0 and up
NextGen Studio Life 1789,LIFESTYLE,4.4,388,16.7M,"10,000+",Free,$0,Mature 17+,Lifestyle,"March 2, 2024",1.1.4,8.0 and up
Pocket Manager Fami 1790,FAMILY,4.4,5902,21.1M,"100,000+",Free,$0,Everyone,Puzzle,"May 3, 2024",2.7.2,5.0 and up
Quick Plus Fina 1791,FINANCE,3.9,221,15.5M,"5,000+",Free,$0,Mature 17+,Finance,"July 14, 2024",3.8.7,7.0 and up
Smart Manager Medi 1792,MEDICAL,4.0,147,17.8M,"5,000+",Free,$0,Everyone,Medical,"July 21, 2024",2.5.0,6.0 and up
Global Assistant Busi 1793,BUSINESS,4.8,328,6.7M,"10,000+",Free,$0,Everyone,Business,"July 25, 2024",2.7.6,8.0 and up
Global Plus Phot 1794,PHOTOGRAPHY,4.8,30,27.1M,500+,Free,$0,Everyone 10+,Photography,"May 28, 2024",2.1.2,7.0 and up
Hyper Flow Game 1795,GAME,,179936,350k,"5,000,000+",Free,$0,Teen,Strategy,"July 18, 2024",1.4.5,6.0 and up
Smart Lite Pers 1796,PERSONALIZATION,4.3,9,4.2M,500+,Paid,$14.99,Everyone,Personalization,"January 10, 2024",4.8.2,4.4 and up
NextGen 3D Prod 1797,PRODUCTIVITY,4.0,7,32.0M,100+,Free,$0,Everyone,Productivity,"October 13, 2024",4.6.7,4.1 and up
Hyper Flow Comm 1798,COMMUNICATION,3.4,126898,44.1M,"5,000,000+",Free,$0,Everyone,Communication,"January 4, 2024",1.2.2,4.1 and up
Daily Hero Fami 1799,FAMILY,4.3,942,39.4M,"50,000+",Free,$0,Everyone,Entertainment,"July 28, 2024",4.9.6,4.1 and up
Fast Portal Life 1800,LIFESTYLE,4.3,26183,5.7M,"500,000+",Free,$0,Everyone,Lifestyle,"May 21, 2024",3.9.4,6.0 and up
Pro Portal Busi 1801,BUSINESS,4.5,7897,32.8M,"100,000+",Paid,$1.99,Everyone,Business,"August 12, 2024",1.9.3,5.0 and up
Super Hub Fami 1802,FAMILY,4.3,729,Varies with device,"10,000+",Free,$0,Mature 17+,Casual,"October 23, 2024",1.8.0,4.4 and up
Easy Hero Life 1803,LIFESTYLE,,5466,Varies with device,"100,000+",Free,$0,Everyone,Lifestyle,"July 13, 2024",5.5.1,8.0 and up
Quick Portal Prod 1804,PRODUCTIVITY,5.0,5440,11.3M,"100,000+",Free,$0,Everyone,Productivity,"May 17, 2024",1.3.0,7.0 and up
Super Assistant Heal 1805,HEALTH_AND_FITNESS,4.0,23071,6.7M,"500,000+",Free,$0,Teen,Health & Fitness,"August 9, 2024",1.1.9,4.1 and up
NextGen Hub Tool 1806,TOOLS,4.3,383358,29.8M,"10,000,000+",Free,$0,Everyone 10+,Tools,"January 14, 2024",1.1.5,7.0 and up
Daily Assistant Comm 1807,COMMUNICATION,4.1,178975,37.8M,"10,000,000+",Free,$0,Mature 17+,Communication,"October 23, 2024",5.3.3,4.4 and up
Master Tracker Comm 1808,COMMUNICATION,4.8,301796,44.1M,"5,000,000+",Free,$0,Everyone,Communication,"May 12, 2024",5.1.9,5.0 and up
Master 3D Comm 1809,COMMUNICATION,4.5,2049658,12.3M,"100,000,000+",Free,$0,Everyone 10+,Communication,"August 25, 2024",5.2.4,4.4 and up
NextGen Manager Comm 1810,COMMUNICATION,3.9,165985,16.4M,"10,000,000+",Paid,$14.99,Everyone,Communication,"July 14, 2024",5.7.9,4.4 and up
Pro Manager Fami 1811,FAMILY,4.5,3260,623k,"50,000+",Free,$0,Teen,Education,"July 19, 2024",5.3.4,5.0 and up
Pocket 3D Game 1812,GAME,3.3,59708,680k,"1,000,000+",Free,$0,Everyone,Card,"July 4, 2024",2.0.8,6.0 and up
Daily Vault Prod 1813,PRODUCTIVITY,5.0,7,2.3M,100+,Free,$0,Everyone,Productivity,"August 28, 2024",2.7.7,6.0 and up
Super Portal Phot 1814,PHOTOGRAPHY,3.8,3047,22.7M,"100,000+",Free,$0,Teen,Photography,"March 1, 2024",5.0.0,6.0 and up
Super Tracker Game 1815,GAME,4.9,3395481,30.5M,"50,000,000+",Free,$0,Teen,Arcade,"March 22, 2024",1.5.7,8.0 and up
Master Hub Heal 1816,HEALTH_AND_FITNESS,3.9,63,40.8M,"1,000+",Free,$0,Everyone 10+,Health & Fitness,"August 19, 2024",4.1.6,5.0 and up
Pocket Assistant Pers 1817,PERSONALIZATION,4.2,3818451,28.1M,"100,000,000+",Free,$0,Teen,Personalization,"August 28, 2024",2.3.4,5.0 and up
Global 3D Fami 1818,FAMILY,4.0,3566,14.1M,"100,000+",Free,$0,Everyone 10+,Casual,"July 22, 2024",3.3.7,7.0 and up
Smart Hub Prod 1819,PRODUCTIVITY,4.4,252809,28.8M,"5,000,000+",Paid,$399.99,Everyone,Productivity,"July 22, 2024",2.6.0,4.1 and up
NextGen Vault Fina 1820,FINANCE,3.6,18,34.0M,"1,000+",Free,$0,Everyone,Finance,"July 23, 2024",2.6.0,4.1 and up
Smart Assistant Life 1821,LIFESTYLE,3.0,172,13.3M,"5,000+",Free,$0,Everyone,Lifestyle,"August 15, 2024",5.3.3,5.0 and up
Pocket Studio Medi 1822,MEDICAL,4.8,36,Varies with device,500+,Free,$0,Teen,Medical,"August 3, 2024",3.6.3,8.0 and up
NextGen Assistant Life 1823,LIFESTYLE,5.0,34,8.7M,500+,Free,$0,Everyone,Lifestyle,"July 23, 2024",2.6.6,5.0 and up
Easy Assistant Tool 1824,TOOLS,3.9,2385541,40.8M,"50,000,000+",Free,$0,Teen,Tools,"October 5, 2024",3.0.0,4.1 and up
Pro Portal Pers 1825,PERSONALIZATION,,1,34.1M,50+,Free,$0,Everyone,Personalization,"January 19, 2024",1.8.5,5.0 and up
Master Hub Prod 1826,PRODUCTIVITY,4.7,3804,39.8M,"100,000+",Free,$0,Everyone,Productivity,"March 11, 2024",4.3.6,7.0 and up
Pro Hub Pers 1827,PERSONALIZATION,,36,Varies with device,500+,Paid,$2.99,Everyone,Personalization,"August 15, 2024",5.1.0,5.0 and up
Smart Portal Life 1828,LIFESTYLE,5.0,55,42.9M,"1,000+",Paid,$1.99,Mature 17+,Lifestyle,"October 2, 2024",5.3.0,5.0 and up
NextGen Studio Pers 1829,PERSONALIZATION,,1,18.9M,10+,Free,$0,Everyone 10+,Personalization,"January 17, 2024",1.2.2,8.0 and up
Daily Hub Heal 1830,HEALTH_AND_FITNESS,4.4,34415,15.0M,"1,000,000+",Free,$0,Everyone 10+,Health & Fitness,"May 25, 2024",4.0.5,8.0 and up
Super Tracker Prod 1831,PRODUCTIVITY,4.0,3928173,31.0M,"50,000,000+",Free,$0,Everyone,Productivity,"August 14, 2024",4.3.9,6.0 and up
Smart Hub Busi 1832,BUSINESS,3.2,490,8.0M,"10,000+",Free,$0,Everyone,Business,"July 14, 2024",3.0.1,6.0 and up
Master 3D Phot 1833,PHOTOGRAPHY,4.9,3,39.4M,50+,Free,$0,Mature 17+,Photography,"August 26, 2024",2.6.3,6.0 and up
Pro Hub Life 1834,LIFESTYLE,4.1,3050,29.5M,"50,000+",Free,$0,Teen,Lifestyle,"March 19, 2024",2.2.6,6.0 and up
Daily 3D Comm 1835,COMMUNICATION,4.2,460415,21.2M,"10,000,000+",Free,$0,Teen,Communication,"May 6, 2024",2.8.9,8.0 and up
Master Hero Pers 1836,PERSONALIZATION,4.2,253,25.0M,"5,000+",Free,$0,Everyone,Personalization,"August 16, 2024",4.7.2,6.0 and up
Hyper Hero Fina 1837,FINANCE,4.4,11,17.9M,"1,000+",Free,$0,Everyone,Finance,"May 1, 2024",1.4.1,6.0 and up
Pocket Studio Game 1838,GAME,4.4,2430026,Varies with device,"50,000,000+",Free,$0,Mature 17+,Role Playing,"May 28, 2024",4.5.1,7.0 and up
Super Flow Life 1839,LIFESTYLE,4.0,89,3.7M,"5,000+",Free,$0,Everyone,Lifestyle,"January 1, 2024",5.2.4,5.0 and up
Daily Studio Busi 1840,BUSINESS,4.1,2464,21.9M,"50,000+",Paid,$0.99,Everyone,Business,"August 7, 2024",1.1.1,8.0 and up
NextGen Tracker Tool 1841,TOOLS,3.9,144665,3.6M,"10,000,000+",Free,$0,Mature 17+,Tools,"January 13, 2024",5.5.2,4.4 and up
Quick Assistant Tool 1842,TOOLS,3.8,523309,2.7M,"10,000,000+",Free,$0,Everyone,Tools,"January 26, 2024",4.3.0,4.4 and up
Hyper Flow Medi 1843,MEDICAL,3.8,59740,26.7M,"1,000,000+",Free,$0,Teen,Medical,"October 21, 2024",3.0.5,6.0 and up
NextGen Hero Pers 1844,PERSONALIZATION,4.1,313552,17.8M,"10,000,000+",Free,$0,Teen,Personalization,"May 2, 2024",4.8.7,4.4 and up
Easy Lite Fina 1845,FINANCE,3.7,126,Varies with device,"5,000+",Free,$0,Teen,Finance,"August 18, 2024",4.5.8,4.4 and up
Daily Plus Heal 1846,HEALTH_AND_FITNESS,2.7,325292,30.4M,"5,000,000+",Free,$0,Everyone 10+,Health & Fitness,"August 14, 2024",2.6.7,4.4 and up
Easy Portal Comm 1847,COMMUNICATION,4.0,31923,36.9M,"1,000,000+",Free,$0,Mature 17+,Communication,"July 1, 2024",5.9.4,4.4 and up
Global Portal Tool 1848,TOOLS,3.5,2529,12.5M,"100,000+",Free,$0,Teen,Tools,"August 23, 2024",3.8.0,5.0 and up
Pocket Tracker Fami 1849,FAMILY,4.2,1764,24.9M,"50,000+",Free,$0,Everyone,Entertainment,"October 27, 2024",1.0.7,4.4 and up
Global Plus Medi 1850,MEDICAL,3.9,49700,41.3M,"1,000,000+",Free,$0,Everyone,Medical,"August 11, 2024",3.5.0,4.4 and up
Super Assistant Life 1851,LIFESTYLE,4.4,1,17.2M,100+,Free,$0,Everyone 10+,Lifestyle,"October 21, 2024",1.4.5,4.1 and up
Daily Hub Heal 1852,HEALTH_AND_FITNESS,3.6,31,8.0M,"1,000+",Free,$0,Everyone,Health & Fitness,"October 22, 2024",2.3.7,7.0 and up
Super 3D Fina 1853,FINANCE,3.3,6074,822k,"100,000+",Free,$0,Everyone,Finance,"May 28, 2024",2.6.5,4.4 and up
Smart Portal Phot 1854,PHOTOGRAPHY,4.1,4,36.7M,100+,Free,$0,Everyone 10+,Photography,"January 17, 2024",3.7.3,7.0 and up
Pocket Hero Prod 1855,PRODUCTIVITY,,169777,20.5M,"5,000,000+",Paid,$1.49,Mature 17+,Productivity,"March 11, 2024",1.1.7,8.0 and up
Pocket Lite Medi 1856,MEDICAL,4.0,31,3.3M,500+,Free,$0,Everyone,Medical,"July 6, 2024",5.1.6,6.0 and up
Master Hero Prod 1857,PRODUCTIVITY,4.5,36968,238k,"1,000,000+",Free,$0,Teen,Productivity,"May 14, 2024",2.6.4,4.1 and up
Pro Portal Tool 1858,TOOLS,4.0,1401384,30.2M,"50,000,000+",Free,$0,Everyone,Tools,"August 20, 2024",1.6.9,4.4 and up
Hyper Plus Game 1859,GAME,3.9,5706,62.8M,"500,000+",Free,$0,Teen,Racing,"October 16, 2024",1.4.5,4.1 and up
Fast Vault Pers 1860,PERSONALIZATION,3.4,67,7.4M,"1,000+",Free,$0,Everyone 10+,Personalization,"July 15, 2024",2.1.2,4.4 and up
Daily Portal Medi 1861,MEDICAL,,4714,38.6M,"100,000+",Free,$0,Everyone,Medical,"October 5, 2024",1.2.5,7.0 and up
Easy Lite Prod 1862,PRODUCTIVITY,4.7,132338,35.8M,"10,000,000+",Free,$0,Everyone,Productivity,"May 5, 2024",4.5.5,6.0 and up
Smart Vault Comm 1863,COMMUNICATION,4.5,263371,27.4M,"5,000,000+",Free,$0,Everyone 10+,Communication,"May 7, 2024",1.8.3,8.0 and up
Hyper Vault Medi 1864,MEDICAL,3.8,18,Varies with device,500+,Paid,$1.99,Everyone 10+,Medical,"August 16, 2024",4.1.1,5.0 and up
Smart Flow Fami 1865,FAMILY,4.9,5091,28.0M,"100,000+",Free,$0,Everyone,Puzzle,"January 15, 2024",2.2.8,4.1 and up
NextGen Vault Comm 1866,COMMUNICATION,,7918,11.8M,"500,000+",Free,$0,Everyone,Communication,"January 19, 2024",5.3.6,7.0 and up
Master Plus Game 1867,GAME,4.5,287,76.8M,"5,000+",Free,$0,Mature 17+,Strategy,"August 22, 2024",4.7.0,6.0 and up
Pocket Vault Heal 1868,HEALTH_AND_FITNESS,4.8,3091,Varies with device,"50,000+",Free,$0,Everyone,Health & Fitness,"May 9, 2024",3.0.0,4.4 and up
NextGen Assistant Fami 1869,FAMILY,4.0,309840,25.9M,"5,000,000+",Paid,$3.99,Everyone 10+,Education,"May 2, 2024",2.9.5,7.0 and up
Hyper Tracker Comm 1870,COMMUNICATION,3.2,1332088,28.0M,"50,000,000+",Free,$0,Everyone,Communication,"May 14, 2024",4.5.4,8.0 and up
Fast 3D Game 1871,GAME,3.2,101168,22.7M,"5,000,000+",Paid,$14.99,Everyone 10+,Racing,"March 15, 2024",2.1.0,5.0 and up
Quick Hero Game 1872,GAME,3.8,362707,26.9M,"10,000,000+",Free,$0,Mature 17+,Arcade,"October 18, 2024",2.5.3,4.4 and up
NextGen 3D Fami 1873,FAMILY,4.7,76879,7.2M,"5,000,000+",Free,$0,Teen,Education,"March 14, 2024",1.3.8,7.0 and up
NextGen 3D Heal 1874,HEALTH_AND_FITNESS,4.5,2176,2.5M,"50,000+",Free,$0,Mature 17+,Health & Fitness,"October 10, 2024",4.6.7,4.4 and up
Pro Lite Fami 1875,FAMILY,4.5,19058,35.6M,"1,000,000+",Free,$0,Everyone,Casual,"July 4, 2024",4.3.4,7.0 and up
NextGen Flow Fina 1876,FINANCE,3.8,47,Varies with device,"1,000+",Free,$0,Everyone,Finance,"August 12, 2024",1.1.9,4.1 and up
NextGen Hero Busi 1877,BUSINESS,3.9,176632,22.3M,"5,000,000+",Free,$0,Everyone,Business,"May 13, 2024",1.9.2,6.0 and up
Super Plus Comm 1878,COMMUNICATION,4.6,2037167,31.6M,"50,000,000+",Free,$0,Mature 17+,Communication,"July 25, 2024",2.6.3,7.0 and up
Super Manager Fina 1879,FINANCE,5.0,3097,35.4M,"50,000+",Free,$0,Everyone,Finance,"May 12, 2024",4.3.7,4.1 and up
Fast Hero Prod 1880,PRODUCTIVITY,,67621,11.3M,"1,000,000+",Free,$0,Everyone 10+,Productivity,"May 22, 2024",4.1.4,5.0 and up
Smart Studio Comm 1881,COMMUNICATION,4.7,198492,Varies with device,"5,000,000+",Free,$0,Everyone,Communication,"January 26, 2024",4.6.1,8.0 and up
NextGen Flow Medi 1882,MEDICAL,3.8,17,6.8M,"1,000+",Free,$0,Mature 17+,Medical,"October 14, 2024",2.6.4,6.0 and up
Hyper Lite Fami 1883,FAMILY,4.6,18198,24.0M,"500,000+",Free,$0,Everyone,Entertainment,"March 13, 2024",5.8.3,4.1 and up
Daily Plus Fami 1884,FAMILY,4.9,44,19.3M,"1,000+",Free,$0,Everyone,Entertainment,"May 19, 2024",2.2.9,4.1 and up
Master Tracker Heal 1885,HEALTH_AND_FITNESS,4.5,36,3.9M,"1,000+",Free,$0,Teen,Health & Fitness,"October 22, 2024",2.9.1,4.1 and up
Smart Manager Life 1886,LIFESTYLE,4.3,2,347k,50+,Paid,$9.99,Everyone 10+,Lifestyle,"August 25, 2024",4.0.7,5.0 and up
Daily Vault Heal 1887,HEALTH_AND_FITNESS,3.7,305184,12.8M,"5,000,000+",Free,$0,Everyone,Health & Fitness,"August 20, 2024",4.9.9,4.1 and up
Smart Hub Fina 1888,FINANCE,3.7,1,19.6M,10+,Free,$0,Teen,Finance,"May 17, 2024",1.8.9,7.0 and up
Pro Assistant Heal 1889,HEALTH_AND_FITNESS,4.8,153,38.7M,"10,000+",Free,$0,Everyone,Health & Fitness,"July 28, 2024",2.1.6,4.4 and up
Global Studio Game 1890,GAME,4.0,78674887,80.4M,"1,000,000,000+",Free,$0,Teen,Arcade,"January 14, 2024",5.4.9,6.0 and up
Daily Portal Prod 1891,PRODUCTIVITY,3.1,1,24.6M,10+,Free,$0,Mature 17+,Productivity,"October 19, 2024",5.0.6,7.0 and up
Super Plus Tool 1892,TOOLS,,55,Varies with device,"1,000+",Free,$0,Everyone,Tools,"March 26, 2024",2.1.6,4.4 and up
Hyper Hub Pers 1893,PERSONALIZATION,4.2,66,39.0M,"1,000+",Free,$0,Mature 17+,Personalization,"January 25, 2024",1.4.9,4.1 and up
NextGen Manager Prod 1894,PRODUCTIVITY,4.0,5209,35.4M,"100,000+",Free,$0,Everyone,Productivity,"October 14, 2024",2.9.9,7.0 and up
Master Hero Game 1895,GAME,3.9,799433,26.6M,"10,000,000+",Free,$0,Everyone,Arcade,"January 15, 2024",3.1.9,8.0 and up
Pocket Portal Pers 1896,PERSONALIZATION,,7164,44.2M,"100,000+",Free,$0,Everyone,Personalization,"July 28, 2024",4.2.1,8.0 and up
Hyper Tracker Tool 1897,TOOLS,3.7,1850600,27.7M,"100,000,000+",Free,$0,Everyone,Tools,"March 24, 2024",5.4.5,4.4 and up
Hyper Plus Game 1898,GAME,4.3,64,Varies with device,"1,000+",Free,$0,Teen,Strategy,"August 13, 2024",5.5.9,4.1 and up
Fast Flow Heal 1899,HEALTH_AND_FITNESS,4.7,1570,22.0M,"50,000+",Free,$0,Everyone 10+,Health & Fitness,"January 18, 2024",5.9.2,8.0 and up
Master Flow Game 1900,GAME,3.3,643479,75.8M,"10,000,000+",Free,$0,Teen,Role Playing,"August 3, 2024",1.3.3,7.0 and up
Hyper Studio Phot 1901,PHOTOGRAPHY,4.7,600739,822k,"50,000,000+",Free,$0,Everyone,Photography,"January 23, 2024",2.4.2,8.0 and up
Fast Hero Tool 1902,TOOLS,4.4,1658,38.1M,"100,000+",Free,$0,Everyone,Tools,"July 22, 2024",2.2.3,6.0 and up
Pro Hub Fina 1903,FINANCE,,72,14.5M,"1,000+",Free,$0,Mature 17+,Finance,"May 5, 2024",1.2.4,4.4 and up
Fast Vault Fina 1904,FINANCE,3.8,1576,42.3M,"50,000+",Free,$0,Everyone 10+,Finance,"August 14, 2024",1.5.6,5.0 and up
Super Hero Fami 1905,FAMILY,4.2,22324,32.4M,"500,000+",Free,$0,Teen,Entertainment,"January 11, 2024",3.2.4,5.0 and up
NextGen Vault Game 1906,GAME,4.3,695308,227k,"50,000,000+",Free,$0,Everyone,Card,"January 21, 2024",2.5.6,5.0 and up
Smart 3D Busi 1907,BUSINESS,4.1,5045,Varies with device,"100,000+",Free,$0,Everyone,Business,"July 13, 2024",4.6.9,8.0 and up
Smart Vault Comm 1908,COMMUNICATION,4.3,1,26.5M,10+,Free,$0,Everyone,Communication,"October 27, 2024",5.3.9,8.0 and up
Easy Manager Fami 1909,FAMILY,4.5,29,152k,"1,000+",Free,$0,Everyone 10+,Education,"March 17, 2024",2.4.6,4.4 and up
NextGen Portal Prod 1910,PRODUCTIVITY,3.6,47715,11.0M,"1,000,000+",Free,$0,Everyone 10+,Productivity,"August 13, 2024",4.9.4,8.0 and up
Pocket Hero Fami 1911,FAMILY,4.8,1115,18.5M,"50,000+",Free,$0,Everyone,Puzzle,"August 11, 2024",3.0.7,5.0 and up
Pro Vault Prod 1912,PRODUCTIVITY,3.5,70337,26.1M,"1,000,000+",Free,$0,Mature 17+,Productivity,"August 12, 2024",5.4.7,8.0 and up
Global Assistant Fami 1913,FAMILY,3.8,332,14.2M,"5,000+",Free,$0,Mature 17+,Education,"January 27, 2024",4.6.5,4.1 and up
Super Portal Medi 1914,MEDICAL,,466,36.3M,"10,000+",Free,$0,Everyone,Medical,"August 17, 2024",4.3.4,5.0 and up
NextGen Assistant Pers 1915,PERSONALIZATION,4.3,23072,25.2M,"500,000+",Free,$0,Teen,Personalization,"January 14, 2024",1.7.0,6.0 and up
Super Hero Busi 1916,BUSINESS,3.7,53485,Varies with device,"1,000,000+",Free,$0,Everyone,Business,"August 9, 2024",4.1.5,6.0 and up
Hyper Assistant Phot 1917,PHOTOGRAPHY,,609,25.3M,"10,000+",Free,$0,Everyone,Photography,"October 4, 2024",4.7.4,5.0 and up
Quick Hero Busi 1918,BUSINESS,4.9,1,40.2M,10+,Free,$0,Mature 17+,Business,"August 11, 2024",1.4.5,4.1 and up
Hyper Assistant Heal 1919,HEALTH_AND_FITNESS,4.5,3499,22.8M,"50,000+",Free,$0,Everyone,Health & Fitness,"October 24, 2024",3.2.8,6.0 and up
Fast Portal Game 1920,GAME,5.0,255,24.9M,"5,000+",Free,$0,Everyone,Role Playing,"May 2, 2024",2.8.5,8.0 and up
Fast Manager Phot 1921,PHOTOGRAPHY,4.9,31444,44.7M,"500,000+",Paid,$2.99,Mature 17+,Photography,"October 10, 2024",5.3.6,7.0 and up
Quick Lite Fami 1922,FAMILY,3.4,229,5.6M,"5,000+",Free,$0,Everyone,Puzzle,"July 18, 2024",5.6.9,5.0 and up
NextGen Plus Game 1923,GAME,4.0,5053,83.8M,"500,000+",Free,$0,Everyone 10+,Racing,"July 15, 2024",3.8.6,6.0 and up
Hyper Lite Fami 1924,FAMILY,,1,20.2M,50+,Free,$0,Everyone 10+,Education,"May 7, 2024",5.4.6,7.0 and up
Fast 3D Busi 1925,BUSINESS,3.9,30,31.0M,500+,Free,$0,Everyone,Business,"May 15, 2024",4.1.7,8.0 and up
Master Plus Pers 1926,PERSONALIZATION,4.9,3433694,39.3M,"50,000,000+",Free,$0,Teen,Personalization,"March 22, 2024",4.2.6,4.4 and up
Daily Lite Comm 1927,COMMUNICATION,2.9,5876342,25.8M,"100,000,000+",Free,$0,Teen,Communication,"July 9, 2024",4.5.9,5.0 and up
NextGen Plus Heal 1928,HEALTH_AND_FITNESS,4.8,7586643,7.9M,"100,000,000+",Free,$0,Everyone,Health & Fitness,"July 24, 2024",4.4.0,4.4 and up
Master Assistant Phot 1929,PHOTOGRAPHY,4.4,4903,8.5M,"100,000+",Free,$0,Teen,Photography,"July 15, 2024",3.1.4,7.0 and up
Quick Hero Phot 1930,PHOTOGRAPHY,5.0,808,10.9M,"50,000+",Free,$0,Everyone,Photography,"August 19, 2024",1.0.0,7.0 and up
Hyper Lite Medi 1931,MEDICAL,3.7,18944,912k,"500,000+",Free,$0,Everyone,Medical,"May 8, 2024",5.5.6,5.0 and up
Smart Plus Prod 1932,PRODUCTIVITY,4.4,7054,44.3M,"100,000+",Free,$0,Everyone 10+,Productivity,"January 28, 2024",1.4.7,4.1 and up
Super Tracker Busi 1933,BUSINESS,3.7,6,34.4M,100+,Free,$0,Teen,Business,"January 3, 2024",5.9.8,7.0 and up
Pocket Hub Busi 1934,BUSINESS,4.8,803,23.6M,"50,000+",Free,$0,Teen,Business,"May 13, 2024",4.1.4,8.0 and up
Master Assistant Medi 1935,MEDICAL,4.7,37316,19.6M,"500,000+",Free,$0,Everyone,Medical,"May 24, 2024",4.9.6,6.0 and up
Daily Manager Heal 1936,HEALTH_AND_FITNESS,,297859,7.7M,"5,000,000+",Free,$0,Mature 17+,Health & Fitness,"August 12, 2024",1.8.9,4.1 and up
Fast Plus Medi 1937,MEDICAL,,584,32.3M,"10,000+",Free,$0,Everyone,Medical,"January 11, 2024",3.7.3,7.0 and up
Smart Manager Life 1938,LIFESTYLE,,7347,Varies with device,"500,000+",Free,$0,Mature 17+,Lifestyle,"July 13, 2024",1.4.7,5.0 and up
Quick Portal Phot 1939,PHOTOGRAPHY,,51354,33.8M,"1,000,000+",Free,$0,Everyone,Photography,"July 10, 2024",3.2.0,4.4 and up
Easy Hub Fina 1940,FINANCE,5.0,5,9.2M,500+,Free,$0,Mature 17+,Finance,"July 21, 2024",2.5.1,7.0 and up
Hyper Hero Pers 1941,PERSONALIZATION,3.7,373984,6.1M,"5,000,000+",Free,$0,Everyone,Personalization,"May 3, 2024",5.3.0,4.4 and up
Quick Hero Fina 1942,FINANCE,4.2,36,25.0M,500+,Paid,$14.99,Mature 17+,Finance,"May 21, 2024",2.1.7,7.0 and up
Pocket Vault Busi 1943,BUSINESS,,3323,15.1M,"50,000+",Free,$0,Everyone,Business,"March 18, 2024",4.5.5,7.0 and up
Master Lite Game 1944,GAME,3.7,630528,90.4M,"10,000,000+",Free,$0,Everyone,Role Playing,"May 18, 2024",5.1.8,8.0 and up
Quick Portal Fami 1945,FAMILY,4.8,1,13.1M,50+,Free,$0,Everyone,Casual,"May 6, 2024",1.9.5,7.0 and up
Pro Vault Phot 1946,PHOTOGRAPHY,5.0,614,Varies with device,"10,000+",Free,$0,Teen,Photography,"March 10, 2024",1.1.4,8.0 and up
Quick Plus Comm 1947,COMMUNICATION,5.0,793466,10.4M,"50,000,000+",Paid,$2.99,Everyone,Communication,"March 2, 2024",3.4.0,6.0 and up
NextGen 3D Phot 1948,PHOTOGRAPHY,,169,33.8M,"10,000+",Free,$0,Mature 17+,Photography,"May 22, 2024",3.5.7,6.0 and up
Quick 3D Pers 1949,PERSONALIZATION,4.2,330,7.1M,"5,000+",Free,$0,Everyone,Personalization,"August 19, 2024",1.2.6,7.0 and up
Pocket Manager Busi 1950,BUSINESS,5.0,1385,Varies with device,"100,000+",Free,$0,Everyone 10+,Business,"January 1, 2024",4.1.6,8.0 and up
Pro Tracker Comm 1951,COMMUNICATION,4.5,72662,33.2M,"1,000,000+",Free,$0,Everyone,Communication,"October 9, 2024",2.1.6,7.0 and up
Daily Manager Tool 1952,TOOLS,,20636,17.3M,"1,000,000+",Free,$0,Everyone,Tools,"October 26, 2024",4.9.9,6.0 and up
Daily Plus Tool 1953,TOOLS,4.5,27099,32.5M,"500,000+",Free,$0,Everyone,Tools,"May 19, 2024",2.2.5,6.0 and up
Daily Flow Tool 1954,TOOLS,3.7,41910,181k,"1,000,000+",Paid,$9.99,Everyone,Tools,"August 11, 2024",5.7.2,5.0 and up
Super Manager Prod 1955,PRODUCTIVITY,,5270,40.7M,"100,000+",Free,$0,Everyone,Productivity,"October 17, 2024",1.2.8,6.0 and up
Pro Hero Fami 1956,FAMILY,3.6,243346,9.8M,"5,000,000+",Paid,$3.99,Teen,Puzzle,"May 15, 2024",4.9.5,4.1 and up
Easy Hub Pers 1957,PERSONALIZATION,4.8,5441,16.2M,"100,000+",Free,$0,Everyone 10+,Personalization,"May 7, 2024",1.1.6,5.0 and up
Hyper Manager Heal 1958,HEALTH_AND_FITNESS,4.0,127,41.9M,"5,000+",Free,$0,Teen,Health & Fitness,"May 14, 2024",5.9.3,4.1 and up
NextGen Tracker Prod 1959,PRODUCTIVITY,5.0,3916,38.3M,"100,000+",Paid,$1.49,Everyone 10+,Productivity,"March 18, 2024",4.0.4,6.0 and up
NextGen Studio Busi 1960,BUSINESS,,731785,2.7M,"10,000,000+",Free,$0,Everyone,Business,"May 4, 2024",3.8.9,5.0 and up
Daily Manager Pers 1961,PERSONALIZATION,4.3,76,27.3M,"1,000+",Free,$0,Everyone,Personalization,"July 26, 2024",5.0.5,4.4 and up
Smart Portal Medi 1962,MEDICAL,3.7,1337789,Varies with device,"50,000,000+",Free,$0,Teen,Medical,"March 21, 2024",1.9.5,8.0 and up
NextGen 3D Prod 1963,PRODUCTIVITY,,3756,39.2M,"100,000+",Free,$0,Teen,Productivity,"October 17, 2024",4.5.6,8.0 and up
Global Manager Heal 1964,HEALTH_AND_FITNESS,4.2,1,30.5M,50+,Free,$0,Everyone,Health & Fitness,"August 6, 2024",5.0.1,7.0 and up
Quick Lite Prod 1965,PRODUCTIVITY,3.1,123,16.7M,"5,000+",Free,$0,Everyone,Productivity,"October 27, 2024",4.7.6,8.0 and up
Global Assistant Phot 1966,PHOTOGRAPHY,3.6,29497,43.9M,"1,000,000+",Free,$0,Mature 17+,Photography,"May 27, 2024",5.7.5,4.4 and up
Pocket Flow Game 1967,GAME,3.3,240,42.6M,"10,000+",Free,$0,Everyone,Arcade,"August 21, 2024",2.8.9,6.0 and up
Easy Hub Medi 1968,MEDICAL,,388438,43.7M,"5,000,000+",Free,$0,Everyone,Medical,"July 15, 2024",3.1.1,7.0 and up
Hyper Hero Busi 1969,BUSINESS,5.0,334,35.8M,"10,000+",Paid,$7.99,Everyone,Business,"January 20, 2024",4.7.8,7.0 and up
Fast Tracker Comm 1970,COMMUNICATION,,369730,17.1M,"5,000,000+",Free,$0,Everyone,Communication,"January 27, 2024",1.6.3,4.1 and up
Pocket Vault Game 1971,GAME,3.6,2163899,437k,"50,000,000+",Free,$0,Mature 17+,Card,"May 25, 2024",5.3.4,8.0 and up
Master Assistant Busi 1972,BUSINESS,,1,35.0M,50+,Free,$0,Everyone 10+,Business,"January 3, 2024",5.0.4,4.1 and up
Easy Portal Prod 1973,PRODUCTIVITY,4.3,103505,11.4M,"10,000,000+",Free,$0,Everyone,Productivity,"August 13, 2024",4.7.1,5.0 and up
Easy Assistant Fina 1974,FINANCE,4.4,716525,40.4M,"10,000,000+",Paid,$9.99,Everyone,Finance,"October 27, 2024",4.2.7,4.4 and up
Fast Plus Fami 1975,FAMILY,5.0,18,28.8M,500+,Paid,$1.99,Everyone 10+,Entertainment,"August 27, 2024",3.6.7,8.0 and up
Daily Lite Heal 1976,HEALTH_AND_FITNESS,3.9,3082,Varies with device,"50,000+",Free,$0,Everyone,Health & Fitness,"May 24, 2024",2.8.3,4.1 and up
Master Lite Heal 1977,HEALTH_AND_FITNESS,3.7,712,Varies with device,"10,000+",Free,$0,Everyone,Health & Fitness,"July 9, 2024",2.9.5,6.0 and up
Easy 3D Phot 1978,PHOTOGRAPHY,4.0,3767,37.8M,"100,000+",Free,$0,Everyone,Photography,"January 22, 2024",5.9.1,7.0 and up
Master Studio Life 1979,LIFESTYLE,,18,31.6M,500+,Free,$0,Everyone,Lifestyle,"August 25, 2024",2.5.3,8.0 and up
Easy Vault Game 1980,GAME,5.0,2395241,34.6M,"50,000,000+",Free,$0,Everyone,Role Playing,"October 19, 2024",4.4.7,6.0 and up
Hyper Lite Comm 1981,COMMUNICATION,,5076442,Varies with device,"100,000,000+",Free,$0,Everyone 10+,Communication,"August 9, 2024",2.4.3,6.0 and up
NextGen Studio Life 1982,LIFESTYLE,4.8,856,9.5M,"50,000+",Free,$0,Everyone,Lifestyle,"August 9, 2024",5.0.7,6.0 and up
Easy Hub Pers 1983,PERSONALIZATION,4.3,171,7.4M,"5,000+",Paid,$1.49,Everyone,Personalization,"October 9, 2024",4.7.3,5.0 and up
Quick Flow Busi 1984,BUSINESS,4.9,1,25.1M,50+,Free,$0,Everyone,Business,"May 15, 2024",5.5.6,5.0 and up
Pocket Hero Game 1985,GAME,4.1,553710,22.6M,"10,000,000+",Free,$0,Everyone 10+,Arcade,"May 15, 2024",2.9.5,4.4 and up
Daily Lite Prod 1986,PRODUCTIVITY,4.6,3883,Varies with device,"50,000+",Free,$0,Everyone 10+,Productivity,"August 26, 2024",3.7.9,5.0 and up
Daily Hub Phot 1987,PHOTOGRAPHY,4.1,278,693k,"5,000+",Free,$0,Everyone,Photography,"October 21, 2024",1.3.6,4.4 and up
Fast 3D Prod 1988,PRODUCTIVITY,3.6,55864,2.1M,"1,000,000+",Paid,$7.99,Mature 17+,Productivity,"July 21, 2024",1.4.7,8.0 and up
Fast 3D Busi 1989,BUSINESS,4.8,1,32.7M,50+,Free,$0,Everyone,Business,"August 23, 2024",2.7.4,5.0 and up
Pro Hub Pers 1990,PERSONALIZATION,4.3,2,6.3M,50+,Paid,$0.99,Everyone 10+,Personalization,"January 25, 2024",1.7.0,6.0 and up
Global Tracker Phot 1991,PHOTOGRAPHY,4.7,22110,42.6M,"500,000+",Free,$0,Everyone 10+,Photography,"January 13, 2024",2.1.5,7.0 and up
Master Assistant Prod 1992,PRODUCTIVITY,4.4,286899,20.4M,"5,000,000+",Free,$0,Everyone,Productivity,"October 26, 2024",3.8.9,6.0 and up
Pro Studio Fami 1993,FAMILY,4.5,18,35.5M,"1,000+",Free,$0,Everyone,Puzzle,"May 27, 2024",1.3.9,4.1 and up
Quick Tracker Game 1994,GAME,3.8,52,54.4M,"1,000+",Free,$0,Mature 17+,Strategy,"March 14, 2024",4.3.5,6.0 and up
Master Hub Pers 1995,PERSONALIZATION,5.0,765,10.4M,"10,000+",Free,$0,Everyone 10+,Personalization,"January 22, 2024",1.7.3,5.0 and up
Pocket Portal Heal 1996,HEALTH_AND_FITNESS,4.5,669631,Varies with device,"10,000,000+",Free,$0,Everyone,Health & Fitness,"March 22, 2024",4.3.7,7.0 and up
Smart Portal Medi 1997,MEDICAL,4.9,7047,27.1M,"100,000+",Free,$0,Everyone,Medical,"October 5, 2024",2.2.1,5.0 and up
Pocket Manager Heal 1998,HEALTH_AND_FITNESS,,663572,Varies with device,"10,000,000+",Free,$0,Everyone 10+,Health & Fitness,"August 19, 2024",2.5.9,5.0 and up
Master Hero Comm 1999,COMMUNICATION,4.1,5,32.1M,100+,Free,$0,Everyone 10+,Communication,"May 9, 2024",3.1.1,7.0 and up
Daily Flow Game 2000,GAME,3.8,69500118,32.1M,"1,000,000,000+",Free,$0,Everyone,Card,"August 1, 2024",3.2.0,4.4 and up
Fast Vault Life 2001,LIFESTYLE,4.0,251,24.1M,"10,000+",Free,$0,Mature 17+,Lifestyle,"May 28, 2024",4.1.4,6.0 and up
Smart Tracker Heal 2002,HEALTH_AND_FITNESS,3.9,7622,10.5M,"100,000+",Free,$0,Everyone,Health & Fitness,"January 4, 2024",2.7.2,7.0 and up
Pro Plus Prod 2003,PRODUCTIVITY,4.1,10113,41.6M,"1,000,000+",Free,$0,Teen,Productivity,"January 24, 2024",5.0.6,8.0 and up
Hyper Hub Heal 2004,HEALTH_AND_FITNESS,3.5,389963,8.2M,"5,000,000+",Free,$0,Everyone,Health & Fitness,"July 14, 2024",4.1.6,4.4 and up
Smart Tracker Game 2005,GAME,3.9,148678,59.9M,"5,000,000+",Free,$0,Everyone,Role Playing,"August 13, 2024",5.3.0,4.4 and up
Hyper Hero Heal 2006,HEALTH_AND_FITNESS,4.4,1,20.5M,10+,Free,$0,Mature 17+,Health & Fitness,"August 3, 2024",4.0.5,8.0 and up
Global Flow Heal 2007,HEALTH_AND_FITNESS,4.4,571,36.3M,"50,000+",Paid,$9.99,Everyone 10+,Health & Fitness,"January 8, 2024",3.2.5,8.0 and up
Global Studio Game 2008,GAME,4.3,57787,Varies with device,"1,000,000+",Free,$0,Mature 17+,Card,"August 4, 2024",2.6.8,4.4 and up
Master Tracker Busi 2009,BUSINESS,4.9,42366,41.7M,"1,000,000+",Paid,$7.99,Everyone 10+,Business,"March 25, 2024",3.2.6,4.1 and up
Super Assistant Tool 2010,TOOLS,4.4,49997,Varies with device,"1,000,000+",Free,$0,Teen,Tools,"May 26, 2024",3.8.0,4.4 and up
Quick Lite Busi 2011,BUSINESS,4.9,481,10.3M,"10,000+",Free,$0,Everyone 10+,Business,"January 1, 2024",4.5.7,4.4 and up
Master Hero Fina 2012,FINANCE,5.0,336650,35.2M,"10,000,000+",Free,$0,Everyone,Finance,"January 6, 2024",1.4.0,4.1 and up
Quick Hub Tool 2013,TOOLS,4.6,499,27.1M,"10,000+",Free,$0,Mature 17+,Tools,"January 8, 2024",3.9.7,4.1 and up
Super Studio Phot 2014,PHOTOGRAPHY,3.5,58948,23.5M,"1,000,000+",Free,$0,Mature 17+,Photography,"May 3, 2024",2.4.6,4.1 and up
Hyper Hero Fina 2015,FINANCE,4.3,2,25.9M,50+,Free,$0,Everyone,Finance,"July 13, 2024",5.4.1,7.0 and up
Master Studio Phot 2016,PHOTOGRAPHY,4.3,70596,Varies with device,"1,000,000+",Free,$0,Everyone,Photography,"May 11, 2024",5.7.3,4.1 and up
Quick Tracker Heal 2017,HEALTH_AND_FITNESS,5.0,25,20.1M,"1,000+",Free,$0,Everyone 10+,Health & Fitness,"July 11, 2024",4.4.5,4.1 and up
Daily Hero Fami 2018,FAMILY,4.1,7278,32.1M,"100,000+",Free,$0,Everyone 10+,Entertainment,"March 27, 2024",1.8.1,5.0 and up
Pocket Hero Comm 2019,COMMUNICATION,,2135,38.5M,"100,000+",Free,$0,Everyone,Communication,"August 23, 2024",3.7.6,4.1 and up
Pro Studio Game 2020,GAME,3.8,7673,85.5M,"100,000+",Free,$0,Everyone 10+,Action,"October 12, 2024",4.5.7,4.4 and up
Smart Manager Life 2021,LIFESTYLE,3.9,37,16.5M,"1,000+",Free,$0,Everyone 10+,Lifestyle,"January 25, 2024",2.9.0,7.0 and up
NextGen Assistant Life 2022,LIFESTYLE,4.1,234,38.2M,"5,000+",Free,$0,Mature 17+,Lifestyle,"October 20, 2024",2.6.1,4.4 and up
Hyper Portal Life 2023,LIFESTYLE,2.9,2167,40.0M,"50,000+",Free,$0,Teen,Lifestyle,"August 12, 2024",4.0.3,7.0 and up
Smart Assistant Busi 2024,BUSINESS,4.0,25597,34.1M,"1,000,000+",Free,$0,Teen,Business,"January 22, 2024",1.0.7,4.4 and up
Smart Portal Fina 2025,FINANCE,3.8,5,3.4M,100+,Free,$0,Everyone 10+,Finance,"March 10, 2024",2.2.3,4.4 and up
Pro Manager Heal 2026,HEALTH_AND_FITNESS,4.2,1,14.0M,50+,Paid,$0.99,Teen,Health & Fitness,"August 9, 2024",2.0.6,7.0 and up
Quick Lite Fina 2027,FINANCE,4.7,2031,8.0M,"50,000+",Free,$0,Everyone,Finance,"August 11, 2024",2.7.0,4.1 and up
Easy Portal Comm 2028,COMMUNICATION,4.3,720046,22.6M,"10,000,000+",Free,$0,Everyone,Communication,"January 4, 2024",5.8.0,5.0 and up
Pocket Hero Tool 2029,TOOLS,5.0,7331599,Varies with device,"100,000,000+",Free,$0,Teen,Tools,"July 25, 2024",3.2.5,5.0 and up
Daily Assistant Fami 2030,FAMILY,4.5,1,19.1M,10+,Free,$0,Everyone,Puzzle,"March 24, 2024",5.2.2,4.1 and up
Master Tracker Prod 2031,PRODUCTIVITY,,7313750,40.9M,"100,000,000+",Free,$0,Teen,Productivity,"March 19, 2024",5.2.8,6.0 and up
Smart Portal Busi 2032,BUSINESS,3.9,223972,12.8M,"5,000,000+",Free,$0,Everyone,Business,"August 12, 2024",4.2.9,4.1 and up
Easy Hero Phot 2033,PHOTOGRAPHY,,90,9.9M,"5,000+",Free,$0,Everyone,Photography,"July 1, 2024",1.5.1,8.0 and up
Daily Studio Fami 2034,FAMILY,4.1,3,171k,100+,Free,$0,Everyone,Education,"October 23, 2024",1.1.7,5.0 and up
Easy Hub Medi 2035,MEDICAL,3.3,3,30.3M,100+,Free,$0,Everyone,Medical,"May 13, 2024",4.2.7,5.0 and up
Super Lite Heal 2036,HEALTH_AND_FITNESS,4.2,109,12.9M,"5,000+",Free,$0,Everyone,Health & Fitness,"March 28, 2024",4.0.7,7.0 and up
Fast Portal Fina 2037,FINANCE,4.3,3762015,26.6M,"50,000,000+",Free,$0,Teen,Finance,"March 8, 2024",5.3.6,7.0 and up
Hyper Tracker Pers 2038,PERSONALIZATION,4.2,6,44.0M,100+,Free,$0,Everyone,Personalization,"July 16, 2024",1.4.8,5.0 and up
Global Flow Life 2039,LIFESTYLE,,211,Varies with device,"5,000+",Free,$0,Teen,Lifestyle,"July 20, 2024",4.2.0,7.0 and up
Super Vault Tool 2040,TOOLS,4.8,19148,25.6M,"1,000,000+",Free,$0,Everyone,Tools,"March 8, 2024",2.9.7,4.1 and up
Master Vault Medi 2041,MEDICAL,4.9,338,16.8M,"10,000+",Free,$0,Everyone 10+,Medical,"May 11, 2024",1.1.6,4.4 and up
Super Hero Busi 2042,BUSINESS,4.0,521,22.1M,"10,000+",Free,$0,Teen,Business,"May 23, 2024",1.4.2,5.0 and up
Quick Vault Life 2043,LIFESTYLE,4.1,194,5.4M,"5,000+",Free,$0,Everyone,Lifestyle,"October 3, 2024",2.4.9,6.0 and up
Quick Flow Pers 2044,PERSONALIZATION,5.0,20,39.9M,500+,Free,$0,Everyone,Personalization,"October 10, 2024",2.5.4,7.0 and up
Smart Vault Phot 2045,PHOTOGRAPHY,4.5,7821,16.5M,"100,000+",Free,$0,Everyone 10+,Photography,"May 8, 2024",5.0.2,7.0 and up
Quick Hero Busi 2046,BUSINESS,4.0,374,7.4M,"5,000+",Free,$0,Teen,Business,"January 21, 2024",1.0.9,5.0 and up
Hyper 3D Fami 2047,FAMILY,4.1,17,14.4M,500+,Free,$0,Teen,Casual,"October 25, 2024",2.2.5,5.0 and up
Pro Plus Busi 2048,BUSINESS,4.4,38881,Varies with device,"1,000,000+",Free,$0,Everyone 10+,Business,"May 27, 2024",1.1.5,4.4 and up
Super 3D Phot 2049,PHOTOGRAPHY,5.0,8977,19.0M,"500,000+",Free,$0,Everyone,Photography,"July 28, 2024",3.6.9,4.1 and up
Daily Hero Fami 2050,FAMILY,4.1,188111,44.1M,"10,000,000+",Free,$0,Everyone 10+,Casual,"May 15, 2024",3.2.2,7.0 and up
NextGen Lite Life 2051,LIFESTYLE,4.0,265,22.7M,"5,000+",Free,$0,Everyone,Lifestyle,"May 8, 2024",5.0.2,4.4 and up
Fast Hero Comm 2052,COMMUNICATION,4.2,2127406,2.5M,"50,000,000+",Free,$0,Everyone,Communication,"August 19, 2024",1.9.0,8.0 and up
Hyper Hero Heal 2053,HEALTH_AND_FITNESS,4.2,68,29.7M,"1,000+",Free,$0,Teen,Health & Fitness,"August 16, 2024",2.5.5,5.0 and up
Fast Hero Heal 2054,HEALTH_AND_FITNESS,4.3,111,23.2M,"5,000+",Free,$0,Everyone 10+,Health & Fitness,"October 2, 2024",4.7.5,5.0 and up
Global Plus Busi 2055,BUSINESS,4.1,15,27.3M,500+,Free,$0,Everyone,Business,"October 25, 2024",5.2.5,4.4 and up
Daily 3D Life 2056,LIFESTYLE,4.8,25570,36.3M,"1,000,000+",Free,$0,Everyone,Lifestyle,"March 1, 2024",4.3.4,5.0 and up
Pro Manager Prod 2057,PRODUCTIVITY,3.7,7900,Varies with device,"100,000+",Free,$0,Everyone,Productivity,"July 9, 2024",1.9.8,5.0 and up
Smart Tracker Prod 2058,PRODUCTIVITY,4.4,26920,5.1M,"1,000,000+",Paid,$1.99,Everyone,Productivity,"January 27, 2024",1.7.1,5.0 and up
Daily Studio Fina 2059,FINANCE,4.4,68948,29.3M,"5,000,000+",Free,$0,Everyone,Finance,"March 5, 2024",3.5.6,5.0 and up
Global Vault Game 2060,GAME,3.8,20,25.5M,"1,000+",Free,$0,Everyone,Action,"July 25, 2024",5.1.9,4.1 and up
Pro Lite Prod 2061,PRODUCTIVITY,4.4,6008,28.3M,"100,000+",Free,$0,Everyone,Productivity,"August 23, 2024",4.1.5,8.0 and up
Pocket Studio Phot 2062,PHOTOGRAPHY,4.4,38228,36.3M,"500,000+",Free,$0,Mature 17+,Photography,"October 21, 2024",2.4.6,4.4 and up
Super 3D Fami 2063,FAMILY,2.9,3873621,Varies with device,"100,000,000+",Free,$0,Mature 17+,Puzzle,"October 12, 2024",4.3.5,4.4 and up
Master Assistant Fami 2064,FAMILY,3.7,7,4.4M,100+,Free,$0,Everyone 10+,Casual,"July 17, 2024",3.6.9,6.0 and up
Easy Plus Phot 2065,PHOTOGRAPHY,5.0,58,41.3M,"1,000+",Free,$0,Everyone 10+,Photography,"August 2, 2024",1.0.1,5.0 and up
Pro 3D Comm 2066,COMMUNICATION,3.9,2515,24.6M,"100,000+",Free,$0,Mature 17+,Communication,"August 7, 2024",1.4.6,8.0 and up
Quick Portal Game 2067,GAME,3.6,2330509,71.6M,"50,000,000+",Free,$0,Everyone,Role Playing,"August 27, 2024",3.6.9,4.1 and up
NextGen Vault Fina 2068,FINANCE,3.2,367,25.1M,"10,000+",Free,$0,Teen,Finance,"March 17, 2024",1.0.7,4.4 and up
Smart Tracker Pers 2069,PERSONALIZATION,3.6,3034,Varies with device,"50,000+",Free,$0,Everyone,Personalization,"July 5, 2024",2.7.3,5.0 and up
Pro Studio Comm 2070,COMMUNICATION,4.1,461035,3.2M,"10,000,000+",Free,$0,Everyone,Communication,"July 20, 2024",4.8.9,7.0 and up
Super Flow Heal 2071,HEALTH_AND_FITNESS,3.5,1393,10.8M,"50,000+",Free,$0,Everyone,Health & Fitness,"May 13, 2024",4.4.9,4.1 and up
Daily Portal Comm 2072,COMMUNICATION,4.5,606252,Varies with device,"10,000,000+",Free,$0,Teen,Communication,"January 3, 2024",4.4.5,6.0 and up
NextGen Vault Fami 2073,FAMILY,3.8,1,15.1M,10+,Free,$0,Everyone,Entertainment,"August 2, 2024",4.3.9,4.4 and up
Smart Lite Fami 2074,FAMILY,4.4,235,34.6M,"5,000+",Free,$0,Teen,Casual,"October 16, 2024",4.3.0,8.0 and up
Hyper Studio Prod 2075,PRODUCTIVITY,4.9,2906,8.9M,"50,000+",Free,$0,Everyone,Productivity,"May 18, 2024",4.2.0,4.1 and up
NextGen Tracker Tool 2076,TOOLS,4.9,98473,16.5M,"5,000,000+",Paid,$4.99,Everyone,Tools,"August 2, 2024",5.0.9,7.0 and up
Global Studio Life 2077,LIFESTYLE,4.3,19051,22.6M,"500,000+",Free,$0,Everyone,Lifestyle,"July 7, 2024",1.3.4,4.4 and up
NextGen Tracker Life 2078,LIFESTYLE,3.6,1192,15.5M,"100,000+",Free,$0,Mature 17+,Lifestyle,"March 1, 2024",4.4.1,6.0 and up
Pocket Hero Busi 2079,BUSINESS,4.2,38,23.4M,"1,000+",Free,$0,Everyone,Business,"August 20, 2024",4.2.2,5.0 and up
Pocket Flow Tool 2080,TOOLS,,3829,188k,"100,000+",Free,$0,Everyone,Tools,"January 12, 2024",4.7.7,4.1 and up
Super Flow Tool 2081,TOOLS,3.2,35827,Varies with device,"1,000,000+",Free,$0,Mature 17+,Tools,"October 6, 2024",5.0.5,4.1 and up
Hyper Tracker Comm 2082,COMMUNICATION,4.2,1,11.4M,10+,Free,$0,Mature 17+,Communication,"August 10, 2024",3.7.9,4.1 and up
Quick Assistant Busi 2083,BUSINESS,4.7,158,15.9M,"10,000+",Free,$0,Everyone,Business,"May 10, 2024",2.0.2,4.4 and up
Easy Portal Medi 2084,MEDICAL,3.7,1,12.5M,10+,Free,$0,Teen,Medical,"January 10, 2024",3.0.3,4.1 and up
Pro 3D Game 2085,GAME,3.7,206749,80.0M,"10,000,000+",Free,$0,Everyone,Racing,"August 25, 2024",2.9.6,4.1 and up
Pro Hero Comm 2086,COMMUNICATION,4.1,2089700,Varies with device,"50,000,000+",Free,$0,Everyone 10+,Communication,"January 27, 2024",1.9.9,4.4 and up
Hyper Flow Pers 2087,PERSONALIZATION,4.5,2867,22.9M,"50,000+",Free,$0,Everyone 10+,Personalization,"March 10, 2024",1.0.3,5.0 and up
Super Plus Game 2088,GAME,2.9,6289329,Varies with device,"100,000,000+",Free,$0,Mature 17+,Strategy,"October 4, 2024",3.0.5,4.1 and up
Smart Lite Pers 2089,PERSONALIZATION,4.7,27,2.1M,500+,Free,$0,Everyone,Personalization,"August 12, 2024",4.0.9,8.0 and up
Hyper Studio Medi 2090,MEDICAL,4.3,850,24.6M,"50,000+",Paid,$3.99,Everyone,Medical,"July 9, 2024",3.7.2,4.4 and up
NextGen Studio Phot 2091,PHOTOGRAPHY,5.0,519750,13.5M,"10,000,000+",Free,$0,Teen,Photography,"May 9, 2024",5.9.9,7.0 and up
Global Plus Phot 2092,PHOTOGRAPHY,4.0,1364262,34.2M,"50,000,000+",Free,$0,Everyone,Photography,"January 6, 2024",4.4.1,4.1 and up
Quick Manager Comm 2093,COMMUNICATION,3.9,398639,42.4M,"10,000,000+",Free,$0,Mature 17+,Communication,"January 12, 2024",4.6.3,4.1 and up
Super Tracker Heal 2094,HEALTH_AND_FITNESS,3.8,39,14.7M,500+,Free,$0,Everyone,Health & Fitness,"May 8, 2024",4.0.6,5.0 and up
Easy Studio Fami 2095,FAMILY,4.5,30,14.9M,"1,000+",Free,$0,Everyone 10+,Casual,"October 19, 2024",5.9.4,7.0 and up
Master Tracker Medi 2096,MEDICAL,3.2,3643,3.1M,"50,000+",Paid,$9.99,Everyone,Medical,"January 15, 2024",4.3.7,5.0 and up
Global Plus Busi 2097,BUSINESS,3.8,666,21.1M,"10,000+",Free,$0,Everyone,Business,"July 4, 2024",5.6.0,4.1 and up
Smart Hub Medi 2098,MEDICAL,4.3,1,36.8M,50+,Free,$0,Mature 17+,Medical,"July 15, 2024",3.3.3,4.4 and up
NextGen Vault Heal 2099,HEALTH_AND_FITNESS,3.4,30,18.1M,500+,Free,$0,Mature 17+,Health & Fitness,"January 16, 2024",1.3.3,5.0 and up
Pro Hero Prod 2100,PRODUCTIVITY,4.2,2660,18.5M,"50,000+",Free,$0,Everyone,Productivity,"March 24, 2024",4.1.9,6.0 and up
Quick Hub Heal 2101,HEALTH_AND_FITNESS,4.9,796,15.0M,"10,000+",Free,$0,Everyone,Health & Fitness,"May 17, 2024",4.2.3,8.0 and up
Daily Assistant Life 2102,LIFESTYLE,4.8,70047,28.7M,"1,000,000+",Free,$0,Everyone 10+,Lifestyle,"July 18, 2024",4.1.4,8.0 and up
Easy Vault Game 2103,GAME,4.1,24053074,88.4M,"1,000,000,000+",Free,$0,Everyone,Arcade,"July 1, 2024",3.5.8,8.0 and up
Quick Lite Game 2104,GAME,4.7,423755,24.7M,"10,000,000+",Free,$0,Everyone,Role Playing,"July 23, 2024",5.8.9,4.4 and up
Hyper Hero Fina 2105,FINANCE,4.4,3804,27.6M,"100,000+",Paid,$4.99,Everyone,Finance,"July 1, 2024",2.9.3,5.0 and up
Master 3D Heal 2106,HEALTH_AND_FITNESS,,6879495,19.0M,"100,000,000+",Free,$0,Mature 17+,Health & Fitness,"March 12, 2024",3.2.9,8.0 and up
Pro Vault Fami 2107,FAMILY,4.3,37337,Varies with device,"500,000+",Paid,$1.49,Everyone 10+,Entertainment,"October 2, 2024",1.5.6,4.1 and up
Global Studio Comm 2108,COMMUNICATION,4.4,11738,35.2M,"500,000+",Free,$0,Mature 17+,Communication,"January 5, 2024",1.3.0,4.1 and up
NextGen Plus Heal 2109,HEALTH_AND_FITNESS,4.1,47,37.8M,"1,000+",Free,$0,Everyone 10+,Health & Fitness,"October 23, 2024",5.6.7,4.4 and up
Super Tracker Prod 2110,PRODUCTIVITY,5.0,284,842k,"10,000+",Free,$0,Teen,Productivity,"October 8, 2024",4.5.5,8.0 and up
Global Manager Comm 2111,COMMUNICATION,,9425,25.5M,"500,000+",Free,$0,Everyone,Communication,"July 7, 2024",1.8.6,5.0 and up
Hyper Hub Game 2112,GAME,4.2,2733262,81.3M,"50,000,000+",Free,$0,Teen,Role Playing,"May 25, 2024",1.6.9,4.4 and up
Pocket Flow Comm 2113,COMMUNICATION,,2633212,20.7M,"50,000,000+",Paid,$2.99,Mature 17+,Communication,"October 3, 2024",5.3.2,5.0 and up
NextGen Assistant Tool 2114,TOOLS,3.5,3317,766k,"50,000+",Free,$0,Mature 17+,Tools,"May 20, 2024",5.9.5,4.4 and up
Smart Vault Tool 2115,TOOLS,4.0,3901320,24.4M,"100,000,000+",Free,$0,Everyone,Tools,"October 21, 2024",4.8.6,7.0 and up
Super Hero Game 2116,GAME,4.1,3241037,Varies with device,"50,000,000+",Free,$0,Mature 17+,Action,"October 17, 2024",1.5.8,6.0 and up
Pocket Lite Phot 2117,PHOTOGRAPHY,4.4,295868,31.9M,"5,000,000+",Free,$0,Teen,Photography,"October 6, 2024",4.8.7,7.0 and up
Pocket Vault Fami 2118,FAMILY,3.7,16857,13.5M,"1,000,000+",Free,$0,Everyone,Education,"July 6, 2024",1.6.2,8.0 and up
Fast Tracker Comm 2119,COMMUNICATION,4.0,1257274,5.1M,"50,000,000+",Free,$0,Everyone,Communication,"August 11, 2024",3.9.9,7.0 and up
Quick 3D Phot 2120,PHOTOGRAPHY,3.5,209380,27.9M,"5,000,000+",Free,$0,Teen,Photography,"August 11, 2024",3.1.9,8.0 and up
Fast Studio Tool 2121,TOOLS,,14430,Varies with device,"500,000+",Free,$0,Teen,Tools,"July 1, 2024",2.8.6,4.4 and up
NextGen Studio Fina 2122,FINANCE,4.4,351,718k,"5,000+",Free,$0,Everyone,Finance,"March 7, 2024",1.0.8,4.1 and up
Quick Tracker Fina 2123,FINANCE,4.9,620,320k,"10,000+",Free,$0,Everyone 10+,Finance,"August 5, 2024",5.7.3,4.4 and up
Master Flow Game 2124,GAME,4.6,30064,Varies with device,"500,000+",Free,$0,Everyone,Action,"October 14, 2024",3.4.8,5.0 and up
Pro Studio Tool 2125,TOOLS,,1936,3.0M,"100,000+",Free,$0,Mature 17+,Tools,"July 9, 2024",1.6.2,6.0 and up
Quick Flow Busi 2126,BUSINESS,,37,33.4M,"1,000+",Free,$0,Everyone,Business,"October 23, 2024",1.0.5,4.1 and up
Global Hero Fami 2127,FAMILY,4.2,29,7.5M,500+,Free,$0,Everyone,Casual,"October 2, 2024",1.3.6,4.1 and up
Smart Plus Phot 2128,PHOTOGRAPHY,4.2,3255,11.9M,"100,000+",Free,$0,Everyone,Photography,"October 9, 2024",2.4.3,6.0 and up
Global Hub Fina 2129,FINANCE,3.4,39321,723k,"500,000+",Paid,$7.99,Everyone 10+,Finance,"July 8, 2024",1.6.6,7.0 and up
Fast Flow Comm 2130,COMMUNICATION,3.6,31,12.9M,"1,000+",Free,$0,Everyone,Communication,"January 1, 2024",4.1.6,6.0 and up
Pro Tracker Medi 2131,MEDICAL,4.0,580,16.2M,"10,000+",Paid,$1.49,Teen,Medical,"July 10, 2024",2.9.6,8.0 and up
Global Manager Tool 2132,TOOLS,3.9,3070,Varies with device,"100,000+",Free,$0,Everyone 10+,Tools,"August 26, 2024",4.9.9,8.0 and up
Fast 3D Comm 2133,COMMUNICATION,4.0,6409854,32.5M,"100,000,000+",Free,$0,Everyone 10+,Communication,"March 23, 2024",2.2.8,4.1 and up
Master Flow Fina 2134,FINANCE,4.6,205768,13.7M,"5,000,000+",Paid,$3.99,Teen,Finance,"July 6, 2024",3.3.9,5.0 and up
Super Hub Fami 2135,FAMILY,3.9,370122,15.7M,"5,000,000+",Free,$0,Everyone,Casual,"July 15, 2024",5.8.8,4.4 and up
Quick Hub Comm 2136,COMMUNICATION,4.4,3941109,43.7M,"50,000,000+",Paid,$4.99,Mature 17+,Communication,"August 1, 2024",5.7.1,7.0 and up
Easy Manager Comm 2137,COMMUNICATION,3.6,22466361,43.2M,"1,000,000,000+",Free,$0,Everyone 10+,Communication,"May 22, 2024",3.9.2,4.1 and up
Global Assistant Fina 2138,FINANCE,4.8,2050,44.2M,"50,000+",Free,$0,Everyone 10+,Finance,"March 26, 2024",4.9.8,4.4 and up
Pocket Studio Fami 2139,FAMILY,3.6,3881,16.0M,"100,000+",Free,$0,Everyone,Entertainment,"January 13, 2024",1.8.9,5.0 and up
Pro Hub Life 2140,LIFESTYLE,4.2,357,9.8M,"5,000+",Free,$0,Everyone,Lifestyle,"July 23, 2024",5.9.6,4.1 and up
Easy Studio Fami 2141,FAMILY,4.1,40283,669k,"1,000,000+",Free,$0,Mature 17+,Education,"August 20, 2024",2.0.7,5.0 and up
Fast Hub Comm 2142,COMMUNICATION,4.4,3116953,34.5M,"50,000,000+",Free,$0,Mature 17+,Communication,"March 15, 2024",1.5.6,4.1 and up
Daily Flow Prod 2143,PRODUCTIVITY,4.6,220012,17.2M,"5,000,000+",Free,$0,Mature 17+,Productivity,"May 24, 2024",5.9.8,6.0 and up
Daily Hero Life 2144,LIFESTYLE,4.0,6,32.0M,100+,Paid,$0.99,Everyone 10+,Lifestyle,"January 16, 2024",2.7.9,5.0 and up
Easy Lite Busi 2145,BUSINESS,4.6,21189,39.4M,"500,000+",Free,$0,Everyone,Business,"January 15, 2024",4.9.2,8.0 and up
Hyper Flow Comm 2146,COMMUNICATION,4.8,31991,14.8M,"500,000+",Free,$0,Everyone,Communication,"August 4, 2024",4.0.4,4.4 and up
Global Portal Fina 2147,FINANCE,4.1,165286,26.4M,"5,000,000+",Paid,$7.99,Everyone,Finance,"August 28, 2024",3.7.8,4.4 and up
Pocket Assistant Heal 2148,HEALTH_AND_FITNESS,5.0,283097,Varies with device,"5,000,000+",Free,$0,Everyone,Health & Fitness,"March 10, 2024",1.7.3,4.1 and up
NextGen Studio Phot 2149,PHOTOGRAPHY,4.4,4259,31.5M,"100,000+",Free,$0,Everyone,Photography,"October 1, 2024",1.7.8,7.0 and up
Global Manager Prod 2150,PRODUCTIVITY,4.0,10201,15.8M,"500,000+",Paid,$7.99,Mature 17+,Productivity,"August 20, 2024",3.2.8,5.0 and up
Fast Manager Heal 2151,HEALTH_AND_FITNESS,4.2,12,42.0M,500+,Free,$0,Teen,Health & Fitness,"May 7, 2024",2.7.3,5.0 and up
Super Hero Pers 2152,PERSONALIZATION,5.0,5361,4.3M,"100,000+",Free,$0,Everyone,Personalization,"March 9, 2024",4.7.1,5.0 and up
Pro Vault Comm 2153,COMMUNICATION,4.4,270117,31.9M,"10,000,000+",Free,$0,Everyone,Communication,"March 2, 2024",1.6.1,6.0 and up
Quick Assistant Medi 2154,MEDICAL,4.4,39103,17.5M,"500,000+",Free,$0,Teen,Medical,"July 4, 2024",2.1.8,7.0 and up
NextGen Manager Prod 2155,PRODUCTIVITY,4.4,43,38.2M,"1,000+",Free,$0,Teen,Productivity,"October 13, 2024",1.2.2,4.4 and up
NextGen 3D Life 2156,LIFESTYLE,4.7,27131,20.0M,"500,000+",Free,$0,Everyone,Lifestyle,"October 1, 2024",3.5.5,5.0 and up
Pro Manager Fina 2157,FINANCE,4.4,389,2.3M,"5,000+",Free,$0,Mature 17+,Finance,"August 26, 2024",3.3.3,8.0 and up
Hyper Plus Tool 2158,TOOLS,4.5,50,37.4M,"1,000+",Paid,$2.99,Teen,Tools,"August 13, 2024",2.6.9,4.1 and up
Smart Tracker Tool 2159,TOOLS,4.2,4949,3.0M,"100,000+",Free,$0,Mature 17+,Tools,"January 14, 2024",4.0.1,5.0 and up
Smart Tracker Heal 2160,HEALTH_AND_FITNESS,4.3,1390,15.3M,"100,000+",Paid,$9.99,Everyone,Health & Fitness,"January 13, 2024",2.1.8,8.0 and up
NextGen Plus Prod 2161,PRODUCTIVITY,4.7,2558,33.8M,"50,000+",Free,$0,Teen,Productivity,"October 20, 2024",2.1.0,5.0 and up
Master Hub Prod 2162,PRODUCTIVITY,3.8,2117,Varies with device,"100,000+",Paid,$1.99,Mature 17+,Productivity,"March 21, 2024",4.7.4,4.4 and up
Pocket Hero Phot 2163,PHOTOGRAPHY,4.2,267,25.0M,"5,000+",Free,$0,Everyone,Photography,"August 5, 2024",1.6.3,4.4 and up
Super Manager Tool 2164,TOOLS,4.0,3949719,Varies with device,"100,000,000+",Free,$0,Teen,Tools,"October 14, 2024",3.8.9,5.0 and up
Master Assistant Tool 2165,TOOLS,3.5,1091,37.3M,"100,000+",Free,$0,Everyone,Tools,"July 5, 2024",3.5.2,5.0 and up
Master Portal Phot 2166,PHOTOGRAPHY,3.5,21302,41.0M,"500,000+",Free,$0,Teen,Photography,"January 26, 2024",5.4.6,5.0 and up
Master Tracker Phot 2167,PHOTOGRAPHY,,39790,24.1M,"500,000+",Free,$0,Everyone,Photography,"August 10, 2024",2.6.8,4.1 and up
Daily Manager Busi 2168,BUSINESS,5.0,362753,Varies with device,"5,000,000+",Free,$0,Teen,Business,"May 4, 2024",4.0.0,5.0 and up
Super Flow Prod 2169,PRODUCTIVITY,5.0,230,33.3M,"5,000+",Free,$0,Mature 17+,Productivity,"January 26, 2024",2.1.6,6.0 and up
Global Lite Medi 2170,MEDICAL,4.1,2725920,10.2M,"50,000,000+",Free,$0,Everyone,Medical,"May 5, 2024",5.5.3,5.0 and up
Super Assistant Heal 2171,HEALTH_AND_FITNESS,,6542,44.0M,"100,000+",Free,$0,Everyone,Health & Fitness,"August 1, 2024",5.7.0,8.0 and up
Pro 3D Game 2172,GAME,4.1,2300527,84.8M,"50,000,000+",Free,$0,Everyone,Role Playing,"January 16, 2024",4.1.0,6.0 and up
Easy Plus Medi 2173,MEDICAL,4.9,257,33.5M,"10,000+",Free,$0,Teen,Medical,"October 5, 2024",3.6.1,8.0 and up
Super Hub Fami 2174,FAMILY,4.0,6,4.2M,500+,Free,$0,Everyone,Entertainment,"July 18, 2024",3.0.2,4.1 and up
Smart Lite Fina 2175,FINANCE,3.7,56558,930k,"1,000,000+",Free,$0,Everyone,Finance,"October 22, 2024",5.2.0,4.1 and up
Global Studio Fami 2176,FAMILY,5.0,355,13.6M,"10,000+",Free,$0,Everyone 10+,Education,"October 22, 2024",3.3.9,6.0 and up
Fast Hero Fina 2177,FINANCE,4.2,27,18.5M,"1,000+",Free,$0,Mature 17+,Finance,"October 9, 2024",2.0.4,4.1 and up
Super Lite Comm 2178,COMMUNICATION,5.0,64499,42.5M,"1,000,000+",Free,$0,Everyone,Communication,"January 7, 2024",2.7.9,4.4 and up
Hyper 3D Phot 2179,PHOTOGRAPHY,4.2,50140,18.3M,"1,000,000+",Free,$0,Everyone 10+,Photography,"July 25, 2024",1.8.5,5.0 and up
Master Hero Phot 2180,PHOTOGRAPHY,,2595490,14.8M,"50,000,000+",Free,$0,Mature 17+,Photography,"August 3, 2024",3.4.9,7.0 and up
Quick Lite Fami 2181,FAMILY,4.2,226,31.0M,"5,000+",Free,$0,Everyone,Casual,"May 1, 2024",5.9.9,7.0 and up
Smart Hero Comm 2182,COMMUNICATION,4.0,36,601k,"1,000+",Free,$0,Everyone,Communication,"January 4, 2024",1.0.8,5.0 and up
Daily Hero Pers 2183,PERSONALIZATION,3.5,38,25.8M,"1,000+",Free,$0,Everyone,Personalization,"August 8, 2024",2.1.3,5.0 and up
Super Portal Busi 2184,BUSINESS,,1,33.1M,10+,Free,$0,Everyone,Business,"October 28, 2024",5.0.0,4.4 and up
Easy Manager Tool 2185,TOOLS,4.4,1711578,42.1M,"50,000,000+",Paid,$3.99,Mature 17+,Tools,"March 27, 2024",5.8.7,7.0 and up
Global Manager Game 2186,GAME,4.5,7778,52.6M,"100,000+",Free,$0,Mature 17+,Card,"October 18, 2024",3.7.4,6.0 and up
Smart Vault Fami 2187,FAMILY,4.3,2,Varies with device,100+,Free,$0,Everyone,Entertainment,"October 16, 2024",2.1.4,6.0 and up
Smart Studio Game 2188,GAME,,33516432,79.0M,"1,000,000,000+",Free,$0,Everyone,Role Playing,"July 15, 2024",4.9.8,7.0 and up
Global Portal Heal 2189,HEALTH_AND_FITNESS,4.0,467,14.0M,"10,000+",Free,$0,Teen,Health & Fitness,"May 3, 2024",2.4.0,4.1 and up
Fast Vault Busi 2190,BUSINESS,3.0,7,40.3M,100+,Paid,$7.99,Everyone,Business,"October 15, 2024",3.1.9,4.4 and up
Quick Portal Medi 2191,MEDICAL,4.3,260,38.2M,"5,000+",Free,$0,Everyone,Medical,"July 20, 2024",2.6.5,6.0 and up
Pocket Assistant Game 2192,GAME,3.9,2440345,71.1M,"50,000,000+",Free,$0,Everyone,Action,"July 1, 2024",4.5.9,5.0 and up
Pocket Plus Life 2193,LIFESTYLE,,1,21.3M,10+,Free,$0,Everyone,Lifestyle,"March 2, 2024",2.7.2,8.0 and up
Super Portal Pers 2194,PERSONALIZATION,4.4,3896994,21.6M,"100,000,000+",Free,$0,Teen,Personalization,"March 28, 2024",1.1.2,8.0 and up
Daily 3D Game 2195,GAME,4.1,5501,87.3M,"500,000+",Free,$0,Everyone,Arcade,"July 14, 2024",1.5.4,5.0 and up
Daily Assistant Busi 2196,BUSINESS,3.9,36369,37.8M,"1,000,000+",Paid,$1.99,Everyone 10+,Business,"August 22, 2024",5.2.5,4.4 and up
NextGen Portal Game 2197,GAME,5.0,59342,87.9M,"1,000,000+",Free,$0,Mature 17+,Arcade,"May 13, 2024",5.9.8,5.0 and up
Fast Portal Tool 2198,TOOLS,3.9,39655,Varies with device,"500,000+",Free,$0,Everyone,Tools,"January 22, 2024",2.2.9,7.0 and up
Super 3D Life 2199,LIFESTYLE,4.1,314122,41.5M,"5,000,000+",Free,$0,Teen,Lifestyle,"July 17, 2024",4.4.2,6.0 and up
Daily Assistant Pers 2200,PERSONALIZATION,5.0,976644,35.4M,"50,000,000+",Free,$0,Everyone,Personalization,"August 15, 2024",4.0.3,4.4 and up
Master Portal Fami 2201,FAMILY,4.3,258,43.1M,"10,000+",Paid,$14.99,Everyone,Puzzle,"March 9, 2024",3.5.7,4.4 and up
Smart Plus Fina 2202,FINANCE,3.3,7678278,38.1M,"100,000,000+",Free,$0,Everyone 10+,Finance,"January 2, 2024",3.5.3,5.0 and up
Fast Vault Life 2203,LIFESTYLE,,214435,623k,"5,000,000+",Free,$0,Everyone 10+,Lifestyle,"October 27, 2024",2.2.8,5.0 and up
Easy 3D Phot 2204,PHOTOGRAPHY,3.7,21,43.8M,"1,000+",Free,$0,Everyone,Photography,"May 14, 2024",5.9.3,7.0 and up
NextGen Tracker Phot 2205,PHOTOGRAPHY,4.9,1,26.0M,10+,Free,$0,Everyone,Photography,"May 26, 2024",5.6.4,6.0 and up
Quick Portal Heal 2206,HEALTH_AND_FITNESS,4.5,373,18.3M,"10,000+",Paid,$3.99,Mature 17+,Health & Fitness,"October 9, 2024",4.7.3,4.4 and up
Global Hub Tool 2207,TOOLS,3.9,7753,16.2M,"100,000+",Free,$0,Everyone 10+,Tools,"July 1, 2024",1.6.2,4.4 and up
Pocket Vault Heal 2208,HEALTH_AND_FITNESS,3.8,68821,8.9M,"1,000,000+",Free,$0,Teen,Health & Fitness,"July 1, 2024",5.9.5,4.4 and up
Smart 3D Fami 2209,FAMILY,3.8,1,24.0M,50+,Free,$0,Everyone,Casual,"October 17, 2024",4.1.6,4.4 and up
Quick Lite Life 2210,LIFESTYLE,3.3,19,40.2M,500+,Free,$0,Everyone,Lifestyle,"January 18, 2024",1.1.5,4.4 and up
Easy Plus Prod 2211,PRODUCTIVITY,4.4,3282,821k,"100,000+",Free,$0,Everyone,Productivity,"August 25, 2024",4.1.5,6.0 and up
NextGen Vault Fina 2212,FINANCE,3.1,178,40.6M,"5,000+",Free,$0,Teen,Finance,"May 19, 2024",3.9.9,5.0 and up
Pocket Lite Fina 2213,FINANCE,4.1,7,7.8M,100+,Free,$0,Everyone,Finance,"July 4, 2024",3.8.5,5.0 and up
Quick Vault Game 2214,GAME,4.1,34148183,74.1M,"1,000,000,000+",Free,$0,Everyone,Racing,"March 26, 2024",1.7.8,8.0 and up
Super Assistant Life 2215,LIFESTYLE,,55,Varies with device,"1,000+",Free,$0,Everyone,Lifestyle,"January 10, 2024",3.7.4,8.0 and up
Smart Tracker Medi 2216,MEDICAL,,331,7.8M,"5,000+",Free,$0,Mature 17+,Medical,"May 15, 2024",2.0.8,8.0 and up
Easy Tracker Life 2217,LIFESTYLE,4.0,11,12.4M,500+,Free,$0,Everyone,Lifestyle,"March 24, 2024",3.4.0,8.0 and up
Global Plus Pers 2218,PERSONALIZATION,4.3,79906,37.9M,"1,000,000+",Free,$0,Mature 17+,Personalization,"May 3, 2024",2.1.8,4.1 and up
Pocket Studio Fina 2219,FINANCE,3.7,5,Varies with device,100+,Paid,$9.99,Mature 17+,Finance,"May 3, 2024",2.3.2,5.0 and up
Pro Hub Medi 2220,MEDICAL,4.3,2,35.6M,50+,Free,$0,Everyone,Medical,"October 24, 2024",2.4.8,8.0 and up
Super Plus Fina 2221,FINANCE,4.9,1,31.8M,50+,Free,$0,Teen,Finance,"August 14, 2024",1.2.7,4.4 and up
Super Hub Medi 2222,MEDICAL,4.5,205516,40.0M,"10,000,000+",Free,$0,Mature 17+,Medical,"January 8, 2024",1.1.4,7.0 and up
Smart Vault Medi 2223,MEDICAL,4.0,23,29.7M,500+,Free,$0,Mature 17+,Medical,"July 22, 2024",4.4.5,4.4 and up
Global Hub Prod 2224,PRODUCTIVITY,4.2,573270,Varies with device,"10,000,000+",Free,$0,Everyone 10+,Productivity,"March 7, 2024",3.6.8,8.0 and up
Super Studio Pers 2225,PERSONALIZATION,4.0,77137,39.1M,"1,000,000+",Free,$0,Everyone,Personalization,"May 23, 2024",1.7.1,4.1 and up
Fast Portal Heal 2226,HEALTH_AND_FITNESS,,731339,Varies with device,"10,000,000+",Free,$0,Teen,Health & Fitness,"May 2, 2024",3.0.1,4.4 and up
Smart Tracker Pers 2227,PERSONALIZATION,3.8,317204,36.4M,"5,000,000+",Free,$0,Teen,Personalization,"January 16, 2024",1.4.8,6.0 and up
Pro 3D Comm 2228,COMMUNICATION,3.7,22357,17.4M,"500,000+",Free,$0,Teen,Communication,"March 8, 2024",1.6.3,4.1 and up
Quick Flow Comm 2229,COMMUNICATION,4.7,44822,6.0M,"1,000,000+",Free,$0,Everyone 10+,Communication,"October 25, 2024",1.5.7,4.1 and up
Quick Tracker Prod 2230,PRODUCTIVITY,3.0,198,Varies with device,"5,000+",Free,$0,Mature 17+,Productivity,"May 13, 2024",5.6.6,8.0 and up
Fast Manager Busi 2231,BUSINESS,3.9,39538,4.5M,"500,000+",Free,$0,Everyone 10+,Business,"October 11, 2024",5.0.0,7.0 and up
Easy Flow Phot 2232,PHOTOGRAPHY,3.7,6699,11.3M,"500,000+",Free,$0,Everyone,Photography,"July 11, 2024",5.7.4,5.0 and up
Global Flow Pers 2233,PERSONALIZATION,4.6,21976,2.2M,"1,000,000+",Free,$0,Everyone,Personalization,"March 17, 2024",3.8.2,8.0 and up
Fast Hero Fina 2234,FINANCE,4.9,17,Varies with device,500+,Free,$0,Everyone,Finance,"August 14, 2024",1.3.4,7.0 and up
Hyper Studio Tool 2235,TOOLS,4.1,23993,23.0M,"500,000+",Free,$0,Mature 17+,Tools,"October 7, 2024",2.3.8,4.1 and up
Fast Plus Fami 2236,FAMILY,3.8,387,19.8M,"10,000+",Free,$0,Everyone,Entertainment,"August 14, 2024",4.4.1,6.0 and up
Super Manager Prod 2237,PRODUCTIVITY,4.1,1,16.8M,100+,Free,$0,Teen,Productivity,"July 13, 2024",1.1.4,5.0 and up
Pro Portal Life 2238,LIFESTYLE,4.4,1,36.4M,10+,Free,$0,Everyone,Lifestyle,"August 4, 2024",3.3.6,4.1 and up
Daily Assistant Game 2239,GAME,4.5,1827,83.8M,"100,000+",Free,$0,Everyone,Role Playing,"January 17, 2024",5.2.6,8.0 and up
Pocket Lite Pers 2240,PERSONALIZATION,4.1,3,17.1M,100+,Free,$0,Everyone 10+,Personalization,"July 17, 2024",2.6.8,5.0 and up
Master Hub Prod 2241,PRODUCTIVITY,4.9,396023,39.7M,"5,000,000+",Free,$0,Everyone 10+,Productivity,"October 11, 2024",3.5.9,5.0 and up
Hyper Tracker Heal 2242,HEALTH_AND_FITNESS,3.9,53,6.0M,"5,000+",Free,$0,Everyone 10+,Health & Fitness,"March 5, 2024",4.2.3,7.0 and up
Easy Flow Comm 2243,COMMUNICATION,,939976,43.5M,"50,000,000+",Free,$0,Everyone,Communication,"July 26, 2024",5.3.8,5.0 and up
Global Lite Heal 2244,HEALTH_AND_FITNESS,4.8,34,Varies with device,500+,Free,$0,Everyone,Health & Fitness,"May 1, 2024",5.9.1,6.0 and up
Pro Portal Heal 2245,HEALTH_AND_FITNESS,4.4,1,36.0M,50+,Free,$0,Everyone,Health & Fitness,"March 9, 2024",5.4.8,5.0 and up
Master Tracker Prod 2246,PRODUCTIVITY,4.7,1109,41.9M,"100,000+",Free,$0,Everyone 10+,Productivity,"August 11, 2024",1.4.2,7.0 and up
Easy Vault Fina 2247,FINANCE,3.4,312,7.9M,"5,000+",Free,$0,Everyone 10+,Finance,"October 16, 2024",3.6.2,6.0 and up
Daily Tracker Fina 2248,FINANCE,4.8,7,33.9M,100+,Free,$0,Everyone 10+,Finance,"January 21, 2024",4.3.4,5.0 and up
Fast Lite Phot 2249,PHOTOGRAPHY,4.4,5095,37.1M,"100,000+",Free,$0,Mature 17+,Photography,"March 27, 2024",2.6.4,8.0 and up
Fast Hub Life 2250,LIFESTYLE,3.9,5,Varies with device,100+,Free,$0,Everyone,Lifestyle,"July 18, 2024",1.2.9,5.0 and up
Master Assistant Heal 2251,HEALTH_AND_FITNESS,3.8,76,38.8M,"1,000+",Free,$0,Mature 17+,Health & Fitness,"May 18, 2024",3.1.4,4.4 and up
Pocket 3D Heal 2252,HEALTH_AND_FITNESS,5.0,3454,37.0M,"100,000+",Free,$0,Everyone 10+,Health & Fitness,"March 16, 2024",2.8.7,8.0 and up
NextGen Studio Fina 2253,FINANCE,4.6,250,4.1M,"5,000+",Free,$0,Everyone,Finance,"July 9, 2024",4.7.1,4.1 and up
Fast 3D Fina 2254,FINANCE,4.1,78921,43.3M,"1,000,000+",Free,$0,Everyone 10+,Finance,"August 26, 2024",5.4.1,8.0 and up
Fast Vault Fami 2255,FAMILY,3.4,18457,Varies with device,"1,000,000+",Free,$0,Teen,Puzzle,"May 9, 2024",4.1.1,7.0 and up
Pro Vault Life 2256,LIFESTYLE,4.9,21,935k,500+,Free,$0,Teen,Lifestyle,"March 24, 2024",5.8.5,8.0 and up
Master 3D Tool 2257,TOOLS,3.6,2,38.1M,50+,Free,$0,Teen,Tools,"January 2, 2024",4.8.8,4.1 and up
Pocket Plus Heal 2258,HEALTH_AND_FITNESS,4.0,11040,918k,"500,000+",Free,$0,Mature 17+,Health & Fitness,"January 18, 2024",2.2.6,6.0 and up
Global Assistant Busi 2259,BUSINESS,4.1,5660,Varies with device,"100,000+",Free,$0,Everyone,Business,"October 27, 2024",2.8.3,7.0 and up
Master Hub Heal 2260,HEALTH_AND_FITNESS,3.8,38,24.8M,"1,000+",Free,$0,Everyone 10+,Health & Fitness,"January 27, 2024",1.3.7,4.1 and up
Master Tracker Pers 2261,PERSONALIZATION,4.1,6,24.7M,100+,Free,$0,Everyone 10+,Personalization,"July 23, 2024",4.9.3,4.4 and up
Fast Tracker Fami 2262,FAMILY,4.2,49,13.7M,"1,000+",Free,$0,Everyone,Puzzle,"October 23, 2024",4.7.4,7.0 and up
NextGen Manager Phot 2263,PHOTOGRAPHY,4.1,53,36.3M,"1,000+",Free,$0,Everyone,Photography,"May 13, 2024",3.7.2,6.0 and up
Pocket Flow Phot 2264,PHOTOGRAPHY,4.3,1466,23.6M,"50,000+",Free,$0,Mature 17+,Photography,"May 16, 2024",4.9.5,4.1 and up
Easy Lite Fami 2265,FAMILY,5.0,317649,Varies with device,"5,000,000+",Free,$0,Everyone,Education,"July 20, 2024",2.0.3,4.4 and up
NextGen Hero Pers 2266,PERSONALIZATION,3.5,1708,21.1M,"50,000+",Free,$0,Mature 17+,Personalization,"October 25, 2024",1.7.4,4.1 and up
Quick Lite Pers 2267,PERSONALIZATION,4.3,8,302k,500+,Free,$0,Teen,Personalization,"October 16, 2024",3.1.2,5.0 and up
Master Flow Pers 2268,PERSONALIZATION,3.6,251164,Varies with device,"5,000,000+",Free,$0,Everyone,Personalization,"July 24, 2024",4.9.3,4.4 and up
Hyper Plus Tool 2269,TOOLS,3.4,125984,513k,"5,000,000+",Free,$0,Everyone,Tools,"August 8, 2024",4.2.3,6.0 and up
Smart Lite Heal 2270,HEALTH_AND_FITNESS,4.7,312,Varies with device,"5,000+",Free,$0,Everyone 10+,Health & Fitness,"July 27, 2024",1.0.8,8.0 and up
Smart Flow Busi 2271,BUSINESS,4.3,1,Varies with device,10+,Free,$0,Everyone,Business,"May 7, 2024",2.3.3,8.0 and up
NextGen Portal Game 2272,GAME,3.4,36053,44.4M,"500,000+",Free,$0,Everyone,Card,"March 12, 2024",4.8.0,5.0 and up
Master Hub Phot 2273,PHOTOGRAPHY,4.1,257354,18.0M,"5,000,000+",Free,$0,Everyone 10+,Photography,"January 16, 2024",4.9.6,7.0 and up
Easy Lite Fami 2274,FAMILY,3.2,345452,37.8M,"5,000,000+",Free,$0,Everyone,Puzzle,"July 22, 2024",5.3.7,7.0 and up
Hyper Hero Heal 2275,HEALTH_AND_FITNESS,3.7,605410,611k,"50,000,000+",Free,$0,Mature 17+,Health & Fitness,"July 17, 2024",5.5.9,4.4 and up
Daily Portal Medi 2276,MEDICAL,3.0,249,Varies with device,"10,000+",Free,$0,Mature 17+,Medical,"August 15, 2024",5.3.3,4.1 and up
Pro Plus Pers 2277,PERSONALIZATION,4.1,107743,27.0M,"5,000,000+",Free,$0,Everyone,Personalization,"May 25, 2024",1.0.2,5.0 and up
Hyper Assistant Fami 2278,FAMILY,4.5,3569,29.4M,"50,000+",Free,$0,Teen,Puzzle,"October 15, 2024",2.4.7,6.0 and up
Easy Vault Phot 2279,PHOTOGRAPHY,4.5,5039,26.1M,"100,000+",Free,$0,Mature 17+,Photography,"January 24, 2024",1.3.8,5.0 and up
Smart Studio Tool 2280,TOOLS,4.0,18339,26.3M,"500,000+",Free,$0,Everyone 10+,Tools,"July 10, 2024",2.9.6,4.4 and up
Global Lite Busi 2281,BUSINESS,4.7,74186,26.2M,"1,000,000+",Free,$0,Everyone 10+,Business,"May 14, 2024",3.6.5,4.4 and up
Pro Portal Game 2282,GAME,,44342021,243k,"1,000,000,000+",Paid,$9.99,Everyone,Role Playing,"July 22, 2024",4.3.2,5.0 and up
NextGen Studio Pers 2283,PERSONALIZATION,4.6,2434,42.7M,"100,000+",Free,$0,Mature 17+,Personalization,"July 9, 2024",5.3.9,4.1 and up
Pro Hub Comm 2284,COMMUNICATION,,5061822,Varies with device,"100,000,000+",Free,$0,Teen,Communication,"July 24, 2024",1.7.3,8.0 and up
Easy Hero Tool 2285,TOOLS,4.5,7467,40.1M,"100,000+",Free,$0,Everyone,Tools,"October 16, 2024",5.5.9,5.0 and up
Super Studio Heal 2286,HEALTH_AND_FITNESS,5.0,3,28.5M,50+,Paid,$1.49,Teen,Health & Fitness,"May 25, 2024",3.8.1,4.1 and up
Master Plus Medi 2287,MEDICAL,3.7,601,37.9M,"10,000+",Free,$0,Teen,Medical,"March 23, 2024",2.8.7,7.0 and up
Smart Portal Fami 2288,FAMILY,,38018,20.8M,"500,000+",Free,$0,Everyone,Entertainment,"August 7, 2024",4.8.4,8.0 and up
Super Vault Phot 2289,PHOTOGRAPHY,3.6,4700,44.0M,"100,000+",Free,$0,Everyone,Photography,"May 2, 2024",5.6.8,5.0 and up
Daily Tracker Busi 2290,BUSINESS,4.4,18827,Varies with device,"500,000+",Free,$0,Mature 17+,Business,"August 21, 2024",5.6.4,6.0 and up
Easy Plus Busi 2291,BUSINESS,3.8,1543,24.7M,"50,000+",Free,$0,Everyone,Business,"January 6, 2024",1.5.6,4.1 and up
Super Tracker Prod 2292,PRODUCTIVITY,,232389,15.3M,"5,000,000+",Free,$0,Teen,Productivity,"July 1, 2024",3.9.0,4.4 and up
Easy Studio Phot 2293,PHOTOGRAPHY,3.7,14667,7.3M,"500,000+",Free,$0,Everyone,Photography,"July 3, 2024",2.2.1,5.0 and up
Fast Vault Fami 2294,FAMILY,4.1,67,17.1M,"1,000+",Free,$0,Everyone 10+,Education,"August 23, 2024",1.9.0,4.1 and up
Pocket Portal Medi 2295,MEDICAL,4.5,521,38.3M,"10,000+",Free,$0,Everyone 10+,Medical,"October 13, 2024",1.1.3,7.0 and up
Fast Tracker Fina 2296,FINANCE,,318247,35.8M,"5,000,000+",Free,$0,Mature 17+,Finance,"January 4, 2024",1.1.2,5.0 and up
Super Portal Fina 2297,FINANCE,3.7,824,Varies with device,"50,000+",Free,$0,Everyone 10+,Finance,"January 20, 2024",3.9.9,7.0 and up
Hyper Flow Game 2298,GAME,4.6,324543,41.9M,"5,000,000+",Free,$0,Everyone 10+,Arcade,"October 26, 2024",5.3.9,6.0 and up
Super Portal Life 2299,LIFESTYLE,4.6,4,Varies with device,100+,Paid,$379.99,Mature 17+,Lifestyle,"March 20, 2024",2.2.8,8.0 and up
Master 3D Fina 2300,FINANCE,3.6,17098,755k,"1,000,000+",Free,$0,Everyone,Finance,"January 25, 2024",2.4.9,5.0 and up
Pro Vault Tool 2301,TOOLS,4.4,71007,3.8M,"1,000,000+",Paid,$2.99,Teen,Tools,"October 3, 2024",4.7.5,7.0 and up
Hyper Manager Life 2302,LIFESTYLE,3.8,6014,Varies with device,"100,000+",Free,$0,Everyone,Lifestyle,"October 6, 2024",4.2.0,8.0 and up
Hyper Vault Prod 2303,PRODUCTIVITY,3.2,398824,Varies with device,"5,000,000+",Free,$0,Everyone 10+,Productivity,"January 6, 2024",1.1.8,6.0 and up
Daily Hub Fami 2304,FAMILY,4.6,7294,834k,"100,000+",Free,$0,Everyone,Casual,"October 20, 2024",5.3.3,4.1 and up
Pocket Vault Tool 2305,TOOLS,4.7,35,33.0M,500+,Free,$0,Teen,Tools,"March 8, 2024",1.4.5,7.0 and up
Pro Vault Comm 2306,COMMUNICATION,3.9,2963624,19.4M,"50,000,000+",Free,$0,Everyone,Communication,"May 1, 2024",3.2.1,4.1 and up
Quick Assistant Tool 2307,TOOLS,4.8,1041,35.4M,"100,000+",Free,$0,Mature 17+,Tools,"January 9, 2024",3.6.0,7.0 and up
Fast Vault Pers 2308,PERSONALIZATION,4.1,224,Varies with device,"5,000+",Free,$0,Everyone,Personalization,"May 14, 2024",5.5.4,5.0 and up
Pro Assistant Busi 2309,BUSINESS,4.2,54044,16.3M,"5,000,000+",Free,$0,Mature 17+,Business,"January 14, 2024",2.7.4,5.0 and up
Global Portal Comm 2310,COMMUNICATION,4.1,2543070,37.8M,"100,000,000+",Free,$0,Everyone,Communication,"July 9, 2024",2.9.4,4.1 and up
NextGen Vault Medi 2311,MEDICAL,3.6,28,42.0M,500+,Free,$0,Teen,Medical,"July 6, 2024",3.3.8,5.0 and up
Hyper Vault Phot 2312,PHOTOGRAPHY,4.0,79951,3.9M,"5,000,000+",Free,$0,Everyone,Photography,"July 5, 2024",5.6.1,6.0 and up
Daily Lite Medi 2313,MEDICAL,,2538,43.4M,"50,000+",Free,$0,Mature 17+,Medical,"July 13, 2024",1.1.6,6.0 and up
Hyper Tracker Tool 2314,TOOLS,3.9,63759,13.6M,"1,000,000+",Free,$0,Mature 17+,Tools,"August 21, 2024",4.7.0,4.1 and up
Hyper Manager Comm 2315,COMMUNICATION,3.9,68,14.7M,"1,000+",Free,$0,Everyone,Communication,"July 5, 2024",2.1.2,5.0 and up
Smart Plus Tool 2316,TOOLS,4.8,3381,37.7M,"100,000+",Paid,$14.99,Mature 17+,Tools,"May 20, 2024",4.1.7,4.4 and up
Pro Lite Game 2317,GAME,,3204501,73.6M,"50,000,000+",Free,$0,Everyone,Strategy,"January 7, 2024",1.8.4,5.0 and up
Pocket Vault Comm 2318,COMMUNICATION,4.3,386237,8.4M,"5,000,000+",Free,$0,Everyone 10+,Communication,"October 23, 2024",1.0.9,4.1 and up
Easy 3D Tool 2319,TOOLS,4.4,2583545,41.1M,"100,000,000+",Free,$0,Everyone,Tools,"May 28, 2024",1.8.7,7.0 and up
Fast Plus Prod 2320,PRODUCTIVITY,4.3,28831,22.7M,"500,000+",Free,$0,Everyone,Productivity,"October 28, 2024",3.0.2,4.1 and up
Daily Manager Game 2321,GAME,4.0,12983,60.3M,"500,000+",Free,$0,Everyone 10+,Role Playing,"August 3, 2024",5.1.0,4.1 and up
Smart Hero Heal 2322,HEALTH_AND_FITNESS,3.8,1069,24.3M,"50,000+",Free,$0,Teen,Health & Fitness,"March 22, 2024",3.5.8,6.0 and up
Pocket Manager Phot 2323,PHOTOGRAPHY,3.6,39190,24.5M,"1,000,000+",Free,$0,Everyone,Photography,"October 25, 2024",4.2.5,5.0 and up
Smart Flow Medi 2324,MEDICAL,4.4,162,Varies with device,"5,000+",Free,$0,Mature 17+,Medical,"October 18, 2024",2.8.0,5.0 and up
Easy Lite Fami 2325,FAMILY,4.2,3558,24.0M,"100,000+",Free,$0,Everyone,Education,"May 15, 2024",4.7.6,6.0 and up
Daily Manager Comm 2326,COMMUNICATION,4.2,478234,32.4M,"10,000,000+",Free,$0,Teen,Communication,"January 24, 2024",2.0.7,5.0 and up
NextGen Plus Prod 2327,PRODUCTIVITY,4.8,300,10.2M,"5,000+",Free,$0,Everyone 10+,Productivity,"March 13, 2024",2.1.0,6.0 and up
Easy Hero Medi 2328,MEDICAL,5.0,2539,546k,"100,000+",Free,$0,Everyone,Medical,"May 5, 2024",5.9.6,5.0 and up
Easy Hero Fina 2329,FINANCE,3.1,752,28.3M,"10,000+",Free,$0,Everyone,Finance,"October 28, 2024",3.3.3,4.4 and up
Smart Vault Medi 2330,MEDICAL,4.4,2012,Varies with device,"50,000+",Paid,$2.99,Everyone 10+,Medical,"May 8, 2024",3.4.9,7.0 and up
Fast 3D Phot 2331,PHOTOGRAPHY,3.9,479,19.8M,"10,000+",Paid,$14.99,Everyone,Photography,"July 17, 2024",4.0.2,4.1 and up
Master Vault Fina 2332,FINANCE,4.4,1,11.4M,50+,Free,$0,Everyone,Finance,"August 28, 2024",1.3.3,4.1 and up
Smart Plus Tool 2333,TOOLS,3.8,35483,42.0M,"500,000+",Free,$0,Everyone,Tools,"July 7, 2024",1.4.8,4.4 and up
Easy Studio Comm 2334,COMMUNICATION,5.0,21505,21.7M,"500,000+",Free,$0,Teen,Communication,"July 28, 2024",3.6.0,4.1 and up
Hyper 3D Heal 2335,HEALTH_AND_FITNESS,4.5,987,8.7M,"50,000+",Free,$0,Everyone,Health & Fitness,"October 21, 2024",5.2.1,7.0 and up
Daily Manager Prod 2336,PRODUCTIVITY,4.1,2182664,7.7M,"50,000,000+",Free,$0,Everyone,Productivity,"August 7, 2024",2.0.4,8.0 and up
Global Manager Fina 2337,FINANCE,,2817,30.4M,"50,000+",Free,$0,Everyone,Finance,"August 12, 2024",2.1.2,4.4 and up
Quick Lite Medi 2338,MEDICAL,3.1,232,45.0M,"5,000+",Free,$0,Mature 17+,Medical,"October 10, 2024",4.5.1,4.4 and up
Super Tracker Medi 2339,MEDICAL,4.0,711042,31.3M,"10,000,000+",Free,$0,Everyone 10+,Medical,"January 10, 2024",5.3.6,5.0 and up
Super 3D Heal 2340,HEALTH_AND_FITNESS,5.0,1,17.5M,10+,Free,$0,Mature 17+,Health & Fitness,"October 23, 2024",3.9.4,4.4 and up
Quick Studio Game 2341,GAME,4.4,501665,Varies with device,"10,000,000+",Free,$0,Teen,Racing,"March 23, 2024",4.5.9,6.0 and up
Hyper Studio Tool 2342,TOOLS,4.2,39,26.4M,"1,000+",Free,$0,Mature 17+,Tools,"July 3, 2024",2.4.1,6.0 and up
Global Lite Medi 2343,MEDICAL,4.4,2540,43.3M,"100,000+",Free,$0,Everyone,Medical,"March 14, 2024",4.2.3,4.4 and up
NextGen Studio Busi 2344,BUSINESS,2.8,69,3.4M,"1,000+",Paid,$1.49,Everyone,Business,"May 17, 2024",1.4.4,4.4 and up
Hyper Hero Pers 2345,PERSONALIZATION,3.9,2,Varies with device,50+,Free,$0,Mature 17+,Personalization,"January 3, 2024",1.8.6,4.1 and up
Master 3D Comm 2346,COMMUNICATION,3.9,523,36.4M,"10,000+",Free,$0,Everyone,Communication,"May 16, 2024",2.8.0,6.0 and up
Master Flow Phot 2347,PHOTOGRAPHY,4.5,130,27.1M,"5,000+",Free,$0,Everyone,Photography,"March 25, 2024",2.7.2,6.0 and up
NextGen Manager Medi 2348,MEDICAL,3.7,699,26.3M,"50,000+",Free,$0,Everyone,Medical,"May 20, 2024",4.1.5,5.0 and up
Global Plus Heal 2349,HEALTH_AND_FITNESS,4.3,1,7.1M,10+,Free,$0,Everyone,Health & Fitness,"October 20, 2024",1.7.7,4.4 and up
Fast Assistant Heal 2350,HEALTH_AND_FITNESS,4.1,1,16.6M,50+,Free,$0,Everyone 10+,Health & Fitness,"August 28, 2024",5.6.1,4.1 and up
NextGen Vault Life 2351,LIFESTYLE,3.9,215998,44.4M,"5,000,000+",Free,$0,Mature 17+,Lifestyle,"May 27, 2024",2.3.6,5.0 and up
Pro Manager Medi 2352,MEDICAL,3.9,36,23.2M,"1,000+",Free,$0,Everyone,Medical,"August 13, 2024",3.5.8,6.0 and up
Hyper Vault Heal 2353,HEALTH_AND_FITNESS,4.1,281,21.0M,"10,000+",Paid,$2.99,Everyone,Health & Fitness,"July 9, 2024",3.0.2,5.0 and up
Quick Studio Fami 2354,FAMILY,3.2,2233,Varies with device,"50,000+",Free,$0,Everyone 10+,Entertainment,"October 17, 2024",5.6.5,4.4 and up
Pocket Tracker Heal 2355,HEALTH_AND_FITNESS,4.6,132,25.8M,"5,000+",Free,$0,Teen,Health & Fitness,"August 1, 2024",3.3.8,4.4 and up
Hyper Vault Prod 2356,PRODUCTIVITY,3.8,23,566k,"1,000+",Free,$0,Everyone,Productivity,"October 17, 2024",1.4.0,6.0 and up
Quick Tracker Prod 2357,PRODUCTIVITY,4.0,388656,Varies with device,"5,000,000+",Paid,$2.99,Everyone,Productivity,"October 9, 2024",1.5.1,4.1 and up
Hyper Lite Pers 2358,PERSONALIZATION,5.0,2307838,27.0M,"50,000,000+",Free,$0,Everyone,Personalization,"July 15, 2024",3.6.4,8.0 and up
Fast Tracker Comm 2359,COMMUNICATION,4.6,13667,40.8M,"500,000+",Free,$0,Mature 17+,Communication,"August 16, 2024",3.1.5,7.0 and up
Fast Vault Tool 2360,TOOLS,3.6,29857,Varies with device,"1,000,000+",Free,$0,Everyone,Tools,"October 16, 2024",4.0.7,7.0 and up
Global Lite Game 2361,GAME,2.7,902446,62.4M,"50,000,000+",Free,$0,Mature 17+,Card,"October 16, 2024",2.8.3,4.4 and up
Super Hero Fami 2362,FAMILY,4.4,27,30.2M,"1,000+",Free,$0,Teen,Puzzle,"August 19, 2024",2.5.0,5.0 and up
Hyper Tracker Heal 2363,HEALTH_AND_FITNESS,4.1,1,39.0M,50+,Free,$0,Teen,Health & Fitness,"July 2, 2024",4.1.8,8.0 and up
Global Manager Game 2364,GAME,4.3,267408,84.0M,"10,000,000+",Free,$0,Everyone,Arcade,"March 16, 2024",4.4.5,7.0 and up
NextGen Hub Heal 2365,HEALTH_AND_FITNESS,4.6,2949,12.7M,"50,000+",Free,$0,Mature 17+,Health & Fitness,"July 1, 2024",3.8.0,6.0 and up
Pro Flow Busi 2366,BUSINESS,4.7,66,7.1M,"1,000+",Paid,$0.99,Teen,Business,"January 15, 2024",5.3.8,8.0 and up
Master Portal Heal 2367,HEALTH_AND_FITNESS,4.0,3057,2.5M,"50,000+",Free,$0,Everyone,Health & Fitness,"July 7, 2024",4.5.4,8.0 and up
Easy Hero Heal 2368,HEALTH_AND_FITNESS,4.1,2670,28.4M,"50,000+",Free,$0,Teen,Health & Fitness,"August 28, 2024",5.3.6,5.0 and up
Hyper Studio Prod 2369,PRODUCTIVITY,4.4,62094,37.6M,"1,000,000+",Free,$0,Everyone,Productivity,"January 18, 2024",5.9.5,8.0 and up
Pro Plus Busi 2370,BUSINESS,4.4,3,Varies with device,50+,Free,$0,Everyone,Business,"July 1, 2024",3.2.6,7.0 and up
Super 3D Busi 2371,BUSINESS,4.3,1765,3.6M,"50,000+",Free,$0,Mature 17+,Business,"October 20, 2024",4.6.3,4.4 and up
Quick Lite Fami 2372,FAMILY,4.9,6,2.1M,100+,Free,$0,Teen,Education,"August 21, 2024",5.1.5,5.0 and up
NextGen Studio Fami 2373,FAMILY,4.4,245,Varies with device,"10,000+",Free,$0,Everyone 10+,Education,"August 12, 2024",2.1.8,5.0 and up
Easy Manager Fami 2374,FAMILY,4.6,120167,32.1M,"5,000,000+",Free,$0,Everyone 10+,Casual,"July 17, 2024",2.0.4,7.0 and up
Pro Vault Game 2375,GAME,4.3,1331298,42.7M,"50,000,000+",Free,$0,Everyone 10+,Card,"July 7, 2024",5.5.7,6.0 and up
Quick Vault Busi 2376,BUSINESS,3.7,6,883k,100+,Free,$0,Everyone 10+,Business,"May 8, 2024",5.1.5,4.1 and up
Master Manager Life 2377,LIFESTYLE,3.9,350847,7.9M,"5,000,000+",Free,$0,Everyone,Lifestyle,"August 12, 2024",1.8.5,4.4 and up
NextGen Studio Fina 2378,FINANCE,3.6,57989,30.4M,"1,000,000+",Paid,$0.99,Everyone,Finance,"January 17, 2024",1.9.6,8.0 and up
Easy Hero Pers 2379,PERSONALIZATION,4.7,30,Varies with device,500+,Free,$0,Everyone,Personalization,"October 25, 2024",3.8.8,5.0 and up
Fast Lite Busi 2380,BUSINESS,3.4,30798,411k,"500,000+",Free,$0,Everyone 10+,Business,"May 2, 2024",2.5.0,6.0 and up
Pocket Lite Comm 2381,COMMUNICATION,4.1,2604670,17.8M,"50,000,000+",Free,$0,Mature 17+,Communication,"January 28, 2024",1.8.2,8.0 and up
Master Lite Tool 2382,TOOLS,4.0,3,23.4M,100+,Free,$0,Everyone,Tools,"August 28, 2024",2.5.4,8.0 and up
Quick Portal Game 2383,GAME,3.1,2065,80.0M,"50,000+",Free,$0,Mature 17+,Arcade,"July 20, 2024",1.0.7,4.1 and up
Pocket Lite Pers 2384,PERSONALIZATION,4.0,2599458,26.5M,"50,000,000+",Free,$0,Teen,Personalization,"May 24, 2024",1.6.6,4.4 and up
Hyper Flow Prod 2385,PRODUCTIVITY,4.0,691,27.2M,"10,000+",Free,$0,Everyone,Productivity,"March 25, 2024",4.6.7,5.0 and up
Hyper Hero Busi 2386,BUSINESS,5.0,18674,8.6M,"1,000,000+",Free,$0,Teen,Business,"July 12, 2024",2.1.4,5.0 and up
NextGen Plus Game 2387,GAME,3.2,2,80.5M,100+,Paid,$4.99,Everyone,Card,"August 8, 2024",3.5.5,7.0 and up
Hyper Manager Fina 2388,FINANCE,4.9,1,43.7M,10+,Free,$0,Everyone,Finance,"October 16, 2024",4.6.8,4.1 and up
Pro Hero Life 2389,LIFESTYLE,4.1,395979,Varies with device,"5,000,000+",Free,$0,Everyone 10+,Lifestyle,"January 10, 2024",2.1.7,4.1 and up
NextGen Studio Fina 2390,FINANCE,4.6,2,Varies with device,50+,Free,$0,Teen,Finance,"August 8, 2024",2.6.8,6.0 and up
Super Flow Fami 2391,FAMILY,,287,43.4M,"5,000+",Free,$0,Mature 17+,Education,"August 12, 2024",1.1.0,5.0 and up
Global Hub Fina 2392,FINANCE,4.2,16498,3.9M,"1,000,000+",Free,$0,Everyone,Finance,"January 20, 2024",2.3.3,7.0 and up
Master Vault Comm 2393,COMMUNICATION,4.3,648,40.2M,"50,000+",Free,$0,Everyone 10+,Communication,"July 17, 2024",2.1.8,7.0 and up
Daily Hero Busi 2394,BUSINESS,4.4,149,34.4M,"5,000+",Free,$0,Teen,Business,"July 13, 2024",2.4.2,8.0 and up
Easy Portal Fami 2395,FAMILY,3.7,589551,34.9M,"10,000,000+",Free,$0,Teen,Education,"May 5, 2024",4.4.4,4.1 and up
NextGen Portal Medi 2396,MEDICAL,3.5,11794,656k,"500,000+",Free,$0,Teen,Medical,"July 8, 2024",4.9.5,7.0 and up
Fast Portal Game 2397,GAME,4.5,2160300,63.8M,"50,000,000+",Free,$0,Teen,Card,"August 15, 2024",1.4.4,6.0 and up
Global Vault Busi 2398,BUSINESS,4.6,2,16.2M,50+,Free,$0,Everyone,Business,"October 5, 2024",2.9.4,4.1 and up
Global Tracker Tool 2399,TOOLS,3.7,6928,13.5M,"100,000+",Free,$0,Teen,Tools,"July 14, 2024",5.1.1,8.0 and up
Smart Vault Life 2400,LIFESTYLE,3.6,3235258,29.9M,"50,000,000+",Free,$0,Everyone 10+,Lifestyle,"March 9, 2024",4.8.7,4.4 and up
Quick Studio Tool 2401,TOOLS,4.8,24545,13.6M,"1,000,000+",Free,$0,Everyone 10+,Tools,"October 3, 2024",2.8.6,6.0 and up
Master Portal Medi 2402,MEDICAL,3.9,271,16.1M,"10,000+",Free,$0,Everyone,Medical,"October 25, 2024",4.6.5,6.0 and up
Daily Flow Life 2403,LIFESTYLE,3.8,50745,38.5M,"5,000,000+",Free,$0,Teen,Lifestyle,"October 24, 2024",4.6.4,8.0 and up
Quick Assistant Medi 2404,MEDICAL,3.6,37042,Varies with device,"500,000+",Free,$0,Everyone,Medical,"July 12, 2024",2.4.4,4.4 and up
Easy Manager Fami 2405,FAMILY,3.6,80,12.8M,"5,000+",Free,$0,Everyone,Casual,"March 2, 2024",2.5.1,8.0 and up
Global Portal Busi 2406,BUSINESS,5.0,17166,Varies with device,"500,000+",Free,$0,Everyone,Business,"October 4, 2024",2.3.5,7.0 and up
Daily Hub Fina 2407,FINANCE,4.1,53,37.8M,"1,000+",Free,$0,Mature 17+,Finance,"July 14, 2024",4.3.2,6.0 and up
Easy Manager Heal 2408,HEALTH_AND_FITNESS,4.0,245,Varies with device,"10,000+",Paid,$14.99,Mature 17+,Health & Fitness,"January 24, 2024",4.0.0,5.0 and up
Global Hub Tool 2409,TOOLS,3.6,235,30.1M,"5,000+",Free,$0,Everyone,Tools,"August 27, 2024",4.5.9,7.0 and up
Smart Studio Fami 2410,FAMILY,3.3,1,20.5M,50+,Free,$0,Everyone,Entertainment,"March 11, 2024",5.3.0,5.0 and up
Master 3D Fami 2411,FAMILY,5.0,3638,191k,"50,000+",Free,$0,Everyone,Puzzle,"August 25, 2024",2.2.1,6.0 and up
Easy Lite Life 2412,LIFESTYLE,4.7,662,14.1M,"10,000+",Free,$0,Everyone,Lifestyle,"January 10, 2024",2.1.9,4.4 and up
Quick Hub Phot 2413,PHOTOGRAPHY,4.3,112865,38.8M,"5,000,000+",Free,$0,Everyone,Photography,"July 3, 2024",4.5.5,7.0 and up
Smart Hero Fami 2414,FAMILY,2.8,1,617k,10+,Free,$0,Everyone,Puzzle,"October 8, 2024",4.7.0,4.4 and up
Super Tracker Phot 2415,PHOTOGRAPHY,4.0,52696,38.4M,"5,000,000+",Free,$0,Teen,Photography,"August 16, 2024",1.6.9,4.1 and up
Super Hub Fina 2416,FINANCE,,390,38.5M,"5,000+",Free,$0,Everyone 10+,Finance,"August 7, 2024",2.3.5,4.4 and up
Fast Plus Busi 2417,BUSINESS,4.2,558443,14.1M,"50,000,000+",Free,$0,Everyone,Business,"January 28, 2024",4.5.7,4.1 and up
Quick Manager Phot 2418,PHOTOGRAPHY,4.6,7024,8.4M,"100,000+",Free,$0,Everyone 10+,Photography,"May 14, 2024",5.5.5,8.0 and up
Pro Manager Game 2419,GAME,4.2,3022604,67.2M,"50,000,000+",Paid,$14.99,Mature 17+,Racing,"January 25, 2024",3.1.0,7.0 and up
Easy Assistant Prod 2420,PRODUCTIVITY,4.4,64228,19.9M,"1,000,000+",Free,$0,Everyone,Productivity,"May 16, 2024",3.4.3,6.0 and up
Pro Vault Pers 2421,PERSONALIZATION,4.3,673,Varies with device,"10,000+",Free,$0,Everyone,Personalization,"March 15, 2024",4.0.2,4.1 and up
Fast Hero Phot 2422,PHOTOGRAPHY,4.4,20429,32.3M,"500,000+",Free,$0,Everyone,Photography,"August 22, 2024",2.3.9,8.0 and up
Master Flow Phot 2423,PHOTOGRAPHY,4.1,344198,6.7M,"5,000,000+",Free,$0,Teen,Photography,"May 2, 2024",3.9.1,6.0 and up
Fast Vault Pers 2424,PERSONALIZATION,4.1,1,Varies with device,50+,Paid,$4.99,Mature 17+,Personalization,"January 25, 2024",4.9.8,4.4 and up
Master Vault Prod 2425,PRODUCTIVITY,4.8,12,23.5M,500+,Free,$0,Everyone 10+,Productivity,"May 24, 2024",3.0.6,5.0 and up
Pocket Manager Pers 2426,PERSONALIZATION,4.7,3926,38.2M,"50,000+",Free,$0,Everyone 10+,Personalization,"July 28, 2024",4.5.0,7.0 and up
Smart Tracker Medi 2427,MEDICAL,4.1,42,8.3M,"1,000+",Free,$0,Everyone,Medical,"July 4, 2024",5.2.6,4.1 and up
Fast Hub Tool 2428,TOOLS,3.8,184896,2.9M,"10,000,000+",Free,$0,Mature 17+,Tools,"March 14, 2024",1.9.1,7.0 and up
Daily Hub Medi 2429,MEDICAL,,2787881,44.8M,"50,000,000+",Free,$0,Teen,Medical,"October 6, 2024",5.0.5,8.0 and up
Master Studio Heal 2430,HEALTH_AND_FITNESS,4.2,3478,Varies with device,"50,000+",Free,$0,Teen,Health & Fitness,"March 23, 2024",4.8.2,4.1 and up
Pocket Assistant Game 2431,GAME,4.8,27661,47.1M,"500,000+",Free,$0,Teen,Racing,"July 7, 2024",3.9.5,6.0 and up
Global Manager Pers 2432,PERSONALIZATION,4.1,102,38.3M,"5,000+",Free,$0,Everyone,Personalization,"July 8, 2024",5.7.4,8.0 and up
Pocket Tracker Life 2433,LIFESTYLE,4.0,6,34.1M,500+,Free,$0,Everyone 10+,Lifestyle,"August 14, 2024",4.3.5,7.0 and up
Smart 3D Game 2434,GAME,3.8,895519,50.9M,"50,000,000+",Free,$0,Teen,Racing,"July 20, 2024",2.5.9,7.0 and up
NextGen Portal Heal 2435,HEALTH_AND_FITNESS,3.9,314,28.0M,"10,000+",Free,$0,Everyone,Health & Fitness,"March 12, 2024",2.0.1,7.0 and up
Fast Assistant Prod 2436,PRODUCTIVITY,3.9,7244,8.4M,"100,000+",Free,$0,Everyone,Productivity,"August 3, 2024",5.6.9,7.0 and up
Pocket Plus Prod 2437,PRODUCTIVITY,3.5,2873853,Varies with device,"50,000,000+",Free,$0,Teen,Productivity,"August 7, 2024",1.5.6,7.0 and up
Pocket Plus Tool 2438,TOOLS,4.1,1323976,856k,"50,000,000+",Free,$0,Everyone,Tools,"August 22, 2024",3.8.7,5.0 and up
Super Manager Phot 2439,PHOTOGRAPHY,3.7,24548,27.3M,"500,000+",Free,$0,Everyone,Photography,"January 15, 2024",2.9.2,4.4 and up
Super Studio Tool 2440,TOOLS,4.7,275,42.1M,"5,000+",Free,$0,Mature 17+,Tools,"October 9, 2024",4.5.0,5.0 and up
Fast Flow Fina 2441,FINANCE,4.1,1,5.4M,10+,Free,$0,Everyone,Finance,"March 22, 2024",3.3.4,8.0 and up
Pocket Plus Fina 2442,FINANCE,3.6,4520,Varies with device,"100,000+",Free,$0,Everyone,Finance,"January 28, 2024",5.2.7,4.4 and up
Daily Tracker Fami 2443,FAMILY,4.1,613,38.7M,"10,000+",Free,$0,Everyone,Entertainment,"July 6, 2024",5.4.3,4.4 and up
Hyper Portal Busi 2444,BUSINESS,4.7,1821,2.2M,"50,000+",Free,$0,Everyone,Business,"May 1, 2024",4.9.4,4.4 and up
Easy Hub Busi 2445,BUSINESS,4.6,142,Varies with device,"10,000+",Free,$0,Teen,Business,"October 19, 2024",4.4.9,4.4 and up
Global Manager Fina 2446,FINANCE,4.0,90156,Varies with device,"5,000,000+",Free,$0,Everyone,Finance,"August 18, 2024",5.6.9,7.0 and up
Quick Manager Heal 2447,HEALTH_AND_FITNESS,4.5,316,17.9M,"5,000+",Free,$0,Everyone,Health & Fitness,"March 17, 2024",3.8.1,4.1 and up
Fast Studio Game 2448,GAME,4.3,12630860,46.6M,"1,000,000,000+",Free,$0,Teen,Strategy,"May 27, 2024",2.6.2,5.0 and up
Easy Assistant Fina 2449,FINANCE,,3961,276k,"50,000+",Free,$0,Everyone,Finance,"October 9, 2024",4.9.2,4.4 and up
Global Hero Heal 2450,HEALTH_AND_FITNESS,4.3,102,Varies with device,"10,000+",Free,$0,Everyone 10+,Health & Fitness,"May 8, 2024",3.6.6,4.1 and up
Easy Studio Busi 2451,BUSINESS,3.6,57,Varies with device,"1,000+",Paid,$14.99,Everyone,Business,"January 15, 2024",5.5.1,6.0 and up
Smart Hub Prod 2452,PRODUCTIVITY,4.2,1409,Varies with device,"50,000+",Free,$0,Everyone,Productivity,"March 10, 2024",1.7.5,6.0 and up
Daily Tracker Game 2453,GAME,3.9,366,81.4M,"5,000+",Free,$0,Everyone,Role Playing,"May 4, 2024",2.3.3,6.0 and up
Fast Tracker Comm 2454,COMMUNICATION,4.4,1983,36.4M,"100,000+",Paid,$4.99,Mature 17+,Communication,"January 15, 2024",5.1.5,8.0 and up
Global Tracker Phot 2455,PHOTOGRAPHY,2.7,2963,27.5M,"50,000+",Free,$0,Mature 17+,Photography,"January 21, 2024",1.4.2,7.0 and up
Daily Hub Busi 2456,BUSINESS,4.0,151,11.3M,"5,000+",Free,$0,Everyone,Business,"October 23, 2024",4.9.9,4.4 and up
Easy Manager Busi 2457,BUSINESS,3.9,1942658,37.6M,"50,000,000+",Free,$0,Everyone,Business,"January 15, 2024",3.0.2,4.1 and up
Fast Hero Busi 2458,BUSINESS,4.6,405087,24.4M,"10,000,000+",Free,$0,Mature 17+,Business,"May 18, 2024",1.8.2,6.0 and up
Quick Flow Tool 2459,TOOLS,3.2,1849547,28.1M,"50,000,000+",Free,$0,Teen,Tools,"May 9, 2024",5.1.5,4.4 and up
Daily Flow Tool 2460,TOOLS,,1,24.2M,10+,Free,$0,Everyone,Tools,"January 12, 2024",4.8.2,4.4 and up
Daily Hero Medi 2461,MEDICAL,4.0,75386,8.3M,"1,000,000+",Free,$0,Everyone 10+,Medical,"May 13, 2024",2.6.7,4.1 and up
Smart Tracker Heal 2462,HEALTH_AND_FITNESS,4.2,79,43.6M,"1,000+",Free,$0,Everyone,Health & Fitness,"March 18, 2024",4.7.0,6.0 and up
Pro Hero Phot 2463,PHOTOGRAPHY,4.7,32046,30.0M,"500,000+",Free,$0,Everyone 10+,Photography,"October 19, 2024",5.7.6,8.0 and up
Easy Tracker Comm 2464,COMMUNICATION,4.6,77993876,23.5M,"1,000,000,000+",Free,$0,Everyone,Communication,"January 15, 2024",3.2.4,8.0 and up
Quick Plus Fami 2465,FAMILY,5.0,58,5.1M,"1,000+",Free,$0,Mature 17+,Casual,"October 28, 2024",4.2.4,6.0 and up
Easy Manager Tool 2466,TOOLS,5.0,4025,Varies with device,"100,000+",Free,$0,Everyone 10+,Tools,"August 19, 2024",2.9.2,6.0 and up
Global Portal Comm 2467,COMMUNICATION,5.0,3233,6.4M,"100,000+",Free,$0,Mature 17+,Communication,"August 7, 2024",4.3.2,6.0 and up
Daily Tracker Life 2468,LIFESTYLE,4.2,43,13.8M,"1,000+",Free,$0,Everyone,Lifestyle,"May 15, 2024",2.1.8,7.0 and up
Global Plus Busi 2469,BUSINESS,,747,26.9M,"50,000+",Free,$0,Everyone,Business,"October 7, 2024",3.3.4,8.0 and up
Pocket Tracker Phot 2470,PHOTOGRAPHY,4.3,335283,2.1M,"5,000,000+",Free,$0,Everyone,Photography,"October 18, 2024",5.4.9,5.0 and up
Quick Lite Heal 2471,HEALTH_AND_FITNESS,4.2,4192,19.8M,"100,000+",Free,$0,Everyone,Health & Fitness,"August 1, 2024",3.9.5,4.1 and up
Daily Hero Busi 2472,BUSINESS,3.9,308,529k,"5,000+",Free,$0,Everyone,Business,"January 7, 2024",2.0.5,7.0 and up
Easy Hub Game 2473,GAME,4.4,253642,23.8M,"5,000,000+",Free,$0,Everyone,Strategy,"January 20, 2024",4.7.4,5.0 and up
Quick Assistant Game 2474,GAME,4.9,26056,15.8M,"1,000,000+",Free,$0,Everyone 10+,Card,"January 9, 2024",1.7.3,6.0 and up
Quick Hero Tool 2475,TOOLS,4.0,9700,23.6M,"500,000+",Free,$0,Everyone,Tools,"October 7, 2024",2.3.8,4.1 and up
Master Hub Tool 2476,TOOLS,3.2,720790,30.1M,"10,000,000+",Free,$0,Everyone,Tools,"May 28, 2024",3.7.5,4.4 and up
Smart Studio Game 2477,GAME,4.6,6244431,75.6M,"100,000,000+",Free,$0,Everyone,Action,"January 3, 2024",3.9.3,4.4 and up
Daily Portal Game 2478,GAME,4.2,19096,Varies with device,"500,000+",Free,$0,Everyone,Action,"August 9, 2024",1.0.3,7.0 and up
Pro Plus Game 2479,GAME,3.4,29674,72.2M,"500,000+",Free,$0,Everyone,Racing,"March 3, 2024",5.2.4,4.1 and up
Pro Portal Pers 2480,PERSONALIZATION,,1,43.8M,10+,Paid,$9.99,Mature 17+,Personalization,"July 21, 2024",2.2.1,5.0 and up
Pro Plus Busi 2481,BUSINESS,2.7,5653,29.7M,"100,000+",Free,$0,Everyone,Business,"March 24, 2024",2.4.4,4.4 and up
Hyper Lite Game 2482,GAME,,14644035,Varies with device,"1,000,000,000+",Free,$0,Everyone,Action,"January 1, 2024",3.1.3,4.1 and up
Pocket Lite Prod 2483,PRODUCTIVITY,4.5,77203,4.0M,"1,000,000+",Free,$0,Everyone,Productivity,"October 22, 2024",2.3.9,5.0 and up
Smart Flow Comm 2484,COMMUNICATION,4.3,1595604,32.6M,"100,000,000+",Free,$0,Mature 17+,Communication,"August 19, 2024",5.7.8,6.0 and up
Master 3D Phot 2485,PHOTOGRAPHY,3.6,2032840,Varies with device,"50,000,000+",Free,$0,Teen,Photography,"October 3, 2024",2.3.9,7.0 and up
Global Plus Game 2486,GAME,3.7,530306,18.3M,"10,000,000+",Free,$0,Everyone,Racing,"January 9, 2024",3.1.9,5.0 and up
Fast Portal Fina 2487,FINANCE,4.9,1,29.7M,50+,Free,$0,Everyone 10+,Finance,"March 9, 2024",1.8.8,8.0 and up
Global Flow Fami 2488,FAMILY,4.7,381,12.7M,"10,000+",Free,$0,Everyone,Puzzle,"May 16, 2024",3.8.5,7.0 and up
Daily Flow Prod 2489,PRODUCTIVITY,4.0,327,3.4M,"10,000+",Free,$0,Everyone,Productivity,"August 7, 2024",2.9.2,6.0 and up
Global Lite Game 2490,GAME,4.6,27616376,40.1M,"1,000,000,000+",Free,$0,Teen,Card,"January 5, 2024",1.7.1,5.0 and up
Daily Flow Prod 2491,PRODUCTIVITY,,2953734,17.4M,"100,000,000+",Free,$0,Everyone 10+,Productivity,"May 25, 2024",2.5.4,5.0 and up
Daily 3D Fami 2492,FAMILY,4.0,515,43.6M,"10,000+",Free,$0,Mature 17+,Puzzle,"August 6, 2024",2.1.0,8.0 and up
Smart Flow Fami 2493,FAMILY,5.0,283,Varies with device,"5,000+",Free,$0,Everyone,Puzzle,"July 25, 2024",1.1.2,5.0 and up
Fast Studio Comm 2494,COMMUNICATION,4.3,17847,40.4M,"500,000+",Free,$0,Everyone,Communication,"October 10, 2024",5.6.6,6.0 and up
Hyper Hero Game 2495,GAME,3.4,3828626,76.6M,"50,000,000+",Free,$0,Teen,Racing,"January 23, 2024",3.9.8,6.0 and up
Super Tracker Phot 2496,PHOTOGRAPHY,3.5,7857,2.6M,"100,000+",Free,$0,Everyone,Photography,"July 25, 2024",1.4.4,4.4 and up
Quick Manager Fami 2497,FAMILY,3.7,315,24.8M,"10,000+",Free,$0,Teen,Puzzle,"October 9, 2024",5.0.3,8.0 and up
Quick Portal Fami 2498,FAMILY,3.9,393,27.6M,"5,000+",Free,$0,Mature 17+,Entertainment,"August 5, 2024",3.6.9,4.4 and up
Pro Hero Medi 2499,MEDICAL,3.5,3492755,31.2M,"50,000,000+",Paid,$3.99,Everyone,Medical,"March 8, 2024",1.4.5,8.0 and up
Super Portal Comm 2500,COMMUNICATION,3.1,650999,5.5M,"10,000,000+",Free,$0,Everyone,Communication,"January 8, 2024",3.3.7,5.0 and up
I Am Rich Luxury Edition,LIFESTYLE,3.8,54,12M,100+,Paid,$399.99,Everyone,Lifestyle,"June 15, 2024",1.0.0,5.0 and up
