Review_ID,Review_Text,Sentiment
REV-11371,"Honestly, Misleading product description. The actual item does not support the features advertised. Just my two cents.",Negative
REV-10066,Short review: Works flawlessly right out of the box. Highly recommended to anyone looking for reliable gear. Keep this in mind.,Positive
REV-11290,After using it for two weeks: Defective on arrival. Power switch did not turn on at all. Total garbage. Keep this in mind.,Negative
REV-10942,Update: Basic features work fine. Nothing noteworthy to write home about. Will look for alternatives.,Neutral
REV-11068,The size is as described. Operates within normal operational parameters. Would recommend.,Neutral
REV-10611,"Honestly, The size is as described. Operates within normal operational parameters. Keep this in mind.",Neutral
REV-10427,After using it for two weeks: Outstanding customer support. They resolved my query within ten minutes with great politeness. Would recommend.,Positive
REV-11730,"In my opinion, Horrible quality control. The buttons are stiff, unresponsive, and the screen flickered immediately. Would recommend.",Negative
REV-10415,Short review: Delightful customer experience! The packaging was eco-friendly and the item works beautifully. Will look for alternatives.,Positive
REV-10977,"Honestly, Moderate build quality. Meets the basic specifications mentioned in the catalog description. Will look for alternatives.",Neutral
REV-10355,Short review: Brilliant design and rock solid durability. I have already recommended it to all my colleagues.,Positive
REV-10850,Update: Average performance overall. Battery lasts about five hours as stated in the manual. Just my two cents.,Neutral
REV-10519,"After using it for two weeks: High quality materials, elegant design, and totally worth every single penny.",Positive
REV-10189,Short review: Fantastic value for money! Superior craftsmanship and sleek modern aesthetics. Keep this in mind.,Positive
REV-10498,Short review: Exceptional build quality and battery life. Best purchase I have made this year! Just my two cents.,Positive
REV-10584,After using it for two weeks: I am extremely satisfied with this purchase. The interface is intuitive and response time is instant. Glad I bought it.,Positive
REV-11789,Dreadful battery life and constant connection drops. Total waste of money and time. Just my two cents.,Negative
REV-10712,The size is as described. Operates within normal operational parameters. Keep this in mind.,Neutral
REV-10799,"In my opinion, Decent quality for the cost. Neither particularly impressed nor disappointed with the outcome.",Neutral
REV-11205,After using it for two weeks: Worst customer service ever encountered. Waited three weeks for delivery and received the wrong model. Will look for alternatives.,Negative
REV-10136,"Honestly, I am extremely satisfied with this purchase. The interface is intuitive and response time is instant. Glad I bought it.",Positive
REV-10655,Short review: Moderate build quality. Meets the basic specifications mentioned in the catalog description.,Neutral
REV-10632,"Honestly, Decent quality for the cost. Neither particularly impressed nor disappointed with the outcome. Would recommend.",Neutral
REV-10721,Short review: It works as expected for a budget device. Does not stand out in any specific area. Just my two cents.,Neutral
REV-10290,Update: Exceptional build quality and battery life. Best purchase I have made this year!,Positive
REV-11277,After using it for two weeks: Misleading product description. The actual item does not support the features advertised. Would recommend.,Negative
REV-11111,Update: Fair product for routine daily tasks. It gets the job done without any fancy features. Just my two cents.,Neutral
REV-11734,Short review: Fell apart after one week of gentle use. Cheap materials and non-existent warranty support. Glad I bought it.,Negative
REV-10619,"It is acceptable. Neither great nor terrible, just an everyday standard utility item.",Neutral
REV-11198,Average performance overall. Battery lasts about five hours as stated in the manual. Would recommend.,Neutral
REV-11203,Update: Unacceptable delays in shipping and zero communication from the vendor. Requesting immediate refund. Glad I bought it.,Negative
REV-11437,"After using it for two weeks: Very poor build quality. Feels cheap, flimsy, and completely fragile. Do not waste your money. Keep this in mind.",Negative
REV-10630,After using it for two weeks: Arrived on time. The color is slightly different from the website photos but acceptable. Keep this in mind.,Neutral
REV-10416,Exceptional build quality and battery life. Best purchase I have made this year! Just my two cents.,Positive
REV-11484,Short review: Terrible experience. The item stopped working after two days and customer support was useless. Will look for alternatives.,Negative
REV-10610,It works as expected for a budget device. Does not stand out in any specific area. Would recommend.,Neutral
REV-11079,Update: The product is okay. It does the job adequately but nothing extraordinary for the price point. Keep this in mind.,Neutral
REV-10844,"Short review: Practical design, though the plastic casing feels standard. Acceptable performance. Will look for alternatives.",Neutral
REV-10986,After using it for two weeks: The size is as described. Operates within normal operational parameters. Will look for alternatives.,Neutral
REV-10423,Short review: Delightful customer experience! The packaging was eco-friendly and the item works beautifully. Glad I bought it.,Positive
REV-10110,Short review: Absolutely love this product! The quality exceeded my expectations and delivery was super fast. Keep this in mind.,Positive
REV-11264,Short review: Terrible customer care. Sent three emails regarding the defect and received zero response. Would recommend.,Negative
REV-10112,"Honestly, Delightful customer experience! The packaging was eco-friendly and the item works beautifully. Would recommend.",Positive
REV-10299,After using it for two weeks: Top notch performance. Handles intensive daily use with zero lag or overheating. Just my two cents.,Positive
REV-11297,Unacceptable delays in shipping and zero communication from the vendor. Requesting immediate refund. Just my two cents.,Negative
REV-10174,Short review: Remarkable experience from ordering to delivery. The product works like a dream. Would recommend.,Positive
REV-10304,After using it for two weeks: Brilliant design and rock solid durability. I have already recommended it to all my colleagues. Just my two cents.,Positive
REV-10545,Absolutely love this product! The quality exceeded my expectations and delivery was super fast. Glad I bought it.,Positive
REV-11293,Unacceptable delays in shipping and zero communication from the vendor. Requesting immediate refund. Glad I bought it.,Negative
REV-11304,"After using it for two weeks: Extremely disappointed. The package arrived crushed, damaged, and parts were missing. Just my two cents.",Negative
REV-10481,Short review: Works flawlessly right out of the box. Highly recommended to anyone looking for reliable gear. Will look for alternatives.,Positive
REV-10399,"In my opinion, I am extremely satisfied with this purchase. The interface is intuitive and response time is instant. Just my two cents.",Positive
REV-11527,"Short review: Absolute nightmare. Flawed design, noisy motor, and terrible instruction manual. Will look for alternatives.",Negative
REV-10988,Standard quality for this price range. Serves its intended purpose.,Neutral
REV-10440,"Update: High quality materials, elegant design, and totally worth every single penny. Will look for alternatives.",Positive
REV-10975,"After using it for two weeks: Practical design, though the plastic casing feels standard. Acceptable performance.",Neutral
REV-11075,Short review: Basic features work fine. Nothing noteworthy to write home about. Glad I bought it.,Neutral
REV-11673,After using it for two weeks: Cheap plastic that cracked on first contact. The worst purchase I have made in years.,Negative
REV-11787,"In my opinion, Do not buy this product! Extremely frustrated with the buggy software and constant crashes.",Negative
REV-11748,After using it for two weeks: Worst customer service ever encountered. Waited three weeks for delivery and received the wrong model. Will look for alternatives.,Negative
REV-10030,"In my opinion, I am extremely satisfied with this purchase. The interface is intuitive and response time is instant. Would recommend.",Positive
REV-10820,After using it for two weeks: It works as expected for a budget device. Does not stand out in any specific area. Glad I bought it.,Neutral
REV-10552,Update: Outstanding customer support. They resolved my query within ten minutes with great politeness. Glad I bought it.,Positive
REV-11728,Short review: Do not buy this product! Extremely frustrated with the buggy software and constant crashes. Glad I bought it.,Negative
REV-11000,Update: Average performance overall. Battery lasts about five hours as stated in the manual. Just my two cents.,Neutral
REV-11014,Short review: Moderate build quality. Meets the basic specifications mentioned in the catalog description. Glad I bought it.,Neutral
REV-10353,Exceptional build quality and battery life. Best purchase I have made this year! Will look for alternatives.,Positive
REV-11171,Update: Arrived on time. The color is slightly different from the website photos but acceptable. Would recommend.,Neutral
REV-10991,Short review: Fair product for routine daily tasks. It gets the job done without any fancy features. Keep this in mind.,Neutral
REV-10722,After using it for two weeks: Arrived on time. The color is slightly different from the website photos but acceptable. Keep this in mind.,Neutral
REV-11744,Update: Cheap plastic that cracked on first contact. The worst purchase I have made in years. Will look for alternatives.,Negative
REV-10894,The product is okay. It does the job adequately but nothing extraordinary for the price point. Will look for alternatives.,Neutral
REV-10071,Absolutely love this product! The quality exceeded my expectations and delivery was super fast. Glad I bought it.,Positive
REV-10599,After using it for two weeks: Brilliant design and rock solid durability. I have already recommended it to all my colleagues. Would recommend.,Positive
REV-10533,After using it for two weeks: Delightful customer experience! The packaging was eco-friendly and the item works beautifully. Just my two cents.,Positive
REV-11076,"In my opinion, Arrived on time. The color is slightly different from the website photos but acceptable. Would recommend.",Neutral
REV-10576,Update: Super fast shipping! Arrived two days early in pristine condition. Five stars all the way. Keep this in mind.,Positive
REV-10536,"In my opinion, Incredible sound clarity and deep bass. Far better than competitors in this price bracket. Would recommend.",Positive
REV-10612,After using it for two weeks: Delivery took a week as scheduled. The item arrived in plain packaging and operates properly.,Neutral
REV-10480,"In my opinion, Super fast shipping! Arrived two days early in pristine condition. Five stars all the way. Keep this in mind.",Positive
REV-11726,"In my opinion, Dreadful battery life and constant connection drops. Total waste of money and time. Keep this in mind.",Negative
REV-10788,"In my opinion, Arrived on time. The color is slightly different from the website photos but acceptable. Glad I bought it.",Neutral
REV-11001,After using it for two weeks: Standard quality for this price range. Serves its intended purpose. Will look for alternatives.,Neutral
REV-11419,"After using it for two weeks: Extremely disappointed. The package arrived crushed, damaged, and parts were missing.",Negative
REV-11305,Short review: Fell apart after one week of gentle use. Cheap materials and non-existent warranty support. Just my two cents.,Negative
REV-11417,Update: Misleading product description. The actual item does not support the features advertised. Will look for alternatives.,Negative
REV-10553,"Honestly, Very easy to set up and configure. Saved me hours of headache. Wonderful product!",Positive
REV-10024,"Short review: High quality materials, elegant design, and totally worth every single penny.",Positive
REV-10695,Short review: Decent quality for the cost. Neither particularly impressed nor disappointed with the outcome. Just my two cents.,Neutral
REV-10472,"After using it for two weeks: A game changer for my daily routine. Elegant, efficient, and exceptionally well engineered. Keep this in mind.",Positive
REV-11262,"In my opinion, Very poor build quality. Feels cheap, flimsy, and completely fragile. Do not waste your money. Will look for alternatives.",Negative
REV-10276,After using it for two weeks: Works flawlessly right out of the box. Highly recommended to anyone looking for reliable gear. Glad I bought it.,Positive
REV-11733,Unacceptable delays in shipping and zero communication from the vendor. Requesting immediate refund.,Negative
REV-11489,"In my opinion, Do not buy this product! Extremely frustrated with the buggy software and constant crashes.",Negative
REV-11050,After using it for two weeks: The size is as described. Operates within normal operational parameters. Will look for alternatives.,Neutral
REV-10549,"Honestly, A game changer for my daily routine. Elegant, efficient, and exceptionally well engineered. Glad I bought it.",Positive
REV-10651,Update: The unit functions normally. Setup took about twenty minutes following the user guide.,Neutral
REV-10271,Short review: Exceptional build quality and battery life. Best purchase I have made this year! Will look for alternatives.,Positive
REV-11363,"In my opinion, Worst customer service ever encountered. Waited three weeks for delivery and received the wrong model. Glad I bought it.",Negative
REV-11173,Standard quality for this price range. Serves its intended purpose. Glad I bought it.,Neutral
REV-10597,I am extremely satisfied with this purchase. The interface is intuitive and response time is instant. Keep this in mind.,Positive
REV-11008,Update: Decent quality for the cost. Neither particularly impressed nor disappointed with the outcome. Just my two cents.,Neutral
REV-11271,Short review: Cheap plastic that cracked on first contact. The worst purchase I have made in years.,Negative
REV-11503,"Extremely disappointed. The package arrived crushed, damaged, and parts were missing. Would recommend.",Negative
REV-10693,It works as expected for a budget device. Does not stand out in any specific area. Keep this in mind.,Neutral
REV-10213,Top notch performance. Handles intensive daily use with zero lag or overheating. Glad I bought it.,Positive
REV-11546,Short review: Misleading product description. The actual item does not support the features advertised. Glad I bought it.,Negative
REV-11752,Short review: Do not buy this product! Extremely frustrated with the buggy software and constant crashes. Would recommend.,Negative
REV-10865,Update: Standard quality for this price range. Serves its intended purpose. Glad I bought it.,Neutral
REV-10211,"Honestly, Delightful customer experience! The packaging was eco-friendly and the item works beautifully. Keep this in mind.",Positive
REV-11019,Short review: Fair product for routine daily tasks. It gets the job done without any fancy features. Keep this in mind.,Neutral
REV-10345,"Honestly, Top notch performance. Handles intensive daily use with zero lag or overheating. Glad I bought it.",Positive
REV-11302,Update: Misleading product description. The actual item does not support the features advertised. Would recommend.,Negative
REV-10544,Short review: Brilliant design and rock solid durability. I have already recommended it to all my colleagues. Keep this in mind.,Positive
REV-11186,"In my opinion, Arrived on time. The color is slightly different from the website photos but acceptable. Keep this in mind.",Neutral
REV-10248,"Honestly, Works flawlessly right out of the box. Highly recommended to anyone looking for reliable gear. Glad I bought it.",Positive
REV-11317,Unacceptable delays in shipping and zero communication from the vendor. Requesting immediate refund. Would recommend.,Negative
REV-10618,"In my opinion, Practical design, though the plastic casing feels standard. Acceptable performance. Keep this in mind.",Neutral
REV-11584,"In my opinion, Defective on arrival. Power switch did not turn on at all. Total garbage. Would recommend.",Negative
REV-11090,After using it for two weeks: Basic features work fine. Nothing noteworthy to write home about.,Neutral
REV-10412,Super fast shipping! Arrived two days early in pristine condition. Five stars all the way. Would recommend.,Positive
REV-11506,"Honestly, Completely useless item. It overheated within fifteen minutes of light usage and shut down. Will look for alternatives.",Negative
REV-10116,"In my opinion, Fantastic value for money! Superior craftsmanship and sleek modern aesthetics. Will look for alternatives.",Positive
REV-10772,"In my opinion, The product is okay. It does the job adequately but nothing extraordinary for the price point.",Neutral
REV-10899,After using it for two weeks: Delivery took a week as scheduled. The item arrived in plain packaging and operates properly. Glad I bought it.,Neutral
REV-10757,Update: Basic features work fine. Nothing noteworthy to write home about. Will look for alternatives.,Neutral
REV-11189,The unit functions normally. Setup took about twenty minutes following the user guide. Keep this in mind.,Neutral
REV-11234,Short review: Terrible experience. The item stopped working after two days and customer support was useless. Will look for alternatives.,Negative
REV-11683,"Honestly, Misleading product description. The actual item does not support the features advertised. Keep this in mind.",Negative
REV-11232,Update: Dreadful battery life and constant connection drops. Total waste of money and time. Keep this in mind.,Negative
REV-10577,Fantastic value for money! Superior craftsmanship and sleek modern aesthetics. Just my two cents.,Positive
REV-10252,Short review: Outstanding customer support. They resolved my query within ten minutes with great politeness. Would recommend.,Positive
REV-11790,Short review: Terrible experience. The item stopped working after two days and customer support was useless. Just my two cents.,Negative
REV-10240,"Short review: A game changer for my daily routine. Elegant, efficient, and exceptionally well engineered. Keep this in mind.",Positive
REV-10591,Update: Absolutely love this product! The quality exceeded my expectations and delivery was super fast. Keep this in mind.,Positive
REV-10728,After using it for two weeks: Basic features work fine. Nothing noteworthy to write home about. Keep this in mind.,Neutral
REV-11531,"Update: Extremely disappointed. The package arrived crushed, damaged, and parts were missing. Will look for alternatives.",Negative
REV-11450,Update: Do not buy this product! Extremely frustrated with the buggy software and constant crashes. Just my two cents.,Negative
REV-11318,Worst customer service ever encountered. Waited three weeks for delivery and received the wrong model. Glad I bought it.,Negative
REV-10592,"In my opinion, Top notch performance. Handles intensive daily use with zero lag or overheating. Just my two cents.",Positive
REV-10125,Update: Delightful customer experience! The packaging was eco-friendly and the item works beautifully. Would recommend.,Positive
REV-11404,"In my opinion, Dreadful battery life and constant connection drops. Total waste of money and time. Just my two cents.",Negative
REV-10495,Short review: Works flawlessly right out of the box. Highly recommended to anyone looking for reliable gear. Just my two cents.,Positive
REV-10050,After using it for two weeks: Top notch performance. Handles intensive daily use with zero lag or overheating.,Positive
REV-11470,Misleading product description. The actual item does not support the features advertised. Will look for alternatives.,Negative
REV-10705,Update: Delivery took a week as scheduled. The item arrived in plain packaging and operates properly.,Neutral
REV-10707,"In my opinion, Moderate build quality. Meets the basic specifications mentioned in the catalog description.",Neutral
REV-10340,Update: Incredible sound clarity and deep bass. Far better than competitors in this price bracket. Keep this in mind.,Positive
REV-10756,After using it for two weeks: Arrived on time. The color is slightly different from the website photos but acceptable. Just my two cents.,Neutral
REV-11612,Short review: Defective on arrival. Power switch did not turn on at all. Total garbage. Would recommend.,Negative
REV-10484,After using it for two weeks: Fantastic value for money! Superior craftsmanship and sleek modern aesthetics.,Positive
REV-10298,Very easy to set up and configure. Saved me hours of headache. Wonderful product! Glad I bought it.,Positive
REV-10323,After using it for two weeks: Fantastic value for money! Superior craftsmanship and sleek modern aesthetics. Keep this in mind.,Positive
REV-10375,"In my opinion, Delightful customer experience! The packaging was eco-friendly and the item works beautifully. Just my two cents.",Positive
REV-10306,Update: Incredible sound clarity and deep bass. Far better than competitors in this price bracket. Just my two cents.,Positive
REV-11776,Cheap plastic that cracked on first contact. The worst purchase I have made in years. Will look for alternatives.,Negative
REV-11498,"In my opinion, Worst customer service ever encountered. Waited three weeks for delivery and received the wrong model. Will look for alternatives.",Negative
REV-10079,"Update: A game changer for my daily routine. Elegant, efficient, and exceptionally well engineered. Will look for alternatives.",Positive
REV-10238,Update: Top notch performance. Handles intensive daily use with zero lag or overheating. Keep this in mind.,Positive
REV-10621,Short review: The product is okay. It does the job adequately but nothing extraordinary for the price point.,Neutral
REV-11555,"Extremely disappointed. The package arrived crushed, damaged, and parts were missing. Would recommend.",Negative
REV-10074,Exceptional build quality and battery life. Best purchase I have made this year! Just my two cents.,Positive
REV-10352,"In my opinion, Absolutely love this product! The quality exceeded my expectations and delivery was super fast. Will look for alternatives.",Positive
REV-10070,"In my opinion, Remarkable experience from ordering to delivery. The product works like a dream. Will look for alternatives.",Positive
REV-10163,Update: Super fast shipping! Arrived two days early in pristine condition. Five stars all the way. Just my two cents.,Positive
REV-11132,The product is okay. It does the job adequately but nothing extraordinary for the price point. Just my two cents.,Neutral
REV-11741,"Short review: Absolute nightmare. Flawed design, noisy motor, and terrible instruction manual. Glad I bought it.",Negative
REV-11572,"Update: Absolute nightmare. Flawed design, noisy motor, and terrible instruction manual. Would recommend.",Negative
REV-10711,Average performance overall. Battery lasts about five hours as stated in the manual. Glad I bought it.,Neutral
REV-11395,Short review: Unacceptable delays in shipping and zero communication from the vendor. Requesting immediate refund. Would recommend.,Negative
REV-11161,After using it for two weeks: Fair product for routine daily tasks. It gets the job done without any fancy features. Just my two cents.,Neutral
REV-10234,Short review: Outstanding customer support. They resolved my query within ten minutes with great politeness. Keep this in mind.,Positive
REV-11525,"In my opinion, Unacceptable delays in shipping and zero communication from the vendor. Requesting immediate refund.",Negative
REV-10426,"After using it for two weeks: High quality materials, elegant design, and totally worth every single penny. Keep this in mind.",Positive
REV-11622,"Honestly, Defective on arrival. Power switch did not turn on at all. Total garbage. Keep this in mind.",Negative
REV-11610,After using it for two weeks: Fell apart after one week of gentle use. Cheap materials and non-existent warranty support.,Negative
REV-10077,After using it for two weeks: Brilliant design and rock solid durability. I have already recommended it to all my colleagues. Keep this in mind.,Positive
REV-11515,Short review: Terrible experience. The item stopped working after two days and customer support was useless. Glad I bought it.,Negative
REV-10821,"In my opinion, Delivery took a week as scheduled. The item arrived in plain packaging and operates properly. Would recommend.",Neutral
REV-10366,"In my opinion, High quality materials, elegant design, and totally worth every single penny. Just my two cents.",Positive
REV-11252,After using it for two weeks: Defective on arrival. Power switch did not turn on at all. Total garbage. Glad I bought it.,Negative
REV-10333,Short review: I am extremely satisfied with this purchase. The interface is intuitive and response time is instant. Will look for alternatives.,Positive
REV-11269,After using it for two weeks: Do not buy this product! Extremely frustrated with the buggy software and constant crashes. Glad I bought it.,Negative
REV-10430,After using it for two weeks: Works flawlessly right out of the box. Highly recommended to anyone looking for reliable gear. Glad I bought it.,Positive
REV-10204,Short review: I am extremely satisfied with this purchase. The interface is intuitive and response time is instant.,Positive
REV-10786,Update: The unit functions normally. Setup took about twenty minutes following the user guide. Will look for alternatives.,Neutral
REV-11027,Update: Standard quality for this price range. Serves its intended purpose.,Neutral
REV-10825,"In my opinion, Decent quality for the cost. Neither particularly impressed nor disappointed with the outcome. Just my two cents.",Neutral
REV-10979,"Honestly, Delivery took a week as scheduled. The item arrived in plain packaging and operates properly. Glad I bought it.",Neutral
REV-10031,"In my opinion, Brilliant design and rock solid durability. I have already recommended it to all my colleagues. Just my two cents.",Positive
REV-11545,Update: Defective on arrival. Power switch did not turn on at all. Total garbage.,Negative
REV-11382,"Horrible quality control. The buttons are stiff, unresponsive, and the screen flickered immediately. Would recommend.",Negative
REV-10644,Short review: The unit functions normally. Setup took about twenty minutes following the user guide. Just my two cents.,Neutral
REV-11402,After using it for two weeks: Do not buy this product! Extremely frustrated with the buggy software and constant crashes. Glad I bought it.,Negative
REV-11806,"Not the worst item I have owned, but certainly far from the best.",Neutral
REV-11135,Short review: Standard delivery time. Packaging was adequate. Item matches the dimensions listed. Would recommend.,Neutral
REV-11405,"Honestly, Very poor build quality. Feels cheap, flimsy, and completely fragile. Do not waste your money. Keep this in mind.",Negative
REV-11422,Terrible experience. The item stopped working after two days and customer support was useless. Will look for alternatives.,Negative
REV-10100,After using it for two weeks: Fantastic value for money! Superior craftsmanship and sleek modern aesthetics. Just my two cents.,Positive
REV-11294,After using it for two weeks: Completely useless item. It overheated within fifteen minutes of light usage and shut down. Keep this in mind.,Negative
REV-11420,Update: Terrible experience. The item stopped working after two days and customer support was useless.,Negative
REV-10671,"In my opinion, The product is okay. It does the job adequately but nothing extraordinary for the price point. Keep this in mind.",Neutral
REV-11101,Update: Basic features work fine. Nothing noteworthy to write home about. Just my two cents.,Neutral
REV-10465,Delightful customer experience! The packaging was eco-friendly and the item works beautifully.,Positive
REV-11091,After using it for two weeks: Moderate build quality. Meets the basic specifications mentioned in the catalog description. Will look for alternatives.,Neutral
REV-10169,Outstanding customer support. They resolved my query within ten minutes with great politeness. Glad I bought it.,Positive
REV-10951,Short review: Delivery took a week as scheduled. The item arrived in plain packaging and operates properly. Glad I bought it.,Neutral
REV-10527,Exceptional build quality and battery life. Best purchase I have made this year! Would recommend.,Positive
REV-11494,"Short review: Extremely disappointed. The package arrived crushed, damaged, and parts were missing. Will look for alternatives.",Negative
REV-10716,Update: Average performance overall. Battery lasts about five hours as stated in the manual. Will look for alternatives.,Neutral
REV-11738,"In my opinion, Very poor build quality. Feels cheap, flimsy, and completely fragile. Do not waste your money. Glad I bought it.",Negative
REV-10487,"In my opinion, Incredible sound clarity and deep bass. Far better than competitors in this price bracket.",Positive
REV-10479,"Honestly, Top notch performance. Handles intensive daily use with zero lag or overheating.",Positive
REV-11711,Defective on arrival. Power switch did not turn on at all. Total garbage. Would recommend.,Negative
REV-10839,After using it for two weeks: Basic features work fine. Nothing noteworthy to write home about.,Neutral
REV-10033,Update: Exceptional build quality and battery life. Best purchase I have made this year! Just my two cents.,Positive
REV-10889,"In my opinion, The size is as described. Operates within normal operational parameters. Keep this in mind.",Neutral
REV-11170,"In my opinion, Average performance overall. Battery lasts about five hours as stated in the manual.",Neutral
REV-10221,Short review: Top notch performance. Handles intensive daily use with zero lag or overheating. Just my two cents.,Positive
REV-11218,"Honestly, Very poor build quality. Feels cheap, flimsy, and completely fragile. Do not waste your money. Glad I bought it.",Negative
REV-11461,"Extremely disappointed. The package arrived crushed, damaged, and parts were missing. Keep this in mind.",Negative
REV-10937,Update: The product is okay. It does the job adequately but nothing extraordinary for the price point. Just my two cents.,Neutral
REV-10890,"In my opinion, Practical design, though the plastic casing feels standard. Acceptable performance. Would recommend.",Neutral
REV-10186,"After using it for two weeks: High quality materials, elegant design, and totally worth every single penny. Glad I bought it.",Positive
REV-10528,Update: Delightful customer experience! The packaging was eco-friendly and the item works beautifully. Would recommend.,Positive
REV-11056,Arrived on time. The color is slightly different from the website photos but acceptable.,Neutral
REV-11279,"Honestly, Extremely disappointed. The package arrived crushed, damaged, and parts were missing. Just my two cents.",Negative
REV-11805,"Nothing special, though it might work fine for beginners.",Neutral
REV-10045,"Honestly, Outstanding customer support. They resolved my query within ten minutes with great politeness. Just my two cents.",Positive
REV-10255,Fantastic value for money! Superior craftsmanship and sleek modern aesthetics. Would recommend.,Positive
REV-10589,Short review: Incredible sound clarity and deep bass. Far better than competitors in this price bracket. Glad I bought it.,Positive
REV-11630,After using it for two weeks: Terrible experience. The item stopped working after two days and customer support was useless. Keep this in mind.,Negative
REV-10325,Short review: Super fast shipping! Arrived two days early in pristine condition. Five stars all the way. Just my two cents.,Positive
REV-10197,"In my opinion, High quality materials, elegant design, and totally worth every single penny.",Positive
REV-10906,Decent quality for the cost. Neither particularly impressed nor disappointed with the outcome. Will look for alternatives.,Neutral
REV-11315,Short review: Misleading product description. The actual item does not support the features advertised. Will look for alternatives.,Negative
REV-10483,"In my opinion, A game changer for my daily routine. Elegant, efficient, and exceptionally well engineered. Would recommend.",Positive
REV-10060,Short review: Very easy to set up and configure. Saved me hours of headache. Wonderful product! Glad I bought it.,Positive
REV-11233,"Short review: Extremely disappointed. The package arrived crushed, damaged, and parts were missing. Keep this in mind.",Negative
REV-11800,After using it for two weeks: Completely useless item. It overheated within fifteen minutes of light usage and shut down. Glad I bought it.,Negative
REV-10317,"Honestly, Super fast shipping! Arrived two days early in pristine condition. Five stars all the way. Glad I bought it.",Positive
REV-10808,Short review: Delivery took a week as scheduled. The item arrived in plain packaging and operates properly. Will look for alternatives.,Neutral
REV-11344,After using it for two weeks: Cheap plastic that cracked on first contact. The worst purchase I have made in years.,Negative
REV-11129,Short review: Average performance overall. Battery lasts about five hours as stated in the manual. Keep this in mind.,Neutral
REV-10638,Update: Moderate build quality. Meets the basic specifications mentioned in the catalog description. Just my two cents.,Neutral
REV-11462,Short review: Cheap plastic that cracked on first contact. The worst purchase I have made in years. Just my two cents.,Negative
REV-11436,Dreadful battery life and constant connection drops. Total waste of money and time. Will look for alternatives.,Negative
REV-10124,After using it for two weeks: Remarkable experience from ordering to delivery. The product works like a dream. Keep this in mind.,Positive
REV-11387,"Honestly, Do not buy this product! Extremely frustrated with the buggy software and constant crashes. Will look for alternatives.",Negative
REV-10383,Super fast shipping! Arrived two days early in pristine condition. Five stars all the way. Will look for alternatives.,Positive
REV-10451,After using it for two weeks: Exceptional build quality and battery life. Best purchase I have made this year! Glad I bought it.,Positive
REV-10947,After using it for two weeks: Moderate build quality. Meets the basic specifications mentioned in the catalog description. Glad I bought it.,Neutral
REV-10600,"A game changer for my daily routine. Elegant, efficient, and exceptionally well engineered. Glad I bought it.",Positive
REV-11559,After using it for two weeks: Terrible customer care. Sent three emails regarding the defect and received zero response. Glad I bought it.,Negative
REV-11377,After using it for two weeks: Terrible experience. The item stopped working after two days and customer support was useless. Just my two cents.,Negative
REV-11647,Unacceptable delays in shipping and zero communication from the vendor. Requesting immediate refund. Would recommend.,Negative
REV-11210,"In my opinion, Extremely disappointed. The package arrived crushed, damaged, and parts were missing. Glad I bought it.",Negative
REV-11229,"Honestly, Cheap plastic that cracked on first contact. The worst purchase I have made in years. Glad I bought it.",Negative
REV-11165,Short review: Arrived on time. The color is slightly different from the website photos but acceptable. Keep this in mind.,Neutral
REV-11352,"Horrible quality control. The buttons are stiff, unresponsive, and the screen flickered immediately. Just my two cents.",Negative
REV-10372,"In my opinion, High quality materials, elegant design, and totally worth every single penny. Just my two cents.",Positive
REV-11798,"In my opinion, Fell apart after one week of gentle use. Cheap materials and non-existent warranty support. Will look for alternatives.",Negative
REV-11558,"Honestly, Cheap plastic that cracked on first contact. The worst purchase I have made in years. Keep this in mind.",Negative
REV-11188,Update: Delivery took a week as scheduled. The item arrived in plain packaging and operates properly. Just my two cents.,Neutral
REV-10507,After using it for two weeks: Works flawlessly right out of the box. Highly recommended to anyone looking for reliable gear. Glad I bought it.,Positive
REV-10068,"Honestly, I am extremely satisfied with this purchase. The interface is intuitive and response time is instant. Keep this in mind.",Positive
REV-11408,Short review: Terrible experience. The item stopped working after two days and customer support was useless. Glad I bought it.,Negative
REV-10562,Remarkable experience from ordering to delivery. The product works like a dream. Will look for alternatives.,Positive
REV-10778,Short review: It works as expected for a budget device. Does not stand out in any specific area. Would recommend.,Neutral
REV-11275,"Honestly, Fell apart after one week of gentle use. Cheap materials and non-existent warranty support. Keep this in mind.",Negative
REV-11788,"In my opinion, Absolute nightmare. Flawed design, noisy motor, and terrible instruction manual. Keep this in mind.",Negative
REV-11386,Terrible customer care. Sent three emails regarding the defect and received zero response. Will look for alternatives.,Negative
REV-11119,Update: Decent quality for the cost. Neither particularly impressed nor disappointed with the outcome. Keep this in mind.,Neutral
REV-11721,"In my opinion, Dreadful battery life and constant connection drops. Total waste of money and time. Just my two cents.",Negative
REV-11562,Short review: Cheap plastic that cracked on first contact. The worst purchase I have made in years. Just my two cents.,Negative
REV-10308,After using it for two weeks: Very easy to set up and configure. Saved me hours of headache. Wonderful product! Will look for alternatives.,Positive
REV-10856,"In my opinion, Arrived on time. The color is slightly different from the website photos but acceptable. Keep this in mind.",Neutral
REV-11809,"Amazing packaging, but the product inside was totally defective.",Negative
REV-11434,After using it for two weeks: Do not buy this product! Extremely frustrated with the buggy software and constant crashes. Just my two cents.,Negative
REV-11507,After using it for two weeks: Worst customer service ever encountered. Waited three weeks for delivery and received the wrong model. Glad I bought it.,Negative
REV-11335,"Update: Extremely disappointed. The package arrived crushed, damaged, and parts were missing. Would recommend.",Negative
REV-10367,"Honestly, Exceptional build quality and battery life. Best purchase I have made this year! Would recommend.",Positive
REV-10384,"In my opinion, Incredible sound clarity and deep bass. Far better than competitors in this price bracket. Just my two cents.",Positive
REV-11284,Short review: Terrible experience. The item stopped working after two days and customer support was useless. Would recommend.,Negative
REV-10539,"In my opinion, Brilliant design and rock solid durability. I have already recommended it to all my colleagues. Keep this in mind.",Positive
REV-11286,Cheap plastic that cracked on first contact. The worst purchase I have made in years. Keep this in mind.,Negative
REV-10262,Update: Top notch performance. Handles intensive daily use with zero lag or overheating. Would recommend.,Positive
REV-11289,"Horrible quality control. The buttons are stiff, unresponsive, and the screen flickered immediately. Glad I bought it.",Negative
REV-10241,Update: Fantastic value for money! Superior craftsmanship and sleek modern aesthetics. Will look for alternatives.,Positive
REV-11365,"Update: Extremely disappointed. The package arrived crushed, damaged, and parts were missing. Will look for alternatives.",Negative
REV-10758,Standard delivery time. Packaging was adequate. Item matches the dimensions listed. Will look for alternatives.,Neutral
REV-10953,"In my opinion, Arrived on time. The color is slightly different from the website photos but acceptable. Keep this in mind.",Neutral
REV-10845,After using it for two weeks: Moderate build quality. Meets the basic specifications mentioned in the catalog description. Will look for alternatives.,Neutral
REV-11341,Update: Worst customer service ever encountered. Waited three weeks for delivery and received the wrong model. Glad I bought it.,Negative
REV-11062,Short review: Standard quality for this price range. Serves its intended purpose.,Neutral
REV-10072,"In my opinion, Delightful customer experience! The packaging was eco-friendly and the item works beautifully. Would recommend.",Positive
REV-11441,Short review: Terrible experience. The item stopped working after two days and customer support was useless. Would recommend.,Negative
REV-10260,After using it for two weeks: Works flawlessly right out of the box. Highly recommended to anyone looking for reliable gear. Will look for alternatives.,Positive
REV-10052,Short review: Outstanding customer support. They resolved my query within ten minutes with great politeness. Would recommend.,Positive
REV-10583,Short review: Fantastic value for money! Superior craftsmanship and sleek modern aesthetics.,Positive
REV-10368,Update: Outstanding customer support. They resolved my query within ten minutes with great politeness.,Positive
REV-10938,"Honestly, Standard delivery time. Packaging was adequate. Item matches the dimensions listed.",Neutral
REV-11454,"Honestly, Completely useless item. It overheated within fifteen minutes of light usage and shut down. Glad I bought it.",Negative
REV-10585,"In my opinion, Brilliant design and rock solid durability. I have already recommended it to all my colleagues. Glad I bought it.",Positive
REV-10332,Update: Incredible sound clarity and deep bass. Far better than competitors in this price bracket. Glad I bought it.,Positive
REV-10454,"In my opinion, A game changer for my daily routine. Elegant, efficient, and exceptionally well engineered. Just my two cents.",Positive
REV-11648,Short review: Cheap plastic that cracked on first contact. The worst purchase I have made in years. Just my two cents.,Negative
REV-10875,"In my opinion, The unit functions normally. Setup took about twenty minutes following the user guide. Will look for alternatives.",Neutral
REV-11746,"Short review: Extremely disappointed. The package arrived crushed, damaged, and parts were missing.",Negative
REV-10482,"In my opinion, Incredible sound clarity and deep bass. Far better than competitors in this price bracket. Will look for alternatives.",Positive
REV-10811,Update: Average performance overall. Battery lasts about five hours as stated in the manual. Just my two cents.,Neutral
REV-10409,Fantastic value for money! Superior craftsmanship and sleek modern aesthetics. Would recommend.,Positive
REV-11425,Short review: Misleading product description. The actual item does not support the features advertised. Will look for alternatives.,Negative
REV-10837,"Honestly, Moderate build quality. Meets the basic specifications mentioned in the catalog description.",Neutral
REV-11607,"Short review: Horrible quality control. The buttons are stiff, unresponsive, and the screen flickered immediately. Will look for alternatives.",Negative
REV-10414,"In my opinion, Delightful customer experience! The packaging was eco-friendly and the item works beautifully. Will look for alternatives.",Positive
REV-10803,Short review: Average performance overall. Battery lasts about five hours as stated in the manual. Will look for alternatives.,Neutral
REV-10531,After using it for two weeks: Top notch performance. Handles intensive daily use with zero lag or overheating. Keep this in mind.,Positive
REV-10142,"Update: High quality materials, elegant design, and totally worth every single penny. Glad I bought it.",Positive
REV-10922,Update: It works as expected for a budget device. Does not stand out in any specific area. Keep this in mind.,Neutral
REV-11773,"In my opinion, Dreadful battery life and constant connection drops. Total waste of money and time. Will look for alternatives.",Negative
REV-11692,"Honestly, Very poor build quality. Feels cheap, flimsy, and completely fragile. Do not waste your money. Would recommend.",Negative
REV-10382,Update: Incredible sound clarity and deep bass. Far better than competitors in this price bracket. Glad I bought it.,Positive
REV-10439,"Honestly, A game changer for my daily routine. Elegant, efficient, and exceptionally well engineered. Just my two cents.",Positive
REV-11451,"After using it for two weeks: Very poor build quality. Feels cheap, flimsy, and completely fragile. Do not waste your money. Will look for alternatives.",Negative
REV-10272,After using it for two weeks: Outstanding customer support. They resolved my query within ten minutes with great politeness. Would recommend.,Positive
REV-10185,"High quality materials, elegant design, and totally worth every single penny. Just my two cents.",Positive
REV-10779,Short review: The size is as described. Operates within normal operational parameters. Will look for alternatives.,Neutral
REV-10245,Update: Works flawlessly right out of the box. Highly recommended to anyone looking for reliable gear. Will look for alternatives.,Positive
REV-11303,After using it for two weeks: Unacceptable delays in shipping and zero communication from the vendor. Requesting immediate refund. Will look for alternatives.,Negative
REV-10661,"Honestly, It is acceptable. Neither great nor terrible, just an everyday standard utility item. Just my two cents.",Neutral
REV-10680,"In my opinion, Arrived on time. The color is slightly different from the website photos but acceptable. Keep this in mind.",Neutral
REV-10351,"In my opinion, Super fast shipping! Arrived two days early in pristine condition. Five stars all the way. Would recommend.",Positive
REV-10343,"In my opinion, High quality materials, elegant design, and totally worth every single penny. Would recommend.",Positive
REV-11413,Misleading product description. The actual item does not support the features advertised. Would recommend.,Negative
REV-10915,"Honestly, The product is okay. It does the job adequately but nothing extraordinary for the price point. Just my two cents.",Neutral
REV-11547,"Update: Horrible quality control. The buttons are stiff, unresponsive, and the screen flickered immediately. Will look for alternatives.",Negative
REV-11345,Short review: Worst customer service ever encountered. Waited three weeks for delivery and received the wrong model. Would recommend.,Negative
REV-11316,"Honestly, Horrible quality control. The buttons are stiff, unresponsive, and the screen flickered immediately.",Negative
REV-10251,"After using it for two weeks: High quality materials, elegant design, and totally worth every single penny. Just my two cents.",Positive
REV-11023,"Honestly, Basic features work fine. Nothing noteworthy to write home about. Just my two cents.",Neutral
REV-11754,After using it for two weeks: Cheap plastic that cracked on first contact. The worst purchase I have made in years. Just my two cents.,Negative
REV-10863,"Honestly, It is acceptable. Neither great nor terrible, just an everyday standard utility item. Would recommend.",Neutral
REV-11138,"Short review: It is acceptable. Neither great nor terrible, just an everyday standard utility item. Just my two cents.",Neutral
REV-10860,"In my opinion, Delivery took a week as scheduled. The item arrived in plain packaging and operates properly. Keep this in mind.",Neutral
REV-11592,After using it for two weeks: Unacceptable delays in shipping and zero communication from the vendor. Requesting immediate refund. Keep this in mind.,Negative
REV-10944,Short review: The product is okay. It does the job adequately but nothing extraordinary for the price point. Would recommend.,Neutral
REV-10708,"In my opinion, It works as expected for a budget device. Does not stand out in any specific area. Would recommend.",Neutral
REV-11685,Misleading product description. The actual item does not support the features advertised. Will look for alternatives.,Negative
REV-10702,Update: Decent quality for the cost. Neither particularly impressed nor disappointed with the outcome. Will look for alternatives.,Neutral
REV-10421,Super fast shipping! Arrived two days early in pristine condition. Five stars all the way. Just my two cents.,Positive
REV-11006,After using it for two weeks: Decent quality for the cost. Neither particularly impressed nor disappointed with the outcome. Would recommend.,Neutral
REV-10171,"Short review: High quality materials, elegant design, and totally worth every single penny. Would recommend.",Positive
REV-10293,"Honestly, Incredible sound clarity and deep bass. Far better than competitors in this price bracket.",Positive
REV-11133,The product is okay. It does the job adequately but nothing extraordinary for the price point. Will look for alternatives.,Neutral
REV-11517,After using it for two weeks: Misleading product description. The actual item does not support the features advertised. Keep this in mind.,Negative
REV-10301,"In my opinion, Brilliant design and rock solid durability. I have already recommended it to all my colleagues.",Positive
REV-11698,After using it for two weeks: Do not buy this product! Extremely frustrated with the buggy software and constant crashes. Keep this in mind.,Negative
REV-10417,"Honestly, Remarkable experience from ordering to delivery. The product works like a dream. Just my two cents.",Positive
REV-11038,After using it for two weeks: Moderate build quality. Meets the basic specifications mentioned in the catalog description. Just my two cents.,Neutral
REV-10706,Short review: Delivery took a week as scheduled. The item arrived in plain packaging and operates properly. Will look for alternatives.,Neutral
REV-11745,"In my opinion, Defective on arrival. Power switch did not turn on at all. Total garbage. Just my two cents.",Negative
REV-11392,"Honestly, Misleading product description. The actual item does not support the features advertised. Just my two cents.",Negative
REV-11464,"Honestly, Completely useless item. It overheated within fifteen minutes of light usage and shut down. Will look for alternatives.",Negative
REV-10840,Update: It works as expected for a budget device. Does not stand out in any specific area. Keep this in mind.,Neutral
REV-10773,"Honestly, It works as expected for a budget device. Does not stand out in any specific area. Just my two cents.",Neutral
REV-10395,"In my opinion, Super fast shipping! Arrived two days early in pristine condition. Five stars all the way. Would recommend.",Positive
REV-10943,Short review: The size is as described. Operates within normal operational parameters. Just my two cents.,Neutral
REV-10950,Short review: Delivery took a week as scheduled. The item arrived in plain packaging and operates properly. Just my two cents.,Neutral
REV-10176,"Honestly, Very easy to set up and configure. Saved me hours of headache. Wonderful product! Will look for alternatives.",Positive
REV-11542,After using it for two weeks: Worst customer service ever encountered. Waited three weeks for delivery and received the wrong model. Would recommend.,Negative
REV-11194,"After using it for two weeks: Practical design, though the plastic casing feels standard. Acceptable performance. Glad I bought it.",Neutral
REV-10555,"In my opinion, Absolutely love this product! The quality exceeded my expectations and delivery was super fast. Would recommend.",Positive
REV-10496,Short review: Very easy to set up and configure. Saved me hours of headache. Wonderful product! Just my two cents.,Positive
REV-10335,"High quality materials, elegant design, and totally worth every single penny. Just my two cents.",Positive
REV-10766,"In my opinion, Moderate build quality. Meets the basic specifications mentioned in the catalog description.",Neutral
REV-11457,Short review: Dreadful battery life and constant connection drops. Total waste of money and time. Keep this in mind.,Negative
REV-10901,"Honestly, The unit functions normally. Setup took about twenty minutes following the user guide. Glad I bought it.",Neutral
REV-10463,"A game changer for my daily routine. Elegant, efficient, and exceptionally well engineered. Will look for alternatives.",Positive
REV-10199,Update: Top notch performance. Handles intensive daily use with zero lag or overheating. Just my two cents.,Positive
REV-10016,"In my opinion, Very easy to set up and configure. Saved me hours of headache. Wonderful product!",Positive
REV-10266,After using it for two weeks: Brilliant design and rock solid durability. I have already recommended it to all my colleagues. Just my two cents.,Positive
REV-11459,Dreadful battery life and constant connection drops. Total waste of money and time. Will look for alternatives.,Negative
REV-11311,"Honestly, Horrible quality control. The buttons are stiff, unresponsive, and the screen flickered immediately. Would recommend.",Negative
REV-11104,Decent quality for the cost. Neither particularly impressed nor disappointed with the outcome. Would recommend.,Neutral
REV-10434,Short review: Remarkable experience from ordering to delivery. The product works like a dream. Will look for alternatives.,Positive
REV-10530,Short review: Brilliant design and rock solid durability. I have already recommended it to all my colleagues. Just my two cents.,Positive
REV-10742,The unit functions normally. Setup took about twenty minutes following the user guide. Glad I bought it.,Neutral
REV-10907,After using it for two weeks: Moderate build quality. Meets the basic specifications mentioned in the catalog description. Keep this in mind.,Neutral
REV-10753,After using it for two weeks: Moderate build quality. Meets the basic specifications mentioned in the catalog description.,Neutral
REV-11567,"In my opinion, Fell apart after one week of gentle use. Cheap materials and non-existent warranty support. Would recommend.",Negative
REV-10200,Short review: Incredible sound clarity and deep bass. Far better than competitors in this price bracket. Just my two cents.,Positive
REV-10734,Update: The size is as described. Operates within normal operational parameters.,Neutral
REV-11002,"In my opinion, Moderate build quality. Meets the basic specifications mentioned in the catalog description.",Neutral
REV-10608,"Honestly, The product is okay. It does the job adequately but nothing extraordinary for the price point. Glad I bought it.",Neutral
REV-11031,Update: The size is as described. Operates within normal operational parameters. Will look for alternatives.,Neutral
REV-11115,"In my opinion, Fair product for routine daily tasks. It gets the job done without any fancy features. Would recommend.",Neutral
REV-10568,Brilliant design and rock solid durability. I have already recommended it to all my colleagues. Will look for alternatives.,Positive
REV-11179,Update: Standard delivery time. Packaging was adequate. Item matches the dimensions listed. Just my two cents.,Neutral
REV-11320,"After using it for two weeks: Extremely disappointed. The package arrived crushed, damaged, and parts were missing. Keep this in mind.",Negative
REV-11143,Short review: Moderate build quality. Meets the basic specifications mentioned in the catalog description. Glad I bought it.,Neutral
REV-10783,"Honestly, Decent quality for the cost. Neither particularly impressed nor disappointed with the outcome.",Neutral
REV-11248,"Honestly, Cheap plastic that cracked on first contact. The worst purchase I have made in years. Just my two cents.",Negative
REV-10939,"In my opinion, Fair product for routine daily tasks. It gets the job done without any fancy features. Will look for alternatives.",Neutral
REV-10311,"A game changer for my daily routine. Elegant, efficient, and exceptionally well engineered. Glad I bought it.",Positive
REV-10057,"A game changer for my daily routine. Elegant, efficient, and exceptionally well engineered. Just my two cents.",Positive
REV-11226,"After using it for two weeks: Extremely disappointed. The package arrived crushed, damaged, and parts were missing. Glad I bought it.",Negative
REV-10428,Update: Delightful customer experience! The packaging was eco-friendly and the item works beautifully. Keep this in mind.,Positive
REV-10603,After using it for two weeks: Arrived on time. The color is slightly different from the website photos but acceptable. Keep this in mind.,Neutral
REV-10044,"Honestly, Super fast shipping! Arrived two days early in pristine condition. Five stars all the way. Glad I bought it.",Positive
REV-10101,Short review: Absolutely love this product! The quality exceeded my expectations and delivery was super fast. Just my two cents.,Positive
REV-10275,"In my opinion, I am extremely satisfied with this purchase. The interface is intuitive and response time is instant. Will look for alternatives.",Positive
REV-11802,"I really wanted to love this, but unfortunately it broke on day one.",Negative
REV-10354,Super fast shipping! Arrived two days early in pristine condition. Five stars all the way. Keep this in mind.,Positive
REV-10102,Brilliant design and rock solid durability. I have already recommended it to all my colleagues.,Positive
REV-11618,Do not buy this product! Extremely frustrated with the buggy software and constant crashes. Keep this in mind.,Negative
REV-10108,"High quality materials, elegant design, and totally worth every single penny. Will look for alternatives.",Positive
REV-11536,"In my opinion, Worst customer service ever encountered. Waited three weeks for delivery and received the wrong model. Will look for alternatives.",Negative
REV-11791,"Honestly, Dreadful battery life and constant connection drops. Total waste of money and time. Just my two cents.",Negative
REV-10765,Short review: Delivery took a week as scheduled. The item arrived in plain packaging and operates properly.,Neutral
REV-11215,"Honestly, Worst customer service ever encountered. Waited three weeks for delivery and received the wrong model. Just my two cents.",Negative
REV-11611,After using it for two weeks: Terrible customer care. Sent three emails regarding the defect and received zero response. Keep this in mind.,Negative
REV-10916,After using it for two weeks: It works as expected for a budget device. Does not stand out in any specific area. Keep this in mind.,Neutral
REV-11134,Short review: Average performance overall. Battery lasts about five hours as stated in the manual. Would recommend.,Neutral
REV-10987,Short review: Average performance overall. Battery lasts about five hours as stated in the manual. Glad I bought it.,Neutral
REV-11176,Update: Standard quality for this price range. Serves its intended purpose. Glad I bought it.,Neutral
REV-10129,"Honestly, A game changer for my daily routine. Elegant, efficient, and exceptionally well engineered. Will look for alternatives.",Positive
REV-11121,"Honestly, Decent quality for the cost. Neither particularly impressed nor disappointed with the outcome. Would recommend.",Neutral
REV-10880,Short review: It works as expected for a budget device. Does not stand out in any specific area. Glad I bought it.,Neutral
REV-10433,"In my opinion, Incredible sound clarity and deep bass. Far better than competitors in this price bracket. Keep this in mind.",Positive
REV-11406,Update: Unacceptable delays in shipping and zero communication from the vendor. Requesting immediate refund. Just my two cents.,Negative
REV-11695,After using it for two weeks: Do not buy this product! Extremely frustrated with the buggy software and constant crashes. Keep this in mind.,Negative
REV-11474,"In my opinion, Dreadful battery life and constant connection drops. Total waste of money and time. Keep this in mind.",Negative
REV-11381,"Very poor build quality. Feels cheap, flimsy, and completely fragile. Do not waste your money. Would recommend.",Negative
REV-10949,Update: It works as expected for a budget device. Does not stand out in any specific area. Glad I bought it.,Neutral
REV-11471,"In my opinion, Terrible customer care. Sent three emails regarding the defect and received zero response. Glad I bought it.",Negative
REV-11326,"Update: Horrible quality control. The buttons are stiff, unresponsive, and the screen flickered immediately. Would recommend.",Negative
REV-10989,Update: Decent quality for the cost. Neither particularly impressed nor disappointed with the outcome. Keep this in mind.,Neutral
REV-10571,"Honestly, Remarkable experience from ordering to delivery. The product works like a dream.",Positive
REV-11737,Defective on arrival. Power switch did not turn on at all. Total garbage. Will look for alternatives.,Negative
REV-11064,"It is acceptable. Neither great nor terrible, just an everyday standard utility item. Would recommend.",Neutral
REV-10905,"In my opinion, Arrived on time. The color is slightly different from the website photos but acceptable. Keep this in mind.",Neutral
REV-11112,"In my opinion, It works as expected for a budget device. Does not stand out in any specific area. Glad I bought it.",Neutral
REV-11469,Update: Dreadful battery life and constant connection drops. Total waste of money and time.,Negative
REV-10406,After using it for two weeks: Very easy to set up and configure. Saved me hours of headache. Wonderful product! Keep this in mind.,Positive
REV-11606,Terrible experience. The item stopped working after two days and customer support was useless. Will look for alternatives.,Negative
REV-11767,Short review: Terrible experience. The item stopped working after two days and customer support was useless. Keep this in mind.,Negative
REV-11351,After using it for two weeks: Defective on arrival. Power switch did not turn on at all. Total garbage. Will look for alternatives.,Negative
REV-10781,"Honestly, Average performance overall. Battery lasts about five hours as stated in the manual.",Neutral
REV-10535,"In my opinion, Fantastic value for money! Superior craftsmanship and sleek modern aesthetics.",Positive
REV-10911,"In my opinion, Basic features work fine. Nothing noteworthy to write home about. Keep this in mind.",Neutral
REV-10227,"A game changer for my daily routine. Elegant, efficient, and exceptionally well engineered. Will look for alternatives.",Positive
REV-10232,Incredible sound clarity and deep bass. Far better than competitors in this price bracket.,Positive
REV-11654,Short review: Fell apart after one week of gentle use. Cheap materials and non-existent warranty support. Will look for alternatives.,Negative
REV-11544,"Update: Absolute nightmare. Flawed design, noisy motor, and terrible instruction manual. Would recommend.",Negative
REV-11102,Update: Delivery took a week as scheduled. The item arrived in plain packaging and operates properly. Would recommend.,Neutral
REV-10164,Update: Fantastic value for money! Superior craftsmanship and sleek modern aesthetics.,Positive
REV-11581,"In my opinion, Completely useless item. It overheated within fifteen minutes of light usage and shut down. Glad I bought it.",Negative
REV-11762,"Honestly, Very poor build quality. Feels cheap, flimsy, and completely fragile. Do not waste your money. Glad I bought it.",Negative
REV-10267,After using it for two weeks: Outstanding customer support. They resolved my query within ten minutes with great politeness. Would recommend.,Positive
REV-10149,"Update: A game changer for my daily routine. Elegant, efficient, and exceptionally well engineered. Glad I bought it.",Positive
REV-10515,"In my opinion, Super fast shipping! Arrived two days early in pristine condition. Five stars all the way. Just my two cents.",Positive
REV-11650,Update: Completely useless item. It overheated within fifteen minutes of light usage and shut down. Will look for alternatives.,Negative
REV-10594,"Short review: A game changer for my daily routine. Elegant, efficient, and exceptionally well engineered. Will look for alternatives.",Positive
REV-10800,"In my opinion, Standard delivery time. Packaging was adequate. Item matches the dimensions listed. Just my two cents.",Neutral
REV-11428,Worst customer service ever encountered. Waited three weeks for delivery and received the wrong model. Glad I bought it.,Negative
REV-10307,Update: Works flawlessly right out of the box. Highly recommended to anyone looking for reliable gear. Keep this in mind.,Positive
REV-10193,Update: Exceptional build quality and battery life. Best purchase I have made this year! Will look for alternatives.,Positive
REV-10679,Update: Fair product for routine daily tasks. It gets the job done without any fancy features. Just my two cents.,Neutral
REV-10310,"In my opinion, Works flawlessly right out of the box. Highly recommended to anyone looking for reliable gear. Would recommend.",Positive
REV-10694,After using it for two weeks: Delivery took a week as scheduled. The item arrived in plain packaging and operates properly. Glad I bought it.,Neutral
REV-10064,"Honestly, Top notch performance. Handles intensive daily use with zero lag or overheating. Keep this in mind.",Positive
REV-10969,"Honestly, Decent quality for the cost. Neither particularly impressed nor disappointed with the outcome.",Neutral
REV-11801,"Not bad at all, actually quite impressive compared to cheaper alternatives.",Positive
REV-11502,"Update: Extremely disappointed. The package arrived crushed, damaged, and parts were missing.",Negative
REV-11644,"After using it for two weeks: Extremely disappointed. The package arrived crushed, damaged, and parts were missing.",Negative
REV-11696,Defective on arrival. Power switch did not turn on at all. Total garbage. Would recommend.,Negative
REV-10846,Update: The size is as described. Operates within normal operational parameters.,Neutral
REV-11054,Update: Average performance overall. Battery lasts about five hours as stated in the manual. Will look for alternatives.,Neutral
REV-11797,Update: Do not buy this product! Extremely frustrated with the buggy software and constant crashes. Keep this in mind.,Negative
REV-11206,Cheap plastic that cracked on first contact. The worst purchase I have made in years. Just my two cents.,Negative
REV-11217,"Honestly, Unacceptable delays in shipping and zero communication from the vendor. Requesting immediate refund. Will look for alternatives.",Negative
REV-11753,Update: Defective on arrival. Power switch did not turn on at all. Total garbage. Just my two cents.,Negative
REV-11615,"In my opinion, Terrible experience. The item stopped working after two days and customer support was useless. Glad I bought it.",Negative
REV-11059,After using it for two weeks: Moderate build quality. Meets the basic specifications mentioned in the catalog description. Would recommend.,Neutral
REV-11042,Update: Arrived on time. The color is slightly different from the website photos but acceptable.,Neutral
REV-11659,Update: Cheap plastic that cracked on first contact. The worst purchase I have made in years. Just my two cents.,Negative
REV-10219,Short review: Very easy to set up and configure. Saved me hours of headache. Wonderful product! Would recommend.,Positive
REV-10683,"In my opinion, Basic features work fine. Nothing noteworthy to write home about. Just my two cents.",Neutral
REV-10287,Update: Outstanding customer support. They resolved my query within ten minutes with great politeness. Keep this in mind.,Positive
REV-11526,Terrible experience. The item stopped working after two days and customer support was useless. Would recommend.,Negative
REV-11456,Short review: Defective on arrival. Power switch did not turn on at all. Total garbage.,Negative
REV-10556,"In my opinion, Remarkable experience from ordering to delivery. The product works like a dream.",Positive
REV-10615,"Honestly, Moderate build quality. Meets the basic specifications mentioned in the catalog description. Will look for alternatives.",Neutral
REV-10362,"Update: A game changer for my daily routine. Elegant, efficient, and exceptionally well engineered. Will look for alternatives.",Positive
REV-10793,After using it for two weeks: Fair product for routine daily tasks. It gets the job done without any fancy features. Glad I bought it.,Neutral
REV-11281,Short review: Terrible experience. The item stopped working after two days and customer support was useless. Keep this in mind.,Negative
REV-11473,"Horrible quality control. The buttons are stiff, unresponsive, and the screen flickered immediately. Glad I bought it.",Negative
REV-11260,Update: Do not buy this product! Extremely frustrated with the buggy software and constant crashes. Would recommend.,Negative
REV-10486,Update: I am extremely satisfied with this purchase. The interface is intuitive and response time is instant. Glad I bought it.,Positive
REV-11487,"Honestly, Fell apart after one week of gentle use. Cheap materials and non-existent warranty support. Will look for alternatives.",Negative
REV-10558,Short review: Outstanding customer support. They resolved my query within ten minutes with great politeness. Will look for alternatives.,Positive
REV-11442,Do not buy this product! Extremely frustrated with the buggy software and constant crashes. Would recommend.,Negative
REV-10882,"In my opinion, Average performance overall. Battery lasts about five hours as stated in the manual. Keep this in mind.",Neutral
REV-10745,"In my opinion, Delivery took a week as scheduled. The item arrived in plain packaging and operates properly. Would recommend.",Neutral
REV-11513,"Short review: Very poor build quality. Feels cheap, flimsy, and completely fragile. Do not waste your money. Would recommend.",Negative
REV-10670,"In my opinion, Decent quality for the cost. Neither particularly impressed nor disappointed with the outcome. Keep this in mind.",Neutral
REV-11164,Standard quality for this price range. Serves its intended purpose. Would recommend.,Neutral
REV-11522,"Honestly, Extremely disappointed. The package arrived crushed, damaged, and parts were missing. Will look for alternatives.",Negative
REV-10908,Update: Decent quality for the cost. Neither particularly impressed nor disappointed with the outcome. Just my two cents.,Neutral
REV-10887,After using it for two weeks: Decent quality for the cost. Neither particularly impressed nor disappointed with the outcome. Keep this in mind.,Neutral
REV-10819,"Honestly, It is acceptable. Neither great nor terrible, just an everyday standard utility item. Keep this in mind.",Neutral
REV-10746,Average performance overall. Battery lasts about five hours as stated in the manual. Glad I bought it.,Neutral
REV-10888,"Honestly, The unit functions normally. Setup took about twenty minutes following the user guide. Would recommend.",Neutral
REV-10862,"Honestly, Delivery took a week as scheduled. The item arrived in plain packaging and operates properly. Keep this in mind.",Neutral
REV-11285,"In my opinion, Dreadful battery life and constant connection drops. Total waste of money and time. Just my two cents.",Negative
REV-11379,"Honestly, Cheap plastic that cracked on first contact. The worst purchase I have made in years. Will look for alternatives.",Negative
REV-10494,"Honestly, Brilliant design and rock solid durability. I have already recommended it to all my colleagues. Keep this in mind.",Positive
REV-11193,Short review: Basic features work fine. Nothing noteworthy to write home about. Would recommend.,Neutral
REV-10278,Short review: Absolutely love this product! The quality exceeded my expectations and delivery was super fast. Keep this in mind.,Positive
REV-11672,Update: Unacceptable delays in shipping and zero communication from the vendor. Requesting immediate refund. Keep this in mind.,Negative
REV-10359,Update: Remarkable experience from ordering to delivery. The product works like a dream. Keep this in mind.,Positive
REV-10995,"Honestly, It works as expected for a budget device. Does not stand out in any specific area. Just my two cents.",Neutral
REV-10237,After using it for two weeks: Outstanding customer support. They resolved my query within ten minutes with great politeness. Just my two cents.,Positive
REV-11691,Short review: Terrible customer care. Sent three emails regarding the defect and received zero response. Just my two cents.,Negative
REV-11643,"After using it for two weeks: Absolute nightmare. Flawed design, noisy motor, and terrible instruction manual. Glad I bought it.",Negative
REV-10209,"After using it for two weeks: High quality materials, elegant design, and totally worth every single penny. Just my two cents.",Positive
REV-11253,After using it for two weeks: Cheap plastic that cracked on first contact. The worst purchase I have made in years.,Negative
REV-11415,"Update: Very poor build quality. Feels cheap, flimsy, and completely fragile. Do not waste your money.",Negative
REV-10059,Update: Delightful customer experience! The packaging was eco-friendly and the item works beautifully. Glad I bought it.,Positive
REV-11684,Short review: Unacceptable delays in shipping and zero communication from the vendor. Requesting immediate refund. Just my two cents.,Negative
REV-11432,Short review: Defective on arrival. Power switch did not turn on at all. Total garbage. Just my two cents.,Negative
REV-10364,Update: Absolutely love this product! The quality exceeded my expectations and delivery was super fast. Just my two cents.,Positive
REV-11657,"Short review: Absolute nightmare. Flawed design, noisy motor, and terrible instruction manual.",Negative
REV-10810,"Honestly, Delivery took a week as scheduled. The item arrived in plain packaging and operates properly.",Neutral
REV-11676,Cheap plastic that cracked on first contact. The worst purchase I have made in years.,Negative
REV-11455,Cheap plastic that cracked on first contact. The worst purchase I have made in years. Keep this in mind.,Negative
REV-11108,"Short review: It is acceptable. Neither great nor terrible, just an everyday standard utility item. Would recommend.",Neutral
REV-10926,Short review: It works as expected for a budget device. Does not stand out in any specific area.,Neutral
REV-10964,"In my opinion, Standard delivery time. Packaging was adequate. Item matches the dimensions listed. Will look for alternatives.",Neutral
REV-10678,Short review: Basic features work fine. Nothing noteworthy to write home about.,Neutral
REV-10119,After using it for two weeks: Incredible sound clarity and deep bass. Far better than competitors in this price bracket. Would recommend.,Positive
REV-11579,Short review: Completely useless item. It overheated within fifteen minutes of light usage and shut down. Just my two cents.,Negative
REV-11343,Terrible customer care. Sent three emails regarding the defect and received zero response. Would recommend.,Negative
REV-10523,"After using it for two weeks: A game changer for my daily routine. Elegant, efficient, and exceptionally well engineered. Just my two cents.",Positive
REV-10514,Update: Works flawlessly right out of the box. Highly recommended to anyone looking for reliable gear.,Positive
REV-10082,After using it for two weeks: Works flawlessly right out of the box. Highly recommended to anyone looking for reliable gear. Just my two cents.,Positive
REV-10866,Update: The size is as described. Operates within normal operational parameters.,Neutral
REV-11751,"Honestly, Terrible customer care. Sent three emails regarding the defect and received zero response. Glad I bought it.",Negative
REV-10381,"In my opinion, Very easy to set up and configure. Saved me hours of headache. Wonderful product! Keep this in mind.",Positive
REV-11582,"Honestly, Extremely disappointed. The package arrived crushed, damaged, and parts were missing. Just my two cents.",Negative
REV-10085,"Honestly, Exceptional build quality and battery life. Best purchase I have made this year! Would recommend.",Positive
REV-11524,Defective on arrival. Power switch did not turn on at all. Total garbage. Keep this in mind.,Negative
REV-10330,After using it for two weeks: I am extremely satisfied with this purchase. The interface is intuitive and response time is instant. Keep this in mind.,Positive
REV-10963,"In my opinion, The product is okay. It does the job adequately but nothing extraordinary for the price point. Just my two cents.",Neutral
REV-10620,"Honestly, Average performance overall. Battery lasts about five hours as stated in the manual. Keep this in mind.",Neutral
REV-10629,"In my opinion, Delivery took a week as scheduled. The item arrived in plain packaging and operates properly.",Neutral
REV-11055,"Honestly, Moderate build quality. Meets the basic specifications mentioned in the catalog description. Just my two cents.",Neutral
REV-11324,"In my opinion, Terrible customer care. Sent three emails regarding the defect and received zero response. Keep this in mind.",Negative
REV-10452,Update: I am extremely satisfied with this purchase. The interface is intuitive and response time is instant. Just my two cents.,Positive
REV-10491,Update: Absolutely love this product! The quality exceeded my expectations and delivery was super fast. Just my two cents.,Positive
REV-11340,Short review: Completely useless item. It overheated within fifteen minutes of light usage and shut down. Glad I bought it.,Negative
REV-10288,Short review: Incredible sound clarity and deep bass. Far better than competitors in this price bracket.,Positive
REV-10760,Update: Delivery took a week as scheduled. The item arrived in plain packaging and operates properly. Keep this in mind.,Neutral
REV-11796,"In my opinion, Worst customer service ever encountered. Waited three weeks for delivery and received the wrong model. Will look for alternatives.",Negative
REV-11236,"In my opinion, Cheap plastic that cracked on first contact. The worst purchase I have made in years. Just my two cents.",Negative
REV-11604,"In my opinion, Very poor build quality. Feels cheap, flimsy, and completely fragile. Do not waste your money. Glad I bought it.",Negative
REV-11589,Short review: Worst customer service ever encountered. Waited three weeks for delivery and received the wrong model. Just my two cents.,Negative
REV-11007,"In my opinion, Fair product for routine daily tasks. It gets the job done without any fancy features. Glad I bought it.",Neutral
REV-11617,"After using it for two weeks: Extremely disappointed. The package arrived crushed, damaged, and parts were missing. Would recommend.",Negative
REV-11736,"In my opinion, Unacceptable delays in shipping and zero communication from the vendor. Requesting immediate refund. Glad I bought it.",Negative
REV-11499,Short review: Do not buy this product! Extremely frustrated with the buggy software and constant crashes. Glad I bought it.,Negative
REV-10328,Short review: Fantastic value for money! Superior craftsmanship and sleek modern aesthetics. Would recommend.,Positive
REV-10868,Short review: The product is okay. It does the job adequately but nothing extraordinary for the price point. Keep this in mind.,Neutral
REV-11656,Worst customer service ever encountered. Waited three weeks for delivery and received the wrong model. Will look for alternatives.,Negative
REV-10967,Update: The size is as described. Operates within normal operational parameters. Glad I bought it.,Neutral
REV-10768,Update: Basic features work fine. Nothing noteworthy to write home about. Keep this in mind.,Neutral
REV-10731,"In my opinion, Average performance overall. Battery lasts about five hours as stated in the manual.",Neutral
REV-10178,"In my opinion, Delightful customer experience! The packaging was eco-friendly and the item works beautifully. Will look for alternatives.",Positive
REV-10614,The product is okay. It does the job adequately but nothing extraordinary for the price point. Just my two cents.,Neutral
REV-10586,Short review: Outstanding customer support. They resolved my query within ten minutes with great politeness. Will look for alternatives.,Positive
REV-10087,Update: Remarkable experience from ordering to delivery. The product works like a dream. Would recommend.,Positive
REV-11272,"In my opinion, Terrible experience. The item stopped working after two days and customer support was useless. Just my two cents.",Negative
REV-11716,Short review: Do not buy this product! Extremely frustrated with the buggy software and constant crashes.,Negative
REV-10458,Update: Absolutely love this product! The quality exceeded my expectations and delivery was super fast.,Positive
REV-10055,Update: Fantastic value for money! Superior craftsmanship and sleek modern aesthetics. Will look for alternatives.,Positive
REV-11360,Terrible customer care. Sent three emails regarding the defect and received zero response. Keep this in mind.,Negative
REV-10222,"In my opinion, Remarkable experience from ordering to delivery. The product works like a dream.",Positive
REV-10114,"After using it for two weeks: High quality materials, elegant design, and totally worth every single penny.",Positive
REV-11740,Short review: Worst customer service ever encountered. Waited three weeks for delivery and received the wrong model. Just my two cents.,Negative
REV-11118,"Honestly, Practical design, though the plastic casing feels standard. Acceptable performance.",Neutral
REV-11092,Update: Moderate build quality. Meets the basic specifications mentioned in the catalog description. Would recommend.,Neutral
REV-10175,"Honestly, Delightful customer experience! The packaging was eco-friendly and the item works beautifully. Would recommend.",Positive
REV-11596,"After using it for two weeks: Absolute nightmare. Flawed design, noisy motor, and terrible instruction manual. Would recommend.",Negative
REV-10590,"Honestly, Very easy to set up and configure. Saved me hours of headache. Wonderful product! Keep this in mind.",Positive
REV-11724,"Honestly, Horrible quality control. The buttons are stiff, unresponsive, and the screen flickered immediately. Just my two cents.",Negative
REV-10019,Works flawlessly right out of the box. Highly recommended to anyone looking for reliable gear. Just my two cents.,Positive
REV-10424,Short review: Top notch performance. Handles intensive daily use with zero lag or overheating. Glad I bought it.,Positive
REV-11321,After using it for two weeks: Do not buy this product! Extremely frustrated with the buggy software and constant crashes. Keep this in mind.,Negative
REV-10286,"In my opinion, Incredible sound clarity and deep bass. Far better than competitors in this price bracket. Glad I bought it.",Positive
REV-11785,"After using it for two weeks: Horrible quality control. The buttons are stiff, unresponsive, and the screen flickered immediately.",Negative
REV-10429,"Honestly, Incredible sound clarity and deep bass. Far better than competitors in this price bracket.",Positive
REV-11690,"In my opinion, Worst customer service ever encountered. Waited three weeks for delivery and received the wrong model. Will look for alternatives.",Negative
REV-11735,Short review: Fell apart after one week of gentle use. Cheap materials and non-existent warranty support. Keep this in mind.,Negative
REV-10032,Short review: Delightful customer experience! The packaging was eco-friendly and the item works beautifully. Just my two cents.,Positive
REV-11671,"Horrible quality control. The buttons are stiff, unresponsive, and the screen flickered immediately. Just my two cents.",Negative
REV-11005,"Honestly, It works as expected for a budget device. Does not stand out in any specific area.",Neutral
REV-10215,Update: Very easy to set up and configure. Saved me hours of headache. Wonderful product! Keep this in mind.,Positive
REV-11126,"Short review: Practical design, though the plastic casing feels standard. Acceptable performance. Just my two cents.",Neutral
REV-10327,"In my opinion, Exceptional build quality and battery life. Best purchase I have made this year! Would recommend.",Positive
REV-10561,"In my opinion, Very easy to set up and configure. Saved me hours of headache. Wonderful product! Keep this in mind.",Positive
REV-10998,"In my opinion, Practical design, though the plastic casing feels standard. Acceptable performance. Glad I bought it.",Neutral
REV-10807,Basic features work fine. Nothing noteworthy to write home about.,Neutral
REV-11770,"Short review: Very poor build quality. Feels cheap, flimsy, and completely fragile. Do not waste your money. Will look for alternatives.",Negative
REV-10342,"Honestly, A game changer for my daily routine. Elegant, efficient, and exceptionally well engineered. Glad I bought it.",Positive
REV-10148,Top notch performance. Handles intensive daily use with zero lag or overheating. Just my two cents.,Positive
REV-10361,After using it for two weeks: Super fast shipping! Arrived two days early in pristine condition. Five stars all the way. Glad I bought it.,Positive
REV-10084,Update: Delightful customer experience! The packaging was eco-friendly and the item works beautifully. Will look for alternatives.,Positive
REV-10049,"Honestly, I am extremely satisfied with this purchase. The interface is intuitive and response time is instant. Would recommend.",Positive
REV-10469,Update: Fantastic value for money! Superior craftsmanship and sleek modern aesthetics. Just my two cents.,Positive
REV-10156,Short review: Brilliant design and rock solid durability. I have already recommended it to all my colleagues. Glad I bought it.,Positive
REV-11211,After using it for two weeks: Worst customer service ever encountered. Waited three weeks for delivery and received the wrong model. Would recommend.,Negative
REV-11626,Update: Do not buy this product! Extremely frustrated with the buggy software and constant crashes. Just my two cents.,Negative
REV-11095,After using it for two weeks: Standard delivery time. Packaging was adequate. Item matches the dimensions listed. Glad I bought it.,Neutral
REV-11621,Do not buy this product! Extremely frustrated with the buggy software and constant crashes. Will look for alternatives.,Negative
REV-10501,"Honestly, Incredible sound clarity and deep bass. Far better than competitors in this price bracket.",Positive
REV-10180,"Honestly, Very easy to set up and configure. Saved me hours of headache. Wonderful product! Glad I bought it.",Positive
REV-10893,"In my opinion, Standard quality for this price range. Serves its intended purpose. Will look for alternatives.",Neutral
REV-10652,"In my opinion, The unit functions normally. Setup took about twenty minutes following the user guide. Just my two cents.",Neutral
REV-10965,"In my opinion, Delivery took a week as scheduled. The item arrived in plain packaging and operates properly. Just my two cents.",Neutral
REV-10529,After using it for two weeks: Fantastic value for money! Superior craftsmanship and sleek modern aesthetics. Glad I bought it.,Positive
REV-10347,Short review: Works flawlessly right out of the box. Highly recommended to anyone looking for reliable gear. Would recommend.,Positive
REV-11254,Terrible experience. The item stopped working after two days and customer support was useless. Glad I bought it.,Negative
REV-11771,"In my opinion, Fell apart after one week of gentle use. Cheap materials and non-existent warranty support. Will look for alternatives.",Negative
REV-11202,Update: Completely useless item. It overheated within fifteen minutes of light usage and shut down.,Negative
REV-11670,"In my opinion, Terrible customer care. Sent three emails regarding the defect and received zero response. Keep this in mind.",Negative
REV-10835,"Short review: Practical design, though the plastic casing feels standard. Acceptable performance. Just my two cents.",Neutral
REV-10602,"In my opinion, Standard delivery time. Packaging was adequate. Item matches the dimensions listed. Keep this in mind.",Neutral
REV-11323,"In my opinion, Very poor build quality. Feels cheap, flimsy, and completely fragile. Do not waste your money. Keep this in mind.",Negative
REV-10244,"Honestly, Works flawlessly right out of the box. Highly recommended to anyone looking for reliable gear. Just my two cents.",Positive
REV-11640,"Short review: Horrible quality control. The buttons are stiff, unresponsive, and the screen flickered immediately. Glad I bought it.",Negative
REV-11336,"Honestly, Cheap plastic that cracked on first contact. The worst purchase I have made in years. Would recommend.",Negative
REV-10313,After using it for two weeks: Very easy to set up and configure. Saved me hours of headache. Wonderful product! Keep this in mind.,Positive
REV-10436,After using it for two weeks: Top notch performance. Handles intensive daily use with zero lag or overheating. Glad I bought it.,Positive
REV-11715,"Honestly, Completely useless item. It overheated within fifteen minutes of light usage and shut down. Glad I bought it.",Negative
REV-10775,Update: Basic features work fine. Nothing noteworthy to write home about. Just my two cents.,Neutral
REV-10309,Short review: Fantastic value for money! Superior craftsmanship and sleek modern aesthetics. Keep this in mind.,Positive
REV-10431,Update: Delightful customer experience! The packaging was eco-friendly and the item works beautifully. Glad I bought it.,Positive
REV-10371,"In my opinion, Super fast shipping! Arrived two days early in pristine condition. Five stars all the way.",Positive
REV-10567,After using it for two weeks: Super fast shipping! Arrived two days early in pristine condition. Five stars all the way. Will look for alternatives.,Positive
REV-10809,Update: It works as expected for a budget device. Does not stand out in any specific area. Just my two cents.,Neutral
REV-10182,Fantastic value for money! Superior craftsmanship and sleek modern aesthetics. Will look for alternatives.,Positive
REV-11705,Terrible customer care. Sent three emails regarding the defect and received zero response. Would recommend.,Negative
REV-10622,After using it for two weeks: Decent quality for the cost. Neither particularly impressed nor disappointed with the outcome. Just my two cents.,Neutral
REV-10681,Update: Fair product for routine daily tasks. It gets the job done without any fancy features. Would recommend.,Neutral
REV-11765,Update: Worst customer service ever encountered. Waited three weeks for delivery and received the wrong model. Glad I bought it.,Negative
REV-10983,"Short review: Practical design, though the plastic casing feels standard. Acceptable performance.",Neutral
REV-11666,Update: Terrible customer care. Sent three emails regarding the defect and received zero response. Glad I bought it.,Negative
REV-10297,Remarkable experience from ordering to delivery. The product works like a dream. Keep this in mind.,Positive
REV-10917,"Honestly, Fair product for routine daily tasks. It gets the job done without any fancy features. Keep this in mind.",Neutral
REV-10462,Short review: Exceptional build quality and battery life. Best purchase I have made this year! Just my two cents.,Positive
REV-11180,It works as expected for a budget device. Does not stand out in any specific area.,Neutral
REV-10985,"Honestly, Standard quality for this price range. Serves its intended purpose.",Neutral
REV-10378,"Short review: High quality materials, elegant design, and totally worth every single penny. Would recommend.",Positive
REV-10980,"In my opinion, It works as expected for a budget device. Does not stand out in any specific area. Just my two cents.",Neutral
REV-10106,"Honestly, Super fast shipping! Arrived two days early in pristine condition. Five stars all the way. Will look for alternatives.",Positive
REV-10127,"Honestly, A game changer for my daily routine. Elegant, efficient, and exceptionally well engineered.",Positive
REV-11030,"Honestly, Average performance overall. Battery lasts about five hours as stated in the manual. Glad I bought it.",Neutral
REV-11720,"Honestly, Defective on arrival. Power switch did not turn on at all. Total garbage. Just my two cents.",Negative
REV-10356,"Honestly, Outstanding customer support. They resolved my query within ten minutes with great politeness. Keep this in mind.",Positive
REV-11468,Defective on arrival. Power switch did not turn on at all. Total garbage. Would recommend.,Negative
REV-10675,Delivery took a week as scheduled. The item arrived in plain packaging and operates properly. Keep this in mind.,Neutral
REV-11803,"Great, another delay in shipping just when I needed it urgently.",Negative
REV-10210,Short review: Fantastic value for money! Superior craftsmanship and sleek modern aesthetics. Just my two cents.,Positive
REV-10737,After using it for two weeks: Average performance overall. Battery lasts about five hours as stated in the manual.,Neutral
REV-10141,Exceptional build quality and battery life. Best purchase I have made this year! Keep this in mind.,Positive
REV-11299,"In my opinion, Dreadful battery life and constant connection drops. Total waste of money and time.",Negative
REV-11209,After using it for two weeks: Defective on arrival. Power switch did not turn on at all. Total garbage. Would recommend.,Negative
REV-10918,Update: Standard quality for this price range. Serves its intended purpose. Would recommend.,Neutral
REV-11429,"Update: Very poor build quality. Feels cheap, flimsy, and completely fragile. Do not waste your money. Would recommend.",Negative
REV-11256,Update: Fell apart after one week of gentle use. Cheap materials and non-existent warranty support. Keep this in mind.,Negative
REV-10744,Standard quality for this price range. Serves its intended purpose. Just my two cents.,Neutral
REV-11634,Short review: Terrible customer care. Sent three emails regarding the defect and received zero response. Just my two cents.,Negative
REV-11495,"Update: Very poor build quality. Feels cheap, flimsy, and completely fragile. Do not waste your money. Keep this in mind.",Negative
REV-10713,Update: Basic features work fine. Nothing noteworthy to write home about. Just my two cents.,Neutral
REV-10011,After using it for two weeks: Top notch performance. Handles intensive daily use with zero lag or overheating. Would recommend.,Positive
REV-11540,"After using it for two weeks: Horrible quality control. The buttons are stiff, unresponsive, and the screen flickered immediately. Keep this in mind.",Negative
REV-11246,Update: Do not buy this product! Extremely frustrated with the buggy software and constant crashes. Keep this in mind.,Negative
REV-10283,"Honestly, Outstanding customer support. They resolved my query within ten minutes with great politeness. Would recommend.",Positive
REV-10292,After using it for two weeks: Brilliant design and rock solid durability. I have already recommended it to all my colleagues. Will look for alternatives.,Positive
REV-10627,Short review: Decent quality for the cost. Neither particularly impressed nor disappointed with the outcome. Just my two cents.,Neutral
REV-10782,"After using it for two weeks: Practical design, though the plastic casing feels standard. Acceptable performance.",Neutral
REV-11250,Update: Defective on arrival. Power switch did not turn on at all. Total garbage.,Negative
REV-10130,Update: Exceptional build quality and battery life. Best purchase I have made this year! Would recommend.,Positive
REV-11668,"After using it for two weeks: Very poor build quality. Feels cheap, flimsy, and completely fragile. Do not waste your money. Keep this in mind.",Negative
REV-10324,"Honestly, Very easy to set up and configure. Saved me hours of headache. Wonderful product! Just my two cents.",Positive
REV-11117,Update: The product is okay. It does the job adequately but nothing extraordinary for the price point. Would recommend.,Neutral
REV-10701,"Short review: It is acceptable. Neither great nor terrible, just an everyday standard utility item.",Neutral
REV-11041,The size is as described. Operates within normal operational parameters. Just my two cents.,Neutral
REV-11792,"In my opinion, Absolute nightmare. Flawed design, noisy motor, and terrible instruction manual. Glad I bought it.",Negative
REV-10940,After using it for two weeks: Average performance overall. Battery lasts about five hours as stated in the manual. Just my two cents.,Neutral
REV-11616,"Very poor build quality. Feels cheap, flimsy, and completely fragile. Do not waste your money. Glad I bought it.",Negative
REV-11714,Update: Unacceptable delays in shipping and zero communication from the vendor. Requesting immediate refund. Glad I bought it.,Negative
REV-10931,Update: Basic features work fine. Nothing noteworthy to write home about. Keep this in mind.,Neutral
REV-11212,"Honestly, Very poor build quality. Feels cheap, flimsy, and completely fragile. Do not waste your money. Will look for alternatives.",Negative
REV-10159,After using it for two weeks: Brilliant design and rock solid durability. I have already recommended it to all my colleagues. Glad I bought it.,Positive
REV-10817,After using it for two weeks: Delivery took a week as scheduled. The item arrived in plain packaging and operates properly. Glad I bought it.,Neutral
REV-10635,Short review: Fair product for routine daily tasks. It gets the job done without any fancy features. Will look for alternatives.,Neutral
REV-10517,After using it for two weeks: Remarkable experience from ordering to delivery. The product works like a dream. Just my two cents.,Positive
REV-11291,"In my opinion, Defective on arrival. Power switch did not turn on at all. Total garbage. Keep this in mind.",Negative
REV-10598,"Honestly, Top notch performance. Handles intensive daily use with zero lag or overheating. Would recommend.",Positive
REV-10196,After using it for two weeks: Exceptional build quality and battery life. Best purchase I have made this year! Keep this in mind.,Positive
REV-11492,"Short review: Horrible quality control. The buttons are stiff, unresponsive, and the screen flickered immediately.",Negative
REV-10723,Short review: Decent quality for the cost. Neither particularly impressed nor disappointed with the outcome. Will look for alternatives.,Neutral
REV-10411,After using it for two weeks: Very easy to set up and configure. Saved me hours of headache. Wonderful product! Just my two cents.,Positive
REV-10097,After using it for two weeks: Very easy to set up and configure. Saved me hours of headache. Wonderful product! Would recommend.,Positive
REV-11393,"Honestly, Defective on arrival. Power switch did not turn on at all. Total garbage.",Negative
REV-11447,"Absolute nightmare. Flawed design, noisy motor, and terrible instruction manual.",Negative
REV-10157,After using it for two weeks: Top notch performance. Handles intensive daily use with zero lag or overheating. Glad I bought it.,Positive
REV-10420,"Honestly, Exceptional build quality and battery life. Best purchase I have made this year!",Positive
REV-10902,"In my opinion, Practical design, though the plastic casing feels standard. Acceptable performance. Will look for alternatives.",Neutral
REV-10478,"In my opinion, Delightful customer experience! The packaging was eco-friendly and the item works beautifully. Just my two cents.",Positive
REV-11361,"Honestly, Misleading product description. The actual item does not support the features advertised. Will look for alternatives.",Negative
REV-10669,After using it for two weeks: Fair product for routine daily tasks. It gets the job done without any fancy features. Just my two cents.,Neutral
REV-11069,"Practical design, though the plastic casing feels standard. Acceptable performance. Will look for alternatives.",Neutral
REV-10910,After using it for two weeks: Standard delivery time. Packaging was adequate. Item matches the dimensions listed. Glad I bought it.,Neutral
REV-11178,Short review: Basic features work fine. Nothing noteworthy to write home about. Just my two cents.,Neutral
REV-10448,Update: Exceptional build quality and battery life. Best purchase I have made this year! Will look for alternatives.,Positive
REV-11533,"Horrible quality control. The buttons are stiff, unresponsive, and the screen flickered immediately. Will look for alternatives.",Negative
REV-10179,Short review: Very easy to set up and configure. Saved me hours of headache. Wonderful product! Just my two cents.,Positive
REV-10391,Update: Brilliant design and rock solid durability. I have already recommended it to all my colleagues. Keep this in mind.,Positive
REV-10579,Update: Delightful customer experience! The packaging was eco-friendly and the item works beautifully. Just my two cents.,Positive
REV-10833,Update: Standard delivery time. Packaging was adequate. Item matches the dimensions listed. Keep this in mind.,Neutral
REV-11552,"In my opinion, Absolute nightmare. Flawed design, noisy motor, and terrible instruction manual.",Negative
REV-10904,Update: The product is okay. It does the job adequately but nothing extraordinary for the price point. Keep this in mind.,Neutral
REV-11493,Unacceptable delays in shipping and zero communication from the vendor. Requesting immediate refund. Keep this in mind.,Negative
REV-10755,Decent quality for the cost. Neither particularly impressed nor disappointed with the outcome.,Neutral
REV-10858,"Honestly, Decent quality for the cost. Neither particularly impressed nor disappointed with the outcome. Just my two cents.",Neutral
REV-10814,Short review: Basic features work fine. Nothing noteworthy to write home about. Glad I bought it.,Neutral
REV-11708,"In my opinion, Dreadful battery life and constant connection drops. Total waste of money and time. Glad I bought it.",Negative
REV-10665,Update: Delivery took a week as scheduled. The item arrived in plain packaging and operates properly. Just my two cents.,Neutral
REV-10143,"In my opinion, Outstanding customer support. They resolved my query within ten minutes with great politeness.",Positive
REV-11375,Worst customer service ever encountered. Waited three weeks for delivery and received the wrong model. Glad I bought it.,Negative
REV-11583,Short review: Misleading product description. The actual item does not support the features advertised. Will look for alternatives.,Negative
REV-10422,"Honestly, A game changer for my daily routine. Elegant, efficient, and exceptionally well engineered. Will look for alternatives.",Positive
REV-10637,Short review: Moderate build quality. Meets the basic specifications mentioned in the catalog description. Would recommend.,Neutral
REV-11270,"In my opinion, Very poor build quality. Feels cheap, flimsy, and completely fragile. Do not waste your money.",Negative
REV-10927,Update: The unit functions normally. Setup took about twenty minutes following the user guide. Glad I bought it.,Neutral
REV-10616,After using it for two weeks: The unit functions normally. Setup took about twenty minutes following the user guide. Glad I bought it.,Neutral
REV-10295,"High quality materials, elegant design, and totally worth every single penny. Just my two cents.",Positive
REV-11629,"Honestly, Worst customer service ever encountered. Waited three weeks for delivery and received the wrong model.",Negative
REV-11719,"Honestly, Cheap plastic that cracked on first contact. The worst purchase I have made in years. Would recommend.",Negative
REV-10089,Short review: Exceptional build quality and battery life. Best purchase I have made this year! Just my two cents.,Positive
REV-10042,"Honestly, I am extremely satisfied with this purchase. The interface is intuitive and response time is instant. Just my two cents.",Positive
REV-11632,"In my opinion, Terrible experience. The item stopped working after two days and customer support was useless.",Negative
REV-11747,After using it for two weeks: Defective on arrival. Power switch did not turn on at all. Total garbage. Glad I bought it.,Negative
REV-10132,Remarkable experience from ordering to delivery. The product works like a dream. Will look for alternatives.,Positive
REV-11238,"Honestly, Horrible quality control. The buttons are stiff, unresponsive, and the screen flickered immediately. Just my two cents.",Negative
REV-10818,After using it for two weeks: It works as expected for a budget device. Does not stand out in any specific area.,Neutral
REV-10932,Short review: Arrived on time. The color is slightly different from the website photos but acceptable.,Neutral
REV-11679,"After using it for two weeks: Absolute nightmare. Flawed design, noisy motor, and terrible instruction manual. Glad I bought it.",Negative
REV-11551,"Honestly, Unacceptable delays in shipping and zero communication from the vendor. Requesting immediate refund.",Negative
REV-10165,Exceptional build quality and battery life. Best purchase I have made this year! Just my two cents.,Positive
REV-10725,After using it for two weeks: Decent quality for the cost. Neither particularly impressed nor disappointed with the outcome. Would recommend.,Neutral
REV-10291,"In my opinion, Delightful customer experience! The packaging was eco-friendly and the item works beautifully. Keep this in mind.",Positive
REV-11713,"Honestly, Horrible quality control. The buttons are stiff, unresponsive, and the screen flickered immediately. Will look for alternatives.",Negative
REV-10842,Update: Average performance overall. Battery lasts about five hours as stated in the manual.,Neutral
REV-10349,"A game changer for my daily routine. Elegant, efficient, and exceptionally well engineered. Keep this in mind.",Positive
REV-10572,"In my opinion, Outstanding customer support. They resolved my query within ten minutes with great politeness. Keep this in mind.",Positive
REV-11418,Update: Completely useless item. It overheated within fifteen minutes of light usage and shut down. Just my two cents.,Negative
REV-11768,Update: Unacceptable delays in shipping and zero communication from the vendor. Requesting immediate refund.,Negative
REV-10974,After using it for two weeks: Standard delivery time. Packaging was adequate. Item matches the dimensions listed. Glad I bought it.,Neutral
REV-11445,"In my opinion, Extremely disappointed. The package arrived crushed, damaged, and parts were missing. Would recommend.",Negative
REV-11190,"Honestly, Decent quality for the cost. Neither particularly impressed nor disappointed with the outcome. Just my two cents.",Neutral
REV-10847,"In my opinion, Average performance overall. Battery lasts about five hours as stated in the manual. Just my two cents.",Neutral
REV-10459,"Short review: High quality materials, elegant design, and totally worth every single penny. Just my two cents.",Positive
REV-10376,Short review: Remarkable experience from ordering to delivery. The product works like a dream. Would recommend.,Positive
REV-10334,"In my opinion, Works flawlessly right out of the box. Highly recommended to anyone looking for reliable gear. Glad I bought it.",Positive
REV-11058,"Update: Practical design, though the plastic casing feels standard. Acceptable performance. Will look for alternatives.",Neutral
REV-11595,Update: Defective on arrival. Power switch did not turn on at all. Total garbage.,Negative
REV-11319,Update: Dreadful battery life and constant connection drops. Total waste of money and time. Glad I bought it.,Negative
REV-11358,After using it for two weeks: Do not buy this product! Extremely frustrated with the buggy software and constant crashes. Just my two cents.,Negative
REV-11645,After using it for two weeks: Worst customer service ever encountered. Waited three weeks for delivery and received the wrong model. Will look for alternatives.,Negative
REV-11681,Update: Unacceptable delays in shipping and zero communication from the vendor. Requesting immediate refund. Will look for alternatives.,Negative
REV-11664,"Short review: Very poor build quality. Feels cheap, flimsy, and completely fragile. Do not waste your money. Will look for alternatives.",Negative
REV-11743,"Honestly, Cheap plastic that cracked on first contact. The worst purchase I have made in years.",Negative
REV-11158,Update: The unit functions normally. Setup took about twenty minutes following the user guide. Will look for alternatives.,Neutral
REV-10329,Short review: Works flawlessly right out of the box. Highly recommended to anyone looking for reliable gear. Keep this in mind.,Positive
REV-10874,"Honestly, Fair product for routine daily tasks. It gets the job done without any fancy features. Just my two cents.",Neutral
REV-10319,Update: Works flawlessly right out of the box. Highly recommended to anyone looking for reliable gear. Just my two cents.,Positive
REV-11388,"Honestly, Very poor build quality. Feels cheap, flimsy, and completely fragile. Do not waste your money. Will look for alternatives.",Negative
REV-11227,Short review: Worst customer service ever encountered. Waited three weeks for delivery and received the wrong model. Just my two cents.,Negative
REV-11573,"Honestly, Cheap plastic that cracked on first contact. The worst purchase I have made in years. Glad I bought it.",Negative
REV-10168,"Honestly, Top notch performance. Handles intensive daily use with zero lag or overheating. Will look for alternatives.",Positive
REV-10013,Very easy to set up and configure. Saved me hours of headache. Wonderful product! Would recommend.,Positive
REV-10172,Brilliant design and rock solid durability. I have already recommended it to all my colleagues. Glad I bought it.,Positive
REV-10650,After using it for two weeks: Arrived on time. The color is slightly different from the website photos but acceptable. Keep this in mind.,Neutral
REV-10261,Short review: Top notch performance. Handles intensive daily use with zero lag or overheating. Just my two cents.,Positive
REV-11577,Cheap plastic that cracked on first contact. The worst purchase I have made in years. Keep this in mind.,Negative
REV-11273,"Short review: Very poor build quality. Feels cheap, flimsy, and completely fragile. Do not waste your money. Would recommend.",Negative
REV-10673,Fair product for routine daily tasks. It gets the job done without any fancy features.,Neutral
REV-10259,Super fast shipping! Arrived two days early in pristine condition. Five stars all the way. Glad I bought it.,Positive
REV-11088,"Honestly, Arrived on time. The color is slightly different from the website photos but acceptable. Glad I bought it.",Neutral
REV-10139,I am extremely satisfied with this purchase. The interface is intuitive and response time is instant.,Positive
REV-10550,"Honestly, Very easy to set up and configure. Saved me hours of headache. Wonderful product! Keep this in mind.",Positive
REV-10870,Update: Basic features work fine. Nothing noteworthy to write home about. Will look for alternatives.,Neutral
REV-11385,Short review: Terrible experience. The item stopped working after two days and customer support was useless. Glad I bought it.,Negative
REV-11125,"In my opinion, It works as expected for a budget device. Does not stand out in any specific area. Will look for alternatives.",Neutral
REV-11074,Update: It works as expected for a budget device. Does not stand out in any specific area. Keep this in mind.,Neutral
REV-10559,Top notch performance. Handles intensive daily use with zero lag or overheating. Just my two cents.,Positive
REV-10140,Update: Super fast shipping! Arrived two days early in pristine condition. Five stars all the way. Keep this in mind.,Positive
REV-11575,Terrible experience. The item stopped working after two days and customer support was useless. Would recommend.,Negative
REV-10532,Short review: Incredible sound clarity and deep bass. Far better than competitors in this price bracket. Would recommend.,Positive
REV-10225,Outstanding customer support. They resolved my query within ten minutes with great politeness.,Positive
REV-10724,Update: Arrived on time. The color is slightly different from the website photos but acceptable. Would recommend.,Neutral
REV-10787,Decent quality for the cost. Neither particularly impressed nor disappointed with the outcome. Just my two cents.,Neutral
REV-11757,"Update: Absolute nightmare. Flawed design, noisy motor, and terrible instruction manual. Would recommend.",Negative
REV-10410,"In my opinion, Top notch performance. Handles intensive daily use with zero lag or overheating. Keep this in mind.",Positive
REV-10326,After using it for two weeks: Super fast shipping! Arrived two days early in pristine condition. Five stars all the way.,Positive
REV-11602,"Horrible quality control. The buttons are stiff, unresponsive, and the screen flickered immediately. Glad I bought it.",Negative
REV-10300,I am extremely satisfied with this purchase. The interface is intuitive and response time is instant. Keep this in mind.,Positive
REV-11145,Short review: Moderate build quality. Meets the basic specifications mentioned in the catalog description. Just my two cents.,Neutral
REV-11646,"Honestly, Worst customer service ever encountered. Waited three weeks for delivery and received the wrong model. Glad I bought it.",Negative
REV-11207,"Update: Absolute nightmare. Flawed design, noisy motor, and terrible instruction manual. Would recommend.",Negative
REV-11682,"Honestly, Terrible experience. The item stopped working after two days and customer support was useless. Glad I bought it.",Negative
REV-10715,"In my opinion, Delivery took a week as scheduled. The item arrived in plain packaging and operates properly. Keep this in mind.",Neutral
REV-10194,Short review: I am extremely satisfied with this purchase. The interface is intuitive and response time is instant. Glad I bought it.,Positive
REV-10441,"After using it for two weeks: High quality materials, elegant design, and totally worth every single penny.",Positive
REV-10574,"In my opinion, Incredible sound clarity and deep bass. Far better than competitors in this price bracket. Will look for alternatives.",Positive
REV-10504,"Honestly, High quality materials, elegant design, and totally worth every single penny. Keep this in mind.",Positive
REV-10606,Update: The product is okay. It does the job adequately but nothing extraordinary for the price point. Just my two cents.,Neutral
REV-11433,Defective on arrival. Power switch did not turn on at all. Total garbage. Glad I bought it.,Negative
REV-11619,"Absolute nightmare. Flawed design, noisy motor, and terrible instruction manual. Glad I bought it.",Negative
REV-10004,Short review: Exceptional build quality and battery life. Best purchase I have made this year! Just my two cents.,Positive
REV-11048,"Short review: Practical design, though the plastic casing feels standard. Acceptable performance. Will look for alternatives.",Neutral
REV-11114,Fair product for routine daily tasks. It gets the job done without any fancy features. Just my two cents.,Neutral
REV-10468,"Honestly, Outstanding customer support. They resolved my query within ten minutes with great politeness. Keep this in mind.",Positive
REV-10322,"Honestly, Exceptional build quality and battery life. Best purchase I have made this year! Just my two cents.",Positive
REV-10006,After using it for two weeks: Remarkable experience from ordering to delivery. The product works like a dream.,Positive
REV-10223,"Honestly, A game changer for my daily routine. Elegant, efficient, and exceptionally well engineered. Just my two cents.",Positive
REV-10548,"Update: High quality materials, elegant design, and totally worth every single penny. Would recommend.",Positive
REV-10229,"Short review: High quality materials, elegant design, and totally worth every single penny. Just my two cents.",Positive
REV-10040,"In my opinion, Fantastic value for money! Superior craftsmanship and sleek modern aesthetics.",Positive
REV-10543,Short review: Exceptional build quality and battery life. Best purchase I have made this year! Would recommend.,Positive
REV-10243,"After using it for two weeks: A game changer for my daily routine. Elegant, efficient, and exceptionally well engineered. Will look for alternatives.",Positive
REV-11356,"In my opinion, Horrible quality control. The buttons are stiff, unresponsive, and the screen flickered immediately. Keep this in mind.",Negative
REV-10137,"Honestly, Fantastic value for money! Superior craftsmanship and sleek modern aesthetics. Just my two cents.",Positive
REV-11085,"After using it for two weeks: Practical design, though the plastic casing feels standard. Acceptable performance. Will look for alternatives.",Neutral
REV-11759,"Short review: Extremely disappointed. The package arrived crushed, damaged, and parts were missing. Glad I bought it.",Negative
REV-11568,"Horrible quality control. The buttons are stiff, unresponsive, and the screen flickered immediately.",Negative
REV-11660,"Honestly, Unacceptable delays in shipping and zero communication from the vendor. Requesting immediate refund.",Negative
REV-10830,Short review: Average performance overall. Battery lasts about five hours as stated in the manual. Will look for alternatives.,Neutral
REV-10446,Update: Top notch performance. Handles intensive daily use with zero lag or overheating. Glad I bought it.,Positive
REV-10843,"In my opinion, Standard delivery time. Packaging was adequate. Item matches the dimensions listed. Will look for alternatives.",Neutral
REV-11631,After using it for two weeks: Fell apart after one week of gentle use. Cheap materials and non-existent warranty support. Would recommend.,Negative
REV-11282,"Honestly, Absolute nightmare. Flawed design, noisy motor, and terrible instruction manual. Will look for alternatives.",Negative
REV-11053,"In my opinion, Delivery took a week as scheduled. The item arrived in plain packaging and operates properly.",Neutral
REV-11653,Update: Terrible customer care. Sent three emails regarding the defect and received zero response. Will look for alternatives.,Negative
REV-10582,After using it for two weeks: I am extremely satisfied with this purchase. The interface is intuitive and response time is instant. Will look for alternatives.,Positive
REV-11642,"Honestly, Misleading product description. The actual item does not support the features advertised. Glad I bought it.",Negative
REV-11780,"Honestly, Dreadful battery life and constant connection drops. Total waste of money and time. Keep this in mind.",Negative
REV-10662,"Honestly, Standard delivery time. Packaging was adequate. Item matches the dimensions listed. Just my two cents.",Neutral
REV-10437,Update: I am extremely satisfied with this purchase. The interface is intuitive and response time is instant. Keep this in mind.,Positive
REV-11680,Short review: Misleading product description. The actual item does not support the features advertised. Will look for alternatives.,Negative
REV-10377,Fantastic value for money! Superior craftsmanship and sleek modern aesthetics. Keep this in mind.,Positive
REV-11337,Cheap plastic that cracked on first contact. The worst purchase I have made in years. Keep this in mind.,Negative
REV-10315,I am extremely satisfied with this purchase. The interface is intuitive and response time is instant. Will look for alternatives.,Positive
REV-10443,After using it for two weeks: Incredible sound clarity and deep bass. Far better than competitors in this price bracket. Will look for alternatives.,Positive
REV-11044,"Practical design, though the plastic casing feels standard. Acceptable performance. Keep this in mind.",Neutral
REV-10320,"In my opinion, Delightful customer experience! The packaging was eco-friendly and the item works beautifully. Keep this in mind.",Positive
REV-10282,"High quality materials, elegant design, and totally worth every single penny. Keep this in mind.",Positive
REV-10941,After using it for two weeks: Arrived on time. The color is slightly different from the website photos but acceptable. Keep this in mind.,Neutral
REV-11084,Update: The unit functions normally. Setup took about twenty minutes following the user guide. Glad I bought it.,Neutral
REV-11362,"Honestly, Terrible customer care. Sent three emails regarding the defect and received zero response. Will look for alternatives.",Negative
REV-10425,After using it for two weeks: Fantastic value for money! Superior craftsmanship and sleek modern aesthetics. Will look for alternatives.,Positive
REV-10554,Brilliant design and rock solid durability. I have already recommended it to all my colleagues. Would recommend.,Positive
REV-10595,"Short review: A game changer for my daily routine. Elegant, efficient, and exceptionally well engineered.",Positive
REV-11774,After using it for two weeks: Unacceptable delays in shipping and zero communication from the vendor. Requesting immediate refund. Would recommend.,Negative
REV-10369,Outstanding customer support. They resolved my query within ten minutes with great politeness. Will look for alternatives.,Positive
REV-11593,"Honestly, Terrible experience. The item stopped working after two days and customer support was useless. Keep this in mind.",Negative
REV-11396,"In my opinion, Horrible quality control. The buttons are stiff, unresponsive, and the screen flickered immediately. Just my two cents.",Negative
REV-11758,Worst customer service ever encountered. Waited three weeks for delivery and received the wrong model. Will look for alternatives.,Negative
REV-11466,Worst customer service ever encountered. Waited three weeks for delivery and received the wrong model. Keep this in mind.,Negative
REV-11327,Misleading product description. The actual item does not support the features advertised. Just my two cents.,Negative
REV-10228,Short review: Fantastic value for money! Superior craftsmanship and sleek modern aesthetics. Keep this in mind.,Positive
REV-11237,"After using it for two weeks: Very poor build quality. Feels cheap, flimsy, and completely fragile. Do not waste your money. Just my two cents.",Negative
REV-11097,"Honestly, The size is as described. Operates within normal operational parameters.",Neutral
REV-11201,"Very poor build quality. Feels cheap, flimsy, and completely fragile. Do not waste your money.",Negative
REV-11342,Update: Terrible customer care. Sent three emails regarding the defect and received zero response. Just my two cents.,Negative
REV-10067,"Honestly, Remarkable experience from ordering to delivery. The product works like a dream. Would recommend.",Positive
REV-10394,Update: Super fast shipping! Arrived two days early in pristine condition. Five stars all the way. Just my two cents.,Positive
REV-10580,"Honestly, A game changer for my daily routine. Elegant, efficient, and exceptionally well engineered. Will look for alternatives.",Positive
REV-10025,Short review: Absolutely love this product! The quality exceeded my expectations and delivery was super fast. Would recommend.,Positive
REV-10212,"In my opinion, Remarkable experience from ordering to delivery. The product works like a dream. Will look for alternatives.",Positive
REV-11394,Update: Fell apart after one week of gentle use. Cheap materials and non-existent warranty support.,Negative
REV-10145,"Honestly, Works flawlessly right out of the box. Highly recommended to anyone looking for reliable gear. Will look for alternatives.",Positive
REV-10537,After using it for two weeks: Super fast shipping! Arrived two days early in pristine condition. Five stars all the way. Would recommend.,Positive
REV-10812,After using it for two weeks: Basic features work fine. Nothing noteworthy to write home about.,Neutral
REV-11508,Terrible customer care. Sent three emails regarding the defect and received zero response.,Negative
REV-11334,Short review: Unacceptable delays in shipping and zero communication from the vendor. Requesting immediate refund. Will look for alternatives.,Negative
REV-10086,"In my opinion, Exceptional build quality and battery life. Best purchase I have made this year!",Positive
REV-11633,Misleading product description. The actual item does not support the features advertised. Glad I bought it.,Negative
REV-10273,"In my opinion, Absolutely love this product! The quality exceeded my expectations and delivery was super fast. Will look for alternatives.",Positive
REV-11288,"In my opinion, Completely useless item. It overheated within fifteen minutes of light usage and shut down. Would recommend.",Negative
REV-11359,Short review: Defective on arrival. Power switch did not turn on at all. Total garbage. Glad I bought it.,Negative
REV-10933,"After using it for two weeks: It is acceptable. Neither great nor terrible, just an everyday standard utility item. Would recommend.",Neutral
REV-11635,After using it for two weeks: Unacceptable delays in shipping and zero communication from the vendor. Requesting immediate refund. Would recommend.,Negative
REV-10631,The product is okay. It does the job adequately but nothing extraordinary for the price point. Would recommend.,Neutral
REV-11241,After using it for two weeks: Misleading product description. The actual item does not support the features advertised.,Negative
REV-11693,Short review: Worst customer service ever encountered. Waited three weeks for delivery and received the wrong model. Will look for alternatives.,Negative
REV-10924,"In my opinion, It is acceptable. Neither great nor terrible, just an everyday standard utility item. Will look for alternatives.",Neutral
REV-11240,"Honestly, Defective on arrival. Power switch did not turn on at all. Total garbage. Just my two cents.",Negative
REV-11223,"Honestly, Unacceptable delays in shipping and zero communication from the vendor. Requesting immediate refund. Glad I bought it.",Negative
REV-10506,"In my opinion, Top notch performance. Handles intensive daily use with zero lag or overheating. Would recommend.",Positive
REV-10274,"Honestly, I am extremely satisfied with this purchase. The interface is intuitive and response time is instant. Will look for alternatives.",Positive
REV-11024,Update: Basic features work fine. Nothing noteworthy to write home about.,Neutral
REV-11191,Standard delivery time. Packaging was adequate. Item matches the dimensions listed. Glad I bought it.,Neutral
REV-10363,Update: Works flawlessly right out of the box. Highly recommended to anyone looking for reliable gear. Keep this in mind.,Positive
REV-11561,Update: Dreadful battery life and constant connection drops. Total waste of money and time. Glad I bought it.,Negative
REV-11051,Short review: Standard delivery time. Packaging was adequate. Item matches the dimensions listed. Just my two cents.,Neutral
REV-10623,After using it for two weeks: The unit functions normally. Setup took about twenty minutes following the user guide. Keep this in mind.,Neutral
REV-10003,"Honestly, High quality materials, elegant design, and totally worth every single penny. Just my two cents.",Positive
REV-10007,Absolutely love this product! The quality exceeded my expectations and delivery was super fast. Would recommend.,Positive
REV-11010,"In my opinion, Delivery took a week as scheduled. The item arrived in plain packaging and operates properly. Just my two cents.",Neutral
REV-10312,After using it for two weeks: Delightful customer experience! The packaging was eco-friendly and the item works beautifully. Would recommend.,Positive
REV-11224,Update: Completely useless item. It overheated within fifteen minutes of light usage and shut down. Just my two cents.,Negative
REV-11199,After using it for two weeks: The unit functions normally. Setup took about twenty minutes following the user guide. Keep this in mind.,Neutral
REV-10666,Update: Delivery took a week as scheduled. The item arrived in plain packaging and operates properly. Glad I bought it.,Neutral
REV-10365,"Honestly, Exceptional build quality and battery life. Best purchase I have made this year! Just my two cents.",Positive
REV-11783,After using it for two weeks: Unacceptable delays in shipping and zero communication from the vendor. Requesting immediate refund. Just my two cents.,Negative
REV-10216,"In my opinion, Brilliant design and rock solid durability. I have already recommended it to all my colleagues. Will look for alternatives.",Positive
REV-10966,"Honestly, Fair product for routine daily tasks. It gets the job done without any fancy features. Would recommend.",Neutral
REV-10028,"In my opinion, Fantastic value for money! Superior craftsmanship and sleek modern aesthetics. Will look for alternatives.",Positive
REV-11749,Short review: Misleading product description. The actual item does not support the features advertised.,Negative
REV-10526,"In my opinion, Absolutely love this product! The quality exceeded my expectations and delivery was super fast. Will look for alternatives.",Positive
REV-11661,After using it for two weeks: Cheap plastic that cracked on first contact. The worst purchase I have made in years. Would recommend.,Negative
REV-11467,Completely useless item. It overheated within fifteen minutes of light usage and shut down. Keep this in mind.,Negative
REV-10639,"In my opinion, Basic features work fine. Nothing noteworthy to write home about.",Neutral
REV-10303,After using it for two weeks: Exceptional build quality and battery life. Best purchase I have made this year! Glad I bought it.,Positive
REV-10719,"Honestly, Basic features work fine. Nothing noteworthy to write home about. Just my two cents.",Neutral
REV-10692,"In my opinion, Delivery took a week as scheduled. The item arrived in plain packaging and operates properly.",Neutral
REV-11421,"In my opinion, Terrible experience. The item stopped working after two days and customer support was useless. Would recommend.",Negative
REV-11230,"In my opinion, Misleading product description. The actual item does not support the features advertised. Will look for alternatives.",Negative
REV-10625,Update: Arrived on time. The color is slightly different from the website photos but acceptable.,Neutral
REV-10008,"Update: High quality materials, elegant design, and totally worth every single penny. Keep this in mind.",Positive
REV-10257,Update: Delightful customer experience! The packaging was eco-friendly and the item works beautifully. Just my two cents.,Positive
REV-10804,After using it for two weeks: It works as expected for a budget device. Does not stand out in any specific area.,Neutral
REV-10026,"In my opinion, Very easy to set up and configure. Saved me hours of headache. Wonderful product!",Positive
REV-10337,Update: Incredible sound clarity and deep bass. Far better than competitors in this price bracket. Just my two cents.,Positive
REV-10573,Update: Brilliant design and rock solid durability. I have already recommended it to all my colleagues. Keep this in mind.,Positive
REV-10048,Update: Delightful customer experience! The packaging was eco-friendly and the item works beautifully. Will look for alternatives.,Positive
REV-11339,Update: Unacceptable delays in shipping and zero communication from the vendor. Requesting immediate refund. Would recommend.,Negative
REV-10107,"In my opinion, Outstanding customer support. They resolved my query within ten minutes with great politeness. Will look for alternatives.",Positive
REV-10350,After using it for two weeks: Works flawlessly right out of the box. Highly recommended to anyone looking for reliable gear. Will look for alternatives.,Positive
REV-10056,"In my opinion, Top notch performance. Handles intensive daily use with zero lag or overheating. Keep this in mind.",Positive
REV-10239,After using it for two weeks: I am extremely satisfied with this purchase. The interface is intuitive and response time is instant. Keep this in mind.,Positive
REV-10214,"Honestly, Works flawlessly right out of the box. Highly recommended to anyone looking for reliable gear. Will look for alternatives.",Positive
REV-10121,Update: Absolutely love this product! The quality exceeded my expectations and delivery was super fast. Just my two cents.,Positive
REV-11139,Update: Standard quality for this price range. Serves its intended purpose. Will look for alternatives.,Neutral
REV-11037,Update: Fair product for routine daily tasks. It gets the job done without any fancy features.,Neutral
REV-10794,After using it for two weeks: Average performance overall. Battery lasts about five hours as stated in the manual. Just my two cents.,Neutral
REV-10073,"Honestly, Absolutely love this product! The quality exceeded my expectations and delivery was super fast. Keep this in mind.",Positive
REV-10923,After using it for two weeks: Moderate build quality. Meets the basic specifications mentioned in the catalog description. Just my two cents.,Neutral
REV-10813,Average performance overall. Battery lasts about five hours as stated in the manual. Would recommend.,Neutral
REV-11565,Update: Unacceptable delays in shipping and zero communication from the vendor. Requesting immediate refund. Would recommend.,Negative
REV-10078,"In my opinion, Outstanding customer support. They resolved my query within ten minutes with great politeness. Keep this in mind.",Positive
REV-10945,"Honestly, Moderate build quality. Meets the basic specifications mentioned in the catalog description. Keep this in mind.",Neutral
REV-11034,Update: Standard delivery time. Packaging was adequate. Item matches the dimensions listed. Will look for alternatives.,Neutral
REV-10046,Update: Top notch performance. Handles intensive daily use with zero lag or overheating. Glad I bought it.,Positive
REV-11519,"After using it for two weeks: Very poor build quality. Feels cheap, flimsy, and completely fragile. Do not waste your money.",Negative
REV-10524,Short review: Works flawlessly right out of the box. Highly recommended to anyone looking for reliable gear. Will look for alternatives.,Positive
REV-10233,After using it for two weeks: Very easy to set up and configure. Saved me hours of headache. Wonderful product! Would recommend.,Positive
REV-10645,"In my opinion, The unit functions normally. Setup took about twenty minutes following the user guide.",Neutral
REV-11330,"In my opinion, Worst customer service ever encountered. Waited three weeks for delivery and received the wrong model.",Negative
REV-11369,Terrible experience. The item stopped working after two days and customer support was useless. Would recommend.,Negative
REV-11086,"In my opinion, Average performance overall. Battery lasts about five hours as stated in the manual. Will look for alternatives.",Neutral
REV-10534,After using it for two weeks: Exceptional build quality and battery life. Best purchase I have made this year! Keep this in mind.,Positive
REV-11160,"Honestly, Practical design, though the plastic casing feels standard. Acceptable performance.",Neutral
REV-11367,Cheap plastic that cracked on first contact. The worst purchase I have made in years.,Negative
REV-10604,Update: Basic features work fine. Nothing noteworthy to write home about. Keep this in mind.,Neutral
REV-10466,I am extremely satisfied with this purchase. The interface is intuitive and response time is instant. Glad I bought it.,Positive
REV-11357,Short review: Terrible experience. The item stopped working after two days and customer support was useless.,Negative
REV-10789,The size is as described. Operates within normal operational parameters. Just my two cents.,Neutral
REV-11537,"Honestly, Absolute nightmare. Flawed design, noisy motor, and terrible instruction manual.",Negative
REV-11443,"In my opinion, Horrible quality control. The buttons are stiff, unresponsive, and the screen flickered immediately. Keep this in mind.",Negative
REV-11694,"In my opinion, Cheap plastic that cracked on first contact. The worst purchase I have made in years. Glad I bought it.",Negative
REV-10061,"In my opinion, Exceptional build quality and battery life. Best purchase I have made this year! Will look for alternatives.",Positive
REV-11183,"After using it for two weeks: It is acceptable. Neither great nor terrible, just an everyday standard utility item. Glad I bought it.",Neutral
REV-11146,"Honestly, The unit functions normally. Setup took about twenty minutes following the user guide.",Neutral
REV-10093,Short review: Works flawlessly right out of the box. Highly recommended to anyone looking for reliable gear. Will look for alternatives.,Positive
REV-10667,Short review: The size is as described. Operates within normal operational parameters. Glad I bought it.,Neutral
REV-10994,"Honestly, Decent quality for the cost. Neither particularly impressed nor disappointed with the outcome.",Neutral
REV-11532,Short review: Terrible customer care. Sent three emails regarding the defect and received zero response. Will look for alternatives.,Negative
REV-10195,Update: Fantastic value for money! Superior craftsmanship and sleek modern aesthetics. Keep this in mind.,Positive
REV-10281,Absolutely love this product! The quality exceeded my expectations and delivery was super fast. Would recommend.,Positive
REV-10696,Update: Standard quality for this price range. Serves its intended purpose. Would recommend.,Neutral
REV-10999,"Short review: It is acceptable. Neither great nor terrible, just an everyday standard utility item. Would recommend.",Neutral
REV-10360,"Update: High quality materials, elegant design, and totally worth every single penny. Will look for alternatives.",Positive
REV-11028,Update: The product is okay. It does the job adequately but nothing extraordinary for the price point. Keep this in mind.,Neutral
REV-10520,Update: Remarkable experience from ordering to delivery. The product works like a dream. Glad I bought it.,Positive
REV-11300,"In my opinion, Extremely disappointed. The package arrived crushed, damaged, and parts were missing. Just my two cents.",Negative
REV-11570,Dreadful battery life and constant connection drops. Total waste of money and time. Keep this in mind.,Negative
REV-11011,Arrived on time. The color is slightly different from the website photos but acceptable. Just my two cents.,Neutral
REV-11400,"Very poor build quality. Feels cheap, flimsy, and completely fragile. Do not waste your money. Would recommend.",Negative
REV-10848,After using it for two weeks: Standard delivery time. Packaging was adequate. Item matches the dimensions listed. Will look for alternatives.,Neutral
REV-10183,"Honestly, High quality materials, elegant design, and totally worth every single penny. Will look for alternatives.",Positive
REV-11235,"Honestly, Do not buy this product! Extremely frustrated with the buggy software and constant crashes. Will look for alternatives.",Negative
REV-11245,Fell apart after one week of gentle use. Cheap materials and non-existent warranty support. Glad I bought it.,Negative
REV-10111,"A game changer for my daily routine. Elegant, efficient, and exceptionally well engineered.",Positive
REV-11109,"Honestly, The unit functions normally. Setup took about twenty minutes following the user guide. Keep this in mind.",Neutral
REV-11490,"Honestly, Terrible experience. The item stopped working after two days and customer support was useless. Keep this in mind.",Negative
REV-11113,Update: It works as expected for a budget device. Does not stand out in any specific area. Will look for alternatives.,Neutral
REV-10043,After using it for two weeks: Super fast shipping! Arrived two days early in pristine condition. Five stars all the way. Just my two cents.,Positive
REV-10747,After using it for two weeks: Standard quality for this price range. Serves its intended purpose. Just my two cents.,Neutral
REV-10126,Update: Absolutely love this product! The quality exceeded my expectations and delivery was super fast.,Positive
REV-10205,"In my opinion, Incredible sound clarity and deep bass. Far better than competitors in this price bracket. Keep this in mind.",Positive
REV-11106,Short review: Standard delivery time. Packaging was adequate. Item matches the dimensions listed. Will look for alternatives.,Neutral
REV-10053,Short review: Very easy to set up and configure. Saved me hours of headache. Wonderful product! Will look for alternatives.,Positive
REV-11354,Short review: Fell apart after one week of gentle use. Cheap materials and non-existent warranty support. Glad I bought it.,Negative
REV-10546,"Honestly, High quality materials, elegant design, and totally worth every single penny. Keep this in mind.",Positive
REV-10069,Update: Very easy to set up and configure. Saved me hours of headache. Wonderful product!,Positive
REV-11035,Basic features work fine. Nothing noteworthy to write home about. Will look for alternatives.,Neutral
REV-11274,"Short review: Absolute nightmare. Flawed design, noisy motor, and terrible instruction manual. Would recommend.",Negative
REV-10508,"In my opinion, Incredible sound clarity and deep bass. Far better than competitors in this price bracket.",Positive
REV-11403,"In my opinion, Misleading product description. The actual item does not support the features advertised. Would recommend.",Negative
REV-10184,"In my opinion, I am extremely satisfied with this purchase. The interface is intuitive and response time is instant. Would recommend.",Positive
REV-10138,"In my opinion, Brilliant design and rock solid durability. I have already recommended it to all my colleagues. Will look for alternatives.",Positive
REV-10900,Moderate build quality. Meets the basic specifications mentioned in the catalog description.,Neutral
REV-10797,The unit functions normally. Setup took about twenty minutes following the user guide. Will look for alternatives.,Neutral
REV-10133,Update: Brilliant design and rock solid durability. I have already recommended it to all my colleagues. Keep this in mind.,Positive
REV-10081,"Honestly, Incredible sound clarity and deep bass. Far better than competitors in this price bracket. Just my two cents.",Positive
REV-11590,"Honestly, Worst customer service ever encountered. Waited three weeks for delivery and received the wrong model. Would recommend.",Negative
REV-10542,"High quality materials, elegant design, and totally worth every single penny. Will look for alternatives.",Positive
REV-11448,After using it for two weeks: Completely useless item. It overheated within fifteen minutes of light usage and shut down. Glad I bought it.,Negative
REV-10984,"Honestly, Standard quality for this price range. Serves its intended purpose. Will look for alternatives.",Neutral
REV-10166,"Honestly, Delightful customer experience! The packaging was eco-friendly and the item works beautifully. Keep this in mind.",Positive
REV-10249,"In my opinion, I am extremely satisfied with this purchase. The interface is intuitive and response time is instant. Keep this in mind.",Positive
REV-10447,"A game changer for my daily routine. Elegant, efficient, and exceptionally well engineered. Will look for alternatives.",Positive
REV-11080,Short review: Standard quality for this price range. Serves its intended purpose. Would recommend.,Neutral
REV-10859,"In my opinion, Moderate build quality. Meets the basic specifications mentioned in the catalog description. Would recommend.",Neutral
REV-11103,"Honestly, Fair product for routine daily tasks. It gets the job done without any fancy features. Glad I bought it.",Neutral
REV-10098,Exceptional build quality and battery life. Best purchase I have made this year! Just my two cents.,Positive
REV-11784,After using it for two weeks: Misleading product description. The actual item does not support the features advertised. Will look for alternatives.,Negative
REV-10738,"Honestly, Standard quality for this price range. Serves its intended purpose. Will look for alternatives.",Neutral
REV-11423,"In my opinion, Fell apart after one week of gentle use. Cheap materials and non-existent warranty support. Just my two cents.",Negative
REV-10103,Short review: Fantastic value for money! Superior craftsmanship and sleek modern aesthetics. Glad I bought it.,Positive
REV-10435,"Honestly, A game changer for my daily routine. Elegant, efficient, and exceptionally well engineered. Will look for alternatives.",Positive
REV-10075,Super fast shipping! Arrived two days early in pristine condition. Five stars all the way. Keep this in mind.,Positive
REV-11624,Terrible experience. The item stopped working after two days and customer support was useless. Glad I bought it.,Negative
REV-11174,Update: Average performance overall. Battery lasts about five hours as stated in the manual. Would recommend.,Neutral
REV-10919,Update: It works as expected for a budget device. Does not stand out in any specific area. Glad I bought it.,Neutral
REV-11556,"Honestly, Defective on arrival. Power switch did not turn on at all. Total garbage. Glad I bought it.",Negative
REV-11518,Update: Do not buy this product! Extremely frustrated with the buggy software and constant crashes. Would recommend.,Negative
REV-11472,Completely useless item. It overheated within fifteen minutes of light usage and shut down. Keep this in mind.,Negative
REV-10763,"In my opinion, It is acceptable. Neither great nor terrible, just an everyday standard utility item. Would recommend.",Neutral
REV-10990,"In my opinion, Standard delivery time. Packaging was adequate. Item matches the dimensions listed. Glad I bought it.",Neutral
REV-10389,Update: I am extremely satisfied with this purchase. The interface is intuitive and response time is instant. Glad I bought it.,Positive
REV-10236,"High quality materials, elegant design, and totally worth every single penny. Will look for alternatives.",Positive
REV-10268,Update: Remarkable experience from ordering to delivery. The product works like a dream.,Positive
REV-11081,Short review: Delivery took a week as scheduled. The item arrived in plain packaging and operates properly. Will look for alternatives.,Neutral
REV-10118,Update: Incredible sound clarity and deep bass. Far better than competitors in this price bracket. Just my two cents.,Positive
REV-11458,Terrible experience. The item stopped working after two days and customer support was useless.,Negative
REV-10674,"In my opinion, It works as expected for a budget device. Does not stand out in any specific area.",Neutral
REV-10250,"Honestly, Exceptional build quality and battery life. Best purchase I have made this year! Would recommend.",Positive
REV-11314,Short review: Misleading product description. The actual item does not support the features advertised. Will look for alternatives.,Negative
REV-10095,Update: Incredible sound clarity and deep bass. Far better than competitors in this price bracket. Keep this in mind.,Positive
REV-10034,Update: Outstanding customer support. They resolved my query within ten minutes with great politeness. Just my two cents.,Positive
REV-11325,Terrible customer care. Sent three emails regarding the defect and received zero response. Just my two cents.,Negative
REV-11786,Update: Terrible experience. The item stopped working after two days and customer support was useless. Would recommend.,Negative
REV-10449,Short review: Absolutely love this product! The quality exceeded my expectations and delivery was super fast. Would recommend.,Positive
REV-10717,"Honestly, Average performance overall. Battery lasts about five hours as stated in the manual. Would recommend.",Neutral
REV-11147,Standard quality for this price range. Serves its intended purpose. Keep this in mind.,Neutral
REV-11376,Short review: Defective on arrival. Power switch did not turn on at all. Total garbage. Would recommend.,Negative
REV-10001,Brilliant design and rock solid durability. I have already recommended it to all my colleagues.,Positive
REV-11243,After using it for two weeks: Unacceptable delays in shipping and zero communication from the vendor. Requesting immediate refund. Keep this in mind.,Negative
REV-10083,"In my opinion, Brilliant design and rock solid durability. I have already recommended it to all my colleagues. Will look for alternatives.",Positive
REV-11169,"Short review: It is acceptable. Neither great nor terrible, just an everyday standard utility item.",Neutral
REV-10677,Update: Fair product for routine daily tasks. It gets the job done without any fancy features. Keep this in mind.,Neutral
REV-11313,Short review: Fell apart after one week of gentle use. Cheap materials and non-existent warranty support. Will look for alternatives.,Negative
REV-11047,"Honestly, Average performance overall. Battery lasts about five hours as stated in the manual. Just my two cents.",Neutral
REV-10771,"In my opinion, It works as expected for a budget device. Does not stand out in any specific area. Just my two cents.",Neutral
REV-11107,"Honestly, Standard quality for this price range. Serves its intended purpose. Just my two cents.",Neutral
REV-11162,"In my opinion, Basic features work fine. Nothing noteworthy to write home about. Keep this in mind.",Neutral
REV-11597,Short review: Completely useless item. It overheated within fifteen minutes of light usage and shut down.,Negative
REV-11348,"Honestly, Terrible customer care. Sent three emails regarding the defect and received zero response. Just my two cents.",Negative
REV-10405,"In my opinion, Works flawlessly right out of the box. Highly recommended to anyone looking for reliable gear.",Positive
REV-11569,"Honestly, Terrible experience. The item stopped working after two days and customer support was useless. Keep this in mind.",Negative
REV-11177,Short review: The unit functions normally. Setup took about twenty minutes following the user guide. Would recommend.,Neutral
REV-10105,"Honestly, High quality materials, elegant design, and totally worth every single penny. Keep this in mind.",Positive
REV-10689,"In my opinion, Standard quality for this price range. Serves its intended purpose. Will look for alternatives.",Neutral
REV-11182,Update: It works as expected for a budget device. Does not stand out in any specific area. Keep this in mind.,Neutral
REV-10827,Short review: Decent quality for the cost. Neither particularly impressed nor disappointed with the outcome. Will look for alternatives.,Neutral
REV-10063,Short review: Incredible sound clarity and deep bass. Far better than competitors in this price bracket. Glad I bought it.,Positive
REV-10853,The size is as described. Operates within normal operational parameters. Keep this in mind.,Neutral
REV-11222,After using it for two weeks: Completely useless item. It overheated within fifteen minutes of light usage and shut down. Just my two cents.,Negative
REV-10224,"Honestly, Works flawlessly right out of the box. Highly recommended to anyone looking for reliable gear. Would recommend.",Positive
REV-10146,"Update: A game changer for my daily routine. Elegant, efficient, and exceptionally well engineered. Just my two cents.",Positive
REV-11089,Short review: The size is as described. Operates within normal operational parameters. Would recommend.,Neutral
REV-10374,Short review: Exceptional build quality and battery life. Best purchase I have made this year! Would recommend.,Positive
REV-11601,Short review: Defective on arrival. Power switch did not turn on at all. Total garbage. Glad I bought it.,Negative
REV-11655,"Honestly, Unacceptable delays in shipping and zero communication from the vendor. Requesting immediate refund. Will look for alternatives.",Negative
REV-11353,Cheap plastic that cracked on first contact. The worst purchase I have made in years. Will look for alternatives.,Negative
REV-11453,"Update: Horrible quality control. The buttons are stiff, unresponsive, and the screen flickered immediately. Would recommend.",Negative
REV-11689,"In my opinion, Terrible experience. The item stopped working after two days and customer support was useless. Glad I bought it.",Negative
REV-10010,Short review: Incredible sound clarity and deep bass. Far better than competitors in this price bracket. Just my two cents.,Positive
REV-10450,Short review: Fantastic value for money! Superior craftsmanship and sleek modern aesthetics. Would recommend.,Positive
REV-10709,"In my opinion, Arrived on time. The color is slightly different from the website photos but acceptable. Will look for alternatives.",Neutral
REV-10256,"After using it for two weeks: A game changer for my daily routine. Elegant, efficient, and exceptionally well engineered. Will look for alternatives.",Positive
REV-10883,Moderate build quality. Meets the basic specifications mentioned in the catalog description. Glad I bought it.,Neutral
REV-10390,Absolutely love this product! The quality exceeded my expectations and delivery was super fast. Would recommend.,Positive
REV-10909,"It is acceptable. Neither great nor terrible, just an everyday standard utility item. Would recommend.",Neutral
REV-10925,The size is as described. Operates within normal operational parameters. Glad I bought it.,Neutral
REV-11549,After using it for two weeks: Completely useless item. It overheated within fifteen minutes of light usage and shut down. Glad I bought it.,Negative
REV-11122,"Honestly, It works as expected for a budget device. Does not stand out in any specific area. Will look for alternatives.",Neutral
REV-10461,Incredible sound clarity and deep bass. Far better than competitors in this price bracket. Will look for alternatives.,Positive
REV-11152,After using it for two weeks: It works as expected for a budget device. Does not stand out in any specific area. Will look for alternatives.,Neutral
REV-10959,"In my opinion, Decent quality for the cost. Neither particularly impressed nor disappointed with the outcome.",Neutral
REV-10502,"In my opinion, Delightful customer experience! The packaging was eco-friendly and the item works beautifully. Glad I bought it.",Positive
REV-10740,The unit functions normally. Setup took about twenty minutes following the user guide. Will look for alternatives.,Neutral
REV-11675,Update: Unacceptable delays in shipping and zero communication from the vendor. Requesting immediate refund. Keep this in mind.,Negative
REV-10869,Short review: Decent quality for the cost. Neither particularly impressed nor disappointed with the outcome. Would recommend.,Neutral
REV-10732,After using it for two weeks: Delivery took a week as scheduled. The item arrived in plain packaging and operates properly. Glad I bought it.,Neutral
REV-10540,Short review: Delightful customer experience! The packaging was eco-friendly and the item works beautifully. Glad I bought it.,Positive
REV-10698,"Honestly, Delivery took a week as scheduled. The item arrived in plain packaging and operates properly. Glad I bought it.",Neutral
REV-11259,"Short review: Horrible quality control. The buttons are stiff, unresponsive, and the screen flickered immediately. Keep this in mind.",Negative
REV-11310,"In my opinion, Terrible experience. The item stopped working after two days and customer support was useless.",Negative
REV-11032,Short review: Standard delivery time. Packaging was adequate. Item matches the dimensions listed. Would recommend.,Neutral
REV-10373,Short review: Works flawlessly right out of the box. Highly recommended to anyone looking for reliable gear. Will look for alternatives.,Positive
REV-10668,After using it for two weeks: Average performance overall. Battery lasts about five hours as stated in the manual.,Neutral
REV-11384,After using it for two weeks: Defective on arrival. Power switch did not turn on at all. Total garbage.,Negative
REV-10358,Update: Exceptional build quality and battery life. Best purchase I have made this year! Will look for alternatives.,Positive
REV-10968,Update: Standard quality for this price range. Serves its intended purpose. Just my two cents.,Neutral
REV-10784,"Honestly, Basic features work fine. Nothing noteworthy to write home about.",Neutral
REV-10736,After using it for two weeks: Decent quality for the cost. Neither particularly impressed nor disappointed with the outcome. Keep this in mind.,Neutral
REV-11036,Update: Average performance overall. Battery lasts about five hours as stated in the manual. Will look for alternatives.,Neutral
REV-10971,"Honestly, Arrived on time. The color is slightly different from the website photos but acceptable.",Neutral
REV-11600,Short review: Terrible customer care. Sent three emails regarding the defect and received zero response. Just my two cents.,Negative
REV-11346,"Honestly, Do not buy this product! Extremely frustrated with the buggy software and constant crashes. Would recommend.",Negative
REV-11543,"Honestly, Misleading product description. The actual item does not support the features advertised. Just my two cents.",Negative
REV-11539,Short review: Dreadful battery life and constant connection drops. Total waste of money and time. Glad I bought it.,Negative
REV-11560,"Honestly, Absolute nightmare. Flawed design, noisy motor, and terrible instruction manual. Would recommend.",Negative
REV-10886,Average performance overall. Battery lasts about five hours as stated in the manual.,Neutral
REV-10080,"Update: High quality materials, elegant design, and totally worth every single penny. Just my two cents.",Positive
REV-10815,After using it for two weeks: It works as expected for a budget device. Does not stand out in any specific area. Keep this in mind.,Neutral
REV-11166,"In my opinion, Fair product for routine daily tasks. It gets the job done without any fancy features.",Neutral
REV-10672,"In my opinion, Standard delivery time. Packaging was adequate. Item matches the dimensions listed. Will look for alternatives.",Neutral
REV-11390,"In my opinion, Very poor build quality. Feels cheap, flimsy, and completely fragile. Do not waste your money. Glad I bought it.",Negative
REV-10058,Incredible sound clarity and deep bass. Far better than competitors in this price bracket. Just my two cents.,Positive
REV-10134,"In my opinion, Top notch performance. Handles intensive daily use with zero lag or overheating. Glad I bought it.",Positive
REV-11141,Update: The product is okay. It does the job adequately but nothing extraordinary for the price point. Keep this in mind.,Neutral
REV-10934,Short review: Moderate build quality. Meets the basic specifications mentioned in the catalog description. Just my two cents.,Neutral
REV-11613,"After using it for two weeks: Extremely disappointed. The package arrived crushed, damaged, and parts were missing.",Negative
REV-10824,Update: The unit functions normally. Setup took about twenty minutes following the user guide.,Neutral
REV-10505,"In my opinion, Delightful customer experience! The packaging was eco-friendly and the item works beautifully. Keep this in mind.",Positive
REV-11609,"After using it for two weeks: Absolute nightmare. Flawed design, noisy motor, and terrible instruction manual. Glad I bought it.",Negative
REV-10348,After using it for two weeks: Brilliant design and rock solid durability. I have already recommended it to all my colleagues.,Positive
REV-10387,Update: Exceptional build quality and battery life. Best purchase I have made this year!,Positive
REV-11025,After using it for two weeks: Moderate build quality. Meets the basic specifications mentioned in the catalog description. Keep this in mind.,Neutral
REV-10895,After using it for two weeks: Moderate build quality. Meets the basic specifications mentioned in the catalog description. Would recommend.,Neutral
REV-10829,The size is as described. Operates within normal operational parameters. Will look for alternatives.,Neutral
REV-11710,Short review: Misleading product description. The actual item does not support the features advertised.,Negative
REV-10476,After using it for two weeks: Works flawlessly right out of the box. Highly recommended to anyone looking for reliable gear. Glad I bought it.,Positive
REV-11332,Short review: Dreadful battery life and constant connection drops. Total waste of money and time. Keep this in mind.,Negative
REV-11263,"Absolute nightmare. Flawed design, noisy motor, and terrible instruction manual.",Negative
REV-10653,"Honestly, It works as expected for a budget device. Does not stand out in any specific area. Glad I bought it.",Neutral
REV-10173,Update: Very easy to set up and configure. Saved me hours of headache. Wonderful product! Will look for alternatives.,Positive
REV-11150,"In my opinion, The size is as described. Operates within normal operational parameters. Glad I bought it.",Neutral
REV-10039,"High quality materials, elegant design, and totally worth every single penny. Glad I bought it.",Positive
REV-10714,Update: Standard quality for this price range. Serves its intended purpose.,Neutral
REV-10091,Delightful customer experience! The packaging was eco-friendly and the item works beautifully. Glad I bought it.,Positive
REV-11750,Short review: Unacceptable delays in shipping and zero communication from the vendor. Requesting immediate refund. Keep this in mind.,Negative
REV-10876,Short review: Standard delivery time. Packaging was adequate. Item matches the dimensions listed.,Neutral
REV-11491,Short review: Misleading product description. The actual item does not support the features advertised. Glad I bought it.,Negative
REV-11094,"In my opinion, Arrived on time. The color is slightly different from the website photos but acceptable. Just my two cents.",Neutral
REV-11156,Short review: The size is as described. Operates within normal operational parameters.,Neutral
REV-11231,Completely useless item. It overheated within fifteen minutes of light usage and shut down. Keep this in mind.,Negative
REV-11769,"Honestly, Horrible quality control. The buttons are stiff, unresponsive, and the screen flickered immediately. Keep this in mind.",Negative
REV-10500,Update: Absolutely love this product! The quality exceeded my expectations and delivery was super fast. Glad I bought it.,Positive
REV-10339,After using it for two weeks: Incredible sound clarity and deep bass. Far better than competitors in this price bracket. Glad I bought it.,Positive
REV-10029,"In my opinion, Brilliant design and rock solid durability. I have already recommended it to all my colleagues. Would recommend.",Positive
REV-11197,"In my opinion, It works as expected for a budget device. Does not stand out in any specific area.",Neutral
REV-11649,"Very poor build quality. Feels cheap, flimsy, and completely fragile. Do not waste your money. Just my two cents.",Negative
REV-10946,Short review: It works as expected for a budget device. Does not stand out in any specific area. Will look for alternatives.,Neutral
REV-10170,I am extremely satisfied with this purchase. The interface is intuitive and response time is instant. Glad I bought it.,Positive
REV-10913,"Update: It is acceptable. Neither great nor terrible, just an everyday standard utility item. Will look for alternatives.",Neutral
REV-10492,"In my opinion, Super fast shipping! Arrived two days early in pristine condition. Five stars all the way. Would recommend.",Positive
REV-10954,"Honestly, Decent quality for the cost. Neither particularly impressed nor disappointed with the outcome. Glad I bought it.",Neutral
REV-11098,After using it for two weeks: Decent quality for the cost. Neither particularly impressed nor disappointed with the outcome. Just my two cents.,Neutral
REV-11033,"Update: Practical design, though the plastic casing feels standard. Acceptable performance. Will look for alternatives.",Neutral
REV-10588,After using it for two weeks: Exceptional build quality and battery life. Best purchase I have made this year!,Positive
REV-10751,"Honestly, Decent quality for the cost. Neither particularly impressed nor disappointed with the outcome. Would recommend.",Neutral
REV-10658,"Short review: Practical design, though the plastic casing feels standard. Acceptable performance. Would recommend.",Neutral
REV-10235,Super fast shipping! Arrived two days early in pristine condition. Five stars all the way. Keep this in mind.,Positive
REV-10733,Moderate build quality. Meets the basic specifications mentioned in the catalog description. Just my two cents.,Neutral
REV-11482,Short review: Completely useless item. It overheated within fifteen minutes of light usage and shut down. Just my two cents.,Negative
REV-11157,After using it for two weeks: Standard delivery time. Packaging was adequate. Item matches the dimensions listed. Will look for alternatives.,Neutral
REV-11331,"Horrible quality control. The buttons are stiff, unresponsive, and the screen flickered immediately. Would recommend.",Negative
REV-11478,"Honestly, Cheap plastic that cracked on first contact. The worst purchase I have made in years. Just my two cents.",Negative
REV-10935,"After using it for two weeks: It is acceptable. Neither great nor terrible, just an everyday standard utility item. Would recommend.",Neutral
REV-11066,"It is acceptable. Neither great nor terrible, just an everyday standard utility item. Will look for alternatives.",Neutral
REV-10109,Update: Very easy to set up and configure. Saved me hours of headache. Wonderful product!,Positive
REV-11465,"Short review: Absolute nightmare. Flawed design, noisy motor, and terrible instruction manual. Glad I bought it.",Negative
REV-10569,After using it for two weeks: Incredible sound clarity and deep bass. Far better than competitors in this price bracket.,Positive
REV-11168,"In my opinion, Standard quality for this price range. Serves its intended purpose. Keep this in mind.",Neutral
REV-11175,"After using it for two weeks: It is acceptable. Neither great nor terrible, just an everyday standard utility item. Just my two cents.",Neutral
REV-10891,"Honestly, Basic features work fine. Nothing noteworthy to write home about. Will look for alternatives.",Neutral
REV-10948,After using it for two weeks: Average performance overall. Battery lasts about five hours as stated in the manual. Keep this in mind.,Neutral
REV-11049,After using it for two weeks: It works as expected for a budget device. Does not stand out in any specific area. Will look for alternatives.,Neutral
REV-11221,"In my opinion, Cheap plastic that cracked on first contact. The worst purchase I have made in years. Will look for alternatives.",Negative
REV-11799,"Short review: Absolute nightmare. Flawed design, noisy motor, and terrible instruction manual. Would recommend.",Negative
REV-11308,"Honestly, Extremely disappointed. The package arrived crushed, damaged, and parts were missing. Glad I bought it.",Negative
REV-10885,After using it for two weeks: Decent quality for the cost. Neither particularly impressed nor disappointed with the outcome. Would recommend.,Neutral
REV-11520,"Honestly, Cheap plastic that cracked on first contact. The worst purchase I have made in years.",Negative
REV-10851,"Honestly, It is acceptable. Neither great nor terrible, just an everyday standard utility item. Would recommend.",Neutral
REV-10735,Decent quality for the cost. Neither particularly impressed nor disappointed with the outcome. Would recommend.,Neutral
REV-10718,Short review: The size is as described. Operates within normal operational parameters. Keep this in mind.,Neutral
REV-10455,"Update: A game changer for my daily routine. Elegant, efficient, and exceptionally well engineered. Will look for alternatives.",Positive
REV-10265,"In my opinion, Fantastic value for money! Superior craftsmanship and sleek modern aesthetics. Just my two cents.",Positive
REV-10076,"Honestly, Very easy to set up and configure. Saved me hours of headache. Wonderful product! Would recommend.",Positive
REV-10445,Super fast shipping! Arrived two days early in pristine condition. Five stars all the way. Would recommend.,Positive
REV-10396,After using it for two weeks: Remarkable experience from ordering to delivery. The product works like a dream. Just my two cents.,Positive
REV-10177,"Honestly, Absolutely love this product! The quality exceeded my expectations and delivery was super fast. Just my two cents.",Positive
REV-11043,After using it for two weeks: The product is okay. It does the job adequately but nothing extraordinary for the price point. Glad I bought it.,Neutral
REV-11576,Short review: Unacceptable delays in shipping and zero communication from the vendor. Requesting immediate refund. Would recommend.,Negative
REV-11266,"Honestly, Horrible quality control. The buttons are stiff, unresponsive, and the screen flickered immediately. Keep this in mind.",Negative
REV-11287,"Update: Very poor build quality. Feels cheap, flimsy, and completely fragile. Do not waste your money. Would recommend.",Negative
REV-10596,Update: Works flawlessly right out of the box. Highly recommended to anyone looking for reliable gear. Glad I bought it.,Positive
REV-10062,After using it for two weeks: Outstanding customer support. They resolved my query within ten minutes with great politeness.,Positive
REV-10873,Short review: Decent quality for the cost. Neither particularly impressed nor disappointed with the outcome. Glad I bought it.,Neutral
REV-11349,After using it for two weeks: Misleading product description. The actual item does not support the features advertised. Would recommend.,Negative
REV-11700,"Honestly, Fell apart after one week of gentle use. Cheap materials and non-existent warranty support.",Negative
REV-10279,"In my opinion, Absolutely love this product! The quality exceeded my expectations and delivery was super fast. Would recommend.",Positive
REV-10037,Update: Incredible sound clarity and deep bass. Far better than competitors in this price bracket. Would recommend.,Positive
REV-11374,"Short review: Very poor build quality. Feels cheap, flimsy, and completely fragile. Do not waste your money. Glad I bought it.",Negative
REV-10663,After using it for two weeks: Fair product for routine daily tasks. It gets the job done without any fancy features. Keep this in mind.,Neutral
REV-11636,"Very poor build quality. Feels cheap, flimsy, and completely fragile. Do not waste your money. Would recommend.",Negative
REV-11306,"Honestly, Absolute nightmare. Flawed design, noisy motor, and terrible instruction manual. Keep this in mind.",Negative
REV-10978,After using it for two weeks: Delivery took a week as scheduled. The item arrived in plain packaging and operates properly. Will look for alternatives.,Neutral
REV-11426,"Short review: Very poor build quality. Feels cheap, flimsy, and completely fragile. Do not waste your money. Keep this in mind.",Negative
REV-10739,"In my opinion, Standard quality for this price range. Serves its intended purpose.",Neutral
REV-10192,"In my opinion, Remarkable experience from ordering to delivery. The product works like a dream.",Positive
REV-10920,After using it for two weeks: Average performance overall. Battery lasts about five hours as stated in the manual. Keep this in mind.,Neutral
REV-10457,After using it for two weeks: Delightful customer experience! The packaging was eco-friendly and the item works beautifully. Keep this in mind.,Positive
REV-10676,"Update: It is acceptable. Neither great nor terrible, just an everyday standard utility item. Will look for alternatives.",Neutral
REV-10761,Short review: Arrived on time. The color is slightly different from the website photos but acceptable. Would recommend.,Neutral
REV-11637,"Short review: Extremely disappointed. The package arrived crushed, damaged, and parts were missing. Glad I bought it.",Negative
REV-10729,After using it for two weeks: Moderate build quality. Meets the basic specifications mentioned in the catalog description. Would recommend.,Neutral
REV-10413,Update: Works flawlessly right out of the box. Highly recommended to anyone looking for reliable gear. Would recommend.,Positive
REV-11099,"Update: It is acceptable. Neither great nor terrible, just an everyday standard utility item.",Neutral
REV-10826,"Honestly, Fair product for routine daily tasks. It gets the job done without any fancy features. Keep this in mind.",Neutral
REV-11614,Cheap plastic that cracked on first contact. The worst purchase I have made in years. Glad I bought it.,Negative
REV-10617,"In my opinion, Average performance overall. Battery lasts about five hours as stated in the manual. Glad I bought it.",Neutral
REV-10115,After using it for two weeks: Outstanding customer support. They resolved my query within ten minutes with great politeness.,Positive
REV-10418,"In my opinion, Outstanding customer support. They resolved my query within ten minutes with great politeness. Keep this in mind.",Positive
REV-11804,"The design is gorgeous, but the software is completely unusable and buggy.",Negative
REV-10970,"Short review: It is acceptable. Neither great nor terrible, just an everyday standard utility item. Keep this in mind.",Neutral
REV-10605,Short review: Delivery took a week as scheduled. The item arrived in plain packaging and operates properly. Keep this in mind.,Neutral
REV-11732,Update: Fell apart after one week of gentle use. Cheap materials and non-existent warranty support. Will look for alternatives.,Negative
REV-10090,"Honestly, Absolutely love this product! The quality exceeded my expectations and delivery was super fast.",Positive
REV-10849,Update: Delivery took a week as scheduled. The item arrived in plain packaging and operates properly. Glad I bought it.,Neutral
REV-11380,Defective on arrival. Power switch did not turn on at all. Total garbage. Just my two cents.,Negative
REV-11731,"In my opinion, Horrible quality control. The buttons are stiff, unresponsive, and the screen flickered immediately. Just my two cents.",Negative
REV-10754,"In my opinion, Basic features work fine. Nothing noteworthy to write home about. Would recommend.",Neutral
REV-10499,"In my opinion, Absolutely love this product! The quality exceeded my expectations and delivery was super fast. Will look for alternatives.",Positive
REV-10012,Update: Super fast shipping! Arrived two days early in pristine condition. Five stars all the way. Glad I bought it.,Positive
REV-10397,"After using it for two weeks: A game changer for my daily routine. Elegant, efficient, and exceptionally well engineered.",Positive
REV-10285,"Honestly, Remarkable experience from ordering to delivery. The product works like a dream. Will look for alternatives.",Positive
REV-11067,"Short review: It is acceptable. Neither great nor terrible, just an everyday standard utility item. Just my two cents.",Neutral
REV-11192,After using it for two weeks: Average performance overall. Battery lasts about five hours as stated in the manual. Just my two cents.,Neutral
REV-10691,"It is acceptable. Neither great nor terrible, just an everyday standard utility item. Just my two cents.",Neutral
REV-11481,"Honestly, Terrible experience. The item stopped working after two days and customer support was useless. Keep this in mind.",Negative
REV-11697,"Honestly, Horrible quality control. The buttons are stiff, unresponsive, and the screen flickered immediately. Will look for alternatives.",Negative
REV-10690,"In my opinion, The unit functions normally. Setup took about twenty minutes following the user guide. Just my two cents.",Neutral
REV-10852,Update: The unit functions normally. Setup took about twenty minutes following the user guide.,Neutral
REV-10160,Absolutely love this product! The quality exceeded my expectations and delivery was super fast. Glad I bought it.,Positive
REV-10896,Update: Arrived on time. The color is slightly different from the website photos but acceptable. Glad I bought it.,Neutral
REV-11430,"Honestly, Cheap plastic that cracked on first contact. The worst purchase I have made in years. Keep this in mind.",Negative
REV-10258,Update: Absolutely love this product! The quality exceeded my expectations and delivery was super fast. Will look for alternatives.,Positive
REV-10336,"In my opinion, High quality materials, elegant design, and totally worth every single penny.",Positive
REV-11701,Short review: Worst customer service ever encountered. Waited three weeks for delivery and received the wrong model. Keep this in mind.,Negative
REV-11040,After using it for two weeks: The product is okay. It does the job adequately but nothing extraordinary for the price point. Glad I bought it.,Neutral
REV-10516,Short review: Incredible sound clarity and deep bass. Far better than competitors in this price bracket. Glad I bought it.,Positive
REV-11016,"In my opinion, Standard quality for this price range. Serves its intended purpose. Glad I bought it.",Neutral
REV-10769,After using it for two weeks: The product is okay. It does the job adequately but nothing extraordinary for the price point. Will look for alternatives.,Neutral
REV-11772,"Honestly, Terrible experience. The item stopped working after two days and customer support was useless. Would recommend.",Negative
REV-10762,After using it for two weeks: Decent quality for the cost. Neither particularly impressed nor disappointed with the outcome.,Neutral
REV-11247,Defective on arrival. Power switch did not turn on at all. Total garbage.,Negative
REV-11204,After using it for two weeks: Terrible customer care. Sent three emails regarding the defect and received zero response.,Negative
REV-11329,Worst customer service ever encountered. Waited three weeks for delivery and received the wrong model. Will look for alternatives.,Negative
REV-11794,Update: Fell apart after one week of gentle use. Cheap materials and non-existent warranty support. Glad I bought it.,Negative
REV-10522,Brilliant design and rock solid durability. I have already recommended it to all my colleagues. Just my two cents.,Positive
REV-10023,"In my opinion, Remarkable experience from ordering to delivery. The product works like a dream. Keep this in mind.",Positive
REV-10357,Works flawlessly right out of the box. Highly recommended to anyone looking for reliable gear. Would recommend.,Positive
REV-11278,After using it for two weeks: Cheap plastic that cracked on first contact. The worst purchase I have made in years. Just my two cents.,Negative
REV-11756,"Honestly, Terrible customer care. Sent three emails regarding the defect and received zero response. Just my two cents.",Negative
REV-10341,"In my opinion, Remarkable experience from ordering to delivery. The product works like a dream.",Positive
REV-10432,"A game changer for my daily routine. Elegant, efficient, and exceptionally well engineered. Glad I bought it.",Positive
REV-10474,Update: Delightful customer experience! The packaging was eco-friendly and the item works beautifully. Would recommend.,Positive
REV-10218,"Update: High quality materials, elegant design, and totally worth every single penny. Will look for alternatives.",Positive
REV-10912,"Honestly, It works as expected for a budget device. Does not stand out in any specific area. Would recommend.",Neutral
REV-11228,After using it for two weeks: Defective on arrival. Power switch did not turn on at all. Total garbage. Keep this in mind.,Negative
REV-11449,Fell apart after one week of gentle use. Cheap materials and non-existent warranty support. Glad I bought it.,Negative
REV-11012,After using it for two weeks: Standard delivery time. Packaging was adequate. Item matches the dimensions listed. Glad I bought it.,Neutral
REV-11761,"In my opinion, Defective on arrival. Power switch did not turn on at all. Total garbage. Just my two cents.",Negative
REV-10094,"Update: High quality materials, elegant design, and totally worth every single penny. Would recommend.",Positive
REV-11009,"It is acceptable. Neither great nor terrible, just an everyday standard utility item. Glad I bought it.",Neutral
REV-11071,Arrived on time. The color is slightly different from the website photos but acceptable. Would recommend.,Neutral
REV-11093,"Honestly, The unit functions normally. Setup took about twenty minutes following the user guide. Glad I bought it.",Neutral
REV-11564,Short review: Do not buy this product! Extremely frustrated with the buggy software and constant crashes. Glad I bought it.,Negative
REV-11309,After using it for two weeks: Terrible customer care. Sent three emails regarding the defect and received zero response. Keep this in mind.,Negative
REV-10697,It works as expected for a budget device. Does not stand out in any specific area. Keep this in mind.,Neutral
REV-11625,"Honestly, Dreadful battery life and constant connection drops. Total waste of money and time. Will look for alternatives.",Negative
REV-10997,"Honestly, Practical design, though the plastic casing feels standard. Acceptable performance.",Neutral
REV-10154,Update: Works flawlessly right out of the box. Highly recommended to anyone looking for reliable gear. Would recommend.,Positive
REV-11100,The size is as described. Operates within normal operational parameters. Would recommend.,Neutral
REV-11563,Update: Completely useless item. It overheated within fifteen minutes of light usage and shut down.,Negative
REV-11808,"Works fine I guess, but I would not buy it a second time.",Neutral
REV-10790,"In my opinion, It works as expected for a budget device. Does not stand out in any specific area.",Neutral
REV-10581,"Honestly, Super fast shipping! Arrived two days early in pristine condition. Five stars all the way. Will look for alternatives.",Positive
REV-10704,Short review: Delivery took a week as scheduled. The item arrived in plain packaging and operates properly. Just my two cents.,Neutral
REV-11213,After using it for two weeks: Worst customer service ever encountered. Waited three weeks for delivery and received the wrong model. Glad I bought it.,Negative
REV-11296,"In my opinion, Cheap plastic that cracked on first contact. The worst purchase I have made in years. Keep this in mind.",Negative
REV-11678,Update: Terrible customer care. Sent three emails regarding the defect and received zero response. Glad I bought it.,Negative
REV-11261,Completely useless item. It overheated within fifteen minutes of light usage and shut down. Will look for alternatives.,Negative
REV-10488,"Short review: A game changer for my daily routine. Elegant, efficient, and exceptionally well engineered. Will look for alternatives.",Positive
REV-10560,After using it for two weeks: Exceptional build quality and battery life. Best purchase I have made this year! Will look for alternatives.,Positive
REV-11142,The unit functions normally. Setup took about twenty minutes following the user guide.,Neutral
REV-11120,"Short review: It is acceptable. Neither great nor terrible, just an everyday standard utility item. Will look for alternatives.",Neutral
REV-10802,"Short review: It is acceptable. Neither great nor terrible, just an everyday standard utility item. Will look for alternatives.",Neutral
REV-10513,After using it for two weeks: Exceptional build quality and battery life. Best purchase I have made this year!,Positive
REV-10634,It works as expected for a budget device. Does not stand out in any specific area.,Neutral
REV-11777,Short review: Completely useless item. It overheated within fifteen minutes of light usage and shut down. Would recommend.,Negative
REV-11620,Update: Unacceptable delays in shipping and zero communication from the vendor. Requesting immediate refund. Will look for alternatives.,Negative
REV-11151,After using it for two weeks: Basic features work fine. Nothing noteworthy to write home about.,Neutral
REV-10791,"In my opinion, Basic features work fine. Nothing noteworthy to write home about. Will look for alternatives.",Neutral
REV-10117,After using it for two weeks: Works flawlessly right out of the box. Highly recommended to anyone looking for reliable gear. Just my two cents.,Positive
REV-10741,"In my opinion, Moderate build quality. Meets the basic specifications mentioned in the catalog description. Would recommend.",Neutral
REV-11082,After using it for two weeks: Moderate build quality. Meets the basic specifications mentioned in the catalog description.,Neutral
REV-10831,Short review: Standard delivery time. Packaging was adequate. Item matches the dimensions listed. Glad I bought it.,Neutral
REV-10120,"In my opinion, High quality materials, elegant design, and totally worth every single penny. Would recommend.",Positive
REV-10657,"In my opinion, Standard quality for this price range. Serves its intended purpose. Glad I bought it.",Neutral
REV-11722,Update: Misleading product description. The actual item does not support the features advertised.,Negative
REV-10636,"Honestly, Average performance overall. Battery lasts about five hours as stated in the manual. Will look for alternatives.",Neutral
REV-10370,Short review: Super fast shipping! Arrived two days early in pristine condition. Five stars all the way. Keep this in mind.,Positive
REV-10269,After using it for two weeks: Delightful customer experience! The packaging was eco-friendly and the item works beautifully. Keep this in mind.,Positive
REV-10656,Update: Moderate build quality. Meets the basic specifications mentioned in the catalog description. Would recommend.,Neutral
REV-10936,Short review: The size is as described. Operates within normal operational parameters. Would recommend.,Neutral
REV-10823,After using it for two weeks: Average performance overall. Battery lasts about five hours as stated in the manual. Keep this in mind.,Neutral
REV-10867,The size is as described. Operates within normal operational parameters.,Neutral
REV-10047,Update: Incredible sound clarity and deep bass. Far better than competitors in this price bracket. Will look for alternatives.,Positive
REV-11553,After using it for two weeks: Cheap plastic that cracked on first contact. The worst purchase I have made in years. Keep this in mind.,Negative
REV-10992,After using it for two weeks: Moderate build quality. Meets the basic specifications mentioned in the catalog description. Would recommend.,Neutral
REV-10877,After using it for two weeks: Average performance overall. Battery lasts about five hours as stated in the manual. Will look for alternatives.,Neutral
REV-10774,Short review: Delivery took a week as scheduled. The item arrived in plain packaging and operates properly.,Neutral
REV-11220,Update: Terrible customer care. Sent three emails regarding the defect and received zero response. Will look for alternatives.,Negative
REV-11810,"Could be better, could be worse, just an average purchase.",Neutral
REV-10005,Update: Delightful customer experience! The packaging was eco-friendly and the item works beautifully.,Positive
REV-11004,"Honestly, Average performance overall. Battery lasts about five hours as stated in the manual. Will look for alternatives.",Neutral
REV-11566,"Honestly, Unacceptable delays in shipping and zero communication from the vendor. Requesting immediate refund. Will look for alternatives.",Negative
REV-10264,After using it for two weeks: Fantastic value for money! Superior craftsmanship and sleek modern aesthetics.,Positive
REV-11424,Update: Do not buy this product! Extremely frustrated with the buggy software and constant crashes. Will look for alternatives.,Negative
REV-11658,Update: Fell apart after one week of gentle use. Cheap materials and non-existent warranty support. Keep this in mind.,Negative
REV-10444,Short review: Brilliant design and rock solid durability. I have already recommended it to all my colleagues. Would recommend.,Positive
REV-11003,Short review: The unit functions normally. Setup took about twenty minutes following the user guide.,Neutral
REV-11078,"In my opinion, The unit functions normally. Setup took about twenty minutes following the user guide. Glad I bought it.",Neutral
REV-10838,"Honestly, Arrived on time. The color is slightly different from the website photos but acceptable. Would recommend.",Neutral
REV-11623,"After using it for two weeks: Absolute nightmare. Flawed design, noisy motor, and terrible instruction manual. Would recommend.",Negative
REV-10305,After using it for two weeks: Outstanding customer support. They resolved my query within ten minutes with great politeness. Would recommend.,Positive
REV-11366,"In my opinion, Cheap plastic that cracked on first contact. The worst purchase I have made in years. Just my two cents.",Negative
REV-11727,"In my opinion, Cheap plastic that cracked on first contact. The worst purchase I have made in years. Just my two cents.",Negative
REV-10314,Short review: Remarkable experience from ordering to delivery. The product works like a dream. Will look for alternatives.,Positive
REV-10150,Short review: Delightful customer experience! The packaging was eco-friendly and the item works beautifully.,Positive
REV-11149,"Update: It is acceptable. Neither great nor terrible, just an everyday standard utility item. Glad I bought it.",Neutral
REV-11214,"Horrible quality control. The buttons are stiff, unresponsive, and the screen flickered immediately. Glad I bought it.",Negative
REV-10575,Update: Remarkable experience from ordering to delivery. The product works like a dream. Glad I bought it.,Positive
REV-10051,Very easy to set up and configure. Saved me hours of headache. Wonderful product!,Positive
REV-11407,"In my opinion, Unacceptable delays in shipping and zero communication from the vendor. Requesting immediate refund. Just my two cents.",Negative
REV-10727,After using it for two weeks: Fair product for routine daily tasks. It gets the job done without any fancy features. Glad I bought it.,Neutral
REV-10834,"In my opinion, Decent quality for the cost. Neither particularly impressed nor disappointed with the outcome. Would recommend.",Neutral
REV-11378,Short review: Worst customer service ever encountered. Waited three weeks for delivery and received the wrong model. Just my two cents.,Negative
REV-11116,"In my opinion, It works as expected for a budget device. Does not stand out in any specific area. Will look for alternatives.",Neutral
REV-11167,Standard quality for this price range. Serves its intended purpose. Just my two cents.,Neutral
REV-10471,Outstanding customer support. They resolved my query within ten minutes with great politeness. Keep this in mind.,Positive
REV-10972,Update: Delivery took a week as scheduled. The item arrived in plain packaging and operates properly. Would recommend.,Neutral
REV-10654,"Honestly, Basic features work fine. Nothing noteworthy to write home about.",Neutral
REV-10400,"Honestly, Exceptional build quality and battery life. Best purchase I have made this year! Glad I bought it.",Positive
REV-10512,"Update: A game changer for my daily routine. Elegant, efficient, and exceptionally well engineered. Glad I bought it.",Positive
REV-10321,Update: Absolutely love this product! The quality exceeded my expectations and delivery was super fast. Would recommend.,Positive
REV-10020,Update: Super fast shipping! Arrived two days early in pristine condition. Five stars all the way.,Positive
REV-10685,Average performance overall. Battery lasts about five hours as stated in the manual. Would recommend.,Neutral
REV-10036,"In my opinion, Fantastic value for money! Superior craftsmanship and sleek modern aesthetics. Just my two cents.",Positive
REV-10903,It works as expected for a budget device. Does not stand out in any specific area. Will look for alternatives.,Neutral
REV-10828,Arrived on time. The color is slightly different from the website photos but acceptable. Would recommend.,Neutral
REV-11628,Short review: Worst customer service ever encountered. Waited three weeks for delivery and received the wrong model. Glad I bought it.,Negative
REV-10408,"Update: A game changer for my daily routine. Elegant, efficient, and exceptionally well engineered. Will look for alternatives.",Positive
REV-10921,"In my opinion, Practical design, though the plastic casing feels standard. Acceptable performance. Keep this in mind.",Neutral
REV-10538,"In my opinion, A game changer for my daily routine. Elegant, efficient, and exceptionally well engineered.",Positive
REV-10759,"Update: It is acceptable. Neither great nor terrible, just an everyday standard utility item.",Neutral
REV-11063,Short review: The product is okay. It does the job adequately but nothing extraordinary for the price point. Will look for alternatives.,Neutral
REV-11200,Update: Moderate build quality. Meets the basic specifications mentioned in the catalog description. Will look for alternatives.,Neutral
REV-10246,"Honestly, Brilliant design and rock solid durability. I have already recommended it to all my colleagues. Glad I bought it.",Positive
REV-11128,"In my opinion, Practical design, though the plastic casing feels standard. Acceptable performance. Would recommend.",Neutral
REV-10785,"In my opinion, It works as expected for a budget device. Does not stand out in any specific area. Keep this in mind.",Neutral
REV-10490,"Short review: A game changer for my daily routine. Elegant, efficient, and exceptionally well engineered. Just my two cents.",Positive
REV-10155,"In my opinion, Incredible sound clarity and deep bass. Far better than competitors in this price bracket. Would recommend.",Positive
REV-10962,"Honestly, Basic features work fine. Nothing noteworthy to write home about. Glad I bought it.",Neutral
REV-10854,"In my opinion, Average performance overall. Battery lasts about five hours as stated in the manual. Would recommend.",Neutral
REV-11312,After using it for two weeks: Terrible customer care. Sent three emails regarding the defect and received zero response. Keep this in mind.,Negative
REV-10626,After using it for two weeks: It works as expected for a budget device. Does not stand out in any specific area.,Neutral
REV-10686,"After using it for two weeks: Practical design, though the plastic casing feels standard. Acceptable performance. Will look for alternatives.",Neutral
REV-11475,"In my opinion, Cheap plastic that cracked on first contact. The worst purchase I have made in years. Just my two cents.",Negative
REV-10570,Delightful customer experience! The packaging was eco-friendly and the item works beautifully. Glad I bought it.,Positive
REV-11723,Short review: Terrible customer care. Sent three emails regarding the defect and received zero response.,Negative
REV-10018,"In my opinion, I am extremely satisfied with this purchase. The interface is intuitive and response time is instant. Keep this in mind.",Positive
REV-10128,Remarkable experience from ordering to delivery. The product works like a dream. Just my two cents.,Positive
REV-11347,"Short review: Extremely disappointed. The package arrived crushed, damaged, and parts were missing. Glad I bought it.",Negative
REV-11280,After using it for two weeks: Defective on arrival. Power switch did not turn on at all. Total garbage. Will look for alternatives.,Negative
REV-11779,After using it for two weeks: Terrible experience. The item stopped working after two days and customer support was useless. Glad I bought it.,Negative
REV-10928,Short review: Basic features work fine. Nothing noteworthy to write home about. Just my two cents.,Neutral
REV-10981,The product is okay. It does the job adequately but nothing extraordinary for the price point. Just my two cents.,Neutral
REV-11775,Short review: Completely useless item. It overheated within fifteen minutes of light usage and shut down. Would recommend.,Negative
REV-10191,"In my opinion, Delightful customer experience! The packaging was eco-friendly and the item works beautifully. Would recommend.",Positive
REV-11140,After using it for two weeks: Delivery took a week as scheduled. The item arrived in plain packaging and operates properly.,Neutral
REV-10993,Update: The size is as described. Operates within normal operational parameters. Will look for alternatives.,Neutral
REV-11766,"Horrible quality control. The buttons are stiff, unresponsive, and the screen flickered immediately. Will look for alternatives.",Negative
REV-11505,Misleading product description. The actual item does not support the features advertised. Keep this in mind.,Negative
REV-10607,Short review: The size is as described. Operates within normal operational parameters. Glad I bought it.,Neutral
REV-10181,Short review: Outstanding customer support. They resolved my query within ten minutes with great politeness.,Positive
REV-10302,"After using it for two weeks: A game changer for my daily routine. Elegant, efficient, and exceptionally well engineered. Will look for alternatives.",Positive
REV-10497,"Honestly, A game changer for my daily routine. Elegant, efficient, and exceptionally well engineered. Just my two cents.",Positive
REV-11541,"Horrible quality control. The buttons are stiff, unresponsive, and the screen flickered immediately.",Negative
REV-11554,Update: Completely useless item. It overheated within fifteen minutes of light usage and shut down. Would recommend.,Negative
REV-11510,Short review: Terrible customer care. Sent three emails regarding the defect and received zero response. Just my two cents.,Negative
REV-11488,"Horrible quality control. The buttons are stiff, unresponsive, and the screen flickered immediately. Would recommend.",Negative
REV-10518,I am extremely satisfied with this purchase. The interface is intuitive and response time is instant. Just my two cents.,Positive
REV-11795,"Extremely disappointed. The package arrived crushed, damaged, and parts were missing.",Negative
REV-11070,"Honestly, Fair product for routine daily tasks. It gets the job done without any fancy features. Keep this in mind.",Neutral
REV-10477,Brilliant design and rock solid durability. I have already recommended it to all my colleagues. Will look for alternatives.,Positive
REV-10158,Delightful customer experience! The packaging was eco-friendly and the item works beautifully.,Positive
REV-11244,Short review: Fell apart after one week of gentle use. Cheap materials and non-existent warranty support. Will look for alternatives.,Negative
REV-11196,"In my opinion, The product is okay. It does the job adequately but nothing extraordinary for the price point. Will look for alternatives.",Neutral
REV-10017,After using it for two weeks: Exceptional build quality and battery life. Best purchase I have made this year!,Positive
REV-11073,Short review: The size is as described. Operates within normal operational parameters. Keep this in mind.,Neutral
REV-11782,Cheap plastic that cracked on first contact. The worst purchase I have made in years. Would recommend.,Negative
REV-10547,"High quality materials, elegant design, and totally worth every single penny. Keep this in mind.",Positive
REV-10659,Arrived on time. The color is slightly different from the website photos but acceptable. Would recommend.,Neutral
REV-11476,"Honestly, Unacceptable delays in shipping and zero communication from the vendor. Requesting immediate refund. Will look for alternatives.",Negative
REV-11020,After using it for two weeks: It works as expected for a budget device. Does not stand out in any specific area. Just my two cents.,Neutral
REV-11511,Unacceptable delays in shipping and zero communication from the vendor. Requesting immediate refund. Would recommend.,Negative
REV-10960,"Short review: It is acceptable. Neither great nor terrible, just an everyday standard utility item. Keep this in mind.",Neutral
REV-11703,"Update: Absolute nightmare. Flawed design, noisy motor, and terrible instruction manual.",Negative
REV-10284,Short review: Super fast shipping! Arrived two days early in pristine condition. Five stars all the way.,Positive
REV-10798,"Honestly, It is acceptable. Neither great nor terrible, just an everyday standard utility item. Keep this in mind.",Neutral
REV-11477,Update: Completely useless item. It overheated within fifteen minutes of light usage and shut down. Will look for alternatives.,Negative
REV-10226,"After using it for two weeks: High quality materials, elegant design, and totally worth every single penny. Keep this in mind.",Positive
REV-10027,"Honestly, A game changer for my daily routine. Elegant, efficient, and exceptionally well engineered.",Positive
REV-11605,Cheap plastic that cracked on first contact. The worst purchase I have made in years. Just my two cents.,Negative
REV-10438,After using it for two weeks: Fantastic value for money! Superior craftsmanship and sleek modern aesthetics. Glad I bought it.,Positive
REV-11760,Update: Do not buy this product! Extremely frustrated with the buggy software and constant crashes. Would recommend.,Negative
REV-11389,"Short review: Very poor build quality. Feels cheap, flimsy, and completely fragile. Do not waste your money.",Negative
REV-10230,After using it for two weeks: Fantastic value for money! Superior craftsmanship and sleek modern aesthetics. Will look for alternatives.,Positive
REV-10038,"In my opinion, Brilliant design and rock solid durability. I have already recommended it to all my colleagues.",Positive
REV-10750,The product is okay. It does the job adequately but nothing extraordinary for the price point.,Neutral
REV-11046,"In my opinion, The product is okay. It does the job adequately but nothing extraordinary for the price point. Will look for alternatives.",Neutral
REV-11399,After using it for two weeks: Defective on arrival. Power switch did not turn on at all. Total garbage. Would recommend.,Negative
REV-10470,"Honestly, Very easy to set up and configure. Saved me hours of headache. Wonderful product! Would recommend.",Positive
REV-11538,Update: Unacceptable delays in shipping and zero communication from the vendor. Requesting immediate refund. Keep this in mind.,Negative
REV-11778,Short review: Completely useless item. It overheated within fifteen minutes of light usage and shut down.,Negative
REV-10688,"In my opinion, Average performance overall. Battery lasts about five hours as stated in the manual. Glad I bought it.",Neutral
REV-11669,Update: Misleading product description. The actual item does not support the features advertised. Glad I bought it.,Negative
REV-10640,Short review: The unit functions normally. Setup took about twenty minutes following the user guide.,Neutral
REV-11557,Short review: Fell apart after one week of gentle use. Cheap materials and non-existent warranty support.,Negative
REV-11219,After using it for two weeks: Terrible experience. The item stopped working after two days and customer support was useless. Glad I bought it.,Negative
REV-11159,Short review: The product is okay. It does the job adequately but nothing extraordinary for the price point.,Neutral
REV-11416,"In my opinion, Completely useless item. It overheated within fifteen minutes of light usage and shut down. Would recommend.",Negative
REV-11504,"After using it for two weeks: Horrible quality control. The buttons are stiff, unresponsive, and the screen flickered immediately. Glad I bought it.",Negative
REV-11301,"Update: Extremely disappointed. The package arrived crushed, damaged, and parts were missing. Will look for alternatives.",Negative
REV-11651,Update: Cheap plastic that cracked on first contact. The worst purchase I have made in years. Would recommend.,Negative
REV-10801,"In my opinion, Decent quality for the cost. Neither particularly impressed nor disappointed with the outcome. Will look for alternatives.",Neutral
REV-10161,"Honestly, Very easy to set up and configure. Saved me hours of headache. Wonderful product! Just my two cents.",Positive
REV-10957,"In my opinion, Fair product for routine daily tasks. It gets the job done without any fancy features. Will look for alternatives.",Neutral
REV-11187,After using it for two weeks: The unit functions normally. Setup took about twenty minutes following the user guide. Would recommend.,Neutral
REV-10822,Standard delivery time. Packaging was adequate. Item matches the dimensions listed. Just my two cents.,Neutral
REV-11528,"Honestly, Cheap plastic that cracked on first contact. The worst purchase I have made in years.",Negative
REV-10878,After using it for two weeks: Fair product for routine daily tasks. It gets the job done without any fancy features. Would recommend.,Neutral
REV-10914,Moderate build quality. Meets the basic specifications mentioned in the catalog description.,Neutral
REV-10153,"Honestly, Top notch performance. Handles intensive daily use with zero lag or overheating. Glad I bought it.",Positive
REV-11663,"Extremely disappointed. The package arrived crushed, damaged, and parts were missing. Will look for alternatives.",Negative
REV-10510,"Honestly, Very easy to set up and configure. Saved me hours of headache. Wonderful product! Just my two cents.",Positive
REV-11136,"Honestly, The product is okay. It does the job adequately but nothing extraordinary for the price point. Keep this in mind.",Neutral
REV-11251,Short review: Unacceptable delays in shipping and zero communication from the vendor. Requesting immediate refund. Just my two cents.,Negative
REV-11512,"In my opinion, Terrible customer care. Sent three emails regarding the defect and received zero response. Would recommend.",Negative
REV-10104,Very easy to set up and configure. Saved me hours of headache. Wonderful product! Would recommend.,Positive
REV-11446,"In my opinion, Do not buy this product! Extremely frustrated with the buggy software and constant crashes. Just my two cents.",Negative
REV-11444,Short review: Fell apart after one week of gentle use. Cheap materials and non-existent warranty support. Glad I bought it.,Negative
REV-10587,Exceptional build quality and battery life. Best purchase I have made this year!,Positive
REV-11603,"Honestly, Dreadful battery life and constant connection drops. Total waste of money and time. Just my two cents.",Negative
REV-11144,"In my opinion, Moderate build quality. Meets the basic specifications mentioned in the catalog description.",Neutral
REV-10054,Remarkable experience from ordering to delivery. The product works like a dream. Will look for alternatives.,Positive
REV-10152,Exceptional build quality and battery life. Best purchase I have made this year! Just my two cents.,Positive
REV-10404,Super fast shipping! Arrived two days early in pristine condition. Five stars all the way. Glad I bought it.,Positive
REV-11755,Update: Completely useless item. It overheated within fifteen minutes of light usage and shut down. Glad I bought it.,Negative
REV-10208,Update: Works flawlessly right out of the box. Highly recommended to anyone looking for reliable gear. Would recommend.,Positive
REV-11712,After using it for two weeks: Completely useless item. It overheated within fifteen minutes of light usage and shut down. Keep this in mind.,Negative
REV-11123,"Honestly, It is acceptable. Neither great nor terrible, just an everyday standard utility item. Will look for alternatives.",Neutral
REV-11588,"Honestly, Terrible customer care. Sent three emails regarding the defect and received zero response. Will look for alternatives.",Negative
REV-10009,Update: Absolutely love this product! The quality exceeded my expectations and delivery was super fast. Would recommend.,Positive
REV-11015,"Practical design, though the plastic casing feels standard. Acceptable performance. Just my two cents.",Neutral
REV-11627,"Short review: Absolute nightmare. Flawed design, noisy motor, and terrible instruction manual. Keep this in mind.",Negative
REV-11061,"In my opinion, Average performance overall. Battery lasts about five hours as stated in the manual. Would recommend.",Neutral
REV-10453,Short review: Fantastic value for money! Superior craftsmanship and sleek modern aesthetics.,Positive
REV-10254,Update: I am extremely satisfied with this purchase. The interface is intuitive and response time is instant. Will look for alternatives.,Positive
REV-11328,Short review: Terrible customer care. Sent three emails regarding the defect and received zero response. Would recommend.,Negative
REV-10897,The product is okay. It does the job adequately but nothing extraordinary for the price point. Glad I bought it.,Neutral
REV-11574,"Honestly, Do not buy this product! Extremely frustrated with the buggy software and constant crashes. Glad I bought it.",Negative
REV-10881,"In my opinion, Practical design, though the plastic casing feels standard. Acceptable performance. Will look for alternatives.",Neutral
REV-11707,"In my opinion, Absolute nightmare. Flawed design, noisy motor, and terrible instruction manual. Just my two cents.",Negative
REV-10624,After using it for two weeks: Fair product for routine daily tasks. It gets the job done without any fancy features. Glad I bought it.,Neutral
REV-10346,Absolutely love this product! The quality exceeded my expectations and delivery was super fast. Keep this in mind.,Positive
REV-11548,Update: Completely useless item. It overheated within fifteen minutes of light usage and shut down. Keep this in mind.,Negative
REV-10263,"Honestly, Super fast shipping! Arrived two days early in pristine condition. Five stars all the way. Glad I bought it.",Positive
REV-11322,Fell apart after one week of gentle use. Cheap materials and non-existent warranty support. Keep this in mind.,Negative
REV-11439,Short review: Defective on arrival. Power switch did not turn on at all. Total garbage. Just my two cents.,Negative
REV-10151,"Honestly, Delightful customer experience! The packaging was eco-friendly and the item works beautifully. Glad I bought it.",Positive
REV-10473,"Honestly, Brilliant design and rock solid durability. I have already recommended it to all my colleagues. Will look for alternatives.",Positive
REV-10641,The unit functions normally. Setup took about twenty minutes following the user guide. Will look for alternatives.,Neutral
REV-11793,"Extremely disappointed. The package arrived crushed, damaged, and parts were missing. Will look for alternatives.",Negative
REV-11704,"Honestly, Extremely disappointed. The package arrived crushed, damaged, and parts were missing. Would recommend.",Negative
REV-10551,"In my opinion, Absolutely love this product! The quality exceeded my expectations and delivery was super fast. Would recommend.",Positive
REV-10929,Delivery took a week as scheduled. The item arrived in plain packaging and operates properly. Keep this in mind.,Neutral
REV-10489,Works flawlessly right out of the box. Highly recommended to anyone looking for reliable gear. Keep this in mind.,Positive
REV-11641,"Short review: Very poor build quality. Feels cheap, flimsy, and completely fragile. Do not waste your money. Keep this in mind.",Negative
REV-11172,Short review: Basic features work fine. Nothing noteworthy to write home about. Will look for alternatives.,Neutral
REV-10147,Update: Works flawlessly right out of the box. Highly recommended to anyone looking for reliable gear. Just my two cents.,Positive
REV-11550,"Extremely disappointed. The package arrived crushed, damaged, and parts were missing. Glad I bought it.",Negative
REV-11742,"Honestly, Dreadful battery life and constant connection drops. Total waste of money and time. Keep this in mind.",Negative
REV-10403,"Update: A game changer for my daily routine. Elegant, efficient, and exceptionally well engineered.",Positive
REV-10955,"In my opinion, Basic features work fine. Nothing noteworthy to write home about. Just my two cents.",Neutral
REV-11699,"In my opinion, Terrible customer care. Sent three emails regarding the defect and received zero response.",Negative
REV-10660,"Honestly, Decent quality for the cost. Neither particularly impressed nor disappointed with the outcome. Would recommend.",Neutral
REV-11373,"Honestly, Worst customer service ever encountered. Waited three weeks for delivery and received the wrong model. Glad I bought it.",Negative
REV-10464,Short review: Outstanding customer support. They resolved my query within ten minutes with great politeness. Glad I bought it.,Positive
REV-11350,Short review: Unacceptable delays in shipping and zero communication from the vendor. Requesting immediate refund. Glad I bought it.,Negative
REV-10187,Works flawlessly right out of the box. Highly recommended to anyone looking for reliable gear. Glad I bought it.,Positive
REV-11148,"Honestly, Average performance overall. Battery lasts about five hours as stated in the manual. Would recommend.",Neutral
REV-11225,After using it for two weeks: Dreadful battery life and constant connection drops. Total waste of money and time. Glad I bought it.,Negative
REV-10609,"In my opinion, Practical design, though the plastic casing feels standard. Acceptable performance. Glad I bought it.",Neutral
REV-10144,"Honestly, Delightful customer experience! The packaging was eco-friendly and the item works beautifully. Glad I bought it.",Positive
REV-10752,Short review: Moderate build quality. Meets the basic specifications mentioned in the catalog description. Keep this in mind.,Neutral
REV-11535,"Honestly, Completely useless item. It overheated within fifteen minutes of light usage and shut down. Would recommend.",Negative
REV-10982,"Honestly, It is acceptable. Neither great nor terrible, just an everyday standard utility item. Keep this in mind.",Neutral
REV-10198,After using it for two weeks: Incredible sound clarity and deep bass. Far better than competitors in this price bracket.,Positive
REV-10884,After using it for two weeks: Arrived on time. The color is slightly different from the website photos but acceptable.,Neutral
REV-10280,Brilliant design and rock solid durability. I have already recommended it to all my colleagues. Just my two cents.,Positive
REV-10294,Short review: Remarkable experience from ordering to delivery. The product works like a dream. Just my two cents.,Positive
REV-11652,Fell apart after one week of gentle use. Cheap materials and non-existent warranty support. Will look for alternatives.,Negative
REV-10401,Short review: Fantastic value for money! Superior craftsmanship and sleek modern aesthetics. Will look for alternatives.,Positive
REV-10123,I am extremely satisfied with this purchase. The interface is intuitive and response time is instant.,Positive
REV-11208,Update: Unacceptable delays in shipping and zero communication from the vendor. Requesting immediate refund. Would recommend.,Negative
REV-10203,"In my opinion, Delightful customer experience! The packaging was eco-friendly and the item works beautifully. Keep this in mind.",Positive
REV-11463,After using it for two weeks: Defective on arrival. Power switch did not turn on at all. Total garbage. Would recommend.,Negative
REV-10836,"Honestly, Delivery took a week as scheduled. The item arrived in plain packaging and operates properly. Glad I bought it.",Neutral
REV-10247,Super fast shipping! Arrived two days early in pristine condition. Five stars all the way. Just my two cents.,Positive
REV-11440,"Honestly, Do not buy this product! Extremely frustrated with the buggy software and constant crashes.",Negative
REV-11718,"Honestly, Terrible experience. The item stopped working after two days and customer support was useless. Keep this in mind.",Negative
REV-11702,"Honestly, Misleading product description. The actual item does not support the features advertised. Keep this in mind.",Negative
REV-11154,"In my opinion, Arrived on time. The color is slightly different from the website photos but acceptable. Just my two cents.",Neutral
REV-11427,Update: Fell apart after one week of gentle use. Cheap materials and non-existent warranty support. Would recommend.,Negative
REV-10385,"In my opinion, Fantastic value for money! Superior craftsmanship and sleek modern aesthetics. Keep this in mind.",Positive
REV-11594,Update: Completely useless item. It overheated within fifteen minutes of light usage and shut down. Would recommend.,Negative
REV-10855,"In my opinion, Average performance overall. Battery lasts about five hours as stated in the manual. Just my two cents.",Neutral
REV-10220,Brilliant design and rock solid durability. I have already recommended it to all my colleagues. Glad I bought it.,Positive
REV-10642,Standard quality for this price range. Serves its intended purpose. Glad I bought it.,Neutral
REV-10002,"In my opinion, Incredible sound clarity and deep bass. Far better than competitors in this price bracket. Would recommend.",Positive
REV-10113,After using it for two weeks: Fantastic value for money! Superior craftsmanship and sleek modern aesthetics. Will look for alternatives.,Positive
REV-10699,Short review: Decent quality for the cost. Neither particularly impressed nor disappointed with the outcome. Just my two cents.,Neutral
REV-11729,After using it for two weeks: Misleading product description. The actual item does not support the features advertised. Glad I bought it.,Negative
REV-10952,"After using it for two weeks: It is acceptable. Neither great nor terrible, just an everyday standard utility item. Would recommend.",Neutral
REV-11587,Short review: Dreadful battery life and constant connection drops. Total waste of money and time. Keep this in mind.,Negative
REV-11411,"In my opinion, Misleading product description. The actual item does not support the features advertised. Just my two cents.",Negative
REV-11410,"Honestly, Fell apart after one week of gentle use. Cheap materials and non-existent warranty support. Just my two cents.",Negative
REV-11534,After using it for two weeks: Defective on arrival. Power switch did not turn on at all. Total garbage. Would recommend.,Negative
REV-11292,Update: Misleading product description. The actual item does not support the features advertised. Will look for alternatives.,Negative
REV-11638,"After using it for two weeks: Very poor build quality. Feels cheap, flimsy, and completely fragile. Do not waste your money.",Negative
REV-10442,Short review: I am extremely satisfied with this purchase. The interface is intuitive and response time is instant. Will look for alternatives.,Positive
REV-11521,Terrible experience. The item stopped working after two days and customer support was useless. Would recommend.,Negative
REV-11137,"In my opinion, Fair product for routine daily tasks. It gets the job done without any fancy features.",Neutral
REV-11257,Update: Do not buy this product! Extremely frustrated with the buggy software and constant crashes. Would recommend.,Negative
REV-11687,Dreadful battery life and constant connection drops. Total waste of money and time. Just my two cents.,Negative
REV-11398,"After using it for two weeks: Extremely disappointed. The package arrived crushed, damaged, and parts were missing. Keep this in mind.",Negative
REV-10664,Update: Basic features work fine. Nothing noteworthy to write home about. Will look for alternatives.,Neutral
REV-11662,"Honestly, Extremely disappointed. The package arrived crushed, damaged, and parts were missing. Would recommend.",Negative
REV-11258,"In my opinion, Horrible quality control. The buttons are stiff, unresponsive, and the screen flickered immediately. Will look for alternatives.",Negative
REV-11608,"After using it for two weeks: Extremely disappointed. The package arrived crushed, damaged, and parts were missing. Will look for alternatives.",Negative
REV-10318,"In my opinion, Very easy to set up and configure. Saved me hours of headache. Wonderful product! Glad I bought it.",Positive
REV-10649,After using it for two weeks: Standard delivery time. Packaging was adequate. Item matches the dimensions listed.,Neutral
REV-11435,"Honestly, Terrible customer care. Sent three emails regarding the defect and received zero response.",Negative
REV-11480,"Extremely disappointed. The package arrived crushed, damaged, and parts were missing. Will look for alternatives.",Negative
REV-10710,"Honestly, Arrived on time. The color is slightly different from the website photos but acceptable. Would recommend.",Neutral
REV-11383,"Honestly, Unacceptable delays in shipping and zero communication from the vendor. Requesting immediate refund. Keep this in mind.",Negative
REV-11283,After using it for two weeks: Unacceptable delays in shipping and zero communication from the vendor. Requesting immediate refund. Will look for alternatives.,Negative
REV-10973,"Honestly, Delivery took a week as scheduled. The item arrived in plain packaging and operates properly.",Neutral
REV-10628,"After using it for two weeks: It is acceptable. Neither great nor terrible, just an everyday standard utility item. Keep this in mind.",Neutral
REV-10633,"In my opinion, Basic features work fine. Nothing noteworthy to write home about. Glad I bought it.",Neutral
REV-11307,"After using it for two weeks: Extremely disappointed. The package arrived crushed, damaged, and parts were missing. Glad I bought it.",Negative
REV-11401,Cheap plastic that cracked on first contact. The worst purchase I have made in years. Keep this in mind.,Negative
REV-11409,Update: Dreadful battery life and constant connection drops. Total waste of money and time. Keep this in mind.,Negative
REV-11249,"In my opinion, Defective on arrival. Power switch did not turn on at all. Total garbage. Would recommend.",Negative
REV-11764,"In my opinion, Misleading product description. The actual item does not support the features advertised. Glad I bought it.",Negative
REV-11255,Update: Dreadful battery life and constant connection drops. Total waste of money and time. Just my two cents.,Negative
REV-11497,"Honestly, Extremely disappointed. The package arrived crushed, damaged, and parts were missing. Glad I bought it.",Negative
REV-11372,"Honestly, Absolute nightmare. Flawed design, noisy motor, and terrible instruction manual. Just my two cents.",Negative
REV-11530,After using it for two weeks: Terrible experience. The item stopped working after two days and customer support was useless.,Negative
REV-11355,"In my opinion, Do not buy this product! Extremely frustrated with the buggy software and constant crashes. Will look for alternatives.",Negative
REV-11739,"In my opinion, Defective on arrival. Power switch did not turn on at all. Total garbage. Glad I bought it.",Negative
REV-11717,Worst customer service ever encountered. Waited three weeks for delivery and received the wrong model. Will look for alternatives.,Negative
REV-11674,"Honestly, Misleading product description. The actual item does not support the features advertised. Would recommend.",Negative
REV-10796,Decent quality for the cost. Neither particularly impressed nor disappointed with the outcome. Just my two cents.,Neutral
REV-10646,The unit functions normally. Setup took about twenty minutes following the user guide. Glad I bought it.,Neutral
REV-11013,After using it for two weeks: Average performance overall. Battery lasts about five hours as stated in the manual. Just my two cents.,Neutral
REV-11665,Short review: Dreadful battery life and constant connection drops. Total waste of money and time. Would recommend.,Negative
REV-10557,"In my opinion, Outstanding customer support. They resolved my query within ten minutes with great politeness.",Positive
REV-10682,After using it for two weeks: The product is okay. It does the job adequately but nothing extraordinary for the price point.,Neutral
REV-10578,Short review: Exceptional build quality and battery life. Best purchase I have made this year! Just my two cents.,Positive
REV-11110,"In my opinion, It works as expected for a budget device. Does not stand out in any specific area. Will look for alternatives.",Neutral
REV-11267,"In my opinion, Horrible quality control. The buttons are stiff, unresponsive, and the screen flickered immediately. Will look for alternatives.",Negative
REV-11184,Short review: The product is okay. It does the job adequately but nothing extraordinary for the price point. Glad I bought it.,Neutral
REV-10525,"Honestly, Exceptional build quality and battery life. Best purchase I have made this year!",Positive
REV-11060,After using it for two weeks: Arrived on time. The color is slightly different from the website photos but acceptable. Glad I bought it.,Neutral
REV-10541,After using it for two weeks: Absolutely love this product! The quality exceeded my expectations and delivery was super fast. Glad I bought it.,Positive
REV-11195,It works as expected for a budget device. Does not stand out in any specific area.,Neutral
REV-10749,After using it for two weeks: Fair product for routine daily tasks. It gets the job done without any fancy features. Keep this in mind.,Neutral
REV-11677,Unacceptable delays in shipping and zero communication from the vendor. Requesting immediate refund. Glad I bought it.,Negative
REV-11431,After using it for two weeks: Completely useless item. It overheated within fifteen minutes of light usage and shut down. Keep this in mind.,Negative
REV-10485,"After using it for two weeks: High quality materials, elegant design, and totally worth every single penny. Keep this in mind.",Positive
REV-10096,"Honestly, Super fast shipping! Arrived two days early in pristine condition. Five stars all the way. Will look for alternatives.",Positive
REV-11021,After using it for two weeks: Moderate build quality. Meets the basic specifications mentioned in the catalog description. Keep this in mind.,Neutral
REV-10564,Short review: Absolutely love this product! The quality exceeded my expectations and delivery was super fast. Just my two cents.,Positive
REV-11265,"In my opinion, Completely useless item. It overheated within fifteen minutes of light usage and shut down. Glad I bought it.",Negative
REV-10743,Arrived on time. The color is slightly different from the website photos but acceptable. Glad I bought it.,Neutral
REV-10864,Update: Delivery took a week as scheduled. The item arrived in plain packaging and operates properly. Just my two cents.,Neutral
REV-11599,"Short review: Extremely disappointed. The package arrived crushed, damaged, and parts were missing.",Negative
REV-11485,Short review: Terrible customer care. Sent three emails regarding the defect and received zero response. Just my two cents.,Negative
REV-10892,After using it for two weeks: Moderate build quality. Meets the basic specifications mentioned in the catalog description. Will look for alternatives.,Neutral
REV-11578,"In my opinion, Terrible customer care. Sent three emails regarding the defect and received zero response.",Negative
REV-11039,"In my opinion, Basic features work fine. Nothing noteworthy to write home about. Just my two cents.",Neutral
REV-10207,After using it for two weeks: I am extremely satisfied with this purchase. The interface is intuitive and response time is instant. Just my two cents.,Positive
REV-10393,Remarkable experience from ordering to delivery. The product works like a dream. Would recommend.,Positive
REV-10795,"In my opinion, Fair product for routine daily tasks. It gets the job done without any fancy features. Keep this in mind.",Neutral
REV-10871,"Short review: It is acceptable. Neither great nor terrible, just an everyday standard utility item.",Neutral
REV-10398,"In my opinion, Super fast shipping! Arrived two days early in pristine condition. Five stars all the way. Will look for alternatives.",Positive
REV-10767,Update: Moderate build quality. Meets the basic specifications mentioned in the catalog description. Keep this in mind.,Neutral
REV-11667,Short review: Completely useless item. It overheated within fifteen minutes of light usage and shut down.,Negative
REV-11242,"Update: Horrible quality control. The buttons are stiff, unresponsive, and the screen flickered immediately. Will look for alternatives.",Negative
REV-11029,Update: Arrived on time. The color is slightly different from the website photos but acceptable. Keep this in mind.,Neutral
REV-10643,"After using it for two weeks: It is acceptable. Neither great nor terrible, just an everyday standard utility item. Keep this in mind.",Neutral
REV-11709,After using it for two weeks: Terrible customer care. Sent three emails regarding the defect and received zero response. Keep this in mind.,Negative
REV-10613,Short review: Average performance overall. Battery lasts about five hours as stated in the manual. Just my two cents.,Neutral
REV-10961,After using it for two weeks: The unit functions normally. Setup took about twenty minutes following the user guide. Glad I bought it.,Neutral
REV-11571,"Horrible quality control. The buttons are stiff, unresponsive, and the screen flickered immediately. Glad I bought it.",Negative
REV-10726,Short review: It works as expected for a budget device. Does not stand out in any specific area. Keep this in mind.,Neutral
REV-10684,Update: Standard delivery time. Packaging was adequate. Item matches the dimensions listed. Just my two cents.,Neutral
REV-10099,"In my opinion, Fantastic value for money! Superior craftsmanship and sleek modern aesthetics. Will look for alternatives.",Positive
REV-10805,"In my opinion, Practical design, though the plastic casing feels standard. Acceptable performance. Keep this in mind.",Neutral
REV-11598,"In my opinion, Dreadful battery life and constant connection drops. Total waste of money and time. Glad I bought it.",Negative
REV-10407,"A game changer for my daily routine. Elegant, efficient, and exceptionally well engineered. Just my two cents.",Positive
REV-10503,After using it for two weeks: Incredible sound clarity and deep bass. Far better than competitors in this price bracket. Would recommend.,Positive
REV-11072,"In my opinion, Moderate build quality. Meets the basic specifications mentioned in the catalog description. Would recommend.",Neutral
REV-11057,After using it for two weeks: Decent quality for the cost. Neither particularly impressed nor disappointed with the outcome. Just my two cents.,Neutral
REV-10930,"In my opinion, Fair product for routine daily tasks. It gets the job done without any fancy features. Just my two cents.",Neutral
REV-10780,"After using it for two weeks: Practical design, though the plastic casing feels standard. Acceptable performance. Just my two cents.",Neutral
REV-10201,"Honestly, Brilliant design and rock solid durability. I have already recommended it to all my colleagues. Glad I bought it.",Positive
REV-10135,"Short review: High quality materials, elegant design, and totally worth every single penny. Just my two cents.",Positive
REV-11052,Update: The size is as described. Operates within normal operational parameters. Would recommend.,Neutral
REV-10041,"Update: High quality materials, elegant design, and totally worth every single penny. Just my two cents.",Positive
REV-11018,After using it for two weeks: Average performance overall. Battery lasts about five hours as stated in the manual. Would recommend.,Neutral
REV-10231,"Honestly, High quality materials, elegant design, and totally worth every single penny. Just my two cents.",Positive
REV-11514,After using it for two weeks: Completely useless item. It overheated within fifteen minutes of light usage and shut down. Keep this in mind.,Negative
REV-10379,"In my opinion, Delightful customer experience! The packaging was eco-friendly and the item works beautifully. Would recommend.",Positive
REV-10289,"Honestly, Very easy to set up and configure. Saved me hours of headache. Wonderful product! Glad I bought it.",Positive
REV-10419,Update: Absolutely love this product! The quality exceeded my expectations and delivery was super fast. Will look for alternatives.,Positive
REV-10392,Short review: Absolutely love this product! The quality exceeded my expectations and delivery was super fast. Glad I bought it.,Positive
REV-10593,After using it for two weeks: Exceptional build quality and battery life. Best purchase I have made this year! Glad I bought it.,Positive
REV-11523,Short review: Completely useless item. It overheated within fifteen minutes of light usage and shut down. Just my two cents.,Negative
REV-11163,The size is as described. Operates within normal operational parameters. Keep this in mind.,Neutral
REV-11087,Update: Average performance overall. Battery lasts about five hours as stated in the manual. Will look for alternatives.,Neutral
REV-11496,After using it for two weeks: Terrible experience. The item stopped working after two days and customer support was useless. Just my two cents.,Negative
REV-10648,Short review: The size is as described. Operates within normal operational parameters. Glad I bought it.,Neutral
REV-11153,"Honestly, It is acceptable. Neither great nor terrible, just an everyday standard utility item. Just my two cents.",Neutral
REV-11368,"Short review: Very poor build quality. Feels cheap, flimsy, and completely fragile. Do not waste your money. Will look for alternatives.",Negative
REV-10521,Update: Delightful customer experience! The packaging was eco-friendly and the item works beautifully. Would recommend.,Positive
REV-10065,Delightful customer experience! The packaging was eco-friendly and the item works beautifully. Just my two cents.,Positive
REV-10015,"Honestly, Works flawlessly right out of the box. Highly recommended to anyone looking for reliable gear. Would recommend.",Positive
REV-11181,"Honestly, The unit functions normally. Setup took about twenty minutes following the user guide.",Neutral
REV-11065,Arrived on time. The color is slightly different from the website photos but acceptable.,Neutral
REV-10493,"In my opinion, Remarkable experience from ordering to delivery. The product works like a dream. Would recommend.",Positive
REV-10380,Exceptional build quality and battery life. Best purchase I have made this year! Would recommend.,Positive
REV-10188,Short review: I am extremely satisfied with this purchase. The interface is intuitive and response time is instant. Keep this in mind.,Positive
REV-10764,"After using it for two weeks: It is acceptable. Neither great nor terrible, just an everyday standard utility item. Would recommend.",Neutral
REV-10217,After using it for two weeks: Super fast shipping! Arrived two days early in pristine condition. Five stars all the way. Just my two cents.,Positive
REV-10792,After using it for two weeks: Standard quality for this price range. Serves its intended purpose. Just my two cents.,Neutral
REV-11077,Update: Delivery took a week as scheduled. The item arrived in plain packaging and operates properly. Would recommend.,Neutral
REV-10879,Update: It works as expected for a budget device. Does not stand out in any specific area. Would recommend.,Neutral
REV-10338,"Honestly, Outstanding customer support. They resolved my query within ten minutes with great politeness. Would recommend.",Positive
REV-10720,Fair product for routine daily tasks. It gets the job done without any fancy features. Will look for alternatives.,Neutral
REV-10296,"In my opinion, Very easy to set up and configure. Saved me hours of headache. Wonderful product! Just my two cents.",Positive
REV-11017,"Honestly, It is acceptable. Neither great nor terrible, just an everyday standard utility item. Would recommend.",Neutral
REV-11276,"In my opinion, Extremely disappointed. The package arrived crushed, damaged, and parts were missing. Keep this in mind.",Negative
REV-11486,Worst customer service ever encountered. Waited three weeks for delivery and received the wrong model. Would recommend.,Negative
REV-10456,Short review: I am extremely satisfied with this purchase. The interface is intuitive and response time is instant. Just my two cents.,Positive
REV-11807,"Surprisingly good for such an inexpensive item, exceeded my doubts.",Positive
REV-10816,Update: The product is okay. It does the job adequately but nothing extraordinary for the price point. Would recommend.,Neutral
REV-10270,Short review: Remarkable experience from ordering to delivery. The product works like a dream.,Positive
REV-10996,Short review: Fair product for routine daily tasks. It gets the job done without any fancy features. Glad I bought it.,Neutral
REV-10202,Fantastic value for money! Superior craftsmanship and sleek modern aesthetics. Just my two cents.,Positive
REV-10162,"Honestly, Works flawlessly right out of the box. Highly recommended to anyone looking for reliable gear. Just my two cents.",Positive
REV-11580,Update: Misleading product description. The actual item does not support the features advertised.,Negative
REV-10730,"Honestly, The size is as described. Operates within normal operational parameters. Keep this in mind.",Neutral
REV-10402,Short review: Works flawlessly right out of the box. Highly recommended to anyone looking for reliable gear. Will look for alternatives.,Positive
REV-10703,"In my opinion, Delivery took a week as scheduled. The item arrived in plain packaging and operates properly. Would recommend.",Neutral
REV-11501,Dreadful battery life and constant connection drops. Total waste of money and time. Would recommend.,Negative
REV-11130,"Honestly, Fair product for routine daily tasks. It gets the job done without any fancy features. Keep this in mind.",Neutral
REV-10566,Brilliant design and rock solid durability. I have already recommended it to all my colleagues.,Positive
REV-11414,"Short review: Horrible quality control. The buttons are stiff, unresponsive, and the screen flickered immediately. Keep this in mind.",Negative
REV-11022,Short review: Basic features work fine. Nothing noteworthy to write home about. Would recommend.,Neutral
REV-11026,"In my opinion, Practical design, though the plastic casing feels standard. Acceptable performance.",Neutral
REV-11412,"Honestly, Terrible experience. The item stopped working after two days and customer support was useless. Will look for alternatives.",Negative
REV-11586,"Update: Absolute nightmare. Flawed design, noisy motor, and terrible instruction manual. Glad I bought it.",Negative
REV-11105,"Honestly, Standard quality for this price range. Serves its intended purpose. Just my two cents.",Neutral
REV-10206,Short review: Works flawlessly right out of the box. Highly recommended to anyone looking for reliable gear. Will look for alternatives.,Positive
REV-10035,"Honestly, High quality materials, elegant design, and totally worth every single penny. Will look for alternatives.",Positive
REV-10776,"In my opinion, Basic features work fine. Nothing noteworthy to write home about. Would recommend.",Neutral
REV-10509,Super fast shipping! Arrived two days early in pristine condition. Five stars all the way. Would recommend.,Positive
REV-11452,"In my opinion, Fell apart after one week of gentle use. Cheap materials and non-existent warranty support.",Negative
REV-11479,"Update: Absolute nightmare. Flawed design, noisy motor, and terrible instruction manual. Would recommend.",Negative
REV-11781,"Honestly, Cheap plastic that cracked on first contact. The worst purchase I have made in years. Will look for alternatives.",Negative
REV-11391,"In my opinion, Absolute nightmare. Flawed design, noisy motor, and terrible instruction manual. Would recommend.",Negative
REV-10092,Update: Exceptional build quality and battery life. Best purchase I have made this year! Would recommend.,Positive
REV-11364,Update: Completely useless item. It overheated within fifteen minutes of light usage and shut down. Keep this in mind.,Negative
REV-10898,Update: Fair product for routine daily tasks. It gets the job done without any fancy features. Just my two cents.,Neutral
REV-10565,"In my opinion, Top notch performance. Handles intensive daily use with zero lag or overheating. Will look for alternatives.",Positive
REV-11370,"After using it for two weeks: Horrible quality control. The buttons are stiff, unresponsive, and the screen flickered immediately.",Negative
REV-10777,"In my opinion, The product is okay. It does the job adequately but nothing extraordinary for the price point. Keep this in mind.",Neutral
REV-10242,"Honestly, Delightful customer experience! The packaging was eco-friendly and the item works beautifully. Just my two cents.",Positive
REV-10014,After using it for two weeks: Incredible sound clarity and deep bass. Far better than competitors in this price bracket. Glad I bought it.,Positive
REV-10316,"In my opinion, A game changer for my daily routine. Elegant, efficient, and exceptionally well engineered. Would recommend.",Positive
REV-10601,Update: The size is as described. Operates within normal operational parameters. Glad I bought it.,Neutral
REV-10388,After using it for two weeks: Delightful customer experience! The packaging was eco-friendly and the item works beautifully. Just my two cents.,Positive
REV-11298,"In my opinion, Extremely disappointed. The package arrived crushed, damaged, and parts were missing.",Negative
REV-10167,"In my opinion, Absolutely love this product! The quality exceeded my expectations and delivery was super fast. Keep this in mind.",Positive
REV-10841,After using it for two weeks: It works as expected for a budget device. Does not stand out in any specific area. Keep this in mind.,Neutral
REV-10021,After using it for two weeks: Delightful customer experience! The packaging was eco-friendly and the item works beautifully.,Positive
REV-10647,Update: Average performance overall. Battery lasts about five hours as stated in the manual. Will look for alternatives.,Neutral
REV-11509,"Short review: Extremely disappointed. The package arrived crushed, damaged, and parts were missing. Glad I bought it.",Negative
REV-11155,The size is as described. Operates within normal operational parameters. Just my two cents.,Neutral
REV-11529,"In my opinion, Absolute nightmare. Flawed design, noisy motor, and terrible instruction manual.",Negative
REV-10832,"In my opinion, Delivery took a week as scheduled. The item arrived in plain packaging and operates properly. Just my two cents.",Neutral
REV-11268,"After using it for two weeks: Very poor build quality. Feels cheap, flimsy, and completely fragile. Do not waste your money. Just my two cents.",Negative
REV-11591,Do not buy this product! Extremely frustrated with the buggy software and constant crashes. Just my two cents.,Negative
REV-10563,"Honestly, Top notch performance. Handles intensive daily use with zero lag or overheating. Keep this in mind.",Positive
REV-11763,Short review: Dreadful battery life and constant connection drops. Total waste of money and time. Glad I bought it.,Negative
REV-10687,Update: Moderate build quality. Meets the basic specifications mentioned in the catalog description. Keep this in mind.,Neutral
REV-10958,Update: It works as expected for a budget device. Does not stand out in any specific area. Just my two cents.,Neutral
REV-10190,I am extremely satisfied with this purchase. The interface is intuitive and response time is instant.,Positive
REV-10976,"Honestly, Delivery took a week as scheduled. The item arrived in plain packaging and operates properly.",Neutral
REV-10700,After using it for two weeks: Delivery took a week as scheduled. The item arrived in plain packaging and operates properly. Would recommend.,Neutral
REV-11500,After using it for two weeks: Completely useless item. It overheated within fifteen minutes of light usage and shut down. Glad I bought it.,Negative
REV-11706,After using it for two weeks: Terrible experience. The item stopped working after two days and customer support was useless.,Negative
REV-10511,Short review: Incredible sound clarity and deep bass. Far better than competitors in this price bracket. Will look for alternatives.,Positive
REV-11083,Short review: It works as expected for a budget device. Does not stand out in any specific area. Just my two cents.,Neutral
REV-10475,"After using it for two weeks: High quality materials, elegant design, and totally worth every single penny. Just my two cents.",Positive
REV-11585,Update: Do not buy this product! Extremely frustrated with the buggy software and constant crashes. Just my two cents.,Negative
REV-10857,"In my opinion, Standard quality for this price range. Serves its intended purpose.",Neutral
REV-10748,"Honestly, The size is as described. Operates within normal operational parameters. Just my two cents.",Neutral
REV-10253,After using it for two weeks: Exceptional build quality and battery life. Best purchase I have made this year! Will look for alternatives.,Positive
REV-10022,"In my opinion, Top notch performance. Handles intensive daily use with zero lag or overheating. Just my two cents.",Positive
REV-11338,Update: Completely useless item. It overheated within fifteen minutes of light usage and shut down. Glad I bought it.,Negative
REV-10460,"In my opinion, Delightful customer experience! The packaging was eco-friendly and the item works beautifully. Would recommend.",Positive
REV-11185,After using it for two weeks: Basic features work fine. Nothing noteworthy to write home about. Will look for alternatives.,Neutral
REV-10277,"A game changer for my daily routine. Elegant, efficient, and exceptionally well engineered. Will look for alternatives.",Positive
REV-10956,Short review: Arrived on time. The color is slightly different from the website photos but acceptable. Just my two cents.,Neutral
REV-11216,After using it for two weeks: Defective on arrival. Power switch did not turn on at all. Total garbage. Keep this in mind.,Negative
REV-10386,After using it for two weeks: Top notch performance. Handles intensive daily use with zero lag or overheating. Will look for alternatives.,Positive
REV-10806,"In my opinion, The unit functions normally. Setup took about twenty minutes following the user guide. Just my two cents.",Neutral
REV-11438,Unacceptable delays in shipping and zero communication from the vendor. Requesting immediate refund. Glad I bought it.,Negative
REV-11516,"Honestly, Worst customer service ever encountered. Waited three weeks for delivery and received the wrong model.",Negative
REV-10344,Works flawlessly right out of the box. Highly recommended to anyone looking for reliable gear. Just my two cents.,Positive
REV-10770,Short review: The product is okay. It does the job adequately but nothing extraordinary for the price point. Will look for alternatives.,Neutral
REV-11333,"In my opinion, Do not buy this product! Extremely frustrated with the buggy software and constant crashes. Just my two cents.",Negative
REV-11686,"In my opinion, Absolute nightmare. Flawed design, noisy motor, and terrible instruction manual. Just my two cents.",Negative
REV-10131,Update: Remarkable experience from ordering to delivery. The product works like a dream.,Positive
REV-11688,"In my opinion, Horrible quality control. The buttons are stiff, unresponsive, and the screen flickered immediately. Glad I bought it.",Negative
REV-10872,Short review: Fair product for routine daily tasks. It gets the job done without any fancy features. Keep this in mind.,Neutral
REV-11124,Short review: Moderate build quality. Meets the basic specifications mentioned in the catalog description. Just my two cents.,Neutral
REV-11397,Short review: Dreadful battery life and constant connection drops. Total waste of money and time. Just my two cents.,Negative
REV-10088,"Honestly, Remarkable experience from ordering to delivery. The product works like a dream.",Positive
REV-11483,"Absolute nightmare. Flawed design, noisy motor, and terrible instruction manual. Glad I bought it.",Negative
REV-10331,"In my opinion, Top notch performance. Handles intensive daily use with zero lag or overheating. Will look for alternatives.",Positive
REV-11239,"Honestly, Worst customer service ever encountered. Waited three weeks for delivery and received the wrong model. Glad I bought it.",Negative
REV-10467,"In my opinion, I am extremely satisfied with this purchase. The interface is intuitive and response time is instant. Will look for alternatives.",Positive
REV-10122,Top notch performance. Handles intensive daily use with zero lag or overheating. Just my two cents.,Positive
REV-11639,After using it for two weeks: Worst customer service ever encountered. Waited three weeks for delivery and received the wrong model. Will look for alternatives.,Negative
REV-11045,The product is okay. It does the job adequately but nothing extraordinary for the price point. Will look for alternatives.,Neutral
REV-11725,"Update: Extremely disappointed. The package arrived crushed, damaged, and parts were missing.",Negative
REV-11096,Update: Standard delivery time. Packaging was adequate. Item matches the dimensions listed. Just my two cents.,Neutral
REV-11131,Delivery took a week as scheduled. The item arrived in plain packaging and operates properly. Keep this in mind.,Neutral
REV-11295,"Short review: Extremely disappointed. The package arrived crushed, damaged, and parts were missing. Just my two cents.",Negative
REV-10861,Moderate build quality. Meets the basic specifications mentioned in the catalog description. Keep this in mind.,Neutral
REV-11460,After using it for two weeks: Completely useless item. It overheated within fifteen minutes of light usage and shut down. Would recommend.,Negative
REV-11127,After using it for two weeks: Fair product for routine daily tasks. It gets the job done without any fancy features. Would recommend.,Neutral
