InvoiceNo,StockCode,Description,Quantity,InvoiceDate,UnitPrice,CustomerID,Country
500000,22086,PAPER CHAIN KIT 50'S CHRISTMAS,2,2023-11-27 18:07:00,2.55,CUST-10152,United Kingdom
500000,84029E,RED WOOLLY HOTTIE WHITE HEART,12,2023-12-18 10:21:00,4.95,CUST-10039,United Kingdom
500000,22633,HAND WARMER UNION JACK,1,2023-09-15 13:43:00,2.1,CUST-10011,United Kingdom
500001,84406B,CREAM CUPID HEARTS COAT HANGER,6,2023-04-25 11:56:00,4.25,CUST-10110,United Kingdom
500001,71053,WHITE METAL LANTERN,4,2023-01-09 17:52:00,3.75,CUST-10403,United Kingdom
500001,22632,HAND WARMER RED RETROSPOT,4,2023-10-08 11:49:00,2.1,CUST-10013,United Kingdom
500002,22960,JAM MAKING SET WITH JARS,12,2023-09-01 09:09:00,4.95,CUST-10017,United Kingdom
500002,84029E,RED WOOLLY HOTTIE WHITE HEART,2,2023-09-30 09:46:00,4.95,CUST-10099,United Kingdom
C500002,22633,HAND WARMER UNION JACK,-4,2023-09-22 16:06:00,2.1,CUST-10044,United Kingdom
500003,84029E,RED WOOLLY HOTTIE WHITE HEART,12,2023-12-09 08:58:00,4.95,CUST-10372,Germany
500003,22960,JAM MAKING SET WITH JARS,1,2023-04-18 14:22:00,4.95,CUST-10092,Germany
500003,22720,SET OF 3 CAKE TINS PANTRY DESIGN,1,2023-07-10 08:04:00,12.75,CUST-10160,United Kingdom
500004,84029G,KNITTED UNION FLAG HOT WATER BOTTLE,2,2023-09-20 14:48:00,4.95,CUST-10059,United Kingdom
500004,84406B,CREAM CUPID HEARTS COAT HANGER,1,2023-04-06 14:58:00,4.25,CUST-10088,United Kingdom
500004,22960,JAM MAKING SET WITH JARS,6,2023-04-18 19:19:00,4.95,CUST-10417,United Kingdom
500005,84029G,KNITTED UNION FLAG HOT WATER BOTTLE,2,2023-05-01 18:56:00,4.95,CUST-10518,United Kingdom
500005,23084,RABBIT NIGHT LIGHT,1,2023-10-21 19:23:00,2.08,CUST-10110,United Kingdom
500005,71053,WHITE METAL LANTERN,4,2023-09-09 19:38:00,3.75,CUST-10057,United Kingdom
500006,85123A,WHITE HANGING HEART T-LIGHT HOLDER,4,2023-03-28 12:31:00,2.95,CUST-10443,United Kingdom
500006,85123A,WHITE HANGING HEART T-LIGHT HOLDER,4,2023-09-20 15:58:00,2.95,CUST-10127,United Kingdom
500006,22752,SET 7 BABUSHKA NESTING BOXES,4,2023-06-06 16:58:00,8.5,CUST-10203,United Kingdom
500007,22633,HAND WARMER UNION JACK,4,2023-11-24 14:51:00,2.1,CUST-10356,United Kingdom
500007,21730,GLASS STAR FROSTED T-LIGHT HOLDER,4,2023-12-17 17:34:00,3.25,CUST-10024,United Kingdom
500007,22197,SMALL POPCORN HOLDER,1,2023-12-06 12:36:00,0.85,CUST-10047,Germany
500008,84029G,KNITTED UNION FLAG HOT WATER BOTTLE,1,2023-04-30 08:23:00,4.95,CUST-10443,United Kingdom
500008,71053,WHITE METAL LANTERN,1,2023-10-26 16:28:00,3.75,CUST-10024,United Kingdom
500008,84029E,RED WOOLLY HOTTIE WHITE HEART,1,2023-09-25 08:13:00,4.95,CUST-10032,United Kingdom
500009,22752,SET 7 BABUSHKA NESTING BOXES,1,2023-11-11 13:54:00,8.5,CUST-10047,France
500009,23084,RABBIT NIGHT LIGHT,2,2023-12-12 08:27:00,2.08,CUST-10080,United Kingdom
500009,22960,JAM MAKING SET WITH JARS,12,2023-08-05 19:27:00,4.95,CUST-10048,United Kingdom
500010,84029G,KNITTED UNION FLAG HOT WATER BOTTLE,1,2023-04-05 10:32:00,4.95,CUST-10435,United Kingdom
500010,22632,HAND WARMER RED RETROSPOT,1,2023-09-11 17:02:00,2.1,CUST-10024,United Kingdom
500010,22632,HAND WARMER RED RETROSPOT,4,2023-11-26 17:16:00,2.1,CUST-10041,United Kingdom
500011,22086,PAPER CHAIN KIT 50'S CHRISTMAS,1,2023-08-18 16:23:00,2.55,,United Kingdom
500011,21730,GLASS STAR FROSTED T-LIGHT HOLDER,1,2023-12-10 19:50:00,3.25,CUST-10045,United Kingdom
500011,22720,SET OF 3 CAKE TINS PANTRY DESIGN,1,2023-09-20 13:57:00,12.75,CUST-10057,United Kingdom
500012,84879,ASSORTED COLOUR BIRD ORNAMENT,4,2023-07-27 12:43:00,1.69,CUST-10032,United Kingdom
500012,22960,JAM MAKING SET WITH JARS,1,2023-07-23 09:41:00,4.95,CUST-10114,United Kingdom
500012,84879,ASSORTED COLOUR BIRD ORNAMENT,2,2023-11-13 14:08:00,1.69,CUST-10025,United Kingdom
500013,84029E,RED WOOLLY HOTTIE WHITE HEART,4,2023-05-29 15:44:00,4.95,CUST-10107,United Kingdom
500013,22752,SET 7 BABUSHKA NESTING BOXES,1,2023-11-30 10:36:00,8.5,CUST-10285,United Kingdom
500013,84029E,RED WOOLLY HOTTIE WHITE HEART,2,2023-05-24 17:25:00,4.95,CUST-10586,United Kingdom
500014,23084,RABBIT NIGHT LIGHT,1,2023-06-09 09:51:00,2.08,CUST-10128,United Kingdom
500014,85123A,WHITE HANGING HEART T-LIGHT HOLDER,6,2023-07-23 14:01:00,2.95,CUST-10225,United Kingdom
500014,84879,ASSORTED COLOUR BIRD ORNAMENT,2,2023-08-27 18:36:00,1.69,CUST-10092,United Kingdom
500015,71053,WHITE METAL LANTERN,4,2023-09-03 09:50:00,3.75,CUST-10030,Germany
500015,84029G,KNITTED UNION FLAG HOT WATER BOTTLE,4,2023-11-11 16:06:00,4.95,CUST-10033,United Kingdom
500015,84406B,CREAM CUPID HEARTS COAT HANGER,2,2023-09-09 10:48:00,4.25,CUST-10197,United Kingdom
500016,22086,PAPER CHAIN KIT 50'S CHRISTMAS,4,2023-01-12 08:54:00,2.55,CUST-10426,United Kingdom
500016,84029G,KNITTED UNION FLAG HOT WATER BOTTLE,1,2023-09-04 10:48:00,4.95,CUST-10145,United Kingdom
500016,23084,RABBIT NIGHT LIGHT,1,2023-02-21 10:57:00,2.08,CUST-10517,United Kingdom
500017,22086,PAPER CHAIN KIT 50'S CHRISTMAS,12,2023-12-17 16:38:00,2.55,CUST-10052,United Kingdom
500017,22720,SET OF 3 CAKE TINS PANTRY DESIGN,6,2023-11-22 19:08:00,12.75,CUST-10284,United Kingdom
500017,84029E,RED WOOLLY HOTTIE WHITE HEART,2,2023-08-15 17:01:00,4.95,CUST-10008,Germany
500018,84029G,KNITTED UNION FLAG HOT WATER BOTTLE,2,2023-03-12 16:44:00,4.95,CUST-10534,United Kingdom
500018,22086,PAPER CHAIN KIT 50'S CHRISTMAS,1,2023-07-18 14:02:00,2.55,CUST-10299,United Kingdom
500018,84879,ASSORTED COLOUR BIRD ORNAMENT,12,2023-07-20 10:12:00,1.69,CUST-10040,Germany
500019,22086,PAPER CHAIN KIT 50'S CHRISTMAS,1,2023-09-15 19:44:00,2.55,CUST-10005,Netherlands
500019,71053,WHITE METAL LANTERN,1,2023-12-13 11:56:00,3.75,CUST-10034,Netherlands
500019,22197,SMALL POPCORN HOLDER,1,2023-11-20 14:56:00,0.85,CUST-10212,United Kingdom
500020,22720,SET OF 3 CAKE TINS PANTRY DESIGN,2,2023-07-01 19:35:00,12.75,CUST-10067,United Kingdom
500020,84029E,RED WOOLLY HOTTIE WHITE HEART,6,2023-12-11 16:32:00,4.95,CUST-10026,France
500020,22633,HAND WARMER UNION JACK,2,2023-10-22 12:46:00,2.1,CUST-10291,United Kingdom
500021,23084,RABBIT NIGHT LIGHT,1,2023-11-14 08:17:00,2.08,CUST-10032,Spain
500021,23084,RABBIT NIGHT LIGHT,1,2023-10-05 16:34:00,2.08,CUST-10370,United Kingdom
500021,84029E,RED WOOLLY HOTTIE WHITE HEART,4,2023-01-03 12:22:00,4.95,CUST-10491,United Kingdom
500022,85123A,WHITE HANGING HEART T-LIGHT HOLDER,4,2023-09-08 11:00:00,2.95,CUST-10000,United Kingdom
500022,84879,ASSORTED COLOUR BIRD ORNAMENT,6,2023-11-15 18:49:00,1.69,CUST-10177,United Kingdom
500022,22960,JAM MAKING SET WITH JARS,4,2023-09-24 12:20:00,4.95,CUST-10106,United Kingdom
500023,23084,RABBIT NIGHT LIGHT,4,2023-12-12 18:50:00,2.08,CUST-10157,France
500023,22086,PAPER CHAIN KIT 50'S CHRISTMAS,1,2023-09-08 08:04:00,2.55,CUST-10041,United Kingdom
500023,22086,PAPER CHAIN KIT 50'S CHRISTMAS,1,2023-11-18 12:01:00,2.55,CUST-10093,United Kingdom
500024,22632,HAND WARMER RED RETROSPOT,1,2023-06-04 18:53:00,2.1,CUST-10139,Germany
500024,84029E,RED WOOLLY HOTTIE WHITE HEART,1,2023-07-01 10:18:00,4.95,CUST-10120,United Kingdom
500024,71053,WHITE METAL LANTERN,1,2023-07-31 17:45:00,3.75,CUST-10040,United Kingdom
500025,84029G,KNITTED UNION FLAG HOT WATER BOTTLE,6,2023-06-16 08:25:00,4.95,CUST-10115,United Kingdom
500025,22632,HAND WARMER RED RETROSPOT,4,2023-03-29 14:13:00,2.1,CUST-10073,United Kingdom
500025,71053,WHITE METAL LANTERN,2,2023-10-14 19:44:00,3.75,CUST-10360,United Kingdom
500026,22720,SET OF 3 CAKE TINS PANTRY DESIGN,2,2023-11-29 14:21:00,12.75,CUST-10098,United Kingdom
500026,22752,SET 7 BABUSHKA NESTING BOXES,2,2023-07-25 11:46:00,8.5,CUST-10168,United Kingdom
500026,22632,HAND WARMER RED RETROSPOT,2,2023-08-14 09:58:00,2.1,CUST-10005,United Kingdom
500027,22197,SMALL POPCORN HOLDER,1,2023-11-08 11:29:00,0.85,CUST-10005,Germany
500027,22632,HAND WARMER RED RETROSPOT,1,2023-08-28 12:35:00,2.1,CUST-10030,Germany
500027,84406B,CREAM CUPID HEARTS COAT HANGER,6,2023-10-01 15:37:00,4.25,CUST-10322,United Kingdom
500028,84029G,KNITTED UNION FLAG HOT WATER BOTTLE,2,2023-09-07 17:53:00,4.95,CUST-10342,United Kingdom
500028,23084,RABBIT NIGHT LIGHT,2,2023-04-08 12:10:00,2.08,CUST-10123,United Kingdom
500028,22086,PAPER CHAIN KIT 50'S CHRISTMAS,4,2023-12-04 19:01:00,2.55,CUST-10022,United Kingdom
500029,84406B,CREAM CUPID HEARTS COAT HANGER,1,2023-12-18 13:54:00,4.25,CUST-10014,Spain
500029,84406B,CREAM CUPID HEARTS COAT HANGER,1,2023-12-03 09:11:00,4.25,CUST-10055,Germany
500029,84406B,CREAM CUPID HEARTS COAT HANGER,1,2023-08-02 19:29:00,4.25,CUST-10040,United Kingdom
500030,22632,HAND WARMER RED RETROSPOT,2,2023-05-29 09:39:00,2.1,CUST-10101,United Kingdom
500030,23084,RABBIT NIGHT LIGHT,2,2023-11-29 08:32:00,2.08,CUST-10352,United Kingdom
500030,22632,HAND WARMER RED RETROSPOT,4,2023-09-24 14:50:00,2.1,CUST-10005,United Kingdom
500031,85123A,WHITE HANGING HEART T-LIGHT HOLDER,4,2023-12-10 13:56:00,2.95,CUST-10364,United Kingdom
500031,22752,SET 7 BABUSHKA NESTING BOXES,6,2023-10-30 17:32:00,8.5,CUST-10214,United Kingdom
500031,22086,PAPER CHAIN KIT 50'S CHRISTMAS,4,2023-11-17 11:11:00,2.55,CUST-10195,United Kingdom
500032,22632,HAND WARMER RED RETROSPOT,2,2023-12-14 18:09:00,2.1,CUST-10004,Spain
500032,85123A,WHITE HANGING HEART T-LIGHT HOLDER,1,2023-10-31 09:24:00,2.95,CUST-10012,United Kingdom
500032,85123A,WHITE HANGING HEART T-LIGHT HOLDER,2,2023-08-05 15:41:00,2.95,CUST-10329,United Kingdom
500033,22720,SET OF 3 CAKE TINS PANTRY DESIGN,6,2023-01-01 12:20:00,12.75,CUST-10400,Germany
500033,22633,HAND WARMER UNION JACK,1,2023-07-28 16:52:00,2.1,CUST-10202,United Kingdom
500033,21730,GLASS STAR FROSTED T-LIGHT HOLDER,1,2023-05-15 13:01:00,3.25,CUST-10149,United Kingdom
500034,22632,HAND WARMER RED RETROSPOT,1,2023-08-28 13:52:00,2.1,CUST-10084,United Kingdom
500034,85123A,WHITE HANGING HEART T-LIGHT HOLDER,2,2023-10-08 11:40:00,2.95,CUST-10048,United Kingdom
500034,22197,SMALL POPCORN HOLDER,4,2023-12-07 14:50:00,0.85,CUST-10031,United Kingdom
500035,22960,JAM MAKING SET WITH JARS,4,2023-03-20 09:00:00,4.95,CUST-10203,United Kingdom
500035,22086,PAPER CHAIN KIT 50'S CHRISTMAS,1,2023-07-11 08:07:00,2.55,CUST-10122,France
500035,71053,WHITE METAL LANTERN,6,2023-04-25 19:31:00,3.75,CUST-10146,United Kingdom
500036,84029E,RED WOOLLY HOTTIE WHITE HEART,1,2023-09-11 16:46:00,4.95,CUST-10007,United Kingdom
500036,22197,SMALL POPCORN HOLDER,12,2023-08-20 15:45:00,0.85,CUST-10013,United Kingdom
500036,85123A,WHITE HANGING HEART T-LIGHT HOLDER,1,2023-07-26 17:06:00,2.95,CUST-10017,United Kingdom
500037,22197,SMALL POPCORN HOLDER,1,2023-12-29 12:19:00,0.85,CUST-10061,United Kingdom
500037,84406B,CREAM CUPID HEARTS COAT HANGER,12,2023-10-13 12:43:00,4.25,CUST-10196,Germany
500037,84406B,CREAM CUPID HEARTS COAT HANGER,2,2023-10-11 08:49:00,4.25,CUST-10187,United Kingdom
500038,22086,PAPER CHAIN KIT 50'S CHRISTMAS,1,2023-07-23 17:57:00,2.55,CUST-10021,France
500038,85123A,WHITE HANGING HEART T-LIGHT HOLDER,2,2023-08-29 13:33:00,2.95,CUST-10035,United Kingdom
500038,22632,HAND WARMER RED RETROSPOT,1,2023-09-14 13:26:00,2.1,CUST-10026,United Kingdom
500039,22197,SMALL POPCORN HOLDER,1,2023-08-14 09:53:00,0.85,CUST-10331,United Kingdom
500039,21730,GLASS STAR FROSTED T-LIGHT HOLDER,4,2023-12-10 08:58:00,3.25,CUST-10220,Spain
500039,23084,RABBIT NIGHT LIGHT,1,2023-08-21 17:35:00,2.08,CUST-10055,United Kingdom
500040,85123A,WHITE HANGING HEART T-LIGHT HOLDER,2,2023-09-18 15:16:00,2.95,CUST-10132,United Kingdom
500040,22752,SET 7 BABUSHKA NESTING BOXES,2,2023-12-18 10:29:00,8.5,CUST-10317,France
500040,23084,RABBIT NIGHT LIGHT,1,2023-09-14 14:48:00,2.08,CUST-10009,United Kingdom
500041,84879,ASSORTED COLOUR BIRD ORNAMENT,1,2023-07-24 09:24:00,1.69,CUST-10327,United Kingdom
500041,22752,SET 7 BABUSHKA NESTING BOXES,12,2023-11-27 17:20:00,8.5,CUST-10354,United Kingdom
500041,84406B,CREAM CUPID HEARTS COAT HANGER,1,2023-03-23 11:38:00,4.25,CUST-10448,United Kingdom
500042,84029E,RED WOOLLY HOTTIE WHITE HEART,2,2023-09-02 09:02:00,4.95,CUST-10059,United Kingdom
500042,22086,PAPER CHAIN KIT 50'S CHRISTMAS,4,2023-09-30 13:24:00,2.55,CUST-10213,United Kingdom
500042,22086,PAPER CHAIN KIT 50'S CHRISTMAS,2,2023-08-22 18:54:00,2.55,CUST-10041,Netherlands
500043,22632,HAND WARMER RED RETROSPOT,1,2023-11-01 19:56:00,2.1,CUST-10121,United Kingdom
500043,22960,JAM MAKING SET WITH JARS,1,2023-08-25 10:44:00,4.95,CUST-10124,United Kingdom
500043,22632,HAND WARMER RED RETROSPOT,1,2023-09-30 08:56:00,2.1,CUST-10052,United Kingdom
500044,22960,JAM MAKING SET WITH JARS,4,2023-12-28 15:10:00,4.95,CUST-10098,United Kingdom
500044,22086,PAPER CHAIN KIT 50'S CHRISTMAS,1,2023-02-23 12:50:00,2.55,CUST-10452,United Kingdom
500044,22752,SET 7 BABUSHKA NESTING BOXES,12,2023-01-06 12:04:00,8.5,CUST-10509,Netherlands
500045,22960,JAM MAKING SET WITH JARS,24,2023-12-29 09:17:00,4.95,CUST-10041,United Kingdom
500045,84029E,RED WOOLLY HOTTIE WHITE HEART,1,2023-09-10 11:13:00,4.95,CUST-10298,United Kingdom
500045,23084,RABBIT NIGHT LIGHT,4,2023-03-17 17:08:00,2.08,CUST-10542,United Kingdom
500046,22720,SET OF 3 CAKE TINS PANTRY DESIGN,2,2023-11-07 12:47:00,12.75,CUST-10131,France
500046,84406B,CREAM CUPID HEARTS COAT HANGER,1,2023-02-09 10:57:00,4.25,CUST-10503,United Kingdom
500046,85123A,WHITE HANGING HEART T-LIGHT HOLDER,1,2023-03-21 15:27:00,2.95,CUST-10536,United Kingdom
500047,22086,PAPER CHAIN KIT 50'S CHRISTMAS,6,2023-01-07 12:42:00,2.55,CUST-10489,United Kingdom
C500047,71053,WHITE METAL LANTERN,-6,2023-08-27 09:35:00,3.75,CUST-10029,United Kingdom
500047,23084,RABBIT NIGHT LIGHT,2,2023-10-20 08:39:00,2.08,,United Kingdom
500048,71053,WHITE METAL LANTERN,1,2023-10-01 16:31:00,3.75,CUST-10006,United Kingdom
500048,84879,ASSORTED COLOUR BIRD ORNAMENT,1,2023-03-09 18:16:00,1.69,CUST-10485,United Kingdom
500048,22197,SMALL POPCORN HOLDER,1,2023-08-02 19:35:00,0.85,CUST-10049,United Kingdom
500049,22720,SET OF 3 CAKE TINS PANTRY DESIGN,1,2023-12-26 10:10:00,12.75,CUST-10014,Spain
500049,22086,PAPER CHAIN KIT 50'S CHRISTMAS,1,2023-08-27 14:28:00,2.55,CUST-10040,United Kingdom
500049,84879,ASSORTED COLOUR BIRD ORNAMENT,4,2023-10-08 19:55:00,1.69,CUST-10002,Spain
500050,23084,RABBIT NIGHT LIGHT,4,2023-06-30 17:37:00,2.08,CUST-10340,United Kingdom
500050,22633,HAND WARMER UNION JACK,6,2023-05-12 19:45:00,2.1,CUST-10086,Germany
500050,22632,HAND WARMER RED RETROSPOT,12,2023-09-30 19:52:00,2.1,CUST-10340,United Kingdom
500051,84029G,KNITTED UNION FLAG HOT WATER BOTTLE,2,2023-11-22 19:19:00,4.95,CUST-10016,United Kingdom
500051,22086,PAPER CHAIN KIT 50'S CHRISTMAS,1,2023-10-15 15:10:00,2.55,CUST-10001,United Kingdom
500051,22633,HAND WARMER UNION JACK,6,2023-02-01 18:44:00,2.1,CUST-10555,United Kingdom
500052,23084,RABBIT NIGHT LIGHT,2,2023-10-03 16:45:00,2.08,CUST-10016,United Kingdom
500052,85123A,WHITE HANGING HEART T-LIGHT HOLDER,6,2023-10-24 09:32:00,2.95,CUST-10059,United Kingdom
500052,22720,SET OF 3 CAKE TINS PANTRY DESIGN,6,2023-10-30 17:45:00,12.75,CUST-10037,United Kingdom
500053,21730,GLASS STAR FROSTED T-LIGHT HOLDER,4,2023-03-10 13:08:00,3.25,CUST-10182,Spain
500053,22197,SMALL POPCORN HOLDER,6,2023-06-20 18:06:00,0.85,CUST-10143,United Kingdom
500053,22197,SMALL POPCORN HOLDER,4,2023-09-05 17:13:00,0.85,CUST-10100,United Kingdom
500054,22632,HAND WARMER RED RETROSPOT,6,2023-04-25 11:44:00,2.1,CUST-10206,United Kingdom
500054,22632,HAND WARMER RED RETROSPOT,24,2023-12-16 12:31:00,2.1,CUST-10018,United Kingdom
500054,85123A,WHITE HANGING HEART T-LIGHT HOLDER,6,2023-10-24 14:11:00,2.95,CUST-10014,United Kingdom
500055,71053,WHITE METAL LANTERN,6,2023-11-22 11:23:00,3.75,CUST-10043,United Kingdom
500055,84406B,CREAM CUPID HEARTS COAT HANGER,2,2023-11-18 14:41:00,4.25,CUST-10125,United Kingdom
500055,22632,HAND WARMER RED RETROSPOT,2,2023-10-12 10:25:00,2.1,CUST-10202,United Kingdom
500056,22960,JAM MAKING SET WITH JARS,2,2023-04-11 13:46:00,4.95,CUST-10096,United Kingdom
500056,84029E,RED WOOLLY HOTTIE WHITE HEART,1,2023-05-06 10:36:00,4.95,CUST-10087,Spain
500056,22960,JAM MAKING SET WITH JARS,1,2023-03-11 10:53:00,4.95,CUST-10198,United Kingdom
500057,22633,HAND WARMER UNION JACK,1,2023-08-19 19:00:00,2.1,CUST-10067,United Kingdom
500057,84879,ASSORTED COLOUR BIRD ORNAMENT,2,2023-08-17 08:55:00,1.69,CUST-10374,United Kingdom
500057,84029G,KNITTED UNION FLAG HOT WATER BOTTLE,1,2023-11-26 16:36:00,4.95,CUST-10013,United Kingdom
500058,84029E,RED WOOLLY HOTTIE WHITE HEART,2,2023-07-31 17:19:00,4.95,CUST-10032,United Kingdom
500058,22960,JAM MAKING SET WITH JARS,1,2023-02-07 11:22:00,4.95,CUST-10428,United Kingdom
500058,23084,RABBIT NIGHT LIGHT,1,2023-01-08 13:04:00,2.08,CUST-10518,Spain
500059,23084,RABBIT NIGHT LIGHT,2,2023-11-21 17:07:00,2.08,CUST-10323,United Kingdom
500059,84029E,RED WOOLLY HOTTIE WHITE HEART,2,2023-07-30 12:47:00,4.95,CUST-10356,United Kingdom
500059,22086,PAPER CHAIN KIT 50'S CHRISTMAS,1,2023-10-16 16:52:00,2.55,CUST-10032,United Kingdom
500060,84406B,CREAM CUPID HEARTS COAT HANGER,6,2023-03-23 16:22:00,4.25,CUST-10408,United Kingdom
500060,23084,RABBIT NIGHT LIGHT,4,2023-10-03 17:06:00,2.08,CUST-10000,United Kingdom
500060,22960,JAM MAKING SET WITH JARS,4,2023-11-23 10:07:00,4.95,CUST-10161,United Kingdom
500061,84879,ASSORTED COLOUR BIRD ORNAMENT,1,2023-04-27 17:24:00,1.69,CUST-10583,United Kingdom
500061,22197,SMALL POPCORN HOLDER,2,2023-12-28 09:43:00,0.85,CUST-10146,France
500061,84406B,CREAM CUPID HEARTS COAT HANGER,1,2023-08-13 11:10:00,4.25,CUST-10014,United Kingdom
500062,23084,RABBIT NIGHT LIGHT,2,2023-04-22 18:28:00,2.08,CUST-10176,United Kingdom
500062,22960,JAM MAKING SET WITH JARS,1,2023-07-11 17:24:00,4.95,CUST-10136,United Kingdom
500062,84029G,KNITTED UNION FLAG HOT WATER BOTTLE,2,2023-12-16 17:55:00,4.95,CUST-10265,United Kingdom
500063,22752,SET 7 BABUSHKA NESTING BOXES,2,2023-07-20 14:21:00,8.5,CUST-10106,United Kingdom
500063,22632,HAND WARMER RED RETROSPOT,2,2023-11-21 17:07:00,2.1,CUST-10056,United Kingdom
500063,71053,WHITE METAL LANTERN,4,2023-12-13 17:24:00,3.75,CUST-10269,United Kingdom
500064,85123A,WHITE HANGING HEART T-LIGHT HOLDER,1,2023-12-27 14:20:00,2.95,CUST-10043,United Kingdom
500064,71053,WHITE METAL LANTERN,1,2023-05-17 16:24:00,3.75,CUST-10137,United Kingdom
500064,22720,SET OF 3 CAKE TINS PANTRY DESIGN,1,2023-09-05 10:03:00,12.75,CUST-10083,United Kingdom
500065,22197,SMALL POPCORN HOLDER,1,2023-05-13 15:32:00,0.85,CUST-10190,Germany
500065,22752,SET 7 BABUSHKA NESTING BOXES,2,2023-07-26 12:07:00,8.5,CUST-10381,United Kingdom
500065,84406B,CREAM CUPID HEARTS COAT HANGER,4,2023-07-21 13:16:00,4.25,CUST-10001,United Kingdom
500066,22720,SET OF 3 CAKE TINS PANTRY DESIGN,1,2023-01-31 16:54:00,12.75,CUST-10466,United Kingdom
500066,84406B,CREAM CUPID HEARTS COAT HANGER,1,2023-11-20 14:27:00,4.25,CUST-10212,United Kingdom
500066,71053,WHITE METAL LANTERN,4,2023-09-21 13:21:00,3.75,CUST-10358,United Kingdom
500067,71053,WHITE METAL LANTERN,1,2023-08-24 08:22:00,3.75,CUST-10013,United Kingdom
500067,84029G,KNITTED UNION FLAG HOT WATER BOTTLE,6,2023-08-28 14:25:00,4.95,CUST-10126,United Kingdom
500067,22752,SET 7 BABUSHKA NESTING BOXES,6,2023-10-26 08:41:00,8.5,CUST-10071,Germany
500068,22633,HAND WARMER UNION JACK,1,2023-07-06 11:13:00,2.1,,United Kingdom
500068,22633,HAND WARMER UNION JACK,2,2023-01-10 16:01:00,2.1,CUST-10599,United Kingdom
500068,22752,SET 7 BABUSHKA NESTING BOXES,1,2023-05-11 10:40:00,8.5,CUST-10514,United Kingdom
500069,23084,RABBIT NIGHT LIGHT,2,2023-07-31 19:12:00,2.08,CUST-10003,United Kingdom
500069,23084,RABBIT NIGHT LIGHT,1,2023-09-17 14:18:00,2.08,CUST-10001,United Kingdom
500069,84406B,CREAM CUPID HEARTS COAT HANGER,1,2023-02-25 16:22:00,4.25,CUST-10548,United Kingdom
500070,21730,GLASS STAR FROSTED T-LIGHT HOLDER,1,2023-10-24 11:03:00,3.25,CUST-10015,United Kingdom
500070,23084,RABBIT NIGHT LIGHT,2,2023-12-24 12:51:00,2.08,CUST-10375,United Kingdom
500070,22960,JAM MAKING SET WITH JARS,2,2023-11-09 14:01:00,4.95,,United Kingdom
500071,84029E,RED WOOLLY HOTTIE WHITE HEART,6,2023-11-29 08:12:00,4.95,CUST-10038,United Kingdom
500071,21730,GLASS STAR FROSTED T-LIGHT HOLDER,1,2023-12-05 12:51:00,3.25,CUST-10016,United Kingdom
500071,84029E,RED WOOLLY HOTTIE WHITE HEART,12,2023-12-03 13:41:00,4.95,CUST-10389,United Kingdom
500072,71053,WHITE METAL LANTERN,1,2023-03-01 08:09:00,3.75,CUST-10519,United Kingdom
500072,22632,HAND WARMER RED RETROSPOT,6,2023-09-16 08:22:00,2.1,CUST-10386,United Kingdom
500072,22086,PAPER CHAIN KIT 50'S CHRISTMAS,6,2023-10-14 18:00:00,2.55,CUST-10007,United Kingdom
500073,23084,RABBIT NIGHT LIGHT,12,2023-10-15 18:51:00,2.08,CUST-10169,United Kingdom
500073,23084,RABBIT NIGHT LIGHT,1,2023-03-09 17:37:00,2.08,CUST-10155,United Kingdom
500073,22633,HAND WARMER UNION JACK,4,2023-12-18 11:13:00,2.1,CUST-10108,Spain
500074,22752,SET 7 BABUSHKA NESTING BOXES,2,2023-09-28 15:01:00,8.5,CUST-10349,United Kingdom
500074,71053,WHITE METAL LANTERN,1,2023-08-03 08:39:00,3.75,CUST-10009,United Kingdom
500074,84406B,CREAM CUPID HEARTS COAT HANGER,6,2023-09-30 19:31:00,4.25,CUST-10081,United Kingdom
500075,22960,JAM MAKING SET WITH JARS,2,2023-01-18 12:12:00,4.95,CUST-10401,United Kingdom
500075,22752,SET 7 BABUSHKA NESTING BOXES,2,2023-11-26 18:24:00,8.5,CUST-10295,United Kingdom
500075,22632,HAND WARMER RED RETROSPOT,1,2023-10-22 10:22:00,2.1,CUST-10049,United Kingdom
500076,22960,JAM MAKING SET WITH JARS,6,2023-03-20 14:28:00,4.95,CUST-10177,United Kingdom
500076,84029E,RED WOOLLY HOTTIE WHITE HEART,6,2023-05-12 08:43:00,4.95,CUST-10203,Germany
500076,22197,SMALL POPCORN HOLDER,4,2023-11-25 14:26:00,0.85,CUST-10219,United Kingdom
500077,22960,JAM MAKING SET WITH JARS,1,2023-08-22 19:16:00,4.95,CUST-10267,United Kingdom
500077,84029E,RED WOOLLY HOTTIE WHITE HEART,1,2023-09-27 15:18:00,4.95,CUST-10054,United Kingdom
500077,22752,SET 7 BABUSHKA NESTING BOXES,4,2023-08-25 13:20:00,8.5,,United Kingdom
500078,84029G,KNITTED UNION FLAG HOT WATER BOTTLE,2,2023-07-16 14:06:00,4.95,CUST-10229,United Kingdom
500078,71053,WHITE METAL LANTERN,4,2023-07-23 09:29:00,3.75,,United Kingdom
500078,22720,SET OF 3 CAKE TINS PANTRY DESIGN,4,2023-11-05 19:29:00,12.75,CUST-10023,United Kingdom
500079,71053,WHITE METAL LANTERN,2,2023-11-09 14:32:00,3.75,CUST-10054,United Kingdom
500079,22752,SET 7 BABUSHKA NESTING BOXES,4,2023-08-13 08:16:00,8.5,CUST-10327,United Kingdom
500079,84029E,RED WOOLLY HOTTIE WHITE HEART,1,2023-10-10 16:25:00,4.95,CUST-10284,United Kingdom
500080,84406B,CREAM CUPID HEARTS COAT HANGER,12,2023-10-08 18:44:00,4.25,CUST-10053,Germany
500080,84029E,RED WOOLLY HOTTIE WHITE HEART,4,2023-08-17 12:09:00,4.95,CUST-10374,France
500080,22633,HAND WARMER UNION JACK,1,2023-02-26 11:05:00,2.1,CUST-10413,United Kingdom
500081,22720,SET OF 3 CAKE TINS PANTRY DESIGN,1,2023-12-04 15:43:00,12.75,CUST-10245,France
500081,22720,SET OF 3 CAKE TINS PANTRY DESIGN,6,2023-12-10 13:30:00,12.75,CUST-10015,Germany
500081,84029G,KNITTED UNION FLAG HOT WATER BOTTLE,1,2023-11-03 16:20:00,4.95,CUST-10017,United Kingdom
500082,22720,SET OF 3 CAKE TINS PANTRY DESIGN,6,2023-11-19 14:20:00,12.75,CUST-10357,United Kingdom
500082,84029E,RED WOOLLY HOTTIE WHITE HEART,2,2023-05-11 14:25:00,4.95,CUST-10458,United Kingdom
500082,84029G,KNITTED UNION FLAG HOT WATER BOTTLE,2,2023-12-27 09:52:00,4.95,CUST-10040,United Kingdom
500083,22197,SMALL POPCORN HOLDER,1,2023-04-08 19:57:00,0.85,CUST-10450,United Kingdom
500083,22633,HAND WARMER UNION JACK,4,2023-03-06 09:21:00,2.1,CUST-10124,United Kingdom
500083,22720,SET OF 3 CAKE TINS PANTRY DESIGN,24,2023-12-20 19:58:00,12.75,CUST-10147,United Kingdom
500084,84029G,KNITTED UNION FLAG HOT WATER BOTTLE,2,2023-05-07 11:45:00,4.95,CUST-10543,Germany
500084,22720,SET OF 3 CAKE TINS PANTRY DESIGN,4,2023-05-05 16:39:00,12.75,CUST-10544,United Kingdom
500084,84406B,CREAM CUPID HEARTS COAT HANGER,1,2023-10-24 17:51:00,4.25,CUST-10043,United Kingdom
500085,22720,SET OF 3 CAKE TINS PANTRY DESIGN,1,2023-07-10 15:11:00,12.75,CUST-10260,United Kingdom
500085,22720,SET OF 3 CAKE TINS PANTRY DESIGN,2,2023-09-04 15:17:00,12.75,CUST-10008,United Kingdom
500085,22752,SET 7 BABUSHKA NESTING BOXES,1,2023-06-23 18:39:00,8.5,CUST-10086,France
500086,22752,SET 7 BABUSHKA NESTING BOXES,12,2023-10-08 11:29:00,8.5,CUST-10316,United Kingdom
500086,84029E,RED WOOLLY HOTTIE WHITE HEART,4,2023-09-20 14:52:00,4.95,CUST-10000,Netherlands
500086,84406B,CREAM CUPID HEARTS COAT HANGER,2,2023-07-26 12:24:00,4.25,CUST-10337,United Kingdom
500087,22752,SET 7 BABUSHKA NESTING BOXES,4,2023-10-23 13:49:00,8.5,CUST-10218,Germany
500087,22720,SET OF 3 CAKE TINS PANTRY DESIGN,1,2023-05-16 19:29:00,12.75,CUST-10190,United Kingdom
500087,71053,WHITE METAL LANTERN,4,2023-04-11 10:46:00,3.75,CUST-10093,United Kingdom
500088,85123A,WHITE HANGING HEART T-LIGHT HOLDER,1,2023-10-01 18:34:00,2.95,CUST-10348,United Kingdom
500088,22632,HAND WARMER RED RETROSPOT,1,2023-12-14 19:00:00,2.1,CUST-10038,Germany
500088,84029E,RED WOOLLY HOTTIE WHITE HEART,2,2023-08-09 10:56:00,4.95,CUST-10014,United Kingdom
500089,22197,SMALL POPCORN HOLDER,1,2023-10-22 08:05:00,0.85,CUST-10286,United Kingdom
500089,22960,JAM MAKING SET WITH JARS,6,2023-09-29 10:18:00,4.95,CUST-10052,United Kingdom
500089,22960,JAM MAKING SET WITH JARS,12,2023-12-16 16:18:00,4.95,CUST-10037,United Kingdom
500090,22633,HAND WARMER UNION JACK,1,2023-03-14 18:54:00,2.1,CUST-10452,United Kingdom
500090,84029G,KNITTED UNION FLAG HOT WATER BOTTLE,1,2023-11-21 08:55:00,4.95,CUST-10089,United Kingdom
500090,22086,PAPER CHAIN KIT 50'S CHRISTMAS,2,2023-07-07 09:40:00,2.55,CUST-10277,United Kingdom
500091,22197,SMALL POPCORN HOLDER,24,2023-12-24 19:34:00,0.85,CUST-10048,United Kingdom
500091,22086,PAPER CHAIN KIT 50'S CHRISTMAS,1,2023-12-07 12:08:00,2.55,CUST-10381,Spain
500091,22960,JAM MAKING SET WITH JARS,4,2023-10-03 13:11:00,4.95,CUST-10022,United Kingdom
500092,22086,PAPER CHAIN KIT 50'S CHRISTMAS,4,2023-04-08 11:56:00,2.55,CUST-10110,United Kingdom
500092,22632,HAND WARMER RED RETROSPOT,4,2023-09-23 19:01:00,2.1,CUST-10276,United Kingdom
500092,22720,SET OF 3 CAKE TINS PANTRY DESIGN,12,2023-12-11 19:05:00,12.75,CUST-10024,United Kingdom
500093,22086,PAPER CHAIN KIT 50'S CHRISTMAS,2,2023-07-21 10:47:00,2.55,CUST-10158,Germany
500093,22720,SET OF 3 CAKE TINS PANTRY DESIGN,2,2023-08-31 11:32:00,12.75,CUST-10007,United Kingdom
500093,85123A,WHITE HANGING HEART T-LIGHT HOLDER,4,2023-07-28 15:36:00,2.95,CUST-10040,United Kingdom
500094,22086,PAPER CHAIN KIT 50'S CHRISTMAS,12,2023-01-11 10:10:00,2.55,CUST-10530,United Kingdom
500094,85123A,WHITE HANGING HEART T-LIGHT HOLDER,6,2023-04-19 19:47:00,2.95,CUST-10578,United Kingdom
500094,23084,RABBIT NIGHT LIGHT,6,2023-08-06 14:48:00,2.08,CUST-10146,United Kingdom
500095,85123A,WHITE HANGING HEART T-LIGHT HOLDER,1,2023-12-02 15:19:00,2.95,CUST-10356,Spain
500095,22720,SET OF 3 CAKE TINS PANTRY DESIGN,2,2023-08-19 18:12:00,12.75,CUST-10314,United Kingdom
500095,22086,PAPER CHAIN KIT 50'S CHRISTMAS,1,2023-12-21 12:01:00,2.55,CUST-10005,United Kingdom
500096,84029E,RED WOOLLY HOTTIE WHITE HEART,6,2023-12-27 17:36:00,4.95,CUST-10124,United Kingdom
500096,84406B,CREAM CUPID HEARTS COAT HANGER,1,2023-11-03 09:35:00,4.25,CUST-10020,United Kingdom
500096,22633,HAND WARMER UNION JACK,2,2023-12-22 19:14:00,2.1,CUST-10031,United Kingdom
500097,84879,ASSORTED COLOUR BIRD ORNAMENT,2,2023-08-15 09:55:00,1.69,CUST-10159,United Kingdom
500097,22197,SMALL POPCORN HOLDER,2,2023-12-12 19:34:00,0.85,CUST-10028,United Kingdom
500097,84879,ASSORTED COLOUR BIRD ORNAMENT,2,2023-12-08 11:55:00,1.69,CUST-10345,Netherlands
500098,84029G,KNITTED UNION FLAG HOT WATER BOTTLE,1,2023-09-24 18:44:00,4.95,CUST-10023,United Kingdom
500098,22720,SET OF 3 CAKE TINS PANTRY DESIGN,12,2023-07-04 12:29:00,12.75,CUST-10065,United Kingdom
500098,85123A,WHITE HANGING HEART T-LIGHT HOLDER,1,2023-01-18 19:08:00,2.95,CUST-10585,United Kingdom
500099,22633,HAND WARMER UNION JACK,2,2023-03-09 12:36:00,2.1,CUST-10411,Germany
500099,85123A,WHITE HANGING HEART T-LIGHT HOLDER,2,2023-06-18 10:57:00,2.95,CUST-10101,Germany
500099,22086,PAPER CHAIN KIT 50'S CHRISTMAS,4,2023-06-01 15:34:00,2.55,CUST-10188,Netherlands
500100,84029E,RED WOOLLY HOTTIE WHITE HEART,1,2023-01-19 12:38:00,4.95,CUST-10493,France
500100,22752,SET 7 BABUSHKA NESTING BOXES,2,2023-11-13 09:10:00,8.5,CUST-10026,United Kingdom
500100,22720,SET OF 3 CAKE TINS PANTRY DESIGN,12,2023-08-08 16:45:00,12.75,CUST-10016,Netherlands
500101,84029G,KNITTED UNION FLAG HOT WATER BOTTLE,1,2023-05-10 14:57:00,4.95,CUST-10155,United Kingdom
500101,23084,RABBIT NIGHT LIGHT,2,2023-06-01 10:46:00,2.08,CUST-10141,Netherlands
500101,85123A,WHITE HANGING HEART T-LIGHT HOLDER,6,2023-10-08 08:48:00,2.95,CUST-10044,United Kingdom
500102,22752,SET 7 BABUSHKA NESTING BOXES,4,2023-09-25 09:31:00,8.5,CUST-10090,United Kingdom
500102,22960,JAM MAKING SET WITH JARS,12,2023-12-18 10:55:00,4.95,,United Kingdom
500102,85123A,WHITE HANGING HEART T-LIGHT HOLDER,1,2023-07-29 14:02:00,2.95,CUST-10280,United Kingdom
500103,84029G,KNITTED UNION FLAG HOT WATER BOTTLE,4,2023-05-08 16:00:00,4.95,CUST-10577,United Kingdom
500103,84406B,CREAM CUPID HEARTS COAT HANGER,2,2023-12-24 13:10:00,4.25,CUST-10003,United Kingdom
500103,71053,WHITE METAL LANTERN,1,2023-11-19 13:15:00,3.75,CUST-10018,United Kingdom
500104,23084,RABBIT NIGHT LIGHT,1,2023-08-01 15:46:00,2.08,CUST-10001,France
500104,21730,GLASS STAR FROSTED T-LIGHT HOLDER,1,2023-06-27 14:52:00,3.25,CUST-10086,United Kingdom
500104,85123A,WHITE HANGING HEART T-LIGHT HOLDER,4,2023-12-07 13:30:00,2.95,CUST-10116,Germany
500105,71053,WHITE METAL LANTERN,4,2023-08-08 09:13:00,3.75,CUST-10207,United Kingdom
500105,21730,GLASS STAR FROSTED T-LIGHT HOLDER,1,2023-11-20 09:11:00,3.25,CUST-10118,United Kingdom
500105,85123A,WHITE HANGING HEART T-LIGHT HOLDER,2,2023-10-06 16:30:00,2.95,CUST-10048,United Kingdom
500106,84029E,RED WOOLLY HOTTIE WHITE HEART,12,2023-07-27 16:05:00,4.95,CUST-10049,Germany
500106,84029G,KNITTED UNION FLAG HOT WATER BOTTLE,4,2023-12-21 09:43:00,4.95,CUST-10008,France
500106,22086,PAPER CHAIN KIT 50'S CHRISTMAS,2,2023-09-03 14:25:00,2.55,CUST-10204,United Kingdom
500107,22632,HAND WARMER RED RETROSPOT,4,2023-08-01 12:32:00,2.1,CUST-10020,United Kingdom
500107,85123A,WHITE HANGING HEART T-LIGHT HOLDER,2,2023-12-06 12:41:00,2.95,CUST-10018,United Kingdom
500107,22633,HAND WARMER UNION JACK,1,2023-11-12 10:43:00,2.1,CUST-10205,Germany
500108,22197,SMALL POPCORN HOLDER,4,2023-05-17 16:37:00,0.85,CUST-10405,United Kingdom
500108,71053,WHITE METAL LANTERN,4,2023-07-27 14:35:00,3.75,CUST-10008,United Kingdom
500108,84406B,CREAM CUPID HEARTS COAT HANGER,4,2023-03-22 19:42:00,4.25,CUST-10124,United Kingdom
500109,22632,HAND WARMER RED RETROSPOT,6,2023-09-03 12:37:00,2.1,CUST-10009,United Kingdom
500109,84029G,KNITTED UNION FLAG HOT WATER BOTTLE,1,2023-07-16 19:53:00,4.95,CUST-10311,United Kingdom
500109,23084,RABBIT NIGHT LIGHT,1,2023-10-26 19:15:00,2.08,CUST-10293,United Kingdom
500110,21730,GLASS STAR FROSTED T-LIGHT HOLDER,1,2023-12-28 12:05:00,3.25,CUST-10046,United Kingdom
500110,84029G,KNITTED UNION FLAG HOT WATER BOTTLE,2,2023-08-04 18:52:00,4.95,CUST-10011,United Kingdom
500110,84406B,CREAM CUPID HEARTS COAT HANGER,4,2023-08-27 11:39:00,4.25,CUST-10254,United Kingdom
500111,22633,HAND WARMER UNION JACK,1,2023-07-23 17:39:00,2.1,CUST-10043,United Kingdom
500111,22720,SET OF 3 CAKE TINS PANTRY DESIGN,1,2023-10-20 08:58:00,12.75,CUST-10081,United Kingdom
500111,84029G,KNITTED UNION FLAG HOT WATER BOTTLE,2,2023-08-29 15:39:00,4.95,CUST-10070,United Kingdom
500112,71053,WHITE METAL LANTERN,4,2023-02-26 16:45:00,3.75,CUST-10571,United Kingdom
500112,22086,PAPER CHAIN KIT 50'S CHRISTMAS,12,2023-12-21 09:14:00,2.55,CUST-10032,France
500112,22752,SET 7 BABUSHKA NESTING BOXES,2,2023-08-14 10:29:00,8.5,CUST-10287,Germany
500113,84879,ASSORTED COLOUR BIRD ORNAMENT,4,2023-02-19 18:30:00,1.69,CUST-10466,United Kingdom
500113,71053,WHITE METAL LANTERN,2,2023-07-18 12:24:00,3.75,CUST-10149,Netherlands
500113,85123A,WHITE HANGING HEART T-LIGHT HOLDER,12,2023-08-17 18:33:00,2.95,CUST-10050,United Kingdom
500114,22960,JAM MAKING SET WITH JARS,4,2023-10-23 11:46:00,4.95,CUST-10007,United Kingdom
500114,22720,SET OF 3 CAKE TINS PANTRY DESIGN,4,2023-08-12 16:36:00,12.75,CUST-10295,United Kingdom
500114,22632,HAND WARMER RED RETROSPOT,6,2023-10-31 09:54:00,2.1,CUST-10041,United Kingdom
500115,22752,SET 7 BABUSHKA NESTING BOXES,2,2023-01-10 11:08:00,8.5,CUST-10562,United Kingdom
500115,84406B,CREAM CUPID HEARTS COAT HANGER,1,2023-11-24 12:29:00,4.25,CUST-10276,United Kingdom
500115,85123A,WHITE HANGING HEART T-LIGHT HOLDER,1,2023-04-01 09:03:00,2.95,CUST-10482,United Kingdom
500116,85123A,WHITE HANGING HEART T-LIGHT HOLDER,1,2023-06-14 12:57:00,2.95,CUST-10100,Spain
500116,22720,SET OF 3 CAKE TINS PANTRY DESIGN,6,2023-07-28 10:11:00,12.75,CUST-10198,France
500116,22720,SET OF 3 CAKE TINS PANTRY DESIGN,6,2023-11-25 11:22:00,12.75,CUST-10342,United Kingdom
500117,22633,HAND WARMER UNION JACK,2,2023-10-30 19:45:00,2.1,CUST-10047,United Kingdom
500117,22086,PAPER CHAIN KIT 50'S CHRISTMAS,4,2023-08-28 11:33:00,2.55,CUST-10026,Germany
500117,22960,JAM MAKING SET WITH JARS,2,2023-12-05 12:30:00,4.95,CUST-10175,United Kingdom
500118,21730,GLASS STAR FROSTED T-LIGHT HOLDER,1,2023-07-17 15:06:00,3.25,CUST-10116,United Kingdom
500118,23084,RABBIT NIGHT LIGHT,2,2023-08-06 10:35:00,2.08,CUST-10285,France
500118,22633,HAND WARMER UNION JACK,2,2023-12-01 10:13:00,2.1,CUST-10321,Netherlands
500119,22197,SMALL POPCORN HOLDER,2,2023-11-25 15:48:00,0.85,CUST-10263,United Kingdom
500119,85123A,WHITE HANGING HEART T-LIGHT HOLDER,4,2023-03-11 13:56:00,2.95,CUST-10198,United Kingdom
500119,22633,HAND WARMER UNION JACK,2,2023-09-08 11:16:00,2.1,CUST-10000,United Kingdom
500120,85123A,WHITE HANGING HEART T-LIGHT HOLDER,1,2023-10-29 14:56:00,2.95,CUST-10360,United Kingdom
500120,23084,RABBIT NIGHT LIGHT,2,2023-09-18 08:11:00,2.08,CUST-10212,United Kingdom
C500120,85123A,WHITE HANGING HEART T-LIGHT HOLDER,-1,2023-07-07 11:17:00,2.95,CUST-10155,United Kingdom
500121,22086,PAPER CHAIN KIT 50'S CHRISTMAS,6,2023-05-12 15:58:00,2.55,CUST-10578,United Kingdom
500121,84879,ASSORTED COLOUR BIRD ORNAMENT,1,2023-03-14 10:18:00,1.69,CUST-10086,United Kingdom
500121,84029E,RED WOOLLY HOTTIE WHITE HEART,1,2023-03-23 10:56:00,4.95,CUST-10061,Germany
500122,85123A,WHITE HANGING HEART T-LIGHT HOLDER,1,2023-03-13 19:32:00,2.95,CUST-10568,United Kingdom
500122,84029E,RED WOOLLY HOTTIE WHITE HEART,1,2023-02-26 19:13:00,4.95,CUST-10394,United Kingdom
500122,85123A,WHITE HANGING HEART T-LIGHT HOLDER,4,2023-08-15 14:03:00,2.95,CUST-10332,United Kingdom
500123,22632,HAND WARMER RED RETROSPOT,1,2023-11-04 11:28:00,2.1,CUST-10113,United Kingdom
500123,84879,ASSORTED COLOUR BIRD ORNAMENT,2,2023-03-07 17:04:00,1.69,CUST-10076,United Kingdom
500123,22720,SET OF 3 CAKE TINS PANTRY DESIGN,2,2023-09-28 18:02:00,12.75,CUST-10011,United Kingdom
500124,22197,SMALL POPCORN HOLDER,1,2023-12-17 14:38:00,0.85,CUST-10363,United Kingdom
500124,22752,SET 7 BABUSHKA NESTING BOXES,1,2023-12-16 13:02:00,8.5,CUST-10143,United Kingdom
500124,22086,PAPER CHAIN KIT 50'S CHRISTMAS,1,2023-09-16 19:01:00,2.55,CUST-10035,United Kingdom
500125,22632,HAND WARMER RED RETROSPOT,2,2023-09-05 12:58:00,2.1,CUST-10050,United Kingdom
500125,84029G,KNITTED UNION FLAG HOT WATER BOTTLE,12,2023-07-26 08:08:00,4.95,CUST-10003,United Kingdom
500125,22720,SET OF 3 CAKE TINS PANTRY DESIGN,1,2023-12-22 13:16:00,12.75,CUST-10215,United Kingdom
500126,22197,SMALL POPCORN HOLDER,4,2023-04-21 11:28:00,0.85,,United Kingdom
500126,84029G,KNITTED UNION FLAG HOT WATER BOTTLE,1,2023-11-01 14:46:00,4.95,CUST-10098,United Kingdom
500126,22960,JAM MAKING SET WITH JARS,4,2023-09-18 09:02:00,4.95,CUST-10039,Spain
500127,22197,SMALL POPCORN HOLDER,1,2023-11-03 10:35:00,0.85,CUST-10247,United Kingdom
500127,22720,SET OF 3 CAKE TINS PANTRY DESIGN,2,2023-07-27 10:45:00,12.75,CUST-10026,United Kingdom
500127,22632,HAND WARMER RED RETROSPOT,4,2023-02-06 16:17:00,2.1,CUST-10486,United Kingdom
500128,84029E,RED WOOLLY HOTTIE WHITE HEART,4,2023-12-10 09:42:00,4.95,CUST-10377,United Kingdom
500128,22752,SET 7 BABUSHKA NESTING BOXES,1,2023-10-01 14:42:00,8.5,CUST-10063,United Kingdom
500128,84029E,RED WOOLLY HOTTIE WHITE HEART,1,2023-11-25 13:37:00,4.95,CUST-10056,United Kingdom
500129,84406B,CREAM CUPID HEARTS COAT HANGER,6,2023-02-16 11:18:00,4.25,,United Kingdom
500129,22632,HAND WARMER RED RETROSPOT,4,2023-05-01 17:51:00,2.1,CUST-10080,Spain
500129,85123A,WHITE HANGING HEART T-LIGHT HOLDER,1,2023-11-02 17:38:00,2.95,CUST-10041,Germany
500130,21730,GLASS STAR FROSTED T-LIGHT HOLDER,6,2023-11-14 12:41:00,3.25,CUST-10040,United Kingdom
500130,22086,PAPER CHAIN KIT 50'S CHRISTMAS,4,2023-10-26 12:22:00,2.55,CUST-10088,United Kingdom
500130,22960,JAM MAKING SET WITH JARS,1,2023-11-10 19:17:00,4.95,CUST-10294,United Kingdom
500131,84879,ASSORTED COLOUR BIRD ORNAMENT,2,2023-05-02 17:46:00,1.69,CUST-10595,United Kingdom
500131,23084,RABBIT NIGHT LIGHT,4,2023-11-23 10:53:00,2.08,CUST-10046,United Kingdom
500131,22720,SET OF 3 CAKE TINS PANTRY DESIGN,1,2023-09-11 15:46:00,12.75,CUST-10228,Germany
500132,22720,SET OF 3 CAKE TINS PANTRY DESIGN,2,2023-11-01 14:23:00,12.75,CUST-10107,United Kingdom
500132,22960,JAM MAKING SET WITH JARS,4,2023-08-21 08:48:00,4.95,CUST-10312,United Kingdom
500132,84879,ASSORTED COLOUR BIRD ORNAMENT,4,2023-07-23 16:53:00,1.69,CUST-10085,Germany
500133,22960,JAM MAKING SET WITH JARS,2,2023-11-14 16:06:00,4.95,CUST-10043,United Kingdom
500133,71053,WHITE METAL LANTERN,12,2023-08-18 16:39:00,3.75,CUST-10045,Germany
500133,22633,HAND WARMER UNION JACK,24,2023-12-18 19:51:00,2.1,CUST-10163,Netherlands
500134,84406B,CREAM CUPID HEARTS COAT HANGER,1,2023-11-19 17:28:00,4.25,CUST-10028,United Kingdom
500134,22197,SMALL POPCORN HOLDER,2,2023-07-01 18:31:00,0.85,CUST-10119,United Kingdom
500134,22632,HAND WARMER RED RETROSPOT,2,2023-09-24 16:35:00,2.1,CUST-10120,United Kingdom
500135,84879,ASSORTED COLOUR BIRD ORNAMENT,1,2023-08-12 18:06:00,1.69,CUST-10308,France
500135,22720,SET OF 3 CAKE TINS PANTRY DESIGN,2,2023-07-20 17:35:00,12.75,CUST-10340,United Kingdom
500135,22197,SMALL POPCORN HOLDER,1,2023-07-15 15:39:00,0.85,CUST-10263,Germany
500136,71053,WHITE METAL LANTERN,1,2023-09-17 08:25:00,3.75,CUST-10348,Spain
500136,84406B,CREAM CUPID HEARTS COAT HANGER,12,2023-12-20 16:46:00,4.25,CUST-10121,United Kingdom
500136,21730,GLASS STAR FROSTED T-LIGHT HOLDER,1,2023-11-06 18:35:00,3.25,CUST-10057,United Kingdom
500137,84029G,KNITTED UNION FLAG HOT WATER BOTTLE,2,2023-09-21 17:36:00,4.95,CUST-10279,United Kingdom
500137,84029E,RED WOOLLY HOTTIE WHITE HEART,4,2023-10-23 10:14:00,4.95,CUST-10020,United Kingdom
500137,22086,PAPER CHAIN KIT 50'S CHRISTMAS,6,2023-12-23 14:39:00,2.55,CUST-10055,United Kingdom
500138,22197,SMALL POPCORN HOLDER,12,2023-08-15 11:11:00,0.85,CUST-10047,United Kingdom
500138,84029G,KNITTED UNION FLAG HOT WATER BOTTLE,6,2023-07-22 08:34:00,4.95,CUST-10154,United Kingdom
500138,23084,RABBIT NIGHT LIGHT,4,2023-08-23 13:37:00,2.08,CUST-10052,United Kingdom
500139,22086,PAPER CHAIN KIT 50'S CHRISTMAS,2,2023-07-02 12:20:00,2.55,CUST-10308,United Kingdom
500139,84029G,KNITTED UNION FLAG HOT WATER BOTTLE,2,2023-05-01 18:24:00,4.95,CUST-10133,United Kingdom
500139,71053,WHITE METAL LANTERN,4,2023-04-21 12:11:00,3.75,CUST-10118,United Kingdom
500140,22752,SET 7 BABUSHKA NESTING BOXES,2,2023-12-12 18:54:00,8.5,CUST-10010,United Kingdom
500140,84406B,CREAM CUPID HEARTS COAT HANGER,4,2023-12-28 17:21:00,4.25,CUST-10298,United Kingdom
500140,71053,WHITE METAL LANTERN,4,2023-10-20 09:19:00,3.75,CUST-10049,Germany
500141,22720,SET OF 3 CAKE TINS PANTRY DESIGN,2,2023-11-07 19:55:00,12.75,CUST-10375,United Kingdom
500141,22632,HAND WARMER RED RETROSPOT,2,2023-03-16 15:43:00,2.1,CUST-10415,United Kingdom
500141,22960,JAM MAKING SET WITH JARS,4,2023-04-26 14:15:00,4.95,CUST-10473,Germany
500142,84406B,CREAM CUPID HEARTS COAT HANGER,1,2023-10-15 16:34:00,4.25,CUST-10052,Netherlands
500142,84029E,RED WOOLLY HOTTIE WHITE HEART,24,2023-10-09 11:38:00,4.95,CUST-10154,France
500142,84879,ASSORTED COLOUR BIRD ORNAMENT,1,2023-10-25 09:06:00,1.69,CUST-10010,Spain
C500143,22960,JAM MAKING SET WITH JARS,-1,2023-10-11 10:36:00,4.95,CUST-10014,United Kingdom
500143,21730,GLASS STAR FROSTED T-LIGHT HOLDER,2,2023-10-20 15:09:00,3.25,CUST-10007,Netherlands
500143,23084,RABBIT NIGHT LIGHT,1,2023-10-09 13:23:00,2.08,CUST-10003,United Kingdom
500144,84879,ASSORTED COLOUR BIRD ORNAMENT,1,2023-07-07 15:34:00,1.69,CUST-10069,United Kingdom
500144,71053,WHITE METAL LANTERN,2,2023-11-02 12:55:00,3.75,CUST-10056,United Kingdom
500144,22086,PAPER CHAIN KIT 50'S CHRISTMAS,24,2023-10-13 14:38:00,2.55,CUST-10352,United Kingdom
500145,22633,HAND WARMER UNION JACK,6,2023-04-08 10:06:00,2.1,CUST-10135,United Kingdom
500145,84029E,RED WOOLLY HOTTIE WHITE HEART,2,2023-11-17 08:48:00,4.95,CUST-10271,Germany
500145,22197,SMALL POPCORN HOLDER,1,2023-05-12 16:12:00,0.85,CUST-10098,United Kingdom
500146,21730,GLASS STAR FROSTED T-LIGHT HOLDER,2,2023-12-16 13:07:00,3.25,CUST-10044,United Kingdom
500146,22086,PAPER CHAIN KIT 50'S CHRISTMAS,4,2023-08-25 18:30:00,2.55,CUST-10135,United Kingdom
500146,84029G,KNITTED UNION FLAG HOT WATER BOTTLE,1,2023-10-11 14:21:00,4.95,CUST-10057,United Kingdom
500147,22720,SET OF 3 CAKE TINS PANTRY DESIGN,1,2023-11-05 08:23:00,12.75,CUST-10373,United Kingdom
500147,85123A,WHITE HANGING HEART T-LIGHT HOLDER,4,2023-01-13 14:36:00,2.95,CUST-10500,United Kingdom
500147,22960,JAM MAKING SET WITH JARS,6,2023-03-14 09:28:00,4.95,CUST-10089,United Kingdom
500148,22720,SET OF 3 CAKE TINS PANTRY DESIGN,4,2023-11-12 16:51:00,12.75,CUST-10039,United Kingdom
500148,84406B,CREAM CUPID HEARTS COAT HANGER,4,2023-04-21 08:43:00,4.25,CUST-10526,United Kingdom
500148,85123A,WHITE HANGING HEART T-LIGHT HOLDER,4,2023-09-09 18:11:00,2.95,CUST-10345,United Kingdom
500149,22632,HAND WARMER RED RETROSPOT,2,2023-09-22 15:22:00,2.1,CUST-10369,Germany
500149,84029E,RED WOOLLY HOTTIE WHITE HEART,12,2023-07-18 15:48:00,4.95,CUST-10174,United Kingdom
500149,71053,WHITE METAL LANTERN,4,2023-09-01 13:27:00,3.75,CUST-10206,United Kingdom
500150,85123A,WHITE HANGING HEART T-LIGHT HOLDER,4,2023-02-27 11:57:00,2.95,CUST-10553,United Kingdom
500150,71053,WHITE METAL LANTERN,24,2023-08-16 08:41:00,3.75,CUST-10039,France
500150,22632,HAND WARMER RED RETROSPOT,1,2023-09-01 19:30:00,2.1,CUST-10196,United Kingdom
500151,22632,HAND WARMER RED RETROSPOT,2,2023-09-30 17:19:00,2.1,CUST-10053,United Kingdom
500151,84029E,RED WOOLLY HOTTIE WHITE HEART,1,2023-12-29 19:40:00,4.95,CUST-10014,United Kingdom
500151,85123A,WHITE HANGING HEART T-LIGHT HOLDER,2,2023-09-24 14:47:00,2.95,CUST-10341,United Kingdom
500152,22720,SET OF 3 CAKE TINS PANTRY DESIGN,1,2023-04-26 13:14:00,12.75,CUST-10505,United Kingdom
500152,84879,ASSORTED COLOUR BIRD ORNAMENT,4,2023-09-27 08:42:00,1.69,CUST-10004,Germany
500152,84029G,KNITTED UNION FLAG HOT WATER BOTTLE,1,2023-10-29 17:24:00,4.95,CUST-10099,United Kingdom
500153,22086,PAPER CHAIN KIT 50'S CHRISTMAS,2,2023-04-07 15:58:00,2.55,CUST-10114,United Kingdom
500153,84879,ASSORTED COLOUR BIRD ORNAMENT,1,2023-07-29 18:27:00,1.69,CUST-10260,United Kingdom
500153,23084,RABBIT NIGHT LIGHT,4,2023-05-02 16:38:00,2.08,CUST-10571,United Kingdom
500154,23084,RABBIT NIGHT LIGHT,2,2023-08-10 15:36:00,2.08,CUST-10000,France
500154,22632,HAND WARMER RED RETROSPOT,1,2023-12-12 10:44:00,2.1,CUST-10231,United Kingdom
500154,22960,JAM MAKING SET WITH JARS,1,2023-12-19 13:34:00,4.95,CUST-10287,United Kingdom
500155,84029E,RED WOOLLY HOTTIE WHITE HEART,12,2023-12-09 19:05:00,4.95,CUST-10368,United Kingdom
500155,71053,WHITE METAL LANTERN,1,2023-09-15 18:49:00,3.75,CUST-10079,United Kingdom
500155,84879,ASSORTED COLOUR BIRD ORNAMENT,4,2023-08-07 18:46:00,1.69,CUST-10014,United Kingdom
500156,21730,GLASS STAR FROSTED T-LIGHT HOLDER,1,2023-04-14 15:16:00,3.25,CUST-10433,United Kingdom
500156,22197,SMALL POPCORN HOLDER,1,2023-12-11 11:39:00,0.85,CUST-10351,United Kingdom
500156,22632,HAND WARMER RED RETROSPOT,12,2023-11-15 13:07:00,2.1,CUST-10090,Germany
500157,22086,PAPER CHAIN KIT 50'S CHRISTMAS,4,2023-11-11 14:41:00,2.55,CUST-10043,United Kingdom
500157,22960,JAM MAKING SET WITH JARS,1,2023-08-28 09:42:00,4.95,CUST-10376,Germany
500157,22720,SET OF 3 CAKE TINS PANTRY DESIGN,6,2023-06-02 14:05:00,12.75,CUST-10063,United Kingdom
500158,85123A,WHITE HANGING HEART T-LIGHT HOLDER,4,2023-06-15 18:42:00,2.95,CUST-10171,United Kingdom
500158,84029G,KNITTED UNION FLAG HOT WATER BOTTLE,2,2023-02-04 13:00:00,4.95,CUST-10587,United Kingdom
500158,85123A,WHITE HANGING HEART T-LIGHT HOLDER,1,2023-03-28 08:17:00,2.95,CUST-10465,Germany
500159,22633,HAND WARMER UNION JACK,1,2023-11-12 14:29:00,2.1,CUST-10175,United Kingdom
500159,22633,HAND WARMER UNION JACK,4,2023-04-04 14:40:00,2.1,CUST-10447,United Kingdom
500159,22960,JAM MAKING SET WITH JARS,6,2023-12-01 14:16:00,4.95,CUST-10020,United Kingdom
500160,22197,SMALL POPCORN HOLDER,2,2023-08-06 10:52:00,0.85,,United Kingdom
500160,22752,SET 7 BABUSHKA NESTING BOXES,2,2023-10-04 11:38:00,8.5,CUST-10011,United Kingdom
500160,22086,PAPER CHAIN KIT 50'S CHRISTMAS,6,2023-04-29 15:11:00,2.55,CUST-10500,United Kingdom
500161,22752,SET 7 BABUSHKA NESTING BOXES,1,2023-09-27 11:27:00,8.5,CUST-10278,United Kingdom
500161,84406B,CREAM CUPID HEARTS COAT HANGER,2,2023-10-31 12:28:00,4.25,CUST-10389,United Kingdom
500161,22086,PAPER CHAIN KIT 50'S CHRISTMAS,1,2023-08-15 14:51:00,2.55,CUST-10036,United Kingdom
500162,71053,WHITE METAL LANTERN,1,2023-07-29 10:22:00,3.75,CUST-10309,Germany
500162,84406B,CREAM CUPID HEARTS COAT HANGER,4,2023-03-14 14:50:00,4.25,CUST-10553,United Kingdom
500162,22960,JAM MAKING SET WITH JARS,2,2023-03-06 11:22:00,4.95,CUST-10109,Netherlands
500163,84406B,CREAM CUPID HEARTS COAT HANGER,1,2023-11-02 14:03:00,4.25,CUST-10008,United Kingdom
500163,84029G,KNITTED UNION FLAG HOT WATER BOTTLE,2,2023-08-29 09:58:00,4.95,CUST-10154,United Kingdom
500163,21730,GLASS STAR FROSTED T-LIGHT HOLDER,1,2023-05-28 08:10:00,3.25,CUST-10166,United Kingdom
500164,22720,SET OF 3 CAKE TINS PANTRY DESIGN,4,2023-04-17 19:52:00,12.75,CUST-10151,United Kingdom
500164,84406B,CREAM CUPID HEARTS COAT HANGER,4,2023-10-02 10:11:00,4.25,CUST-10049,United Kingdom
500164,22633,HAND WARMER UNION JACK,1,2023-05-24 13:27:00,2.1,CUST-10089,United Kingdom
500165,22086,PAPER CHAIN KIT 50'S CHRISTMAS,4,2023-08-10 12:53:00,2.55,CUST-10327,United Kingdom
500165,22632,HAND WARMER RED RETROSPOT,1,2023-10-16 09:11:00,2.1,CUST-10025,United Kingdom
500165,84406B,CREAM CUPID HEARTS COAT HANGER,2,2023-08-28 09:00:00,4.25,CUST-10248,United Kingdom
500166,84879,ASSORTED COLOUR BIRD ORNAMENT,1,2023-01-15 19:36:00,1.69,,United Kingdom
500166,22752,SET 7 BABUSHKA NESTING BOXES,1,2023-12-08 17:11:00,8.5,CUST-10351,United Kingdom
500166,85123A,WHITE HANGING HEART T-LIGHT HOLDER,6,2023-12-30 16:31:00,2.95,CUST-10309,United Kingdom
500167,22960,JAM MAKING SET WITH JARS,2,2023-11-25 15:50:00,4.95,CUST-10353,France
500167,22633,HAND WARMER UNION JACK,2,2023-08-14 19:16:00,2.1,CUST-10270,France
500167,84029E,RED WOOLLY HOTTIE WHITE HEART,4,2023-09-23 18:32:00,4.95,CUST-10182,United Kingdom
500168,84029E,RED WOOLLY HOTTIE WHITE HEART,2,2023-11-07 11:34:00,4.95,CUST-10200,United Kingdom
500168,84029G,KNITTED UNION FLAG HOT WATER BOTTLE,1,2023-05-12 14:00:00,4.95,CUST-10148,Netherlands
500168,22960,JAM MAKING SET WITH JARS,2,2023-10-05 10:19:00,4.95,CUST-10113,United Kingdom
500169,84406B,CREAM CUPID HEARTS COAT HANGER,4,2023-03-09 10:32:00,4.25,CUST-10143,United Kingdom
500169,84406B,CREAM CUPID HEARTS COAT HANGER,4,2023-07-23 10:53:00,4.25,CUST-10038,United Kingdom
500169,22752,SET 7 BABUSHKA NESTING BOXES,1,2023-11-07 12:44:00,8.5,CUST-10051,United Kingdom
500170,84029G,KNITTED UNION FLAG HOT WATER BOTTLE,4,2023-08-31 19:08:00,4.95,CUST-10022,United Kingdom
500170,22197,SMALL POPCORN HOLDER,1,2023-12-20 17:26:00,0.85,CUST-10010,United Kingdom
500170,22632,HAND WARMER RED RETROSPOT,2,2023-09-22 10:39:00,2.1,CUST-10041,United Kingdom
500171,84879,ASSORTED COLOUR BIRD ORNAMENT,2,2023-08-02 13:45:00,1.69,CUST-10199,United Kingdom
500171,22633,HAND WARMER UNION JACK,12,2023-11-21 13:53:00,2.1,CUST-10024,United Kingdom
500171,22197,SMALL POPCORN HOLDER,12,2023-08-11 09:27:00,0.85,CUST-10027,United Kingdom
500172,84406B,CREAM CUPID HEARTS COAT HANGER,2,2023-04-05 19:16:00,4.25,CUST-10137,United Kingdom
500172,23084,RABBIT NIGHT LIGHT,4,2023-04-12 17:58:00,2.08,CUST-10568,United Kingdom
500172,85123A,WHITE HANGING HEART T-LIGHT HOLDER,1,2023-12-04 08:17:00,2.95,CUST-10066,United Kingdom
500173,84029E,RED WOOLLY HOTTIE WHITE HEART,4,2023-08-09 08:43:00,4.95,CUST-10111,United Kingdom
500173,84406B,CREAM CUPID HEARTS COAT HANGER,1,2023-08-23 15:23:00,4.25,CUST-10006,United Kingdom
500173,22197,SMALL POPCORN HOLDER,2,2023-12-23 10:46:00,0.85,CUST-10027,France
500174,71053,WHITE METAL LANTERN,4,2023-11-08 13:10:00,3.75,CUST-10248,United Kingdom
500174,21730,GLASS STAR FROSTED T-LIGHT HOLDER,1,2023-05-07 17:25:00,3.25,CUST-10390,United Kingdom
500174,22633,HAND WARMER UNION JACK,6,2023-06-04 12:29:00,2.1,CUST-10205,United Kingdom
500175,22086,PAPER CHAIN KIT 50'S CHRISTMAS,1,2023-12-15 19:54:00,2.55,CUST-10053,United Kingdom
500175,71053,WHITE METAL LANTERN,2,2023-11-15 14:42:00,3.75,CUST-10077,United Kingdom
500175,85123A,WHITE HANGING HEART T-LIGHT HOLDER,2,2023-10-30 09:03:00,2.95,CUST-10277,France
500176,23084,RABBIT NIGHT LIGHT,2,2023-04-25 18:15:00,2.08,CUST-10144,United Kingdom
500176,84029E,RED WOOLLY HOTTIE WHITE HEART,2,2023-10-02 12:41:00,4.95,CUST-10209,United Kingdom
500176,23084,RABBIT NIGHT LIGHT,2,2023-11-22 19:28:00,2.08,CUST-10170,Spain
500177,84029G,KNITTED UNION FLAG HOT WATER BOTTLE,1,2023-05-02 11:46:00,4.95,CUST-10397,United Kingdom
500177,21730,GLASS STAR FROSTED T-LIGHT HOLDER,1,2023-03-01 12:56:00,3.25,CUST-10398,United Kingdom
500177,22960,JAM MAKING SET WITH JARS,2,2023-11-22 18:15:00,4.95,CUST-10060,Netherlands
500178,22633,HAND WARMER UNION JACK,1,2023-09-15 16:35:00,2.1,CUST-10321,United Kingdom
500178,22197,SMALL POPCORN HOLDER,1,2023-03-19 19:17:00,0.85,CUST-10432,United Kingdom
500178,84406B,CREAM CUPID HEARTS COAT HANGER,12,2023-12-28 16:33:00,4.25,CUST-10127,United Kingdom
500179,23084,RABBIT NIGHT LIGHT,1,2023-07-27 13:17:00,2.08,CUST-10084,United Kingdom
500179,22197,SMALL POPCORN HOLDER,6,2023-10-18 16:54:00,0.85,CUST-10323,Spain
500179,21730,GLASS STAR FROSTED T-LIGHT HOLDER,1,2023-12-17 14:21:00,3.25,CUST-10260,United Kingdom
500180,84029G,KNITTED UNION FLAG HOT WATER BOTTLE,6,2023-11-23 19:58:00,4.95,CUST-10242,United Kingdom
500180,22752,SET 7 BABUSHKA NESTING BOXES,1,2023-12-20 14:53:00,8.5,CUST-10139,United Kingdom
500180,84029E,RED WOOLLY HOTTIE WHITE HEART,24,2023-10-12 17:39:00,4.95,CUST-10054,United Kingdom
500181,21730,GLASS STAR FROSTED T-LIGHT HOLDER,1,2023-08-06 18:17:00,3.25,CUST-10155,United Kingdom
500181,22720,SET OF 3 CAKE TINS PANTRY DESIGN,2,2023-11-11 15:50:00,12.75,CUST-10023,United Kingdom
500181,22632,HAND WARMER RED RETROSPOT,4,2023-07-30 12:25:00,2.1,CUST-10266,United Kingdom
500182,22633,HAND WARMER UNION JACK,1,2023-03-29 16:01:00,2.1,CUST-10204,United Kingdom
500182,84406B,CREAM CUPID HEARTS COAT HANGER,1,2023-12-08 09:39:00,4.25,CUST-10010,United Kingdom
500182,84029G,KNITTED UNION FLAG HOT WATER BOTTLE,1,2023-10-24 10:00:00,4.95,CUST-10184,United Kingdom
500183,22633,HAND WARMER UNION JACK,4,2023-12-13 14:18:00,2.1,CUST-10028,United Kingdom
500183,71053,WHITE METAL LANTERN,2,2023-10-31 14:17:00,3.75,CUST-10043,United Kingdom
C500183,22960,JAM MAKING SET WITH JARS,-4,2023-07-30 17:09:00,4.95,CUST-10248,United Kingdom
500184,22086,PAPER CHAIN KIT 50'S CHRISTMAS,4,2023-09-08 15:08:00,2.55,CUST-10063,United Kingdom
500184,71053,WHITE METAL LANTERN,6,2023-01-20 09:46:00,3.75,,United Kingdom
500184,84029E,RED WOOLLY HOTTIE WHITE HEART,1,2023-11-06 16:29:00,4.95,CUST-10002,United Kingdom
500185,22633,HAND WARMER UNION JACK,4,2023-05-14 19:55:00,2.1,CUST-10096,United Kingdom
500185,84879,ASSORTED COLOUR BIRD ORNAMENT,1,2023-03-30 09:19:00,1.69,CUST-10474,United Kingdom
500185,84406B,CREAM CUPID HEARTS COAT HANGER,2,2023-05-10 10:57:00,4.25,CUST-10178,United Kingdom
500186,84029G,KNITTED UNION FLAG HOT WATER BOTTLE,4,2023-07-23 15:40:00,4.95,CUST-10185,United Kingdom
500186,22633,HAND WARMER UNION JACK,12,2023-07-06 10:48:00,2.1,CUST-10309,United Kingdom
500186,22086,PAPER CHAIN KIT 50'S CHRISTMAS,6,2023-04-12 08:44:00,2.55,CUST-10142,France
500187,85123A,WHITE HANGING HEART T-LIGHT HOLDER,4,2023-08-17 16:54:00,2.95,CUST-10005,United Kingdom
500187,84029E,RED WOOLLY HOTTIE WHITE HEART,4,2023-10-05 10:25:00,4.95,CUST-10010,Germany
500187,22086,PAPER CHAIN KIT 50'S CHRISTMAS,4,2023-09-16 14:08:00,2.55,CUST-10021,United Kingdom
500188,22197,SMALL POPCORN HOLDER,1,2023-01-07 18:00:00,0.85,CUST-10493,Germany
500188,22633,HAND WARMER UNION JACK,1,2023-12-24 11:36:00,2.1,CUST-10370,Netherlands
500188,23084,RABBIT NIGHT LIGHT,4,2023-04-09 11:13:00,2.08,CUST-10564,United Kingdom
500189,71053,WHITE METAL LANTERN,1,2023-09-07 13:13:00,3.75,CUST-10017,United Kingdom
500189,22632,HAND WARMER RED RETROSPOT,24,2023-09-04 16:33:00,2.1,CUST-10002,France
500189,22633,HAND WARMER UNION JACK,1,2023-10-06 19:13:00,2.1,CUST-10033,United Kingdom
500190,22752,SET 7 BABUSHKA NESTING BOXES,2,2023-08-26 15:26:00,8.5,CUST-10024,United Kingdom
500190,71053,WHITE METAL LANTERN,4,2023-12-17 12:15:00,3.75,CUST-10081,United Kingdom
500190,22752,SET 7 BABUSHKA NESTING BOXES,1,2023-12-13 09:29:00,8.5,CUST-10294,United Kingdom
500191,22752,SET 7 BABUSHKA NESTING BOXES,6,2023-11-21 18:35:00,8.5,CUST-10125,United Kingdom
500191,85123A,WHITE HANGING HEART T-LIGHT HOLDER,1,2023-09-28 08:32:00,2.95,CUST-10017,United Kingdom
500191,84029G,KNITTED UNION FLAG HOT WATER BOTTLE,12,2023-06-15 16:54:00,4.95,CUST-10087,United Kingdom
500192,22752,SET 7 BABUSHKA NESTING BOXES,1,2023-08-01 15:17:00,8.5,CUST-10048,United Kingdom
500192,22720,SET OF 3 CAKE TINS PANTRY DESIGN,1,2023-01-30 17:33:00,12.75,CUST-10540,United Kingdom
500192,71053,WHITE METAL LANTERN,1,2023-09-25 08:51:00,3.75,CUST-10057,United Kingdom
500193,22752,SET 7 BABUSHKA NESTING BOXES,24,2023-03-21 15:26:00,8.5,CUST-10187,United Kingdom
500193,84879,ASSORTED COLOUR BIRD ORNAMENT,2,2023-09-20 16:54:00,1.69,CUST-10021,France
500193,22960,JAM MAKING SET WITH JARS,1,2023-06-07 08:30:00,4.95,CUST-10101,United Kingdom
500194,21730,GLASS STAR FROSTED T-LIGHT HOLDER,1,2023-08-10 10:55:00,3.25,CUST-10045,United Kingdom
500194,22197,SMALL POPCORN HOLDER,4,2023-09-02 10:00:00,0.85,CUST-10374,United Kingdom
500194,22197,SMALL POPCORN HOLDER,1,2023-09-22 11:09:00,0.85,CUST-10027,United Kingdom
500195,84406B,CREAM CUPID HEARTS COAT HANGER,4,2023-09-23 14:31:00,4.25,CUST-10105,Germany
500195,23084,RABBIT NIGHT LIGHT,2,2023-09-21 08:53:00,2.08,CUST-10314,United Kingdom
500195,22720,SET OF 3 CAKE TINS PANTRY DESIGN,4,2023-12-01 19:26:00,12.75,CUST-10025,United Kingdom
500196,21730,GLASS STAR FROSTED T-LIGHT HOLDER,4,2023-08-23 17:32:00,3.25,CUST-10339,United Kingdom
500196,21730,GLASS STAR FROSTED T-LIGHT HOLDER,4,2023-06-06 16:40:00,3.25,CUST-10093,France
500196,22752,SET 7 BABUSHKA NESTING BOXES,2,2023-07-13 11:31:00,8.5,CUST-10270,United Kingdom
500197,22720,SET OF 3 CAKE TINS PANTRY DESIGN,2,2023-05-14 10:46:00,12.75,CUST-10156,United Kingdom
500197,22720,SET OF 3 CAKE TINS PANTRY DESIGN,1,2023-09-01 18:49:00,12.75,CUST-10237,United Kingdom
500197,22197,SMALL POPCORN HOLDER,1,2023-09-11 16:36:00,0.85,CUST-10231,United Kingdom
500198,22633,HAND WARMER UNION JACK,1,2023-07-09 16:23:00,2.1,CUST-10116,United Kingdom
500198,22086,PAPER CHAIN KIT 50'S CHRISTMAS,2,2023-11-25 09:54:00,2.55,CUST-10294,United Kingdom
500198,85123A,WHITE HANGING HEART T-LIGHT HOLDER,1,2023-01-17 16:13:00,2.95,,United Kingdom
500199,84879,ASSORTED COLOUR BIRD ORNAMENT,1,2023-11-21 18:14:00,1.69,CUST-10167,United Kingdom
500199,71053,WHITE METAL LANTERN,12,2023-10-09 12:02:00,3.75,CUST-10027,United Kingdom
500199,22720,SET OF 3 CAKE TINS PANTRY DESIGN,2,2023-11-03 08:54:00,12.75,CUST-10002,United Kingdom
500200,85123A,WHITE HANGING HEART T-LIGHT HOLDER,1,2023-11-28 13:00:00,2.95,CUST-10353,United Kingdom
500200,22960,JAM MAKING SET WITH JARS,2,2023-07-27 14:40:00,4.95,CUST-10193,United Kingdom
500200,71053,WHITE METAL LANTERN,2,2023-05-08 17:10:00,3.75,CUST-10122,United Kingdom
500201,84029E,RED WOOLLY HOTTIE WHITE HEART,1,2023-10-05 19:25:00,4.95,,Netherlands
500201,84029G,KNITTED UNION FLAG HOT WATER BOTTLE,6,2023-10-08 19:01:00,4.95,CUST-10022,United Kingdom
500201,84879,ASSORTED COLOUR BIRD ORNAMENT,4,2023-01-16 10:33:00,1.69,CUST-10467,United Kingdom
500202,21730,GLASS STAR FROSTED T-LIGHT HOLDER,2,2023-11-13 10:39:00,3.25,CUST-10058,Germany
500202,84406B,CREAM CUPID HEARTS COAT HANGER,1,2023-09-26 18:14:00,4.25,CUST-10006,United Kingdom
500202,84029E,RED WOOLLY HOTTIE WHITE HEART,6,2023-12-20 12:07:00,4.95,CUST-10016,United Kingdom
500203,22752,SET 7 BABUSHKA NESTING BOXES,2,2023-08-02 17:11:00,8.5,CUST-10054,United Kingdom
500203,21730,GLASS STAR FROSTED T-LIGHT HOLDER,4,2023-11-11 08:11:00,3.25,CUST-10030,United Kingdom
500203,85123A,WHITE HANGING HEART T-LIGHT HOLDER,4,2023-01-19 09:11:00,2.95,CUST-10586,United Kingdom
500204,22720,SET OF 3 CAKE TINS PANTRY DESIGN,1,2023-09-30 09:07:00,12.75,CUST-10011,United Kingdom
500204,22752,SET 7 BABUSHKA NESTING BOXES,4,2023-11-02 19:13:00,8.5,CUST-10028,United Kingdom
500204,22720,SET OF 3 CAKE TINS PANTRY DESIGN,4,2023-05-15 16:00:00,12.75,CUST-10476,United Kingdom
500205,71053,WHITE METAL LANTERN,1,2023-05-14 08:50:00,3.75,CUST-10511,United Kingdom
500205,85123A,WHITE HANGING HEART T-LIGHT HOLDER,2,2023-11-22 14:23:00,2.95,CUST-10056,Germany
500205,22720,SET OF 3 CAKE TINS PANTRY DESIGN,1,2023-10-01 16:51:00,12.75,CUST-10026,United Kingdom
500206,85123A,WHITE HANGING HEART T-LIGHT HOLDER,6,2023-08-19 14:39:00,2.95,CUST-10022,United Kingdom
500206,22960,JAM MAKING SET WITH JARS,1,2023-11-02 09:45:00,4.95,CUST-10173,United Kingdom
500206,22086,PAPER CHAIN KIT 50'S CHRISTMAS,4,2023-12-10 08:46:00,2.55,CUST-10348,United Kingdom
500207,85123A,WHITE HANGING HEART T-LIGHT HOLDER,1,2023-11-07 13:15:00,2.95,CUST-10082,United Kingdom
500207,22632,HAND WARMER RED RETROSPOT,2,2023-12-11 10:25:00,2.1,CUST-10072,United Kingdom
500207,22720,SET OF 3 CAKE TINS PANTRY DESIGN,6,2023-01-02 12:06:00,12.75,CUST-10466,United Kingdom
500208,22720,SET OF 3 CAKE TINS PANTRY DESIGN,4,2023-11-17 12:10:00,12.75,CUST-10224,Germany
500208,84406B,CREAM CUPID HEARTS COAT HANGER,1,2023-04-10 19:31:00,4.25,CUST-10066,United Kingdom
500208,22086,PAPER CHAIN KIT 50'S CHRISTMAS,1,2023-12-17 12:47:00,2.55,CUST-10025,United Kingdom
500209,22633,HAND WARMER UNION JACK,1,2023-10-31 12:41:00,2.1,CUST-10003,United Kingdom
500209,22632,HAND WARMER RED RETROSPOT,1,2023-10-31 13:27:00,2.1,CUST-10128,United Kingdom
500209,22752,SET 7 BABUSHKA NESTING BOXES,1,2023-05-18 18:41:00,8.5,CUST-10117,United Kingdom
500210,84029E,RED WOOLLY HOTTIE WHITE HEART,2,2023-05-01 13:14:00,4.95,CUST-10463,Spain
500210,84879,ASSORTED COLOUR BIRD ORNAMENT,1,2023-02-05 16:22:00,1.69,CUST-10469,Germany
500210,22633,HAND WARMER UNION JACK,2,2023-10-28 14:33:00,2.1,CUST-10272,United Kingdom
500211,71053,WHITE METAL LANTERN,2,2023-10-03 11:04:00,3.75,CUST-10015,United Kingdom
500211,21730,GLASS STAR FROSTED T-LIGHT HOLDER,2,2023-10-17 08:37:00,3.25,CUST-10034,United Kingdom
500211,84406B,CREAM CUPID HEARTS COAT HANGER,2,2023-11-22 15:47:00,4.25,CUST-10023,United Kingdom
500212,22960,JAM MAKING SET WITH JARS,2,2023-03-28 11:15:00,4.95,CUST-10202,United Kingdom
500212,84029E,RED WOOLLY HOTTIE WHITE HEART,2,2023-02-18 19:54:00,4.95,CUST-10513,Germany
500212,85123A,WHITE HANGING HEART T-LIGHT HOLDER,2,2023-08-13 12:14:00,2.95,CUST-10075,United Kingdom
500213,84879,ASSORTED COLOUR BIRD ORNAMENT,1,2023-09-09 10:44:00,1.69,CUST-10035,France
500213,21730,GLASS STAR FROSTED T-LIGHT HOLDER,6,2023-08-30 16:12:00,3.25,CUST-10009,Netherlands
500213,22960,JAM MAKING SET WITH JARS,1,2023-10-19 08:38:00,4.95,CUST-10007,United Kingdom
C500214,22197,SMALL POPCORN HOLDER,-1,2023-09-09 15:37:00,0.85,CUST-10030,United Kingdom
500214,22720,SET OF 3 CAKE TINS PANTRY DESIGN,2,2023-02-05 17:43:00,12.75,CUST-10432,United Kingdom
500214,84029G,KNITTED UNION FLAG HOT WATER BOTTLE,2,2023-02-25 14:51:00,4.95,CUST-10469,United Kingdom
500215,85123A,WHITE HANGING HEART T-LIGHT HOLDER,2,2023-10-20 10:32:00,2.95,CUST-10056,United Kingdom
500215,71053,WHITE METAL LANTERN,1,2023-12-26 19:44:00,3.75,CUST-10264,United Kingdom
500215,84406B,CREAM CUPID HEARTS COAT HANGER,12,2023-09-18 08:01:00,4.25,CUST-10146,Spain
500216,84406B,CREAM CUPID HEARTS COAT HANGER,4,2023-12-09 09:35:00,4.25,CUST-10076,United Kingdom
500216,22632,HAND WARMER RED RETROSPOT,1,2023-09-14 19:03:00,2.1,CUST-10095,United Kingdom
500216,22960,JAM MAKING SET WITH JARS,4,2023-07-31 09:16:00,4.95,CUST-10018,United Kingdom
500217,22197,SMALL POPCORN HOLDER,1,2023-09-05 10:21:00,0.85,CUST-10074,United Kingdom
500217,71053,WHITE METAL LANTERN,6,2023-06-05 14:21:00,3.75,CUST-10106,United Kingdom
500217,22960,JAM MAKING SET WITH JARS,4,2023-03-13 13:30:00,4.95,CUST-10471,United Kingdom
500218,84879,ASSORTED COLOUR BIRD ORNAMENT,4,2023-05-22 12:13:00,1.69,CUST-10094,Germany
500218,84029G,KNITTED UNION FLAG HOT WATER BOTTLE,1,2023-12-16 14:47:00,4.95,CUST-10013,United Kingdom
500218,84879,ASSORTED COLOUR BIRD ORNAMENT,1,2023-11-16 17:04:00,1.69,CUST-10304,United Kingdom
500219,21730,GLASS STAR FROSTED T-LIGHT HOLDER,4,2023-07-01 08:03:00,3.25,CUST-10167,United Kingdom
500219,84879,ASSORTED COLOUR BIRD ORNAMENT,4,2023-08-26 10:33:00,1.69,CUST-10254,United Kingdom
500219,22086,PAPER CHAIN KIT 50'S CHRISTMAS,1,2023-03-15 10:02:00,2.55,CUST-10475,United Kingdom
C500220,22752,SET 7 BABUSHKA NESTING BOXES,-4,2023-10-15 08:51:00,8.5,CUST-10038,United Kingdom
500220,84406B,CREAM CUPID HEARTS COAT HANGER,6,2023-07-23 15:58:00,4.25,CUST-10037,United Kingdom
500220,22960,JAM MAKING SET WITH JARS,1,2023-08-28 11:45:00,4.95,CUST-10043,United Kingdom
500221,84029G,KNITTED UNION FLAG HOT WATER BOTTLE,1,2023-11-05 11:01:00,4.95,CUST-10061,United Kingdom
500221,84029G,KNITTED UNION FLAG HOT WATER BOTTLE,6,2023-05-20 15:04:00,4.95,CUST-10577,United Kingdom
500221,22086,PAPER CHAIN KIT 50'S CHRISTMAS,1,2023-04-27 15:53:00,2.55,CUST-10156,United Kingdom
500222,84406B,CREAM CUPID HEARTS COAT HANGER,1,2023-11-02 11:33:00,4.25,CUST-10009,United Kingdom
500222,71053,WHITE METAL LANTERN,2,2023-08-08 16:33:00,3.75,CUST-10031,United Kingdom
500222,71053,WHITE METAL LANTERN,6,2023-10-18 13:37:00,3.75,CUST-10022,United Kingdom
500223,71053,WHITE METAL LANTERN,2,2023-04-22 08:21:00,3.75,CUST-10108,United Kingdom
500223,84879,ASSORTED COLOUR BIRD ORNAMENT,4,2023-07-17 17:58:00,1.69,CUST-10123,United Kingdom
500223,22197,SMALL POPCORN HOLDER,12,2023-05-21 16:15:00,0.85,CUST-10483,United Kingdom
500224,23084,RABBIT NIGHT LIGHT,1,2023-07-07 14:41:00,2.08,CUST-10153,United Kingdom
500224,22086,PAPER CHAIN KIT 50'S CHRISTMAS,6,2023-08-16 10:08:00,2.55,CUST-10363,United Kingdom
500224,22752,SET 7 BABUSHKA NESTING BOXES,4,2023-10-23 18:32:00,8.5,CUST-10238,Netherlands
500225,85123A,WHITE HANGING HEART T-LIGHT HOLDER,2,2023-04-21 09:58:00,2.95,CUST-10480,United Kingdom
500225,22960,JAM MAKING SET WITH JARS,4,2023-08-19 09:17:00,4.95,CUST-10293,United Kingdom
500225,22752,SET 7 BABUSHKA NESTING BOXES,12,2023-06-23 19:35:00,8.5,CUST-10069,Netherlands
C500226,22960,JAM MAKING SET WITH JARS,-4,2023-07-25 15:04:00,4.95,CUST-10299,United Kingdom
500226,84029E,RED WOOLLY HOTTIE WHITE HEART,6,2023-10-27 14:42:00,4.95,CUST-10222,United Kingdom
500226,85123A,WHITE HANGING HEART T-LIGHT HOLDER,2,2023-12-05 15:07:00,2.95,CUST-10024,France
500227,23084,RABBIT NIGHT LIGHT,4,2023-07-07 17:45:00,2.08,CUST-10229,United Kingdom
500227,22752,SET 7 BABUSHKA NESTING BOXES,2,2023-08-04 11:44:00,8.5,CUST-10289,United Kingdom
500227,22633,HAND WARMER UNION JACK,2,2023-10-12 16:08:00,2.1,CUST-10073,United Kingdom
500228,21730,GLASS STAR FROSTED T-LIGHT HOLDER,4,2023-10-02 12:41:00,3.25,CUST-10131,United Kingdom
500228,22720,SET OF 3 CAKE TINS PANTRY DESIGN,1,2023-11-05 14:09:00,12.75,CUST-10364,United Kingdom
500228,84879,ASSORTED COLOUR BIRD ORNAMENT,4,2023-05-22 14:01:00,1.69,CUST-10125,United Kingdom
500229,22086,PAPER CHAIN KIT 50'S CHRISTMAS,2,2023-11-25 12:51:00,2.55,CUST-10058,United Kingdom
500229,85123A,WHITE HANGING HEART T-LIGHT HOLDER,1,2023-09-02 17:12:00,2.95,CUST-10043,United Kingdom
500229,22197,SMALL POPCORN HOLDER,6,2023-12-10 16:33:00,0.85,CUST-10058,France
500230,71053,WHITE METAL LANTERN,2,2023-10-30 16:41:00,3.75,CUST-10010,United Kingdom
500230,23084,RABBIT NIGHT LIGHT,1,2023-03-20 09:40:00,2.08,CUST-10490,Spain
500230,22960,JAM MAKING SET WITH JARS,1,2023-08-24 10:47:00,4.95,CUST-10210,United Kingdom
500231,22197,SMALL POPCORN HOLDER,4,2023-08-19 13:23:00,0.85,CUST-10337,United Kingdom
500231,84029E,RED WOOLLY HOTTIE WHITE HEART,1,2023-12-12 13:01:00,4.95,CUST-10017,United Kingdom
500231,84406B,CREAM CUPID HEARTS COAT HANGER,6,2023-10-07 19:30:00,4.25,CUST-10016,United Kingdom
500232,21730,GLASS STAR FROSTED T-LIGHT HOLDER,1,2023-10-04 10:57:00,3.25,CUST-10268,United Kingdom
500232,22086,PAPER CHAIN KIT 50'S CHRISTMAS,2,2023-05-24 11:11:00,2.55,CUST-10471,United Kingdom
500232,22720,SET OF 3 CAKE TINS PANTRY DESIGN,4,2023-03-22 12:44:00,12.75,CUST-10463,United Kingdom
500233,22752,SET 7 BABUSHKA NESTING BOXES,4,2023-04-24 16:14:00,8.5,CUST-10514,United Kingdom
500233,71053,WHITE METAL LANTERN,2,2023-10-02 10:50:00,3.75,CUST-10043,France
500233,22752,SET 7 BABUSHKA NESTING BOXES,1,2023-11-08 16:56:00,8.5,CUST-10057,United Kingdom
500234,23084,RABBIT NIGHT LIGHT,1,2023-11-29 13:04:00,2.08,CUST-10033,United Kingdom
500234,22086,PAPER CHAIN KIT 50'S CHRISTMAS,1,2023-11-27 17:56:00,2.55,CUST-10028,United Kingdom
500234,21730,GLASS STAR FROSTED T-LIGHT HOLDER,1,2023-10-18 19:34:00,3.25,,United Kingdom
500235,22960,JAM MAKING SET WITH JARS,2,2023-11-06 09:12:00,4.95,CUST-10256,Netherlands
500235,21730,GLASS STAR FROSTED T-LIGHT HOLDER,1,2023-05-11 13:53:00,3.25,CUST-10089,Germany
500235,85123A,WHITE HANGING HEART T-LIGHT HOLDER,4,2023-09-06 17:11:00,2.95,CUST-10059,United Kingdom
500236,22197,SMALL POPCORN HOLDER,2,2023-04-14 13:52:00,0.85,CUST-10105,United Kingdom
500236,22632,HAND WARMER RED RETROSPOT,6,2023-03-14 10:19:00,2.1,CUST-10500,United Kingdom
500236,71053,WHITE METAL LANTERN,1,2023-08-14 18:18:00,3.75,CUST-10039,United Kingdom
500237,22720,SET OF 3 CAKE TINS PANTRY DESIGN,1,2023-07-15 14:06:00,12.75,CUST-10320,United Kingdom
500237,22197,SMALL POPCORN HOLDER,2,2023-03-23 19:32:00,0.85,CUST-10192,United Kingdom
500237,22752,SET 7 BABUSHKA NESTING BOXES,1,2023-08-02 08:48:00,8.5,CUST-10098,United Kingdom
500238,22720,SET OF 3 CAKE TINS PANTRY DESIGN,12,2023-11-29 14:28:00,12.75,CUST-10131,United Kingdom
500238,21730,GLASS STAR FROSTED T-LIGHT HOLDER,1,2023-04-21 14:47:00,3.25,CUST-10081,United Kingdom
500238,22633,HAND WARMER UNION JACK,12,2023-10-06 11:01:00,2.1,CUST-10008,United Kingdom
500239,85123A,WHITE HANGING HEART T-LIGHT HOLDER,4,2023-09-27 14:47:00,2.95,CUST-10055,Spain
500239,85123A,WHITE HANGING HEART T-LIGHT HOLDER,4,2023-04-04 11:04:00,2.95,CUST-10510,United Kingdom
500239,84029G,KNITTED UNION FLAG HOT WATER BOTTLE,24,2023-08-12 10:21:00,4.95,CUST-10044,United Kingdom
500240,22720,SET OF 3 CAKE TINS PANTRY DESIGN,1,2023-08-30 16:42:00,12.75,CUST-10030,United Kingdom
500240,22086,PAPER CHAIN KIT 50'S CHRISTMAS,1,2023-04-25 15:25:00,2.55,CUST-10420,United Kingdom
500240,22633,HAND WARMER UNION JACK,1,2023-12-20 14:20:00,2.1,CUST-10149,United Kingdom
500241,22720,SET OF 3 CAKE TINS PANTRY DESIGN,12,2023-08-05 18:39:00,12.75,CUST-10027,United Kingdom
500241,22197,SMALL POPCORN HOLDER,1,2023-09-06 16:20:00,0.85,CUST-10367,Spain
500241,22197,SMALL POPCORN HOLDER,1,2023-11-11 19:30:00,0.85,,France
500242,22086,PAPER CHAIN KIT 50'S CHRISTMAS,12,2023-08-26 12:51:00,2.55,CUST-10230,United Kingdom
500242,22633,HAND WARMER UNION JACK,1,2023-12-26 17:05:00,2.1,CUST-10056,Germany
500242,84029E,RED WOOLLY HOTTIE WHITE HEART,2,2023-12-17 19:29:00,4.95,CUST-10116,United Kingdom
500243,22632,HAND WARMER RED RETROSPOT,2,2023-06-13 13:32:00,2.1,CUST-10128,United Kingdom
500243,22960,JAM MAKING SET WITH JARS,1,2023-08-27 16:45:00,4.95,CUST-10041,United Kingdom
500243,23084,RABBIT NIGHT LIGHT,1,2023-08-03 11:48:00,2.08,CUST-10012,United Kingdom
500244,84406B,CREAM CUPID HEARTS COAT HANGER,1,2023-05-30 12:54:00,4.25,CUST-10063,United Kingdom
500244,85123A,WHITE HANGING HEART T-LIGHT HOLDER,2,2023-12-05 16:42:00,2.95,CUST-10080,United Kingdom
500244,22632,HAND WARMER RED RETROSPOT,2,2023-12-17 08:38:00,2.1,CUST-10017,United Kingdom
500245,84029G,KNITTED UNION FLAG HOT WATER BOTTLE,2,2023-11-16 12:33:00,4.95,CUST-10034,United Kingdom
500245,84406B,CREAM CUPID HEARTS COAT HANGER,2,2023-10-20 14:15:00,4.25,CUST-10336,United Kingdom
500245,22632,HAND WARMER RED RETROSPOT,1,2023-02-01 16:05:00,2.1,CUST-10406,United Kingdom
500246,85123A,WHITE HANGING HEART T-LIGHT HOLDER,12,2023-10-30 08:54:00,2.95,CUST-10019,United Kingdom
500246,23084,RABBIT NIGHT LIGHT,1,2023-10-29 15:58:00,2.08,CUST-10255,United Kingdom
500246,22633,HAND WARMER UNION JACK,1,2023-11-05 13:26:00,2.1,CUST-10023,France
500247,84406B,CREAM CUPID HEARTS COAT HANGER,1,2023-08-30 17:21:00,4.25,CUST-10123,Germany
500247,23084,RABBIT NIGHT LIGHT,1,2023-03-28 10:11:00,2.08,CUST-10489,United Kingdom
500247,22752,SET 7 BABUSHKA NESTING BOXES,12,2023-10-11 11:03:00,8.5,CUST-10001,United Kingdom
500248,71053,WHITE METAL LANTERN,1,2023-07-15 18:36:00,3.75,CUST-10182,United Kingdom
500248,84029E,RED WOOLLY HOTTIE WHITE HEART,4,2023-04-18 19:02:00,4.95,CUST-10580,United Kingdom
500248,84879,ASSORTED COLOUR BIRD ORNAMENT,12,2023-08-16 13:20:00,1.69,,Germany
500249,84406B,CREAM CUPID HEARTS COAT HANGER,1,2023-07-28 16:50:00,4.25,CUST-10007,United Kingdom
500249,22752,SET 7 BABUSHKA NESTING BOXES,1,2023-10-22 09:05:00,8.5,CUST-10042,United Kingdom
500249,84879,ASSORTED COLOUR BIRD ORNAMENT,2,2023-09-18 14:29:00,1.69,CUST-10366,United Kingdom
500250,22632,HAND WARMER RED RETROSPOT,4,2023-10-09 15:36:00,2.1,CUST-10026,United Kingdom
C500250,22633,HAND WARMER UNION JACK,-12,2023-08-06 19:11:00,2.1,CUST-10000,France
500250,22197,SMALL POPCORN HOLDER,1,2023-06-02 17:27:00,0.85,CUST-10175,United Kingdom
500251,84029E,RED WOOLLY HOTTIE WHITE HEART,1,2023-11-28 18:35:00,4.95,CUST-10007,United Kingdom
500251,21730,GLASS STAR FROSTED T-LIGHT HOLDER,2,2023-07-26 15:27:00,3.25,CUST-10036,United Kingdom
500251,22752,SET 7 BABUSHKA NESTING BOXES,12,2023-04-18 16:06:00,8.5,CUST-10599,United Kingdom
500252,21730,GLASS STAR FROSTED T-LIGHT HOLDER,6,2023-11-15 15:02:00,3.25,CUST-10333,United Kingdom
500252,22086,PAPER CHAIN KIT 50'S CHRISTMAS,4,2023-10-22 09:40:00,2.55,CUST-10257,United Kingdom
500252,23084,RABBIT NIGHT LIGHT,2,2023-08-15 15:09:00,2.08,CUST-10015,United Kingdom
500253,84029E,RED WOOLLY HOTTIE WHITE HEART,24,2023-03-24 13:02:00,4.95,CUST-10527,Netherlands
500253,23084,RABBIT NIGHT LIGHT,1,2023-11-19 09:08:00,2.08,CUST-10039,United Kingdom
500253,23084,RABBIT NIGHT LIGHT,6,2023-10-24 13:43:00,2.08,CUST-10059,United Kingdom
500254,22960,JAM MAKING SET WITH JARS,2,2023-08-20 12:16:00,4.95,CUST-10039,United Kingdom
500254,22633,HAND WARMER UNION JACK,1,2023-02-23 11:49:00,2.1,CUST-10596,United Kingdom
500254,84406B,CREAM CUPID HEARTS COAT HANGER,4,2023-07-27 14:42:00,4.25,CUST-10047,United Kingdom
500255,85123A,WHITE HANGING HEART T-LIGHT HOLDER,2,2023-05-19 19:16:00,2.95,CUST-10155,United Kingdom
500255,84029E,RED WOOLLY HOTTIE WHITE HEART,1,2023-05-29 17:20:00,4.95,CUST-10594,United Kingdom
500255,22633,HAND WARMER UNION JACK,2,2023-03-11 16:48:00,2.1,CUST-10105,United Kingdom
500256,22720,SET OF 3 CAKE TINS PANTRY DESIGN,1,2023-12-10 14:52:00,12.75,CUST-10327,United Kingdom
500256,22752,SET 7 BABUSHKA NESTING BOXES,6,2023-02-04 11:30:00,8.5,CUST-10401,United Kingdom
500256,84879,ASSORTED COLOUR BIRD ORNAMENT,1,2023-04-03 18:38:00,1.69,CUST-10447,United Kingdom
500257,84879,ASSORTED COLOUR BIRD ORNAMENT,1,2023-12-18 16:23:00,1.69,CUST-10157,United Kingdom
500257,84029E,RED WOOLLY HOTTIE WHITE HEART,1,2023-12-02 17:11:00,4.95,CUST-10092,United Kingdom
500257,22720,SET OF 3 CAKE TINS PANTRY DESIGN,6,2023-11-05 12:47:00,12.75,CUST-10020,United Kingdom
500258,84406B,CREAM CUPID HEARTS COAT HANGER,24,2023-09-28 13:31:00,4.25,CUST-10038,United Kingdom
500258,85123A,WHITE HANGING HEART T-LIGHT HOLDER,24,2023-05-31 08:45:00,2.95,CUST-10111,United Kingdom
500258,71053,WHITE METAL LANTERN,6,2023-05-04 18:28:00,3.75,CUST-10165,United Kingdom
500259,22720,SET OF 3 CAKE TINS PANTRY DESIGN,1,2023-10-20 16:35:00,12.75,CUST-10052,United Kingdom
500259,71053,WHITE METAL LANTERN,4,2023-12-06 16:38:00,3.75,CUST-10047,United Kingdom
500259,22632,HAND WARMER RED RETROSPOT,4,2023-09-19 12:17:00,2.1,CUST-10055,United Kingdom
500260,22752,SET 7 BABUSHKA NESTING BOXES,2,2023-10-03 12:27:00,8.5,CUST-10056,United Kingdom
500260,84029G,KNITTED UNION FLAG HOT WATER BOTTLE,1,2023-12-04 15:58:00,4.95,CUST-10105,Spain
500260,71053,WHITE METAL LANTERN,1,2023-07-02 13:43:00,3.75,CUST-10090,United Kingdom
500261,22752,SET 7 BABUSHKA NESTING BOXES,4,2023-09-06 10:58:00,8.5,CUST-10177,Germany
500261,84879,ASSORTED COLOUR BIRD ORNAMENT,2,2023-03-25 09:44:00,1.69,CUST-10488,United Kingdom
500261,22633,HAND WARMER UNION JACK,4,2023-10-29 13:58:00,2.1,CUST-10010,United Kingdom
500262,84029E,RED WOOLLY HOTTIE WHITE HEART,4,2023-12-01 10:17:00,4.95,,United Kingdom
500262,84879,ASSORTED COLOUR BIRD ORNAMENT,1,2023-02-08 08:48:00,1.69,CUST-10565,United Kingdom
500262,21730,GLASS STAR FROSTED T-LIGHT HOLDER,1,2023-03-25 14:24:00,3.25,CUST-10175,United Kingdom
500263,84029G,KNITTED UNION FLAG HOT WATER BOTTLE,2,2023-03-13 10:03:00,4.95,CUST-10070,France
500263,22197,SMALL POPCORN HOLDER,2,2023-12-06 09:06:00,0.85,CUST-10032,United Kingdom
500263,22197,SMALL POPCORN HOLDER,2,2023-02-03 14:03:00,0.85,CUST-10464,France
500264,22632,HAND WARMER RED RETROSPOT,6,2023-07-18 14:37:00,2.1,CUST-10333,France
500264,22197,SMALL POPCORN HOLDER,6,2023-10-30 10:05:00,0.85,CUST-10006,United Kingdom
500264,21730,GLASS STAR FROSTED T-LIGHT HOLDER,24,2023-08-29 19:29:00,3.25,CUST-10374,United Kingdom
500265,85123A,WHITE HANGING HEART T-LIGHT HOLDER,1,2023-09-14 12:19:00,2.95,CUST-10348,United Kingdom
500265,84029E,RED WOOLLY HOTTIE WHITE HEART,2,2023-12-30 12:25:00,4.95,CUST-10028,United Kingdom
C500265,21730,GLASS STAR FROSTED T-LIGHT HOLDER,-2,2023-12-15 13:36:00,3.25,CUST-10005,United Kingdom
500266,22086,PAPER CHAIN KIT 50'S CHRISTMAS,2,2023-02-15 15:19:00,2.55,CUST-10538,Spain
500266,22086,PAPER CHAIN KIT 50'S CHRISTMAS,1,2023-11-26 08:26:00,2.55,CUST-10333,United Kingdom
500266,84406B,CREAM CUPID HEARTS COAT HANGER,1,2023-11-11 08:29:00,4.25,CUST-10046,France
500267,22197,SMALL POPCORN HOLDER,2,2023-04-27 14:19:00,0.85,CUST-10144,United Kingdom
500267,22197,SMALL POPCORN HOLDER,4,2023-02-12 14:22:00,0.85,CUST-10593,United Kingdom
500267,84406B,CREAM CUPID HEARTS COAT HANGER,1,2023-11-29 17:07:00,4.25,CUST-10297,United Kingdom
500268,22752,SET 7 BABUSHKA NESTING BOXES,4,2023-08-04 17:11:00,8.5,CUST-10255,United Kingdom
500268,22720,SET OF 3 CAKE TINS PANTRY DESIGN,1,2023-12-07 09:40:00,12.75,CUST-10032,United Kingdom
500268,23084,RABBIT NIGHT LIGHT,4,2023-10-17 10:42:00,2.08,CUST-10189,United Kingdom
500269,71053,WHITE METAL LANTERN,1,2023-08-15 16:49:00,3.75,CUST-10375,United Kingdom
500269,22752,SET 7 BABUSHKA NESTING BOXES,1,2023-08-31 17:06:00,8.5,CUST-10033,United Kingdom
500269,22632,HAND WARMER RED RETROSPOT,1,2023-08-29 14:20:00,2.1,CUST-10357,United Kingdom
500270,22197,SMALL POPCORN HOLDER,1,2023-08-02 11:04:00,0.85,CUST-10023,United Kingdom
500270,85123A,WHITE HANGING HEART T-LIGHT HOLDER,1,2023-10-07 13:45:00,2.95,CUST-10025,United Kingdom
500270,22197,SMALL POPCORN HOLDER,1,2023-08-30 19:28:00,0.85,CUST-10038,United Kingdom
500271,22720,SET OF 3 CAKE TINS PANTRY DESIGN,4,2023-08-20 17:31:00,12.75,CUST-10031,United Kingdom
500271,71053,WHITE METAL LANTERN,6,2023-05-31 16:21:00,3.75,CUST-10111,United Kingdom
500271,71053,WHITE METAL LANTERN,6,2023-12-03 16:21:00,3.75,CUST-10044,United Kingdom
500272,84029E,RED WOOLLY HOTTIE WHITE HEART,6,2023-11-28 08:50:00,4.95,CUST-10066,United Kingdom
C500272,22960,JAM MAKING SET WITH JARS,-2,2023-11-01 08:01:00,4.95,,United Kingdom
500272,71053,WHITE METAL LANTERN,6,2023-11-28 16:12:00,3.75,CUST-10036,United Kingdom
500273,22720,SET OF 3 CAKE TINS PANTRY DESIGN,4,2023-11-01 17:00:00,12.75,CUST-10244,United Kingdom
500273,21730,GLASS STAR FROSTED T-LIGHT HOLDER,1,2023-09-21 16:22:00,3.25,CUST-10021,United Kingdom
500273,84406B,CREAM CUPID HEARTS COAT HANGER,4,2023-03-01 08:32:00,4.25,CUST-10398,United Kingdom
500274,84029E,RED WOOLLY HOTTIE WHITE HEART,6,2023-03-09 17:35:00,4.95,CUST-10138,United Kingdom
500274,22720,SET OF 3 CAKE TINS PANTRY DESIGN,1,2023-10-28 09:09:00,12.75,CUST-10041,United Kingdom
500274,71053,WHITE METAL LANTERN,6,2023-12-04 14:40:00,3.75,CUST-10019,Germany
500275,23084,RABBIT NIGHT LIGHT,1,2023-10-04 08:04:00,2.08,CUST-10000,United Kingdom
500275,84406B,CREAM CUPID HEARTS COAT HANGER,2,2023-07-18 19:41:00,4.25,CUST-10200,Spain
500275,22960,JAM MAKING SET WITH JARS,1,2023-12-24 12:05:00,4.95,CUST-10268,United Kingdom
500276,84406B,CREAM CUPID HEARTS COAT HANGER,4,2023-09-11 17:24:00,4.25,CUST-10035,Netherlands
500276,22720,SET OF 3 CAKE TINS PANTRY DESIGN,1,2023-05-10 09:31:00,12.75,CUST-10459,Germany
500276,84406B,CREAM CUPID HEARTS COAT HANGER,2,2023-04-16 12:49:00,4.25,CUST-10067,Spain
500277,22960,JAM MAKING SET WITH JARS,12,2023-03-15 09:25:00,4.95,CUST-10446,United Kingdom
500277,21730,GLASS STAR FROSTED T-LIGHT HOLDER,12,2023-09-13 17:46:00,3.25,CUST-10137,United Kingdom
500277,22632,HAND WARMER RED RETROSPOT,12,2023-05-15 14:25:00,2.1,CUST-10163,United Kingdom
500278,22633,HAND WARMER UNION JACK,12,2023-09-23 09:15:00,2.1,CUST-10012,United Kingdom
500278,71053,WHITE METAL LANTERN,1,2023-09-16 16:47:00,3.75,CUST-10007,United Kingdom
500278,23084,RABBIT NIGHT LIGHT,12,2023-11-28 10:09:00,2.08,CUST-10009,United Kingdom
500279,22960,JAM MAKING SET WITH JARS,2,2023-11-30 11:46:00,4.95,CUST-10088,United Kingdom
500279,84879,ASSORTED COLOUR BIRD ORNAMENT,4,2023-08-13 10:07:00,1.69,CUST-10029,United Kingdom
500279,84029E,RED WOOLLY HOTTIE WHITE HEART,1,2023-07-28 12:11:00,4.95,CUST-10013,United Kingdom
500280,22752,SET 7 BABUSHKA NESTING BOXES,2,2023-12-01 19:39:00,8.5,CUST-10213,United Kingdom
500280,84879,ASSORTED COLOUR BIRD ORNAMENT,1,2023-07-18 16:03:00,1.69,CUST-10127,United Kingdom
500280,85123A,WHITE HANGING HEART T-LIGHT HOLDER,2,2023-12-01 15:18:00,2.95,CUST-10117,United Kingdom
500281,85123A,WHITE HANGING HEART T-LIGHT HOLDER,4,2023-12-08 11:14:00,2.95,CUST-10057,Germany
500281,84406B,CREAM CUPID HEARTS COAT HANGER,2,2023-08-31 15:51:00,4.25,CUST-10001,United Kingdom
500281,85123A,WHITE HANGING HEART T-LIGHT HOLDER,12,2023-09-06 10:53:00,2.95,CUST-10042,United Kingdom
500282,84029G,KNITTED UNION FLAG HOT WATER BOTTLE,1,2023-08-13 14:14:00,4.95,CUST-10303,Germany
500282,22633,HAND WARMER UNION JACK,4,2023-09-09 13:23:00,2.1,CUST-10028,United Kingdom
500282,22086,PAPER CHAIN KIT 50'S CHRISTMAS,2,2023-10-14 12:54:00,2.55,CUST-10056,Spain
500283,22960,JAM MAKING SET WITH JARS,6,2023-11-27 13:53:00,4.95,CUST-10021,United Kingdom
500283,85123A,WHITE HANGING HEART T-LIGHT HOLDER,2,2023-08-25 18:10:00,2.95,CUST-10274,United Kingdom
500283,84406B,CREAM CUPID HEARTS COAT HANGER,1,2023-09-13 11:36:00,4.25,CUST-10328,United Kingdom
500284,84406B,CREAM CUPID HEARTS COAT HANGER,6,2023-07-28 19:26:00,4.25,CUST-10015,United Kingdom
C500284,22960,JAM MAKING SET WITH JARS,-4,2023-02-24 18:43:00,4.95,,United Kingdom
500284,84879,ASSORTED COLOUR BIRD ORNAMENT,12,2023-11-05 19:10:00,1.69,CUST-10040,Germany
500285,22960,JAM MAKING SET WITH JARS,12,2023-08-13 18:08:00,4.95,CUST-10020,United Kingdom
500285,22633,HAND WARMER UNION JACK,12,2023-09-09 12:04:00,2.1,CUST-10234,United Kingdom
500285,22633,HAND WARMER UNION JACK,12,2023-06-30 17:57:00,2.1,CUST-10223,United Kingdom
500286,71053,WHITE METAL LANTERN,1,2023-12-09 10:07:00,3.75,CUST-10054,United Kingdom
500286,85123A,WHITE HANGING HEART T-LIGHT HOLDER,1,2023-11-13 17:28:00,2.95,CUST-10013,United Kingdom
500286,84879,ASSORTED COLOUR BIRD ORNAMENT,1,2023-11-12 19:01:00,1.69,CUST-10031,United Kingdom
500287,85123A,WHITE HANGING HEART T-LIGHT HOLDER,1,2023-09-30 11:27:00,2.95,CUST-10026,Germany
500287,84029E,RED WOOLLY HOTTIE WHITE HEART,24,2023-09-27 15:11:00,4.95,CUST-10037,United Kingdom
500287,22086,PAPER CHAIN KIT 50'S CHRISTMAS,2,2023-11-22 17:47:00,2.55,CUST-10164,United Kingdom
500288,84029G,KNITTED UNION FLAG HOT WATER BOTTLE,1,2023-10-28 15:11:00,4.95,,United Kingdom
500288,84406B,CREAM CUPID HEARTS COAT HANGER,2,2023-08-12 13:23:00,4.25,CUST-10377,United Kingdom
500288,22632,HAND WARMER RED RETROSPOT,4,2023-09-28 09:25:00,2.1,CUST-10042,United Kingdom
500289,22086,PAPER CHAIN KIT 50'S CHRISTMAS,4,2023-01-31 14:08:00,2.55,CUST-10398,United Kingdom
500289,22752,SET 7 BABUSHKA NESTING BOXES,2,2023-12-29 15:31:00,8.5,CUST-10056,United Kingdom
500289,22960,JAM MAKING SET WITH JARS,2,2023-11-14 09:14:00,4.95,CUST-10020,United Kingdom
500290,22086,PAPER CHAIN KIT 50'S CHRISTMAS,4,2023-07-25 09:27:00,2.55,CUST-10375,Germany
500290,22197,SMALL POPCORN HOLDER,6,2023-09-03 15:12:00,0.85,CUST-10151,United Kingdom
500290,22720,SET OF 3 CAKE TINS PANTRY DESIGN,1,2023-05-22 19:35:00,12.75,CUST-10179,United Kingdom
500291,22633,HAND WARMER UNION JACK,2,2023-06-20 09:56:00,2.1,CUST-10126,United Kingdom
500291,84406B,CREAM CUPID HEARTS COAT HANGER,2,2023-09-13 16:36:00,4.25,CUST-10162,United Kingdom
500291,84406B,CREAM CUPID HEARTS COAT HANGER,1,2023-03-19 08:40:00,4.25,CUST-10491,United Kingdom
500292,22752,SET 7 BABUSHKA NESTING BOXES,4,2023-08-16 15:05:00,8.5,CUST-10232,United Kingdom
500292,22720,SET OF 3 CAKE TINS PANTRY DESIGN,6,2023-10-06 18:44:00,12.75,CUST-10046,United Kingdom
500292,21730,GLASS STAR FROSTED T-LIGHT HOLDER,1,2023-02-12 08:28:00,3.25,CUST-10407,United Kingdom
500293,22960,JAM MAKING SET WITH JARS,12,2023-10-04 09:23:00,4.95,CUST-10073,United Kingdom
500293,84029G,KNITTED UNION FLAG HOT WATER BOTTLE,6,2023-08-14 08:55:00,4.95,CUST-10026,France
500293,22720,SET OF 3 CAKE TINS PANTRY DESIGN,4,2023-12-30 15:46:00,12.75,CUST-10016,United Kingdom
500294,23084,RABBIT NIGHT LIGHT,1,2023-07-30 13:36:00,2.08,CUST-10265,France
500294,22720,SET OF 3 CAKE TINS PANTRY DESIGN,6,2023-09-21 14:41:00,12.75,CUST-10031,United Kingdom
500294,22197,SMALL POPCORN HOLDER,6,2023-03-26 17:12:00,0.85,CUST-10097,Germany
500295,84029E,RED WOOLLY HOTTIE WHITE HEART,12,2023-02-25 08:11:00,4.95,CUST-10566,United Kingdom
500295,22086,PAPER CHAIN KIT 50'S CHRISTMAS,12,2023-04-19 10:42:00,2.55,CUST-10190,United Kingdom
500295,71053,WHITE METAL LANTERN,4,2023-07-10 18:56:00,3.75,CUST-10108,United Kingdom
500296,22086,PAPER CHAIN KIT 50'S CHRISTMAS,24,2023-12-14 13:23:00,2.55,CUST-10054,United Kingdom
500296,22086,PAPER CHAIN KIT 50'S CHRISTMAS,1,2023-05-25 16:27:00,2.55,CUST-10593,United Kingdom
500296,22086,PAPER CHAIN KIT 50'S CHRISTMAS,1,2023-09-03 16:58:00,2.55,CUST-10011,United Kingdom
500297,22752,SET 7 BABUSHKA NESTING BOXES,4,2023-04-22 11:35:00,8.5,CUST-10441,United Kingdom
C500297,84406B,CREAM CUPID HEARTS COAT HANGER,-2,2023-06-26 18:47:00,4.25,CUST-10209,United Kingdom
500297,22086,PAPER CHAIN KIT 50'S CHRISTMAS,4,2023-05-27 17:16:00,2.55,CUST-10510,United Kingdom
500298,22632,HAND WARMER RED RETROSPOT,2,2023-12-11 09:16:00,2.1,CUST-10380,United Kingdom
500298,22197,SMALL POPCORN HOLDER,2,2023-04-16 19:07:00,0.85,CUST-10391,United Kingdom
500298,84406B,CREAM CUPID HEARTS COAT HANGER,2,2023-12-01 14:08:00,4.25,CUST-10200,United Kingdom
500299,22960,JAM MAKING SET WITH JARS,2,2023-08-01 18:32:00,4.95,CUST-10240,United Kingdom
500299,22720,SET OF 3 CAKE TINS PANTRY DESIGN,4,2023-12-01 08:58:00,12.75,CUST-10166,United Kingdom
500299,84029G,KNITTED UNION FLAG HOT WATER BOTTLE,2,2023-11-10 12:42:00,4.95,CUST-10177,United Kingdom
500300,84029E,RED WOOLLY HOTTIE WHITE HEART,1,2023-09-12 19:00:00,4.95,CUST-10003,United Kingdom
500300,84029E,RED WOOLLY HOTTIE WHITE HEART,1,2023-07-29 15:14:00,4.95,CUST-10031,United Kingdom
500300,21730,GLASS STAR FROSTED T-LIGHT HOLDER,1,2023-05-14 17:55:00,3.25,CUST-10167,United Kingdom
500301,22086,PAPER CHAIN KIT 50'S CHRISTMAS,1,2023-09-24 12:18:00,2.55,CUST-10002,United Kingdom
500301,84029E,RED WOOLLY HOTTIE WHITE HEART,4,2023-08-24 10:22:00,4.95,CUST-10209,United Kingdom
500301,22633,HAND WARMER UNION JACK,1,2023-02-07 15:10:00,2.1,CUST-10511,Spain
500302,22197,SMALL POPCORN HOLDER,2,2023-08-10 08:56:00,0.85,CUST-10045,Germany
500302,22086,PAPER CHAIN KIT 50'S CHRISTMAS,1,2023-12-13 08:32:00,2.55,CUST-10311,United Kingdom
500302,22633,HAND WARMER UNION JACK,6,2023-11-14 15:09:00,2.1,CUST-10261,United Kingdom
500303,85123A,WHITE HANGING HEART T-LIGHT HOLDER,6,2023-06-18 08:33:00,2.95,CUST-10146,France
500303,22632,HAND WARMER RED RETROSPOT,4,2023-01-30 19:17:00,2.1,CUST-10578,Spain
500303,71053,WHITE METAL LANTERN,1,2023-06-30 12:37:00,3.75,CUST-10191,Germany
500304,21730,GLASS STAR FROSTED T-LIGHT HOLDER,12,2023-03-17 12:44:00,3.25,CUST-10079,United Kingdom
500304,84879,ASSORTED COLOUR BIRD ORNAMENT,2,2023-10-21 16:02:00,1.69,CUST-10124,United Kingdom
500304,22632,HAND WARMER RED RETROSPOT,6,2023-10-13 08:49:00,2.1,CUST-10190,United Kingdom
500305,84029G,KNITTED UNION FLAG HOT WATER BOTTLE,6,2023-12-07 12:38:00,4.95,CUST-10359,Germany
500305,22752,SET 7 BABUSHKA NESTING BOXES,12,2023-09-07 08:24:00,8.5,CUST-10229,United Kingdom
500305,22633,HAND WARMER UNION JACK,1,2023-10-10 12:44:00,2.1,CUST-10067,United Kingdom
500306,23084,RABBIT NIGHT LIGHT,2,2023-08-05 14:32:00,2.08,CUST-10308,United Kingdom
C500306,22632,HAND WARMER RED RETROSPOT,-1,2023-07-18 11:19:00,2.1,CUST-10295,United Kingdom
500306,84406B,CREAM CUPID HEARTS COAT HANGER,2,2023-04-29 11:32:00,4.25,,United Kingdom
500307,85123A,WHITE HANGING HEART T-LIGHT HOLDER,2,2023-11-22 18:32:00,2.95,CUST-10217,Germany
500307,84406B,CREAM CUPID HEARTS COAT HANGER,1,2023-03-24 13:07:00,4.25,CUST-10454,United Kingdom
500307,21730,GLASS STAR FROSTED T-LIGHT HOLDER,1,2023-08-01 09:56:00,3.25,CUST-10304,United Kingdom
500308,22197,SMALL POPCORN HOLDER,1,2023-10-16 13:21:00,0.85,CUST-10047,France
500308,84879,ASSORTED COLOUR BIRD ORNAMENT,1,2023-03-13 15:04:00,1.69,CUST-10402,United Kingdom
500308,84029G,KNITTED UNION FLAG HOT WATER BOTTLE,1,2023-01-29 14:26:00,4.95,CUST-10599,Germany
500309,22086,PAPER CHAIN KIT 50'S CHRISTMAS,1,2023-02-23 17:24:00,2.55,CUST-10483,United Kingdom
500309,84029G,KNITTED UNION FLAG HOT WATER BOTTLE,2,2023-10-07 08:08:00,4.95,CUST-10327,United Kingdom
500309,22086,PAPER CHAIN KIT 50'S CHRISTMAS,4,2023-07-11 11:52:00,2.55,CUST-10268,United Kingdom
500310,22633,HAND WARMER UNION JACK,1,2023-09-18 16:05:00,2.1,CUST-10278,United Kingdom
500310,71053,WHITE METAL LANTERN,2,2023-08-15 15:42:00,3.75,CUST-10241,Spain
500310,84029G,KNITTED UNION FLAG HOT WATER BOTTLE,4,2023-11-27 10:06:00,4.95,CUST-10022,United Kingdom
500311,22720,SET OF 3 CAKE TINS PANTRY DESIGN,4,2023-08-08 08:28:00,12.75,CUST-10269,United Kingdom
500311,84029G,KNITTED UNION FLAG HOT WATER BOTTLE,1,2023-11-11 17:15:00,4.95,CUST-10042,United Kingdom
500311,22960,JAM MAKING SET WITH JARS,2,2023-08-23 13:03:00,4.95,CUST-10163,United Kingdom
500312,22197,SMALL POPCORN HOLDER,4,2023-10-01 12:22:00,0.85,CUST-10053,United Kingdom
500312,22086,PAPER CHAIN KIT 50'S CHRISTMAS,12,2023-12-22 13:47:00,2.55,CUST-10060,United Kingdom
500312,22632,HAND WARMER RED RETROSPOT,2,2023-05-26 11:10:00,2.1,CUST-10067,United Kingdom
500313,22632,HAND WARMER RED RETROSPOT,4,2023-03-29 15:13:00,2.1,CUST-10206,United Kingdom
500313,85123A,WHITE HANGING HEART T-LIGHT HOLDER,1,2023-09-06 09:41:00,2.95,CUST-10084,Germany
C500313,22086,PAPER CHAIN KIT 50'S CHRISTMAS,-4,2023-08-22 13:24:00,2.55,CUST-10120,United Kingdom
500314,85123A,WHITE HANGING HEART T-LIGHT HOLDER,2,2023-09-05 16:06:00,2.95,CUST-10102,United Kingdom
500314,22086,PAPER CHAIN KIT 50'S CHRISTMAS,1,2023-08-17 13:00:00,2.55,CUST-10053,United Kingdom
C500314,22752,SET 7 BABUSHKA NESTING BOXES,-1,2023-12-19 17:01:00,8.5,CUST-10372,Spain
500315,22197,SMALL POPCORN HOLDER,2,2023-05-26 12:00:00,0.85,CUST-10105,United Kingdom
500315,22633,HAND WARMER UNION JACK,1,2023-09-07 13:54:00,2.1,CUST-10237,United Kingdom
500315,23084,RABBIT NIGHT LIGHT,4,2023-03-17 12:36:00,2.08,CUST-10466,United Kingdom
500316,85123A,WHITE HANGING HEART T-LIGHT HOLDER,2,2023-11-11 19:17:00,2.95,CUST-10048,United Kingdom
500316,21730,GLASS STAR FROSTED T-LIGHT HOLDER,4,2023-07-17 08:33:00,3.25,CUST-10316,France
500316,84029G,KNITTED UNION FLAG HOT WATER BOTTLE,2,2023-11-17 11:24:00,4.95,CUST-10043,United Kingdom
500317,22633,HAND WARMER UNION JACK,2,2023-05-02 08:13:00,2.1,CUST-10145,United Kingdom
500317,71053,WHITE METAL LANTERN,1,2023-08-19 13:15:00,3.75,,United Kingdom
500317,21730,GLASS STAR FROSTED T-LIGHT HOLDER,1,2023-12-11 09:41:00,3.25,CUST-10249,United Kingdom
500318,84879,ASSORTED COLOUR BIRD ORNAMENT,1,2023-11-30 19:31:00,1.69,CUST-10055,United Kingdom
500318,85123A,WHITE HANGING HEART T-LIGHT HOLDER,2,2023-08-09 15:02:00,2.95,CUST-10344,United Kingdom
500318,22720,SET OF 3 CAKE TINS PANTRY DESIGN,2,2023-08-14 17:10:00,12.75,CUST-10193,Germany
500319,22960,JAM MAKING SET WITH JARS,1,2023-12-12 12:47:00,4.95,CUST-10042,United Kingdom
500319,22720,SET OF 3 CAKE TINS PANTRY DESIGN,1,2023-03-22 11:34:00,12.75,CUST-10087,United Kingdom
500319,21730,GLASS STAR FROSTED T-LIGHT HOLDER,1,2023-10-15 16:54:00,3.25,CUST-10028,United Kingdom
500320,22633,HAND WARMER UNION JACK,4,2023-03-02 08:31:00,2.1,CUST-10194,United Kingdom
500320,84406B,CREAM CUPID HEARTS COAT HANGER,6,2023-04-21 08:35:00,4.25,CUST-10199,United Kingdom
500320,21730,GLASS STAR FROSTED T-LIGHT HOLDER,1,2023-10-27 13:32:00,3.25,CUST-10318,Germany
500321,22633,HAND WARMER UNION JACK,1,2023-07-29 13:40:00,2.1,CUST-10047,United Kingdom
500321,84406B,CREAM CUPID HEARTS COAT HANGER,1,2023-11-23 09:35:00,4.25,CUST-10264,France
500321,84029G,KNITTED UNION FLAG HOT WATER BOTTLE,1,2023-08-19 17:06:00,4.95,CUST-10154,United Kingdom
500322,22720,SET OF 3 CAKE TINS PANTRY DESIGN,1,2023-12-24 17:18:00,12.75,CUST-10028,United Kingdom
500322,22633,HAND WARMER UNION JACK,4,2023-11-21 08:56:00,2.1,CUST-10006,United Kingdom
500322,84029G,KNITTED UNION FLAG HOT WATER BOTTLE,2,2023-12-21 15:31:00,4.95,CUST-10026,United Kingdom
500323,84879,ASSORTED COLOUR BIRD ORNAMENT,4,2023-08-09 13:20:00,1.69,CUST-10304,United Kingdom
500323,22197,SMALL POPCORN HOLDER,1,2023-12-19 09:41:00,0.85,CUST-10022,United Kingdom
500323,22633,HAND WARMER UNION JACK,4,2023-09-25 18:01:00,2.1,CUST-10211,United Kingdom
500324,84879,ASSORTED COLOUR BIRD ORNAMENT,6,2023-04-01 13:09:00,1.69,CUST-10193,United Kingdom
500324,22086,PAPER CHAIN KIT 50'S CHRISTMAS,4,2023-08-10 12:19:00,2.55,CUST-10111,United Kingdom
500324,22752,SET 7 BABUSHKA NESTING BOXES,1,2023-05-22 15:46:00,8.5,CUST-10080,United Kingdom
500325,23084,RABBIT NIGHT LIGHT,1,2023-08-21 12:46:00,2.08,CUST-10014,United Kingdom
500325,84879,ASSORTED COLOUR BIRD ORNAMENT,2,2023-09-20 19:12:00,1.69,CUST-10031,United Kingdom
C500325,22197,SMALL POPCORN HOLDER,-12,2023-08-28 11:46:00,0.85,CUST-10082,United Kingdom
500326,71053,WHITE METAL LANTERN,4,2023-09-24 09:10:00,3.75,CUST-10293,United Kingdom
500326,22633,HAND WARMER UNION JACK,1,2023-11-22 17:28:00,2.1,CUST-10183,United Kingdom
500326,23084,RABBIT NIGHT LIGHT,6,2023-08-19 08:54:00,2.08,CUST-10257,United Kingdom
500327,22632,HAND WARMER RED RETROSPOT,12,2023-07-25 17:10:00,2.1,CUST-10028,United Kingdom
500327,84879,ASSORTED COLOUR BIRD ORNAMENT,4,2023-05-12 18:03:00,1.69,CUST-10135,United Kingdom
500327,22720,SET OF 3 CAKE TINS PANTRY DESIGN,4,2023-07-15 13:42:00,12.75,CUST-10223,United Kingdom
500328,71053,WHITE METAL LANTERN,24,2023-09-11 16:47:00,3.75,CUST-10015,United Kingdom
500328,22086,PAPER CHAIN KIT 50'S CHRISTMAS,1,2023-11-19 17:56:00,2.55,CUST-10029,United Kingdom
500328,22086,PAPER CHAIN KIT 50'S CHRISTMAS,12,2023-07-12 18:03:00,2.55,CUST-10145,United Kingdom
500329,84029E,RED WOOLLY HOTTIE WHITE HEART,1,2023-07-09 13:48:00,4.95,CUST-10260,United Kingdom
500329,22632,HAND WARMER RED RETROSPOT,4,2023-11-28 15:58:00,2.1,CUST-10050,United Kingdom
500329,22633,HAND WARMER UNION JACK,2,2023-12-27 10:33:00,2.1,CUST-10268,United Kingdom
500330,22197,SMALL POPCORN HOLDER,4,2023-09-19 10:28:00,0.85,CUST-10018,United Kingdom
500330,84406B,CREAM CUPID HEARTS COAT HANGER,1,2023-11-05 15:32:00,4.25,CUST-10343,United Kingdom
500330,84879,ASSORTED COLOUR BIRD ORNAMENT,1,2023-11-13 17:55:00,1.69,CUST-10028,United Kingdom
500331,71053,WHITE METAL LANTERN,1,2023-11-29 09:36:00,3.75,CUST-10119,United Kingdom
500331,22752,SET 7 BABUSHKA NESTING BOXES,1,2023-10-07 18:31:00,8.5,CUST-10023,United Kingdom
500331,21730,GLASS STAR FROSTED T-LIGHT HOLDER,1,2023-08-31 16:33:00,3.25,CUST-10210,United Kingdom
500332,84406B,CREAM CUPID HEARTS COAT HANGER,1,2023-12-30 11:25:00,4.25,CUST-10204,Germany
500332,85123A,WHITE HANGING HEART T-LIGHT HOLDER,1,2023-11-05 10:14:00,2.95,CUST-10006,United Kingdom
500332,22086,PAPER CHAIN KIT 50'S CHRISTMAS,2,2023-07-28 14:56:00,2.55,CUST-10147,United Kingdom
500333,85123A,WHITE HANGING HEART T-LIGHT HOLDER,1,2023-09-23 09:34:00,2.95,CUST-10341,United Kingdom
500333,84406B,CREAM CUPID HEARTS COAT HANGER,12,2023-08-05 12:36:00,4.25,CUST-10340,Netherlands
500333,22632,HAND WARMER RED RETROSPOT,1,2023-12-30 08:25:00,2.1,CUST-10051,United Kingdom
500334,23084,RABBIT NIGHT LIGHT,6,2023-04-28 19:47:00,2.08,,United Kingdom
500334,22197,SMALL POPCORN HOLDER,1,2023-08-30 17:13:00,0.85,CUST-10130,United Kingdom
500334,85123A,WHITE HANGING HEART T-LIGHT HOLDER,1,2023-11-29 16:44:00,2.95,CUST-10154,United Kingdom
500335,22720,SET OF 3 CAKE TINS PANTRY DESIGN,1,2023-11-01 19:57:00,12.75,CUST-10348,United Kingdom
500335,22720,SET OF 3 CAKE TINS PANTRY DESIGN,4,2023-08-25 19:11:00,12.75,CUST-10004,Germany
500335,84029E,RED WOOLLY HOTTIE WHITE HEART,1,2023-11-04 13:46:00,4.95,CUST-10346,United Kingdom
500336,22720,SET OF 3 CAKE TINS PANTRY DESIGN,1,2023-08-18 18:17:00,12.75,CUST-10146,United Kingdom
500336,21730,GLASS STAR FROSTED T-LIGHT HOLDER,1,2023-03-04 18:51:00,3.25,CUST-10447,United Kingdom
500336,84029E,RED WOOLLY HOTTIE WHITE HEART,6,2023-10-07 15:43:00,4.95,CUST-10052,United Kingdom
500337,22632,HAND WARMER RED RETROSPOT,1,2023-12-16 09:03:00,2.1,CUST-10318,United Kingdom
500337,23084,RABBIT NIGHT LIGHT,4,2023-11-13 08:30:00,2.08,CUST-10044,United Kingdom
500337,84879,ASSORTED COLOUR BIRD ORNAMENT,6,2023-03-14 17:16:00,1.69,CUST-10505,United Kingdom
500338,84029E,RED WOOLLY HOTTIE WHITE HEART,4,2023-05-20 13:36:00,4.95,CUST-10083,Germany
500338,22960,JAM MAKING SET WITH JARS,4,2023-10-08 11:30:00,4.95,CUST-10124,United Kingdom
500338,22086,PAPER CHAIN KIT 50'S CHRISTMAS,1,2023-09-29 10:17:00,2.55,CUST-10023,United Kingdom
500339,84406B,CREAM CUPID HEARTS COAT HANGER,12,2023-09-09 16:43:00,4.25,CUST-10151,United Kingdom
500339,22197,SMALL POPCORN HOLDER,1,2023-12-30 13:39:00,0.85,CUST-10047,United Kingdom
500339,84029G,KNITTED UNION FLAG HOT WATER BOTTLE,6,2023-07-13 14:28:00,4.95,CUST-10334,United Kingdom
500340,22197,SMALL POPCORN HOLDER,1,2023-12-29 10:22:00,0.85,CUST-10103,United Kingdom
500340,22720,SET OF 3 CAKE TINS PANTRY DESIGN,1,2023-11-18 19:31:00,12.75,CUST-10340,United Kingdom
500340,84029E,RED WOOLLY HOTTIE WHITE HEART,1,2023-01-01 13:10:00,4.95,CUST-10549,United Kingdom
500341,23084,RABBIT NIGHT LIGHT,1,2023-11-11 18:19:00,2.08,CUST-10187,United Kingdom
500341,22960,JAM MAKING SET WITH JARS,1,2023-12-08 15:47:00,4.95,CUST-10043,United Kingdom
500341,22633,HAND WARMER UNION JACK,1,2023-12-30 15:14:00,2.1,CUST-10350,United Kingdom
500342,22197,SMALL POPCORN HOLDER,12,2023-12-28 14:13:00,0.85,CUST-10249,United Kingdom
500342,84879,ASSORTED COLOUR BIRD ORNAMENT,1,2023-02-13 09:15:00,1.69,CUST-10444,United Kingdom
500342,22086,PAPER CHAIN KIT 50'S CHRISTMAS,1,2023-03-30 13:44:00,2.55,CUST-10106,United Kingdom
500343,84029G,KNITTED UNION FLAG HOT WATER BOTTLE,4,2023-11-18 19:35:00,4.95,CUST-10007,Germany
500343,85123A,WHITE HANGING HEART T-LIGHT HOLDER,1,2023-09-25 15:20:00,2.95,CUST-10033,United Kingdom
500343,22086,PAPER CHAIN KIT 50'S CHRISTMAS,1,2023-11-19 18:05:00,2.55,CUST-10009,France
500344,84029E,RED WOOLLY HOTTIE WHITE HEART,1,2023-03-12 17:38:00,4.95,CUST-10528,United Kingdom
500344,84029E,RED WOOLLY HOTTIE WHITE HEART,2,2023-05-02 14:20:00,4.95,CUST-10135,United Kingdom
500344,21730,GLASS STAR FROSTED T-LIGHT HOLDER,1,2023-11-25 15:24:00,3.25,CUST-10368,United Kingdom
500345,84029G,KNITTED UNION FLAG HOT WATER BOTTLE,4,2023-09-18 11:52:00,4.95,CUST-10027,United Kingdom
500345,84029G,KNITTED UNION FLAG HOT WATER BOTTLE,6,2023-02-05 13:15:00,4.95,CUST-10396,Spain
500345,23084,RABBIT NIGHT LIGHT,2,2023-05-06 08:20:00,2.08,CUST-10496,United Kingdom
500346,23084,RABBIT NIGHT LIGHT,12,2023-10-12 12:51:00,2.08,CUST-10302,United Kingdom
500346,84879,ASSORTED COLOUR BIRD ORNAMENT,2,2023-11-29 18:40:00,1.69,CUST-10003,United Kingdom
500346,84879,ASSORTED COLOUR BIRD ORNAMENT,1,2023-02-12 12:17:00,1.69,CUST-10538,United Kingdom
500347,71053,WHITE METAL LANTERN,4,2023-05-25 14:22:00,3.75,CUST-10438,Germany
500347,22197,SMALL POPCORN HOLDER,12,2023-10-15 18:44:00,0.85,CUST-10003,United Kingdom
500347,22960,JAM MAKING SET WITH JARS,1,2023-12-25 17:22:00,4.95,CUST-10052,United Kingdom
500348,23084,RABBIT NIGHT LIGHT,1,2023-10-01 11:40:00,2.08,CUST-10056,France
500348,84879,ASSORTED COLOUR BIRD ORNAMENT,1,2023-03-28 12:00:00,1.69,CUST-10199,United Kingdom
500348,22752,SET 7 BABUSHKA NESTING BOXES,4,2023-10-18 15:18:00,8.5,CUST-10148,United Kingdom
500349,22720,SET OF 3 CAKE TINS PANTRY DESIGN,2,2023-11-24 10:18:00,12.75,CUST-10042,United Kingdom
500349,85123A,WHITE HANGING HEART T-LIGHT HOLDER,2,2023-03-14 16:56:00,2.95,CUST-10191,United Kingdom
500349,84879,ASSORTED COLOUR BIRD ORNAMENT,2,2023-09-01 10:57:00,1.69,CUST-10010,United Kingdom
500350,84406B,CREAM CUPID HEARTS COAT HANGER,2,2023-01-10 09:34:00,4.25,CUST-10533,United Kingdom
500350,71053,WHITE METAL LANTERN,6,2023-11-27 14:22:00,3.75,CUST-10088,United Kingdom
500350,84879,ASSORTED COLOUR BIRD ORNAMENT,1,2023-09-12 17:18:00,1.69,CUST-10006,Netherlands
500351,71053,WHITE METAL LANTERN,2,2023-05-23 08:53:00,3.75,CUST-10565,United Kingdom
500351,71053,WHITE METAL LANTERN,1,2023-08-28 08:11:00,3.75,CUST-10043,Spain
500351,22633,HAND WARMER UNION JACK,6,2023-10-14 08:27:00,2.1,CUST-10135,United Kingdom
500352,22197,SMALL POPCORN HOLDER,4,2023-09-09 13:29:00,0.85,CUST-10150,United Kingdom
500352,84029E,RED WOOLLY HOTTIE WHITE HEART,12,2023-04-03 19:27:00,4.95,CUST-10165,United Kingdom
500352,22633,HAND WARMER UNION JACK,4,2023-12-18 19:50:00,2.1,CUST-10239,United Kingdom
500353,21730,GLASS STAR FROSTED T-LIGHT HOLDER,2,2023-08-08 15:08:00,3.25,CUST-10009,United Kingdom
500353,84879,ASSORTED COLOUR BIRD ORNAMENT,2,2023-08-11 09:50:00,1.69,CUST-10034,United Kingdom
500353,22752,SET 7 BABUSHKA NESTING BOXES,6,2023-10-05 19:26:00,8.5,CUST-10001,United Kingdom
500354,84879,ASSORTED COLOUR BIRD ORNAMENT,1,2023-10-09 12:29:00,1.69,CUST-10106,United Kingdom
500354,23084,RABBIT NIGHT LIGHT,1,2023-09-03 16:16:00,2.08,CUST-10020,United Kingdom
500354,22633,HAND WARMER UNION JACK,1,2023-05-24 17:04:00,2.1,CUST-10442,United Kingdom
500355,22632,HAND WARMER RED RETROSPOT,1,2023-11-05 10:46:00,2.1,CUST-10052,United Kingdom
500355,84029G,KNITTED UNION FLAG HOT WATER BOTTLE,1,2023-08-05 13:57:00,4.95,,United Kingdom
500355,71053,WHITE METAL LANTERN,2,2023-07-25 19:38:00,3.75,CUST-10028,United Kingdom
500356,21730,GLASS STAR FROSTED T-LIGHT HOLDER,6,2023-09-25 14:15:00,3.25,CUST-10093,United Kingdom
500356,22086,PAPER CHAIN KIT 50'S CHRISTMAS,4,2023-08-08 10:38:00,2.55,CUST-10066,United Kingdom
500356,85123A,WHITE HANGING HEART T-LIGHT HOLDER,2,2023-08-20 13:23:00,2.95,CUST-10015,United Kingdom
500357,84029E,RED WOOLLY HOTTIE WHITE HEART,4,2023-10-10 14:12:00,4.95,CUST-10318,United Kingdom
500357,71053,WHITE METAL LANTERN,1,2023-03-26 09:35:00,3.75,CUST-10184,United Kingdom
500357,22633,HAND WARMER UNION JACK,12,2023-10-13 14:16:00,2.1,CUST-10048,United Kingdom
500358,22632,HAND WARMER RED RETROSPOT,4,2023-11-07 17:25:00,2.1,CUST-10153,Germany
500358,84406B,CREAM CUPID HEARTS COAT HANGER,4,2023-11-21 14:17:00,4.25,CUST-10027,France
500358,23084,RABBIT NIGHT LIGHT,1,2023-10-26 17:46:00,2.08,CUST-10118,France
500359,22632,HAND WARMER RED RETROSPOT,4,2023-01-16 19:57:00,2.1,CUST-10468,United Kingdom
500359,84879,ASSORTED COLOUR BIRD ORNAMENT,1,2023-10-22 15:31:00,1.69,CUST-10033,United Kingdom
500359,22086,PAPER CHAIN KIT 50'S CHRISTMAS,1,2023-10-03 16:01:00,2.55,,United Kingdom
500360,22752,SET 7 BABUSHKA NESTING BOXES,24,2023-05-16 19:40:00,8.5,CUST-10418,Germany
500360,22086,PAPER CHAIN KIT 50'S CHRISTMAS,6,2023-10-22 08:24:00,2.55,CUST-10039,United Kingdom
500360,22197,SMALL POPCORN HOLDER,2,2023-08-13 16:37:00,0.85,CUST-10036,United Kingdom
500361,71053,WHITE METAL LANTERN,1,2023-05-21 11:38:00,3.75,CUST-10529,United Kingdom
500361,84879,ASSORTED COLOUR BIRD ORNAMENT,2,2023-10-31 08:33:00,1.69,CUST-10007,France
500361,22086,PAPER CHAIN KIT 50'S CHRISTMAS,1,2023-10-13 12:30:00,2.55,CUST-10054,Germany
500362,22720,SET OF 3 CAKE TINS PANTRY DESIGN,2,2023-08-25 11:33:00,12.75,CUST-10006,United Kingdom
500362,22633,HAND WARMER UNION JACK,4,2023-11-03 17:52:00,2.1,CUST-10058,United Kingdom
500362,22960,JAM MAKING SET WITH JARS,1,2023-05-08 08:53:00,4.95,CUST-10146,United Kingdom
500363,22633,HAND WARMER UNION JACK,4,2023-12-02 18:08:00,2.1,CUST-10345,United Kingdom
500363,85123A,WHITE HANGING HEART T-LIGHT HOLDER,2,2023-12-18 09:52:00,2.95,CUST-10388,United Kingdom
500363,22086,PAPER CHAIN KIT 50'S CHRISTMAS,2,2023-06-18 08:39:00,2.55,CUST-10122,United Kingdom
500364,85123A,WHITE HANGING HEART T-LIGHT HOLDER,2,2023-09-07 08:47:00,2.95,CUST-10243,United Kingdom
500364,85123A,WHITE HANGING HEART T-LIGHT HOLDER,1,2023-02-26 10:32:00,2.95,CUST-10534,United Kingdom
500364,84406B,CREAM CUPID HEARTS COAT HANGER,1,2023-12-04 10:18:00,4.25,CUST-10022,Germany
500365,84029G,KNITTED UNION FLAG HOT WATER BOTTLE,4,2023-11-19 14:49:00,4.95,CUST-10121,United Kingdom
500365,85123A,WHITE HANGING HEART T-LIGHT HOLDER,1,2023-11-26 19:09:00,2.95,CUST-10290,United Kingdom
500365,84879,ASSORTED COLOUR BIRD ORNAMENT,12,2023-03-27 12:29:00,1.69,CUST-10113,United Kingdom
500366,71053,WHITE METAL LANTERN,12,2023-11-15 08:52:00,3.75,CUST-10013,United Kingdom
500366,22752,SET 7 BABUSHKA NESTING BOXES,1,2023-03-21 15:38:00,8.5,CUST-10581,United Kingdom
500366,21730,GLASS STAR FROSTED T-LIGHT HOLDER,4,2023-03-27 10:23:00,3.25,CUST-10546,France
500367,85123A,WHITE HANGING HEART T-LIGHT HOLDER,2,2023-10-03 09:34:00,2.95,CUST-10311,Germany
500367,84029E,RED WOOLLY HOTTIE WHITE HEART,2,2023-11-28 19:17:00,4.95,CUST-10230,Germany
500367,84029G,KNITTED UNION FLAG HOT WATER BOTTLE,4,2023-11-24 14:21:00,4.95,CUST-10058,United Kingdom
500368,22086,PAPER CHAIN KIT 50'S CHRISTMAS,6,2023-07-21 15:16:00,2.55,CUST-10015,Spain
500368,22632,HAND WARMER RED RETROSPOT,4,2023-06-21 08:26:00,2.1,CUST-10162,Germany
500368,22197,SMALL POPCORN HOLDER,4,2023-01-11 17:47:00,0.85,CUST-10502,United Kingdom
500369,84879,ASSORTED COLOUR BIRD ORNAMENT,2,2023-08-20 17:45:00,1.69,CUST-10383,United Kingdom
500369,84029E,RED WOOLLY HOTTIE WHITE HEART,1,2023-09-19 17:41:00,4.95,CUST-10119,United Kingdom
500369,85123A,WHITE HANGING HEART T-LIGHT HOLDER,1,2023-11-14 09:38:00,2.95,CUST-10184,United Kingdom
500370,85123A,WHITE HANGING HEART T-LIGHT HOLDER,1,2023-09-04 12:24:00,2.95,CUST-10041,France
500370,22197,SMALL POPCORN HOLDER,1,2023-10-26 17:16:00,0.85,CUST-10016,United Kingdom
500370,84029E,RED WOOLLY HOTTIE WHITE HEART,4,2023-03-03 18:16:00,4.95,CUST-10417,France
500371,22720,SET OF 3 CAKE TINS PANTRY DESIGN,4,2023-09-30 16:53:00,12.75,CUST-10002,United Kingdom
500371,84029G,KNITTED UNION FLAG HOT WATER BOTTLE,1,2023-07-20 16:46:00,4.95,CUST-10012,Germany
500371,84406B,CREAM CUPID HEARTS COAT HANGER,2,2023-09-19 11:47:00,4.25,CUST-10011,United Kingdom
500372,22960,JAM MAKING SET WITH JARS,2,2023-05-11 08:52:00,4.95,CUST-10595,United Kingdom
500372,22197,SMALL POPCORN HOLDER,1,2023-05-21 10:50:00,0.85,CUST-10550,Germany
500372,22086,PAPER CHAIN KIT 50'S CHRISTMAS,1,2023-10-26 11:32:00,2.55,CUST-10041,United Kingdom
500373,84406B,CREAM CUPID HEARTS COAT HANGER,1,2023-02-10 16:41:00,4.25,CUST-10529,United Kingdom
C500373,84879,ASSORTED COLOUR BIRD ORNAMENT,-1,2023-12-02 18:31:00,1.69,CUST-10193,Germany
500373,84029E,RED WOOLLY HOTTIE WHITE HEART,1,2023-07-25 19:45:00,4.95,CUST-10208,United Kingdom
500374,84029G,KNITTED UNION FLAG HOT WATER BOTTLE,2,2023-12-23 10:25:00,4.95,CUST-10059,United Kingdom
500374,85123A,WHITE HANGING HEART T-LIGHT HOLDER,1,2023-07-09 15:15:00,2.95,CUST-10212,United Kingdom
500374,23084,RABBIT NIGHT LIGHT,1,2023-09-29 12:06:00,2.08,CUST-10025,Netherlands
500375,22086,PAPER CHAIN KIT 50'S CHRISTMAS,2,2023-06-20 11:05:00,2.55,CUST-10076,France
500375,22720,SET OF 3 CAKE TINS PANTRY DESIGN,4,2023-07-03 19:55:00,12.75,CUST-10366,United Kingdom
500375,84406B,CREAM CUPID HEARTS COAT HANGER,12,2023-05-09 13:37:00,4.25,CUST-10138,United Kingdom
500376,84879,ASSORTED COLOUR BIRD ORNAMENT,6,2023-10-08 17:01:00,1.69,CUST-10281,United Kingdom
500376,22632,HAND WARMER RED RETROSPOT,1,2023-11-29 17:51:00,2.1,CUST-10210,United Kingdom
500376,71053,WHITE METAL LANTERN,24,2023-09-28 13:15:00,3.75,CUST-10355,Netherlands
500377,23084,RABBIT NIGHT LIGHT,4,2023-11-18 13:39:00,2.08,CUST-10259,United Kingdom
500377,22752,SET 7 BABUSHKA NESTING BOXES,1,2023-10-08 19:52:00,8.5,CUST-10192,United Kingdom
500377,84029G,KNITTED UNION FLAG HOT WATER BOTTLE,6,2023-12-22 18:26:00,4.95,CUST-10340,United Kingdom
500378,84879,ASSORTED COLOUR BIRD ORNAMENT,4,2023-04-25 08:25:00,1.69,CUST-10163,United Kingdom
500378,22633,HAND WARMER UNION JACK,2,2023-12-01 14:18:00,2.1,CUST-10251,United Kingdom
500378,84879,ASSORTED COLOUR BIRD ORNAMENT,4,2023-04-23 17:31:00,1.69,CUST-10201,Germany
500379,22960,JAM MAKING SET WITH JARS,12,2023-12-06 18:50:00,4.95,CUST-10025,United Kingdom
500379,21730,GLASS STAR FROSTED T-LIGHT HOLDER,6,2023-03-06 14:25:00,3.25,CUST-10556,United Kingdom
C500379,22632,HAND WARMER RED RETROSPOT,-2,2023-05-27 16:26:00,2.1,,United Kingdom
500380,23084,RABBIT NIGHT LIGHT,1,2023-05-31 10:27:00,2.08,CUST-10062,United Kingdom
500380,22752,SET 7 BABUSHKA NESTING BOXES,4,2023-10-17 19:24:00,8.5,CUST-10112,United Kingdom
500380,22086,PAPER CHAIN KIT 50'S CHRISTMAS,1,2023-07-21 13:05:00,2.55,CUST-10002,United Kingdom
500381,84879,ASSORTED COLOUR BIRD ORNAMENT,2,2023-03-01 18:20:00,1.69,CUST-10414,France
500381,84029G,KNITTED UNION FLAG HOT WATER BOTTLE,1,2023-09-26 13:36:00,4.95,,United Kingdom
500381,23084,RABBIT NIGHT LIGHT,4,2023-08-11 11:12:00,2.08,CUST-10013,United Kingdom
500382,22197,SMALL POPCORN HOLDER,2,2023-12-14 13:21:00,0.85,CUST-10217,Germany
500382,22720,SET OF 3 CAKE TINS PANTRY DESIGN,1,2023-08-19 09:41:00,12.75,CUST-10032,United Kingdom
500382,22086,PAPER CHAIN KIT 50'S CHRISTMAS,6,2023-02-14 11:04:00,2.55,CUST-10504,United Kingdom
500383,21730,GLASS STAR FROSTED T-LIGHT HOLDER,6,2023-11-03 12:15:00,3.25,CUST-10059,United Kingdom
500383,21730,GLASS STAR FROSTED T-LIGHT HOLDER,1,2023-09-30 10:53:00,3.25,,United Kingdom
500383,22752,SET 7 BABUSHKA NESTING BOXES,6,2023-10-26 12:44:00,8.5,CUST-10079,United Kingdom
500384,22197,SMALL POPCORN HOLDER,4,2023-12-15 15:36:00,0.85,CUST-10053,United Kingdom
500384,22752,SET 7 BABUSHKA NESTING BOXES,2,2023-05-18 09:00:00,8.5,CUST-10066,United Kingdom
500384,71053,WHITE METAL LANTERN,2,2023-10-11 17:28:00,3.75,CUST-10016,United Kingdom
500385,22086,PAPER CHAIN KIT 50'S CHRISTMAS,6,2023-02-22 17:27:00,2.55,CUST-10480,Spain
500385,85123A,WHITE HANGING HEART T-LIGHT HOLDER,2,2023-12-23 10:10:00,2.95,CUST-10051,United Kingdom
500385,84879,ASSORTED COLOUR BIRD ORNAMENT,1,2023-10-07 19:17:00,1.69,CUST-10178,United Kingdom
500386,71053,WHITE METAL LANTERN,1,2023-03-06 10:26:00,3.75,CUST-10436,United Kingdom
500386,22720,SET OF 3 CAKE TINS PANTRY DESIGN,6,2023-11-29 09:20:00,12.75,CUST-10041,United Kingdom
500386,23084,RABBIT NIGHT LIGHT,2,2023-08-16 08:58:00,2.08,CUST-10092,United Kingdom
500387,22720,SET OF 3 CAKE TINS PANTRY DESIGN,1,2023-07-25 08:29:00,12.75,CUST-10209,United Kingdom
500387,84879,ASSORTED COLOUR BIRD ORNAMENT,1,2023-08-06 17:53:00,1.69,CUST-10012,United Kingdom
500387,22086,PAPER CHAIN KIT 50'S CHRISTMAS,1,2023-11-30 08:37:00,2.55,CUST-10065,United Kingdom
500388,22632,HAND WARMER RED RETROSPOT,1,2023-07-28 11:38:00,2.1,CUST-10011,United Kingdom
500388,22720,SET OF 3 CAKE TINS PANTRY DESIGN,6,2023-08-20 17:38:00,12.75,CUST-10260,United Kingdom
500388,22720,SET OF 3 CAKE TINS PANTRY DESIGN,4,2023-03-22 12:37:00,12.75,CUST-10551,United Kingdom
500389,22752,SET 7 BABUSHKA NESTING BOXES,1,2023-08-11 10:13:00,8.5,CUST-10072,Germany
500389,84406B,CREAM CUPID HEARTS COAT HANGER,6,2023-09-12 14:09:00,4.25,CUST-10275,United Kingdom
500389,71053,WHITE METAL LANTERN,1,2023-07-16 15:09:00,3.75,CUST-10297,United Kingdom
500390,21730,GLASS STAR FROSTED T-LIGHT HOLDER,2,2023-10-08 12:36:00,3.25,CUST-10066,United Kingdom
500390,71053,WHITE METAL LANTERN,1,2023-02-08 17:02:00,3.75,CUST-10564,United Kingdom
500390,22086,PAPER CHAIN KIT 50'S CHRISTMAS,2,2023-05-31 08:21:00,2.55,CUST-10103,United Kingdom
500391,22197,SMALL POPCORN HOLDER,2,2023-07-09 19:29:00,0.85,CUST-10179,United Kingdom
500391,22720,SET OF 3 CAKE TINS PANTRY DESIGN,1,2023-11-20 10:25:00,12.75,CUST-10019,Germany
500391,84029E,RED WOOLLY HOTTIE WHITE HEART,1,2023-05-21 09:13:00,4.95,CUST-10403,United Kingdom
500392,22197,SMALL POPCORN HOLDER,12,2023-06-25 11:55:00,0.85,CUST-10194,Spain
500392,22633,HAND WARMER UNION JACK,4,2023-03-02 09:21:00,2.1,CUST-10541,United Kingdom
500392,22633,HAND WARMER UNION JACK,4,2023-08-24 14:35:00,2.1,CUST-10050,United Kingdom
500393,22632,HAND WARMER RED RETROSPOT,1,2023-10-29 19:23:00,2.1,CUST-10319,United Kingdom
500393,21730,GLASS STAR FROSTED T-LIGHT HOLDER,2,2023-07-18 09:15:00,3.25,CUST-10343,United Kingdom
500393,22960,JAM MAKING SET WITH JARS,1,2023-09-08 17:53:00,4.95,CUST-10139,United Kingdom
500394,84029G,KNITTED UNION FLAG HOT WATER BOTTLE,24,2023-11-18 19:02:00,4.95,CUST-10034,United Kingdom
500394,23084,RABBIT NIGHT LIGHT,6,2023-07-19 14:40:00,2.08,CUST-10118,United Kingdom
500394,22197,SMALL POPCORN HOLDER,1,2023-03-13 09:48:00,0.85,CUST-10488,United Kingdom
500395,84879,ASSORTED COLOUR BIRD ORNAMENT,4,2023-06-12 19:52:00,1.69,CUST-10201,United Kingdom
C500395,84029G,KNITTED UNION FLAG HOT WATER BOTTLE,-4,2023-02-19 11:40:00,4.95,CUST-10481,United Kingdom
500395,84029G,KNITTED UNION FLAG HOT WATER BOTTLE,2,2023-07-31 16:29:00,4.95,CUST-10275,United Kingdom
500396,22633,HAND WARMER UNION JACK,2,2023-05-12 09:13:00,2.1,CUST-10467,United Kingdom
500396,22960,JAM MAKING SET WITH JARS,1,2023-02-26 11:55:00,4.95,CUST-10432,Germany
500396,22720,SET OF 3 CAKE TINS PANTRY DESIGN,2,2023-09-04 17:03:00,12.75,CUST-10362,United Kingdom
500397,71053,WHITE METAL LANTERN,2,2023-12-23 11:50:00,3.75,CUST-10018,United Kingdom
500397,84029E,RED WOOLLY HOTTIE WHITE HEART,1,2023-07-24 17:21:00,4.95,CUST-10027,United Kingdom
500397,84029G,KNITTED UNION FLAG HOT WATER BOTTLE,6,2023-09-08 17:45:00,4.95,CUST-10015,United Kingdom
500398,22720,SET OF 3 CAKE TINS PANTRY DESIGN,1,2023-09-28 16:21:00,12.75,CUST-10054,United Kingdom
500398,84029E,RED WOOLLY HOTTIE WHITE HEART,6,2023-11-23 14:05:00,4.95,CUST-10007,United Kingdom
500398,21730,GLASS STAR FROSTED T-LIGHT HOLDER,12,2023-11-18 12:07:00,3.25,CUST-10246,United Kingdom
500399,22197,SMALL POPCORN HOLDER,4,2023-08-13 19:57:00,0.85,CUST-10031,United Kingdom
500399,22086,PAPER CHAIN KIT 50'S CHRISTMAS,6,2023-12-22 10:15:00,2.55,CUST-10128,United Kingdom
500399,84879,ASSORTED COLOUR BIRD ORNAMENT,4,2023-12-30 09:26:00,1.69,CUST-10287,United Kingdom
500400,23084,RABBIT NIGHT LIGHT,2,2023-10-04 11:08:00,2.08,CUST-10040,United Kingdom
500400,22960,JAM MAKING SET WITH JARS,1,2023-02-23 11:15:00,4.95,CUST-10446,United Kingdom
500400,84879,ASSORTED COLOUR BIRD ORNAMENT,1,2023-03-23 19:16:00,1.69,CUST-10137,Germany
500401,23084,RABBIT NIGHT LIGHT,4,2023-10-14 19:33:00,2.08,CUST-10150,United Kingdom
500401,21730,GLASS STAR FROSTED T-LIGHT HOLDER,6,2023-01-30 16:44:00,3.25,CUST-10599,United Kingdom
500401,84029G,KNITTED UNION FLAG HOT WATER BOTTLE,1,2023-11-24 15:52:00,4.95,CUST-10222,United Kingdom
500402,84879,ASSORTED COLOUR BIRD ORNAMENT,2,2023-07-25 11:41:00,1.69,CUST-10256,United Kingdom
500402,22720,SET OF 3 CAKE TINS PANTRY DESIGN,2,2023-12-23 18:05:00,12.75,CUST-10291,United Kingdom
500402,22720,SET OF 3 CAKE TINS PANTRY DESIGN,24,2023-09-26 09:10:00,12.75,CUST-10045,United Kingdom
500403,23084,RABBIT NIGHT LIGHT,4,2023-12-28 12:21:00,2.08,CUST-10034,United Kingdom
500403,84406B,CREAM CUPID HEARTS COAT HANGER,1,2023-07-26 13:47:00,4.25,CUST-10204,United Kingdom
500403,22086,PAPER CHAIN KIT 50'S CHRISTMAS,12,2023-07-24 17:46:00,2.55,CUST-10153,United Kingdom
500404,84029G,KNITTED UNION FLAG HOT WATER BOTTLE,1,2023-12-21 14:31:00,4.95,CUST-10163,France
500404,84029G,KNITTED UNION FLAG HOT WATER BOTTLE,4,2023-10-08 10:43:00,4.95,CUST-10037,France
500404,22752,SET 7 BABUSHKA NESTING BOXES,2,2023-08-19 18:55:00,8.5,CUST-10010,United Kingdom
500405,22197,SMALL POPCORN HOLDER,1,2023-09-09 14:33:00,0.85,CUST-10217,United Kingdom
500405,85123A,WHITE HANGING HEART T-LIGHT HOLDER,12,2023-09-01 09:44:00,2.95,CUST-10364,United Kingdom
500405,84406B,CREAM CUPID HEARTS COAT HANGER,1,2023-03-22 19:00:00,4.25,CUST-10427,United Kingdom
500406,22633,HAND WARMER UNION JACK,6,2023-10-07 10:03:00,2.1,CUST-10098,United Kingdom
500406,84406B,CREAM CUPID HEARTS COAT HANGER,1,2023-06-18 13:33:00,4.25,CUST-10093,United Kingdom
500406,22086,PAPER CHAIN KIT 50'S CHRISTMAS,4,2023-12-07 13:19:00,2.55,CUST-10014,Netherlands
500407,84406B,CREAM CUPID HEARTS COAT HANGER,1,2023-08-02 11:21:00,4.25,CUST-10005,United Kingdom
500407,23084,RABBIT NIGHT LIGHT,1,2023-03-01 15:14:00,2.08,CUST-10469,United Kingdom
500407,84879,ASSORTED COLOUR BIRD ORNAMENT,2,2023-08-07 11:31:00,1.69,CUST-10249,United Kingdom
500408,71053,WHITE METAL LANTERN,24,2023-09-06 11:16:00,3.75,CUST-10048,United Kingdom
500408,84406B,CREAM CUPID HEARTS COAT HANGER,1,2023-12-26 14:40:00,4.25,CUST-10295,United Kingdom
500408,85123A,WHITE HANGING HEART T-LIGHT HOLDER,1,2023-10-28 09:38:00,2.95,CUST-10332,United Kingdom
500409,22197,SMALL POPCORN HOLDER,1,2023-08-27 13:55:00,0.85,CUST-10032,Germany
500409,22633,HAND WARMER UNION JACK,2,2023-05-11 09:55:00,2.1,CUST-10087,United Kingdom
500409,22720,SET OF 3 CAKE TINS PANTRY DESIGN,1,2023-12-30 15:06:00,12.75,CUST-10255,United Kingdom
500410,84029G,KNITTED UNION FLAG HOT WATER BOTTLE,2,2023-08-15 15:24:00,4.95,CUST-10031,United Kingdom
500410,84879,ASSORTED COLOUR BIRD ORNAMENT,2,2023-08-16 12:15:00,1.69,CUST-10007,United Kingdom
500410,22632,HAND WARMER RED RETROSPOT,1,2023-09-20 13:58:00,2.1,CUST-10349,United Kingdom
500411,23084,RABBIT NIGHT LIGHT,4,2023-09-24 10:52:00,2.08,CUST-10153,United Kingdom
500411,22752,SET 7 BABUSHKA NESTING BOXES,4,2023-10-15 08:06:00,8.5,CUST-10248,Germany
500411,85123A,WHITE HANGING HEART T-LIGHT HOLDER,1,2023-08-01 09:20:00,2.95,CUST-10040,France
500412,84406B,CREAM CUPID HEARTS COAT HANGER,4,2023-12-01 10:22:00,4.25,CUST-10294,Germany
500412,22632,HAND WARMER RED RETROSPOT,2,2023-07-18 14:46:00,2.1,CUST-10131,United Kingdom
500412,22752,SET 7 BABUSHKA NESTING BOXES,2,2023-03-03 14:28:00,8.5,CUST-10466,United Kingdom
500413,22086,PAPER CHAIN KIT 50'S CHRISTMAS,2,2023-07-27 13:52:00,2.55,CUST-10036,United Kingdom
500413,22197,SMALL POPCORN HOLDER,2,2023-05-12 18:46:00,0.85,CUST-10096,United Kingdom
500413,22720,SET OF 3 CAKE TINS PANTRY DESIGN,1,2023-12-09 14:43:00,12.75,CUST-10084,United Kingdom
500414,71053,WHITE METAL LANTERN,1,2023-01-13 16:01:00,3.75,CUST-10591,France
500414,22197,SMALL POPCORN HOLDER,1,2023-12-04 13:45:00,0.85,CUST-10265,United Kingdom
500414,84879,ASSORTED COLOUR BIRD ORNAMENT,2,2023-09-07 11:34:00,1.69,CUST-10348,United Kingdom
500415,84879,ASSORTED COLOUR BIRD ORNAMENT,2,2023-07-12 16:26:00,1.69,CUST-10101,United Kingdom
500415,84029G,KNITTED UNION FLAG HOT WATER BOTTLE,4,2023-08-31 08:25:00,4.95,CUST-10117,United Kingdom
500415,23084,RABBIT NIGHT LIGHT,1,2023-02-23 14:10:00,2.08,CUST-10595,United Kingdom
500416,22752,SET 7 BABUSHKA NESTING BOXES,1,2023-05-25 19:27:00,8.5,CUST-10425,United Kingdom
500416,84406B,CREAM CUPID HEARTS COAT HANGER,1,2023-05-18 16:17:00,4.25,CUST-10125,Netherlands
500416,22632,HAND WARMER RED RETROSPOT,12,2023-09-05 08:52:00,2.1,CUST-10020,United Kingdom
500417,22960,JAM MAKING SET WITH JARS,12,2023-08-22 12:48:00,4.95,CUST-10286,United Kingdom
500417,22960,JAM MAKING SET WITH JARS,4,2023-10-31 12:17:00,4.95,CUST-10180,United Kingdom
500417,84029G,KNITTED UNION FLAG HOT WATER BOTTLE,1,2023-09-07 13:11:00,4.95,CUST-10024,Spain
500418,22720,SET OF 3 CAKE TINS PANTRY DESIGN,1,2023-06-07 15:13:00,12.75,CUST-10123,United Kingdom
500418,84406B,CREAM CUPID HEARTS COAT HANGER,4,2023-12-19 19:24:00,4.25,CUST-10013,United Kingdom
500418,84406B,CREAM CUPID HEARTS COAT HANGER,6,2023-10-27 10:38:00,4.25,,United Kingdom
500419,23084,RABBIT NIGHT LIGHT,12,2023-07-03 12:27:00,2.08,CUST-10097,Netherlands
500419,84406B,CREAM CUPID HEARTS COAT HANGER,4,2023-09-11 11:25:00,4.25,CUST-10073,United Kingdom
500419,22960,JAM MAKING SET WITH JARS,1,2023-01-15 10:47:00,4.95,CUST-10410,United Kingdom
500420,84029G,KNITTED UNION FLAG HOT WATER BOTTLE,6,2023-07-28 15:43:00,4.95,CUST-10176,United Kingdom
500420,84406B,CREAM CUPID HEARTS COAT HANGER,1,2023-04-14 16:55:00,4.25,CUST-10097,United Kingdom
500420,21730,GLASS STAR FROSTED T-LIGHT HOLDER,4,2023-12-29 16:46:00,3.25,CUST-10099,France
500421,23084,RABBIT NIGHT LIGHT,4,2023-07-27 17:22:00,2.08,CUST-10339,United Kingdom
500421,22197,SMALL POPCORN HOLDER,6,2023-08-06 11:58:00,0.85,CUST-10262,Germany
500421,22960,JAM MAKING SET WITH JARS,4,2023-01-11 09:21:00,4.95,CUST-10595,United Kingdom
500422,22632,HAND WARMER RED RETROSPOT,1,2023-08-27 13:33:00,2.1,CUST-10331,United Kingdom
500422,84406B,CREAM CUPID HEARTS COAT HANGER,6,2023-07-25 19:22:00,4.25,CUST-10084,United Kingdom
500422,22633,HAND WARMER UNION JACK,2,2023-10-29 16:44:00,2.1,CUST-10028,United Kingdom
500423,21730,GLASS STAR FROSTED T-LIGHT HOLDER,1,2023-06-20 15:32:00,3.25,CUST-10062,Germany
500423,85123A,WHITE HANGING HEART T-LIGHT HOLDER,1,2023-08-22 18:25:00,2.95,CUST-10260,United Kingdom
C500423,84029E,RED WOOLLY HOTTIE WHITE HEART,-1,2023-12-03 14:42:00,4.95,CUST-10216,France
500424,85123A,WHITE HANGING HEART T-LIGHT HOLDER,1,2023-12-24 10:51:00,2.95,CUST-10077,United Kingdom
500424,84029G,KNITTED UNION FLAG HOT WATER BOTTLE,1,2023-12-05 18:48:00,4.95,CUST-10209,United Kingdom
500424,22633,HAND WARMER UNION JACK,2,2023-09-25 15:54:00,2.1,CUST-10114,United Kingdom
500425,22086,PAPER CHAIN KIT 50'S CHRISTMAS,4,2023-10-23 13:27:00,2.55,CUST-10068,Germany
500425,84406B,CREAM CUPID HEARTS COAT HANGER,2,2023-03-31 09:34:00,4.25,CUST-10123,United Kingdom
500425,22086,PAPER CHAIN KIT 50'S CHRISTMAS,2,2023-07-22 09:51:00,2.55,CUST-10163,United Kingdom
500426,84029G,KNITTED UNION FLAG HOT WATER BOTTLE,1,2023-08-14 19:10:00,4.95,CUST-10119,United Kingdom
500426,21730,GLASS STAR FROSTED T-LIGHT HOLDER,2,2023-11-02 10:44:00,3.25,CUST-10196,United Kingdom
C500426,84879,ASSORTED COLOUR BIRD ORNAMENT,-2,2023-12-20 09:32:00,1.69,CUST-10236,United Kingdom
500427,22633,HAND WARMER UNION JACK,2,2023-02-10 16:51:00,2.1,CUST-10562,United Kingdom
500427,84029G,KNITTED UNION FLAG HOT WATER BOTTLE,12,2023-08-26 09:07:00,4.95,CUST-10058,France
500427,21730,GLASS STAR FROSTED T-LIGHT HOLDER,6,2023-08-19 08:43:00,3.25,,United Kingdom
500428,21730,GLASS STAR FROSTED T-LIGHT HOLDER,2,2023-08-26 10:46:00,3.25,CUST-10052,United Kingdom
500428,84029G,KNITTED UNION FLAG HOT WATER BOTTLE,4,2023-10-01 19:29:00,4.95,CUST-10072,United Kingdom
500428,71053,WHITE METAL LANTERN,2,2023-03-18 09:14:00,3.75,CUST-10582,United Kingdom
500429,22633,HAND WARMER UNION JACK,1,2023-08-31 10:26:00,2.1,CUST-10384,France
500429,84029G,KNITTED UNION FLAG HOT WATER BOTTLE,1,2023-01-18 16:34:00,4.95,CUST-10453,United Kingdom
500429,71053,WHITE METAL LANTERN,2,2023-10-01 13:11:00,3.75,CUST-10076,United Kingdom
500430,23084,RABBIT NIGHT LIGHT,4,2023-10-12 13:26:00,2.08,CUST-10301,France
500430,22752,SET 7 BABUSHKA NESTING BOXES,6,2023-03-29 13:17:00,8.5,CUST-10203,United Kingdom
500430,84879,ASSORTED COLOUR BIRD ORNAMENT,2,2023-03-15 16:06:00,1.69,CUST-10512,United Kingdom
500431,22960,JAM MAKING SET WITH JARS,2,2023-03-11 08:52:00,4.95,CUST-10149,United Kingdom
500431,22633,HAND WARMER UNION JACK,1,2023-10-13 14:06:00,2.1,CUST-10008,United Kingdom
500431,22632,HAND WARMER RED RETROSPOT,1,2023-09-21 19:38:00,2.1,CUST-10292,United Kingdom
500432,85123A,WHITE HANGING HEART T-LIGHT HOLDER,6,2023-09-23 09:07:00,2.95,CUST-10321,United Kingdom
500432,84029E,RED WOOLLY HOTTIE WHITE HEART,1,2023-08-02 14:52:00,4.95,CUST-10026,United Kingdom
500432,21730,GLASS STAR FROSTED T-LIGHT HOLDER,1,2023-11-27 08:16:00,3.25,CUST-10035,United Kingdom
500433,71053,WHITE METAL LANTERN,4,2023-09-28 16:37:00,3.75,CUST-10384,United Kingdom
500433,22720,SET OF 3 CAKE TINS PANTRY DESIGN,1,2023-08-20 09:13:00,12.75,CUST-10046,United Kingdom
500433,21730,GLASS STAR FROSTED T-LIGHT HOLDER,2,2023-09-10 08:03:00,3.25,CUST-10099,United Kingdom
500434,85123A,WHITE HANGING HEART T-LIGHT HOLDER,1,2023-07-18 11:50:00,2.95,CUST-10072,United Kingdom
500434,22633,HAND WARMER UNION JACK,2,2023-09-15 19:38:00,2.1,CUST-10163,United Kingdom
500434,22086,PAPER CHAIN KIT 50'S CHRISTMAS,4,2023-07-29 17:52:00,2.55,CUST-10354,United Kingdom
500435,84879,ASSORTED COLOUR BIRD ORNAMENT,4,2023-09-09 08:18:00,1.69,CUST-10163,United Kingdom
500435,22960,JAM MAKING SET WITH JARS,1,2023-12-19 19:34:00,4.95,CUST-10177,United Kingdom
500435,84406B,CREAM CUPID HEARTS COAT HANGER,1,2023-06-04 09:28:00,4.25,CUST-10105,United Kingdom
500436,22086,PAPER CHAIN KIT 50'S CHRISTMAS,4,2023-08-09 17:21:00,2.55,CUST-10058,United Kingdom
500436,84879,ASSORTED COLOUR BIRD ORNAMENT,4,2023-11-18 13:38:00,1.69,CUST-10000,Germany
500436,84879,ASSORTED COLOUR BIRD ORNAMENT,1,2023-10-25 19:50:00,1.69,CUST-10009,United Kingdom
500437,22086,PAPER CHAIN KIT 50'S CHRISTMAS,4,2023-09-20 10:30:00,2.55,CUST-10081,United Kingdom
500437,22720,SET OF 3 CAKE TINS PANTRY DESIGN,2,2023-07-01 16:15:00,12.75,CUST-10079,Germany
500437,84406B,CREAM CUPID HEARTS COAT HANGER,12,2023-07-06 12:14:00,4.25,CUST-10073,United Kingdom
500438,71053,WHITE METAL LANTERN,2,2023-09-30 11:07:00,3.75,CUST-10193,United Kingdom
500438,71053,WHITE METAL LANTERN,12,2023-07-26 14:49:00,3.75,CUST-10015,United Kingdom
500438,85123A,WHITE HANGING HEART T-LIGHT HOLDER,4,2023-09-09 18:04:00,2.95,CUST-10064,United Kingdom
500439,71053,WHITE METAL LANTERN,1,2023-09-19 19:56:00,3.75,CUST-10076,United Kingdom
500439,22720,SET OF 3 CAKE TINS PANTRY DESIGN,4,2023-12-01 19:33:00,12.75,CUST-10015,United Kingdom
500439,22752,SET 7 BABUSHKA NESTING BOXES,4,2023-04-03 10:51:00,8.5,CUST-10407,United Kingdom
500440,22960,JAM MAKING SET WITH JARS,4,2023-12-07 17:44:00,4.95,CUST-10001,United Kingdom
500440,22633,HAND WARMER UNION JACK,6,2023-10-09 10:06:00,2.1,CUST-10009,United Kingdom
500440,21730,GLASS STAR FROSTED T-LIGHT HOLDER,2,2023-03-06 16:43:00,3.25,CUST-10063,United Kingdom
500441,71053,WHITE METAL LANTERN,1,2023-10-22 19:43:00,3.75,CUST-10234,United Kingdom
500441,22086,PAPER CHAIN KIT 50'S CHRISTMAS,2,2023-03-23 19:47:00,2.55,CUST-10419,United Kingdom
500441,22632,HAND WARMER RED RETROSPOT,4,2023-09-12 10:07:00,2.1,CUST-10035,France
500442,22960,JAM MAKING SET WITH JARS,1,2023-08-24 17:52:00,4.95,CUST-10041,Spain
500442,23084,RABBIT NIGHT LIGHT,1,2023-10-29 18:10:00,2.08,CUST-10372,United Kingdom
500442,22720,SET OF 3 CAKE TINS PANTRY DESIGN,2,2023-05-09 18:04:00,12.75,CUST-10481,United Kingdom
500443,22960,JAM MAKING SET WITH JARS,1,2023-09-12 17:49:00,4.95,CUST-10336,United Kingdom
500443,22960,JAM MAKING SET WITH JARS,6,2023-07-01 15:57:00,4.95,CUST-10155,United Kingdom
500443,22960,JAM MAKING SET WITH JARS,4,2023-09-01 19:57:00,4.95,CUST-10230,United Kingdom
500444,22632,HAND WARMER RED RETROSPOT,6,2023-07-24 10:26:00,2.1,CUST-10005,United Kingdom
500444,22197,SMALL POPCORN HOLDER,2,2023-03-24 14:05:00,0.85,CUST-10404,United Kingdom
500444,84406B,CREAM CUPID HEARTS COAT HANGER,4,2023-07-29 18:22:00,4.25,CUST-10014,United Kingdom
500445,84029E,RED WOOLLY HOTTIE WHITE HEART,12,2023-03-20 14:09:00,4.95,CUST-10510,United Kingdom
500445,84879,ASSORTED COLOUR BIRD ORNAMENT,4,2023-05-12 11:48:00,1.69,CUST-10439,United Kingdom
500445,21730,GLASS STAR FROSTED T-LIGHT HOLDER,1,2023-12-13 19:00:00,3.25,CUST-10006,United Kingdom
500446,71053,WHITE METAL LANTERN,2,2023-09-09 15:40:00,3.75,CUST-10029,United Kingdom
500446,71053,WHITE METAL LANTERN,1,2023-08-06 08:04:00,3.75,CUST-10032,United Kingdom
500446,21730,GLASS STAR FROSTED T-LIGHT HOLDER,1,2023-08-12 08:30:00,3.25,CUST-10033,United Kingdom
500447,22752,SET 7 BABUSHKA NESTING BOXES,1,2023-09-10 12:54:00,8.5,CUST-10024,Spain
500447,84029G,KNITTED UNION FLAG HOT WATER BOTTLE,2,2023-01-15 11:33:00,4.95,CUST-10403,United Kingdom
500447,84029G,KNITTED UNION FLAG HOT WATER BOTTLE,2,2023-07-28 14:53:00,4.95,CUST-10014,United Kingdom
500448,22960,JAM MAKING SET WITH JARS,1,2023-10-12 19:13:00,4.95,CUST-10344,United Kingdom
500448,84029G,KNITTED UNION FLAG HOT WATER BOTTLE,1,2023-09-20 11:13:00,4.95,CUST-10050,United Kingdom
500448,84029E,RED WOOLLY HOTTIE WHITE HEART,2,2023-12-15 11:02:00,4.95,CUST-10190,United Kingdom
500449,23084,RABBIT NIGHT LIGHT,2,2023-04-30 11:20:00,2.08,CUST-10498,Germany
500449,22752,SET 7 BABUSHKA NESTING BOXES,2,2023-05-16 17:13:00,8.5,CUST-10132,Spain
500449,22720,SET OF 3 CAKE TINS PANTRY DESIGN,6,2023-05-28 12:01:00,12.75,CUST-10580,United Kingdom
500450,85123A,WHITE HANGING HEART T-LIGHT HOLDER,2,2023-01-30 12:54:00,2.95,CUST-10502,Germany
500450,71053,WHITE METAL LANTERN,1,2023-08-31 19:46:00,3.75,CUST-10019,United Kingdom
500450,22960,JAM MAKING SET WITH JARS,6,2023-12-30 14:14:00,4.95,CUST-10003,United Kingdom
500451,85123A,WHITE HANGING HEART T-LIGHT HOLDER,4,2023-09-08 17:14:00,2.95,CUST-10020,Spain
500451,22086,PAPER CHAIN KIT 50'S CHRISTMAS,1,2023-11-23 13:15:00,2.55,CUST-10154,United Kingdom
500451,84406B,CREAM CUPID HEARTS COAT HANGER,1,2023-03-09 15:07:00,4.25,CUST-10149,United Kingdom
500452,22632,HAND WARMER RED RETROSPOT,1,2023-12-30 11:36:00,2.1,CUST-10167,United Kingdom
500452,71053,WHITE METAL LANTERN,12,2023-11-17 08:21:00,3.75,CUST-10077,United Kingdom
500452,84029G,KNITTED UNION FLAG HOT WATER BOTTLE,1,2023-09-11 12:11:00,4.95,CUST-10015,United Kingdom
500453,22960,JAM MAKING SET WITH JARS,2,2023-12-15 09:39:00,4.95,CUST-10047,United Kingdom
500453,22632,HAND WARMER RED RETROSPOT,12,2023-02-24 17:44:00,2.1,CUST-10589,United Kingdom
500453,23084,RABBIT NIGHT LIGHT,2,2023-12-27 10:50:00,2.08,CUST-10088,United Kingdom
500454,84879,ASSORTED COLOUR BIRD ORNAMENT,1,2023-12-03 19:18:00,1.69,CUST-10004,United Kingdom
500454,85123A,WHITE HANGING HEART T-LIGHT HOLDER,12,2023-09-20 16:52:00,2.95,CUST-10108,United Kingdom
500454,85123A,WHITE HANGING HEART T-LIGHT HOLDER,2,2023-05-09 10:07:00,2.95,CUST-10195,United Kingdom
500455,22960,JAM MAKING SET WITH JARS,2,2023-10-05 12:53:00,4.95,CUST-10012,United Kingdom
500455,23084,RABBIT NIGHT LIGHT,1,2023-09-02 14:34:00,2.08,CUST-10026,United Kingdom
500455,22720,SET OF 3 CAKE TINS PANTRY DESIGN,1,2023-08-06 15:31:00,12.75,CUST-10305,United Kingdom
500456,22197,SMALL POPCORN HOLDER,6,2023-09-23 15:52:00,0.85,CUST-10052,Germany
500456,22960,JAM MAKING SET WITH JARS,1,2023-09-22 09:03:00,4.95,CUST-10053,United Kingdom
500456,23084,RABBIT NIGHT LIGHT,2,2023-09-06 15:27:00,2.08,CUST-10041,United Kingdom
500457,84406B,CREAM CUPID HEARTS COAT HANGER,4,2023-10-31 16:17:00,4.25,CUST-10026,Spain
500457,22633,HAND WARMER UNION JACK,4,2023-09-09 12:40:00,2.1,CUST-10090,United Kingdom
500457,22086,PAPER CHAIN KIT 50'S CHRISTMAS,12,2023-08-23 08:47:00,2.55,CUST-10037,United Kingdom
500458,22720,SET OF 3 CAKE TINS PANTRY DESIGN,6,2023-10-22 18:26:00,12.75,CUST-10017,United Kingdom
500458,22633,HAND WARMER UNION JACK,1,2023-09-12 19:29:00,2.1,CUST-10086,United Kingdom
500458,23084,RABBIT NIGHT LIGHT,4,2023-10-18 15:22:00,2.08,CUST-10050,United Kingdom
500459,23084,RABBIT NIGHT LIGHT,12,2023-10-22 13:02:00,2.08,CUST-10191,United Kingdom
500459,22720,SET OF 3 CAKE TINS PANTRY DESIGN,2,2023-09-07 13:09:00,12.75,CUST-10007,United Kingdom
500459,71053,WHITE METAL LANTERN,2,2023-04-26 09:43:00,3.75,CUST-10401,United Kingdom
500460,84029G,KNITTED UNION FLAG HOT WATER BOTTLE,2,2023-09-18 11:24:00,4.95,CUST-10023,United Kingdom
500460,21730,GLASS STAR FROSTED T-LIGHT HOLDER,4,2023-12-16 14:51:00,3.25,CUST-10044,United Kingdom
500460,22197,SMALL POPCORN HOLDER,6,2023-08-06 16:05:00,0.85,CUST-10055,United Kingdom
500461,22633,HAND WARMER UNION JACK,4,2023-10-17 15:13:00,2.1,CUST-10069,United Kingdom
500461,85123A,WHITE HANGING HEART T-LIGHT HOLDER,12,2023-11-15 12:09:00,2.95,CUST-10071,United Kingdom
500461,22633,HAND WARMER UNION JACK,24,2023-09-25 12:19:00,2.1,CUST-10003,United Kingdom
500462,84406B,CREAM CUPID HEARTS COAT HANGER,1,2023-04-07 18:21:00,4.25,CUST-10207,United Kingdom
500462,22720,SET OF 3 CAKE TINS PANTRY DESIGN,4,2023-09-04 09:28:00,12.75,,Netherlands
500462,22086,PAPER CHAIN KIT 50'S CHRISTMAS,6,2023-08-16 19:33:00,2.55,CUST-10019,United Kingdom
500463,21730,GLASS STAR FROSTED T-LIGHT HOLDER,1,2023-10-22 08:52:00,3.25,CUST-10057,United Kingdom
500463,22720,SET OF 3 CAKE TINS PANTRY DESIGN,1,2023-09-16 19:12:00,12.75,CUST-10378,United Kingdom
500463,22960,JAM MAKING SET WITH JARS,1,2023-08-04 19:14:00,4.95,CUST-10224,United Kingdom
500464,22086,PAPER CHAIN KIT 50'S CHRISTMAS,1,2023-10-11 17:52:00,2.55,CUST-10029,United Kingdom
500464,22752,SET 7 BABUSHKA NESTING BOXES,24,2023-08-09 09:13:00,8.5,CUST-10184,United Kingdom
500464,22752,SET 7 BABUSHKA NESTING BOXES,1,2023-08-20 17:45:00,8.5,CUST-10053,United Kingdom
500465,21730,GLASS STAR FROSTED T-LIGHT HOLDER,12,2023-05-11 11:28:00,3.25,CUST-10169,United Kingdom
500465,22632,HAND WARMER RED RETROSPOT,2,2023-10-29 15:42:00,2.1,CUST-10259,United Kingdom
500465,22720,SET OF 3 CAKE TINS PANTRY DESIGN,12,2023-08-22 10:53:00,12.75,CUST-10044,United Kingdom
500466,23084,RABBIT NIGHT LIGHT,2,2023-09-08 17:57:00,2.08,CUST-10245,United Kingdom
500466,21730,GLASS STAR FROSTED T-LIGHT HOLDER,4,2023-11-09 14:55:00,3.25,CUST-10025,United Kingdom
500466,23084,RABBIT NIGHT LIGHT,1,2023-06-26 11:07:00,2.08,CUST-10186,United Kingdom
500467,85123A,WHITE HANGING HEART T-LIGHT HOLDER,2,2023-10-20 17:02:00,2.95,CUST-10042,United Kingdom
500467,84406B,CREAM CUPID HEARTS COAT HANGER,1,2023-11-08 10:29:00,4.25,CUST-10098,United Kingdom
500467,23084,RABBIT NIGHT LIGHT,4,2023-05-30 14:38:00,2.08,CUST-10089,United Kingdom
500468,23084,RABBIT NIGHT LIGHT,1,2023-02-22 13:07:00,2.08,CUST-10480,United Kingdom
500468,23084,RABBIT NIGHT LIGHT,6,2023-09-27 14:52:00,2.08,CUST-10014,United Kingdom
500468,84029E,RED WOOLLY HOTTIE WHITE HEART,6,2023-07-30 10:29:00,4.95,CUST-10295,United Kingdom
500469,22960,JAM MAKING SET WITH JARS,2,2023-10-03 14:53:00,4.95,CUST-10145,United Kingdom
500469,22960,JAM MAKING SET WITH JARS,1,2023-10-22 17:38:00,4.95,CUST-10023,United Kingdom
500469,21730,GLASS STAR FROSTED T-LIGHT HOLDER,1,2023-07-15 17:15:00,3.25,CUST-10077,Germany
500470,22632,HAND WARMER RED RETROSPOT,6,2023-09-18 08:31:00,2.1,CUST-10254,United Kingdom
500470,84879,ASSORTED COLOUR BIRD ORNAMENT,1,2023-10-01 11:24:00,1.69,CUST-10038,United Kingdom
500470,22197,SMALL POPCORN HOLDER,2,2023-02-19 08:09:00,0.85,CUST-10482,Netherlands
500471,84029G,KNITTED UNION FLAG HOT WATER BOTTLE,6,2023-12-08 13:50:00,4.95,CUST-10104,United Kingdom
500471,22960,JAM MAKING SET WITH JARS,1,2023-12-11 09:33:00,4.95,CUST-10000,United Kingdom
500471,84029G,KNITTED UNION FLAG HOT WATER BOTTLE,1,2023-10-22 16:29:00,4.95,CUST-10033,United Kingdom
500472,84029E,RED WOOLLY HOTTIE WHITE HEART,4,2023-12-20 16:36:00,4.95,CUST-10043,United Kingdom
500472,84406B,CREAM CUPID HEARTS COAT HANGER,2,2023-12-09 12:43:00,4.25,CUST-10207,United Kingdom
500472,84029G,KNITTED UNION FLAG HOT WATER BOTTLE,1,2023-06-06 09:33:00,4.95,CUST-10191,United Kingdom
500473,84029E,RED WOOLLY HOTTIE WHITE HEART,1,2023-09-12 09:33:00,4.95,CUST-10056,Germany
500473,22197,SMALL POPCORN HOLDER,4,2023-08-29 12:52:00,0.85,CUST-10077,United Kingdom
500473,84029G,KNITTED UNION FLAG HOT WATER BOTTLE,1,2023-08-06 12:18:00,4.95,CUST-10052,France
500474,84029E,RED WOOLLY HOTTIE WHITE HEART,1,2023-11-13 15:16:00,4.95,CUST-10108,United Kingdom
500474,85123A,WHITE HANGING HEART T-LIGHT HOLDER,2,2023-12-14 11:52:00,2.95,CUST-10104,United Kingdom
500474,21730,GLASS STAR FROSTED T-LIGHT HOLDER,1,2023-12-03 11:44:00,3.25,CUST-10001,United Kingdom
500475,23084,RABBIT NIGHT LIGHT,12,2023-11-30 19:26:00,2.08,CUST-10204,Spain
500475,84029G,KNITTED UNION FLAG HOT WATER BOTTLE,2,2023-12-02 17:04:00,4.95,CUST-10018,United Kingdom
500475,84029E,RED WOOLLY HOTTIE WHITE HEART,6,2023-06-01 19:56:00,4.95,CUST-10079,United Kingdom
500476,22960,JAM MAKING SET WITH JARS,4,2023-10-28 08:35:00,4.95,CUST-10168,United Kingdom
500476,85123A,WHITE HANGING HEART T-LIGHT HOLDER,1,2023-11-21 11:16:00,2.95,CUST-10001,France
500476,22632,HAND WARMER RED RETROSPOT,1,2023-12-01 18:28:00,2.1,CUST-10088,Spain
500477,22086,PAPER CHAIN KIT 50'S CHRISTMAS,2,2023-07-27 14:01:00,2.55,CUST-10047,United Kingdom
500477,84029E,RED WOOLLY HOTTIE WHITE HEART,6,2023-02-05 14:54:00,4.95,CUST-10555,United Kingdom
500477,71053,WHITE METAL LANTERN,12,2023-01-30 09:41:00,3.75,CUST-10447,United Kingdom
500478,22632,HAND WARMER RED RETROSPOT,4,2023-11-17 16:39:00,2.1,CUST-10227,United Kingdom
500478,22960,JAM MAKING SET WITH JARS,12,2023-03-16 10:05:00,4.95,CUST-10143,United Kingdom
500478,22960,JAM MAKING SET WITH JARS,2,2023-03-23 15:39:00,4.95,CUST-10569,France
500479,22632,HAND WARMER RED RETROSPOT,1,2023-12-07 08:31:00,2.1,CUST-10031,United Kingdom
500479,84029E,RED WOOLLY HOTTIE WHITE HEART,2,2023-07-23 10:48:00,4.95,CUST-10207,United Kingdom
500479,84029G,KNITTED UNION FLAG HOT WATER BOTTLE,2,2023-03-22 09:16:00,4.95,CUST-10517,United Kingdom
500480,85123A,WHITE HANGING HEART T-LIGHT HOLDER,2,2023-08-01 11:03:00,2.95,CUST-10370,United Kingdom
500480,84879,ASSORTED COLOUR BIRD ORNAMENT,2,2023-12-03 08:20:00,1.69,CUST-10054,United Kingdom
500480,21730,GLASS STAR FROSTED T-LIGHT HOLDER,12,2023-07-12 19:41:00,3.25,CUST-10219,United Kingdom
500481,22960,JAM MAKING SET WITH JARS,12,2023-12-15 18:36:00,4.95,CUST-10045,Netherlands
500481,22633,HAND WARMER UNION JACK,1,2023-10-29 14:52:00,2.1,CUST-10033,United Kingdom
500481,71053,WHITE METAL LANTERN,4,2023-12-02 14:23:00,3.75,CUST-10046,United Kingdom
500482,23084,RABBIT NIGHT LIGHT,6,2023-05-30 17:44:00,2.08,CUST-10171,United Kingdom
500482,22632,HAND WARMER RED RETROSPOT,1,2023-12-14 14:40:00,2.1,CUST-10051,United Kingdom
500482,71053,WHITE METAL LANTERN,6,2023-11-20 10:52:00,3.75,CUST-10380,United Kingdom
500483,84029G,KNITTED UNION FLAG HOT WATER BOTTLE,6,2023-08-03 14:32:00,4.95,CUST-10150,United Kingdom
500483,71053,WHITE METAL LANTERN,6,2023-04-19 08:49:00,3.75,CUST-10112,United Kingdom
500483,84879,ASSORTED COLOUR BIRD ORNAMENT,1,2023-05-24 12:08:00,1.69,,United Kingdom
500484,21730,GLASS STAR FROSTED T-LIGHT HOLDER,1,2023-03-08 19:03:00,3.25,CUST-10062,United Kingdom
500484,71053,WHITE METAL LANTERN,12,2023-01-06 15:38:00,3.75,CUST-10493,United Kingdom
500484,22633,HAND WARMER UNION JACK,1,2023-10-17 10:39:00,2.1,CUST-10014,United Kingdom
500485,22633,HAND WARMER UNION JACK,1,2023-12-16 17:17:00,2.1,CUST-10000,France
500485,23084,RABBIT NIGHT LIGHT,6,2023-02-09 09:15:00,2.08,CUST-10427,United Kingdom
500485,23084,RABBIT NIGHT LIGHT,12,2023-10-13 10:49:00,2.08,CUST-10030,United Kingdom
500486,21730,GLASS STAR FROSTED T-LIGHT HOLDER,1,2023-07-31 10:29:00,3.25,CUST-10026,Germany
500486,84406B,CREAM CUPID HEARTS COAT HANGER,6,2023-04-13 11:16:00,4.25,CUST-10190,United Kingdom
500486,21730,GLASS STAR FROSTED T-LIGHT HOLDER,2,2023-12-26 16:45:00,3.25,CUST-10347,United Kingdom
500487,71053,WHITE METAL LANTERN,4,2023-06-24 10:48:00,3.75,CUST-10132,United Kingdom
500487,21730,GLASS STAR FROSTED T-LIGHT HOLDER,12,2023-05-07 13:50:00,3.25,CUST-10434,United Kingdom
500487,85123A,WHITE HANGING HEART T-LIGHT HOLDER,4,2023-04-10 13:41:00,2.95,CUST-10132,United Kingdom
500488,22720,SET OF 3 CAKE TINS PANTRY DESIGN,1,2023-12-27 12:52:00,12.75,CUST-10018,United Kingdom
500488,84029E,RED WOOLLY HOTTIE WHITE HEART,1,2023-10-09 12:18:00,4.95,CUST-10034,United Kingdom
500488,84406B,CREAM CUPID HEARTS COAT HANGER,4,2023-11-13 15:01:00,4.25,CUST-10205,United Kingdom
500489,21730,GLASS STAR FROSTED T-LIGHT HOLDER,6,2023-04-10 14:29:00,3.25,CUST-10443,United Kingdom
500489,22197,SMALL POPCORN HOLDER,2,2023-07-02 11:53:00,0.85,CUST-10105,United Kingdom
500489,84029E,RED WOOLLY HOTTIE WHITE HEART,1,2023-04-17 12:18:00,4.95,CUST-10451,United Kingdom
500490,22197,SMALL POPCORN HOLDER,4,2023-11-19 13:42:00,0.85,CUST-10032,Germany
500490,84029E,RED WOOLLY HOTTIE WHITE HEART,1,2023-07-19 09:57:00,4.95,CUST-10197,Spain
500490,22632,HAND WARMER RED RETROSPOT,2,2023-12-06 13:48:00,2.1,CUST-10282,United Kingdom
500491,71053,WHITE METAL LANTERN,2,2023-09-04 09:21:00,3.75,CUST-10014,United Kingdom
500491,84029G,KNITTED UNION FLAG HOT WATER BOTTLE,2,2023-07-12 13:04:00,4.95,CUST-10373,Germany
500491,22086,PAPER CHAIN KIT 50'S CHRISTMAS,2,2023-11-01 17:58:00,2.55,CUST-10047,United Kingdom
500492,22720,SET OF 3 CAKE TINS PANTRY DESIGN,2,2023-10-01 10:52:00,12.75,CUST-10144,United Kingdom
500492,22633,HAND WARMER UNION JACK,1,2023-11-27 12:06:00,2.1,CUST-10378,United Kingdom
500492,22632,HAND WARMER RED RETROSPOT,2,2023-04-15 17:42:00,2.1,CUST-10187,Netherlands
500493,84406B,CREAM CUPID HEARTS COAT HANGER,1,2023-05-17 09:31:00,4.25,CUST-10476,Netherlands
500493,23084,RABBIT NIGHT LIGHT,4,2023-01-10 09:57:00,2.08,CUST-10462,United Kingdom
500493,22632,HAND WARMER RED RETROSPOT,2,2023-03-18 15:48:00,2.1,CUST-10126,Netherlands
500494,22960,JAM MAKING SET WITH JARS,4,2023-10-16 18:03:00,4.95,CUST-10053,United Kingdom
500494,84029G,KNITTED UNION FLAG HOT WATER BOTTLE,6,2023-01-14 16:40:00,4.95,CUST-10405,United Kingdom
500494,84029E,RED WOOLLY HOTTIE WHITE HEART,2,2023-09-22 08:38:00,4.95,CUST-10056,United Kingdom
500495,22720,SET OF 3 CAKE TINS PANTRY DESIGN,2,2023-09-26 12:14:00,12.75,CUST-10199,United Kingdom
500495,22752,SET 7 BABUSHKA NESTING BOXES,12,2023-09-23 08:07:00,8.5,CUST-10046,United Kingdom
500495,22632,HAND WARMER RED RETROSPOT,4,2023-08-02 08:06:00,2.1,CUST-10055,United Kingdom
500496,22720,SET OF 3 CAKE TINS PANTRY DESIGN,4,2023-12-13 19:03:00,12.75,CUST-10327,Germany
500496,84406B,CREAM CUPID HEARTS COAT HANGER,24,2023-06-05 17:41:00,4.25,CUST-10176,United Kingdom
500496,23084,RABBIT NIGHT LIGHT,24,2023-04-01 18:37:00,2.08,CUST-10586,United Kingdom
500497,21730,GLASS STAR FROSTED T-LIGHT HOLDER,2,2023-11-12 13:41:00,3.25,CUST-10331,United Kingdom
500497,71053,WHITE METAL LANTERN,2,2023-03-06 14:14:00,3.75,CUST-10133,United Kingdom
500497,71053,WHITE METAL LANTERN,4,2023-09-21 10:22:00,3.75,CUST-10003,United Kingdom
500498,85123A,WHITE HANGING HEART T-LIGHT HOLDER,1,2023-12-01 10:27:00,2.95,CUST-10032,United Kingdom
C500498,22632,HAND WARMER RED RETROSPOT,-4,2023-12-07 18:49:00,2.1,CUST-10278,United Kingdom
500498,22633,HAND WARMER UNION JACK,1,2023-04-07 10:53:00,2.1,CUST-10528,United Kingdom
500499,22197,SMALL POPCORN HOLDER,1,2023-11-12 17:29:00,0.85,CUST-10314,United Kingdom
500499,22086,PAPER CHAIN KIT 50'S CHRISTMAS,4,2023-10-24 16:40:00,2.55,CUST-10023,Spain
500499,22752,SET 7 BABUSHKA NESTING BOXES,2,2023-09-07 11:34:00,8.5,CUST-10139,United Kingdom
500500,84879,ASSORTED COLOUR BIRD ORNAMENT,4,2023-10-03 15:48:00,1.69,CUST-10065,United Kingdom
500500,84879,ASSORTED COLOUR BIRD ORNAMENT,1,2023-08-17 16:09:00,1.69,CUST-10380,United Kingdom
500500,21730,GLASS STAR FROSTED T-LIGHT HOLDER,2,2023-08-22 08:34:00,3.25,CUST-10013,United Kingdom
500501,84029E,RED WOOLLY HOTTIE WHITE HEART,1,2023-12-13 18:38:00,4.95,CUST-10004,United Kingdom
500501,85123A,WHITE HANGING HEART T-LIGHT HOLDER,4,2023-12-25 09:47:00,2.95,CUST-10110,United Kingdom
500501,22720,SET OF 3 CAKE TINS PANTRY DESIGN,2,2023-09-16 13:32:00,12.75,CUST-10028,United Kingdom
500502,22720,SET OF 3 CAKE TINS PANTRY DESIGN,1,2023-01-21 11:52:00,12.75,CUST-10503,United Kingdom
500502,84879,ASSORTED COLOUR BIRD ORNAMENT,4,2023-05-14 12:01:00,1.69,CUST-10579,United Kingdom
500502,21730,GLASS STAR FROSTED T-LIGHT HOLDER,2,2023-11-07 19:36:00,3.25,CUST-10000,United Kingdom
500503,23084,RABBIT NIGHT LIGHT,4,2023-03-21 11:32:00,2.08,CUST-10155,France
500503,21730,GLASS STAR FROSTED T-LIGHT HOLDER,1,2023-09-23 10:53:00,3.25,CUST-10368,United Kingdom
500503,84406B,CREAM CUPID HEARTS COAT HANGER,2,2023-09-04 09:40:00,4.25,CUST-10153,United Kingdom
500504,84029G,KNITTED UNION FLAG HOT WATER BOTTLE,4,2023-05-20 09:35:00,4.95,CUST-10081,United Kingdom
500504,84029G,KNITTED UNION FLAG HOT WATER BOTTLE,4,2023-11-26 10:55:00,4.95,CUST-10004,France
500504,84879,ASSORTED COLOUR BIRD ORNAMENT,4,2023-09-10 19:46:00,1.69,CUST-10024,United Kingdom
500505,22086,PAPER CHAIN KIT 50'S CHRISTMAS,1,2023-12-29 18:37:00,2.55,CUST-10225,United Kingdom
500505,71053,WHITE METAL LANTERN,6,2023-12-05 14:52:00,3.75,CUST-10038,United Kingdom
500505,23084,RABBIT NIGHT LIGHT,24,2023-06-09 09:43:00,2.08,CUST-10192,United Kingdom
500506,22960,JAM MAKING SET WITH JARS,1,2023-03-15 18:15:00,4.95,CUST-10562,United Kingdom
500506,84879,ASSORTED COLOUR BIRD ORNAMENT,1,2023-11-29 13:53:00,1.69,CUST-10019,United Kingdom
500506,84029E,RED WOOLLY HOTTIE WHITE HEART,1,2023-09-09 19:08:00,4.95,CUST-10229,United Kingdom
500507,84406B,CREAM CUPID HEARTS COAT HANGER,4,2023-07-10 18:29:00,4.25,CUST-10334,France
500507,84029E,RED WOOLLY HOTTIE WHITE HEART,12,2023-12-12 17:53:00,4.95,CUST-10111,United Kingdom
500507,22086,PAPER CHAIN KIT 50'S CHRISTMAS,1,2023-12-14 16:10:00,2.55,CUST-10131,United Kingdom
500508,84029E,RED WOOLLY HOTTIE WHITE HEART,1,2023-07-22 10:31:00,4.95,CUST-10027,United Kingdom
500508,22633,HAND WARMER UNION JACK,1,2023-05-26 17:17:00,2.1,CUST-10559,United Kingdom
500508,84029G,KNITTED UNION FLAG HOT WATER BOTTLE,1,2023-03-04 13:03:00,4.95,CUST-10174,United Kingdom
500509,22632,HAND WARMER RED RETROSPOT,1,2023-01-27 18:02:00,2.1,CUST-10411,Netherlands
500509,84406B,CREAM CUPID HEARTS COAT HANGER,2,2023-11-21 11:55:00,4.25,CUST-10080,United Kingdom
500509,22720,SET OF 3 CAKE TINS PANTRY DESIGN,1,2023-10-17 10:07:00,12.75,CUST-10096,United Kingdom
500510,84029E,RED WOOLLY HOTTIE WHITE HEART,4,2023-08-13 15:38:00,4.95,CUST-10030,United Kingdom
500510,71053,WHITE METAL LANTERN,1,2023-03-18 12:23:00,3.75,CUST-10502,United Kingdom
C500510,71053,WHITE METAL LANTERN,-1,2023-12-27 11:30:00,3.75,CUST-10055,United Kingdom
500511,22197,SMALL POPCORN HOLDER,2,2023-12-13 15:31:00,0.85,CUST-10324,United Kingdom
500511,23084,RABBIT NIGHT LIGHT,2,2023-08-19 12:33:00,2.08,CUST-10016,United Kingdom
500511,22720,SET OF 3 CAKE TINS PANTRY DESIGN,1,2023-09-29 12:52:00,12.75,CUST-10045,Germany
500512,22197,SMALL POPCORN HOLDER,1,2023-09-25 13:31:00,0.85,CUST-10016,United Kingdom
500512,23084,RABBIT NIGHT LIGHT,1,2023-08-02 11:08:00,2.08,CUST-10218,United Kingdom
500512,22720,SET OF 3 CAKE TINS PANTRY DESIGN,1,2023-06-15 15:32:00,12.75,CUST-10134,United Kingdom
500513,22960,JAM MAKING SET WITH JARS,4,2023-09-03 13:46:00,4.95,CUST-10027,France
500513,22720,SET OF 3 CAKE TINS PANTRY DESIGN,6,2023-10-20 19:14:00,12.75,CUST-10238,United Kingdom
500513,22720,SET OF 3 CAKE TINS PANTRY DESIGN,6,2023-11-27 12:02:00,12.75,CUST-10030,United Kingdom
500514,84879,ASSORTED COLOUR BIRD ORNAMENT,2,2023-11-01 10:01:00,1.69,CUST-10031,United Kingdom
500514,85123A,WHITE HANGING HEART T-LIGHT HOLDER,6,2023-07-25 08:57:00,2.95,CUST-10006,United Kingdom
500514,85123A,WHITE HANGING HEART T-LIGHT HOLDER,1,2023-10-06 16:46:00,2.95,CUST-10000,Germany
500515,22632,HAND WARMER RED RETROSPOT,2,2023-12-11 15:33:00,2.1,CUST-10181,United Kingdom
500515,21730,GLASS STAR FROSTED T-LIGHT HOLDER,1,2023-03-13 11:00:00,3.25,CUST-10147,United Kingdom
500515,71053,WHITE METAL LANTERN,1,2023-09-11 18:28:00,3.75,CUST-10037,United Kingdom
500516,21730,GLASS STAR FROSTED T-LIGHT HOLDER,1,2023-09-04 12:19:00,3.25,CUST-10053,United Kingdom
500516,22752,SET 7 BABUSHKA NESTING BOXES,24,2023-02-19 19:33:00,8.5,CUST-10472,United Kingdom
500516,21730,GLASS STAR FROSTED T-LIGHT HOLDER,2,2023-11-25 18:26:00,3.25,CUST-10053,United Kingdom
500517,22197,SMALL POPCORN HOLDER,2,2023-10-09 18:53:00,0.85,CUST-10238,United Kingdom
500517,22960,JAM MAKING SET WITH JARS,12,2023-08-24 14:04:00,4.95,CUST-10036,United Kingdom
500517,22633,HAND WARMER UNION JACK,24,2023-06-19 11:43:00,2.1,CUST-10204,United Kingdom
500518,84406B,CREAM CUPID HEARTS COAT HANGER,1,2023-06-27 19:51:00,4.25,CUST-10168,United Kingdom
500518,84029G,KNITTED UNION FLAG HOT WATER BOTTLE,1,2023-11-27 10:08:00,4.95,CUST-10108,Spain
500518,23084,RABBIT NIGHT LIGHT,4,2023-01-12 08:58:00,2.08,CUST-10407,United Kingdom
500519,22086,PAPER CHAIN KIT 50'S CHRISTMAS,2,2023-07-25 13:55:00,2.55,CUST-10150,United Kingdom
500519,21730,GLASS STAR FROSTED T-LIGHT HOLDER,2,2023-08-09 10:30:00,3.25,CUST-10042,United Kingdom
500519,84029G,KNITTED UNION FLAG HOT WATER BOTTLE,4,2023-01-31 12:00:00,4.95,CUST-10432,United Kingdom
500520,23084,RABBIT NIGHT LIGHT,1,2023-11-06 08:57:00,2.08,CUST-10237,United Kingdom
500520,84879,ASSORTED COLOUR BIRD ORNAMENT,2,2023-12-02 13:47:00,1.69,CUST-10264,United Kingdom
500520,23084,RABBIT NIGHT LIGHT,1,2023-08-25 14:13:00,2.08,CUST-10020,France
500521,84029G,KNITTED UNION FLAG HOT WATER BOTTLE,2,2023-09-01 15:21:00,4.95,CUST-10299,United Kingdom
500521,22752,SET 7 BABUSHKA NESTING BOXES,2,2023-11-23 18:37:00,8.5,CUST-10269,United Kingdom
500521,84406B,CREAM CUPID HEARTS COAT HANGER,1,2023-02-13 11:45:00,4.25,CUST-10412,United Kingdom
500522,22632,HAND WARMER RED RETROSPOT,2,2023-03-05 19:21:00,2.1,CUST-10508,United Kingdom
500522,84879,ASSORTED COLOUR BIRD ORNAMENT,1,2023-11-17 16:37:00,1.69,CUST-10046,United Kingdom
500522,84029E,RED WOOLLY HOTTIE WHITE HEART,1,2023-03-11 13:31:00,4.95,CUST-10512,United Kingdom
500523,23084,RABBIT NIGHT LIGHT,1,2023-08-20 13:40:00,2.08,CUST-10360,United Kingdom
500523,22086,PAPER CHAIN KIT 50'S CHRISTMAS,6,2023-10-14 10:45:00,2.55,CUST-10054,Germany
500523,84029E,RED WOOLLY HOTTIE WHITE HEART,1,2023-11-30 13:00:00,4.95,CUST-10020,United Kingdom
C500524,23084,RABBIT NIGHT LIGHT,-12,2023-11-07 15:24:00,2.08,CUST-10113,United Kingdom
500524,22960,JAM MAKING SET WITH JARS,1,2023-08-02 18:53:00,4.95,CUST-10009,United Kingdom
500524,22633,HAND WARMER UNION JACK,24,2023-10-04 17:31:00,2.1,,United Kingdom
500525,22633,HAND WARMER UNION JACK,1,2023-08-10 10:10:00,2.1,CUST-10057,United Kingdom
500525,22960,JAM MAKING SET WITH JARS,6,2023-07-20 16:56:00,4.95,CUST-10222,Netherlands
500525,22960,JAM MAKING SET WITH JARS,4,2023-07-25 18:38:00,4.95,CUST-10133,United Kingdom
500526,84029E,RED WOOLLY HOTTIE WHITE HEART,2,2023-03-06 14:09:00,4.95,CUST-10476,United Kingdom
500526,84029G,KNITTED UNION FLAG HOT WATER BOTTLE,2,2023-08-20 09:32:00,4.95,CUST-10321,Germany
500526,22752,SET 7 BABUSHKA NESTING BOXES,24,2023-11-27 16:17:00,8.5,CUST-10188,United Kingdom
500527,84879,ASSORTED COLOUR BIRD ORNAMENT,4,2023-05-30 17:18:00,1.69,CUST-10571,United Kingdom
500527,22633,HAND WARMER UNION JACK,2,2023-09-08 11:23:00,2.1,CUST-10085,United Kingdom
500527,22633,HAND WARMER UNION JACK,6,2023-05-29 08:55:00,2.1,CUST-10546,United Kingdom
500528,22632,HAND WARMER RED RETROSPOT,12,2023-04-16 10:29:00,2.1,CUST-10391,United Kingdom
500528,84406B,CREAM CUPID HEARTS COAT HANGER,1,2023-11-01 18:13:00,4.25,CUST-10385,United Kingdom
500528,22086,PAPER CHAIN KIT 50'S CHRISTMAS,1,2023-10-18 19:34:00,2.55,CUST-10019,Netherlands
500529,84029G,KNITTED UNION FLAG HOT WATER BOTTLE,1,2023-09-25 09:01:00,4.95,CUST-10044,United Kingdom
500529,22960,JAM MAKING SET WITH JARS,2,2023-09-16 08:00:00,4.95,CUST-10094,United Kingdom
500529,21730,GLASS STAR FROSTED T-LIGHT HOLDER,1,2023-06-09 17:39:00,3.25,CUST-10201,United Kingdom
500530,23084,RABBIT NIGHT LIGHT,2,2023-10-18 11:17:00,2.08,CUST-10140,United Kingdom
500530,23084,RABBIT NIGHT LIGHT,4,2023-12-28 09:04:00,2.08,CUST-10029,United Kingdom
500530,21730,GLASS STAR FROSTED T-LIGHT HOLDER,12,2023-10-30 08:05:00,3.25,CUST-10007,United Kingdom
500531,23084,RABBIT NIGHT LIGHT,6,2023-09-05 08:23:00,2.08,CUST-10022,United Kingdom
500531,84029G,KNITTED UNION FLAG HOT WATER BOTTLE,4,2023-11-30 15:05:00,4.95,CUST-10026,United Kingdom
500531,23084,RABBIT NIGHT LIGHT,1,2023-11-05 17:57:00,2.08,CUST-10048,United Kingdom
500532,84029E,RED WOOLLY HOTTIE WHITE HEART,4,2023-08-25 15:53:00,4.95,CUST-10361,United Kingdom
500532,22086,PAPER CHAIN KIT 50'S CHRISTMAS,2,2023-10-28 15:25:00,2.55,CUST-10132,France
500532,22633,HAND WARMER UNION JACK,2,2023-05-22 18:10:00,2.1,CUST-10564,United Kingdom
500533,85123A,WHITE HANGING HEART T-LIGHT HOLDER,1,2023-11-27 10:36:00,2.95,CUST-10014,Germany
500533,22960,JAM MAKING SET WITH JARS,4,2023-12-01 11:53:00,4.95,CUST-10162,United Kingdom
500533,71053,WHITE METAL LANTERN,2,2023-07-11 17:05:00,3.75,CUST-10257,Germany
500534,71053,WHITE METAL LANTERN,6,2023-09-17 17:09:00,3.75,CUST-10144,United Kingdom
500534,22752,SET 7 BABUSHKA NESTING BOXES,4,2023-11-22 14:19:00,8.5,CUST-10349,United Kingdom
500534,84879,ASSORTED COLOUR BIRD ORNAMENT,12,2023-07-24 11:49:00,1.69,CUST-10147,United Kingdom
500535,22752,SET 7 BABUSHKA NESTING BOXES,4,2023-07-04 18:38:00,8.5,CUST-10313,United Kingdom
500535,71053,WHITE METAL LANTERN,1,2023-10-23 18:46:00,3.75,CUST-10022,United Kingdom
500535,84406B,CREAM CUPID HEARTS COAT HANGER,1,2023-07-28 15:45:00,4.25,CUST-10051,United Kingdom
500536,22960,JAM MAKING SET WITH JARS,6,2023-07-28 17:11:00,4.95,CUST-10252,United Kingdom
500536,71053,WHITE METAL LANTERN,4,2023-12-05 18:09:00,3.75,CUST-10190,United Kingdom
500536,22086,PAPER CHAIN KIT 50'S CHRISTMAS,12,2023-11-29 11:13:00,2.55,CUST-10025,United Kingdom
500537,21730,GLASS STAR FROSTED T-LIGHT HOLDER,1,2023-09-08 15:02:00,3.25,CUST-10049,Netherlands
500537,22633,HAND WARMER UNION JACK,4,2023-08-10 12:09:00,2.1,CUST-10289,United Kingdom
500537,22197,SMALL POPCORN HOLDER,1,2023-07-23 09:28:00,0.85,CUST-10003,United Kingdom
500538,84406B,CREAM CUPID HEARTS COAT HANGER,1,2023-09-19 17:55:00,4.25,CUST-10000,United Kingdom
500538,84029G,KNITTED UNION FLAG HOT WATER BOTTLE,1,2023-09-26 17:57:00,4.95,CUST-10250,United Kingdom
500538,22632,HAND WARMER RED RETROSPOT,1,2023-08-13 14:18:00,2.1,CUST-10288,France
500539,71053,WHITE METAL LANTERN,6,2023-12-16 13:04:00,3.75,CUST-10250,United Kingdom
500539,85123A,WHITE HANGING HEART T-LIGHT HOLDER,2,2023-03-20 09:31:00,2.95,CUST-10072,United Kingdom
500539,84029E,RED WOOLLY HOTTIE WHITE HEART,24,2023-03-22 16:19:00,4.95,CUST-10441,United Kingdom
C500540,22086,PAPER CHAIN KIT 50'S CHRISTMAS,-4,2023-03-03 11:03:00,2.55,CUST-10087,United Kingdom
500540,85123A,WHITE HANGING HEART T-LIGHT HOLDER,2,2023-03-03 16:17:00,2.95,CUST-10095,Spain
500540,22720,SET OF 3 CAKE TINS PANTRY DESIGN,1,2023-05-04 09:17:00,12.75,CUST-10108,Germany
500541,71053,WHITE METAL LANTERN,2,2023-03-05 12:01:00,3.75,CUST-10559,France
500541,22632,HAND WARMER RED RETROSPOT,1,2023-09-11 08:49:00,2.1,,United Kingdom
500541,71053,WHITE METAL LANTERN,4,2023-11-06 19:56:00,3.75,CUST-10178,Germany
500542,85123A,WHITE HANGING HEART T-LIGHT HOLDER,1,2023-12-30 12:32:00,2.95,CUST-10045,United Kingdom
500542,22086,PAPER CHAIN KIT 50'S CHRISTMAS,1,2023-12-25 12:46:00,2.55,CUST-10378,Germany
500542,22960,JAM MAKING SET WITH JARS,1,2023-11-06 17:14:00,4.95,CUST-10350,United Kingdom
500543,22197,SMALL POPCORN HOLDER,2,2023-06-19 08:44:00,0.85,CUST-10209,United Kingdom
500543,22960,JAM MAKING SET WITH JARS,1,2023-07-26 16:05:00,4.95,CUST-10342,United Kingdom
500543,84879,ASSORTED COLOUR BIRD ORNAMENT,6,2023-07-31 14:27:00,1.69,CUST-10253,Germany
500544,22632,HAND WARMER RED RETROSPOT,24,2023-12-14 08:39:00,2.1,CUST-10031,United Kingdom
500544,84029G,KNITTED UNION FLAG HOT WATER BOTTLE,1,2023-11-22 09:11:00,4.95,CUST-10226,United Kingdom
500544,22633,HAND WARMER UNION JACK,6,2023-08-12 08:52:00,2.1,CUST-10038,United Kingdom
500545,85123A,WHITE HANGING HEART T-LIGHT HOLDER,24,2023-09-27 10:47:00,2.95,CUST-10018,United Kingdom
500545,84029E,RED WOOLLY HOTTIE WHITE HEART,6,2023-10-16 09:40:00,4.95,CUST-10130,United Kingdom
500545,22632,HAND WARMER RED RETROSPOT,4,2023-11-04 10:01:00,2.1,CUST-10352,United Kingdom
500546,21730,GLASS STAR FROSTED T-LIGHT HOLDER,2,2023-01-27 19:53:00,3.25,CUST-10551,United Kingdom
500546,22633,HAND WARMER UNION JACK,1,2023-10-05 15:18:00,2.1,CUST-10364,United Kingdom
500546,84029G,KNITTED UNION FLAG HOT WATER BOTTLE,1,2023-10-27 10:57:00,4.95,CUST-10009,France
500547,22960,JAM MAKING SET WITH JARS,1,2023-04-12 12:38:00,4.95,CUST-10151,Germany
500547,71053,WHITE METAL LANTERN,12,2023-11-30 09:15:00,3.75,CUST-10056,United Kingdom
500547,22632,HAND WARMER RED RETROSPOT,1,2023-08-07 10:01:00,2.1,CUST-10000,France
500548,84406B,CREAM CUPID HEARTS COAT HANGER,1,2023-12-26 19:44:00,4.25,CUST-10036,United Kingdom
500548,71053,WHITE METAL LANTERN,1,2023-06-28 14:16:00,3.75,CUST-10167,United Kingdom
500548,21730,GLASS STAR FROSTED T-LIGHT HOLDER,4,2023-08-19 18:15:00,3.25,CUST-10236,Netherlands
500549,71053,WHITE METAL LANTERN,24,2023-06-19 09:19:00,3.75,CUST-10152,France
500549,84406B,CREAM CUPID HEARTS COAT HANGER,2,2023-08-11 13:43:00,4.25,CUST-10026,United Kingdom
500549,84406B,CREAM CUPID HEARTS COAT HANGER,4,2023-07-11 18:09:00,4.25,CUST-10134,France
500550,22960,JAM MAKING SET WITH JARS,1,2023-12-09 12:02:00,4.95,CUST-10032,Germany
500550,85123A,WHITE HANGING HEART T-LIGHT HOLDER,1,2023-07-31 19:11:00,2.95,CUST-10020,United Kingdom
500550,21730,GLASS STAR FROSTED T-LIGHT HOLDER,4,2023-06-09 13:25:00,3.25,CUST-10182,United Kingdom
500551,84029E,RED WOOLLY HOTTIE WHITE HEART,12,2023-01-09 10:53:00,4.95,CUST-10525,United Kingdom
500551,22086,PAPER CHAIN KIT 50'S CHRISTMAS,1,2023-09-30 12:10:00,2.55,CUST-10316,United Kingdom
500551,85123A,WHITE HANGING HEART T-LIGHT HOLDER,4,2023-10-07 10:33:00,2.95,CUST-10001,United Kingdom
500552,22720,SET OF 3 CAKE TINS PANTRY DESIGN,1,2023-03-30 19:28:00,12.75,CUST-10132,United Kingdom
500552,21730,GLASS STAR FROSTED T-LIGHT HOLDER,1,2023-03-09 12:13:00,3.25,CUST-10132,Netherlands
500552,71053,WHITE METAL LANTERN,12,2023-03-10 10:25:00,3.75,CUST-10201,United Kingdom
500553,22086,PAPER CHAIN KIT 50'S CHRISTMAS,2,2023-10-29 15:23:00,2.55,CUST-10232,United Kingdom
500553,22197,SMALL POPCORN HOLDER,2,2023-10-25 17:33:00,0.85,CUST-10106,United Kingdom
500553,22632,HAND WARMER RED RETROSPOT,1,2023-08-11 13:22:00,2.1,CUST-10348,Netherlands
500554,22086,PAPER CHAIN KIT 50'S CHRISTMAS,1,2023-08-27 11:29:00,2.55,CUST-10225,United Kingdom
500554,84029E,RED WOOLLY HOTTIE WHITE HEART,1,2023-04-06 17:48:00,4.95,CUST-10480,Spain
500554,22633,HAND WARMER UNION JACK,1,2023-05-06 16:23:00,2.1,CUST-10533,United Kingdom
500555,22197,SMALL POPCORN HOLDER,1,2023-09-04 15:01:00,0.85,CUST-10003,United Kingdom
500555,22197,SMALL POPCORN HOLDER,1,2023-12-07 15:27:00,0.85,CUST-10041,United Kingdom
500555,22720,SET OF 3 CAKE TINS PANTRY DESIGN,2,2023-11-25 10:15:00,12.75,,United Kingdom
500556,22632,HAND WARMER RED RETROSPOT,1,2023-01-06 12:39:00,2.1,CUST-10495,United Kingdom
500556,22197,SMALL POPCORN HOLDER,12,2023-05-20 08:26:00,0.85,CUST-10392,United Kingdom
500556,22960,JAM MAKING SET WITH JARS,1,2023-12-28 09:49:00,4.95,CUST-10361,United Kingdom
500557,84029G,KNITTED UNION FLAG HOT WATER BOTTLE,24,2023-07-09 19:24:00,4.95,CUST-10268,United Kingdom
500557,71053,WHITE METAL LANTERN,6,2023-12-08 09:01:00,3.75,,United Kingdom
500557,22197,SMALL POPCORN HOLDER,2,2023-09-15 12:47:00,0.85,CUST-10240,United Kingdom
500558,84879,ASSORTED COLOUR BIRD ORNAMENT,1,2023-12-13 13:57:00,1.69,CUST-10164,Germany
500558,23084,RABBIT NIGHT LIGHT,1,2023-07-23 19:20:00,2.08,CUST-10088,United Kingdom
500558,85123A,WHITE HANGING HEART T-LIGHT HOLDER,4,2023-08-09 14:40:00,2.95,CUST-10090,United Kingdom
500559,84406B,CREAM CUPID HEARTS COAT HANGER,24,2023-10-28 10:11:00,4.25,CUST-10297,United Kingdom
500559,23084,RABBIT NIGHT LIGHT,1,2023-10-19 10:56:00,2.08,CUST-10377,United Kingdom
500559,84406B,CREAM CUPID HEARTS COAT HANGER,2,2023-12-14 08:39:00,4.25,CUST-10032,United Kingdom
500560,22632,HAND WARMER RED RETROSPOT,4,2023-04-30 18:54:00,2.1,CUST-10399,United Kingdom
500560,22752,SET 7 BABUSHKA NESTING BOXES,2,2023-06-13 08:53:00,8.5,CUST-10145,France
500560,23084,RABBIT NIGHT LIGHT,1,2023-09-01 13:27:00,2.08,CUST-10039,United Kingdom
500561,85123A,WHITE HANGING HEART T-LIGHT HOLDER,4,2023-10-05 17:28:00,2.95,CUST-10009,United Kingdom
500561,23084,RABBIT NIGHT LIGHT,1,2023-11-08 17:17:00,2.08,CUST-10010,United Kingdom
500561,84406B,CREAM CUPID HEARTS COAT HANGER,6,2023-09-04 09:24:00,4.25,CUST-10299,United Kingdom
500562,84029E,RED WOOLLY HOTTIE WHITE HEART,4,2023-04-19 10:40:00,4.95,CUST-10175,France
500562,23084,RABBIT NIGHT LIGHT,1,2023-12-05 09:48:00,2.08,CUST-10021,United Kingdom
500562,22720,SET OF 3 CAKE TINS PANTRY DESIGN,4,2023-12-25 13:13:00,12.75,CUST-10027,United Kingdom
500563,22633,HAND WARMER UNION JACK,6,2023-03-05 16:35:00,2.1,CUST-10429,United Kingdom
500563,71053,WHITE METAL LANTERN,2,2023-08-06 14:07:00,3.75,CUST-10004,United Kingdom
500563,22960,JAM MAKING SET WITH JARS,1,2023-05-07 15:32:00,4.95,CUST-10570,United Kingdom
500564,22632,HAND WARMER RED RETROSPOT,2,2023-08-08 16:25:00,2.1,CUST-10032,United Kingdom
500564,71053,WHITE METAL LANTERN,4,2023-12-09 18:21:00,3.75,CUST-10278,United Kingdom
500564,22632,HAND WARMER RED RETROSPOT,1,2023-05-18 17:50:00,2.1,CUST-10120,United Kingdom
500565,85123A,WHITE HANGING HEART T-LIGHT HOLDER,1,2023-08-15 15:13:00,2.95,CUST-10344,United Kingdom
500565,71053,WHITE METAL LANTERN,2,2023-09-12 11:04:00,3.75,CUST-10186,United Kingdom
500565,22720,SET OF 3 CAKE TINS PANTRY DESIGN,1,2023-09-07 14:39:00,12.75,,United Kingdom
500566,22086,PAPER CHAIN KIT 50'S CHRISTMAS,4,2023-11-25 17:00:00,2.55,CUST-10355,Spain
500566,22752,SET 7 BABUSHKA NESTING BOXES,1,2023-08-14 09:45:00,8.5,CUST-10023,United Kingdom
500566,85123A,WHITE HANGING HEART T-LIGHT HOLDER,2,2023-11-09 10:27:00,2.95,CUST-10022,United Kingdom
500567,22197,SMALL POPCORN HOLDER,1,2023-10-29 16:04:00,0.85,,United Kingdom
500567,84029G,KNITTED UNION FLAG HOT WATER BOTTLE,1,2023-05-13 10:14:00,4.95,CUST-10182,United Kingdom
500567,21730,GLASS STAR FROSTED T-LIGHT HOLDER,1,2023-08-13 08:32:00,3.25,CUST-10374,Germany
500568,71053,WHITE METAL LANTERN,6,2023-07-14 13:57:00,3.75,CUST-10109,France
500568,22752,SET 7 BABUSHKA NESTING BOXES,2,2023-11-01 14:00:00,8.5,CUST-10010,United Kingdom
500568,22633,HAND WARMER UNION JACK,1,2023-11-07 11:51:00,2.1,CUST-10016,United Kingdom
500569,84879,ASSORTED COLOUR BIRD ORNAMENT,4,2023-09-27 17:43:00,1.69,CUST-10384,United Kingdom
500569,22632,HAND WARMER RED RETROSPOT,4,2023-09-07 14:47:00,2.1,CUST-10023,Netherlands
500569,84879,ASSORTED COLOUR BIRD ORNAMENT,1,2023-09-15 09:03:00,1.69,CUST-10339,United Kingdom
500570,84879,ASSORTED COLOUR BIRD ORNAMENT,2,2023-12-13 12:42:00,1.69,CUST-10042,United Kingdom
500570,85123A,WHITE HANGING HEART T-LIGHT HOLDER,4,2023-11-15 13:01:00,2.95,CUST-10283,United Kingdom
500570,84029E,RED WOOLLY HOTTIE WHITE HEART,2,2023-09-26 08:14:00,4.95,CUST-10377,United Kingdom
500571,22960,JAM MAKING SET WITH JARS,1,2023-10-17 13:15:00,4.95,CUST-10033,United Kingdom
500571,22197,SMALL POPCORN HOLDER,2,2023-10-08 18:40:00,0.85,CUST-10235,Netherlands
500571,22632,HAND WARMER RED RETROSPOT,1,2023-09-28 16:50:00,2.1,CUST-10090,Germany
500572,23084,RABBIT NIGHT LIGHT,4,2023-08-31 10:48:00,2.08,CUST-10307,France
500572,84029E,RED WOOLLY HOTTIE WHITE HEART,1,2023-08-31 16:09:00,4.95,CUST-10000,United Kingdom
500572,84029E,RED WOOLLY HOTTIE WHITE HEART,1,2023-11-20 16:29:00,4.95,CUST-10224,United Kingdom
500573,84029G,KNITTED UNION FLAG HOT WATER BOTTLE,2,2023-05-18 14:06:00,4.95,CUST-10419,United Kingdom
500573,22960,JAM MAKING SET WITH JARS,1,2023-12-08 11:42:00,4.95,CUST-10149,United Kingdom
500573,22960,JAM MAKING SET WITH JARS,24,2023-09-25 08:11:00,4.95,CUST-10254,United Kingdom
500574,71053,WHITE METAL LANTERN,12,2023-11-21 16:54:00,3.75,CUST-10050,United Kingdom
500574,22633,HAND WARMER UNION JACK,6,2023-07-22 10:19:00,2.1,CUST-10045,Germany
500574,84406B,CREAM CUPID HEARTS COAT HANGER,4,2023-02-08 16:18:00,4.25,CUST-10595,United Kingdom
500575,22752,SET 7 BABUSHKA NESTING BOXES,12,2023-08-03 12:01:00,8.5,CUST-10090,United Kingdom
500575,22752,SET 7 BABUSHKA NESTING BOXES,2,2023-11-16 19:47:00,8.5,CUST-10194,United Kingdom
500575,22720,SET OF 3 CAKE TINS PANTRY DESIGN,6,2023-11-14 16:43:00,12.75,CUST-10280,Spain
500576,71053,WHITE METAL LANTERN,6,2023-09-27 19:09:00,3.75,CUST-10011,France
500576,22197,SMALL POPCORN HOLDER,12,2023-12-30 10:22:00,0.85,CUST-10108,United Kingdom
500576,85123A,WHITE HANGING HEART T-LIGHT HOLDER,4,2023-11-24 14:00:00,2.95,CUST-10209,United Kingdom
500577,22633,HAND WARMER UNION JACK,4,2023-11-11 14:00:00,2.1,CUST-10016,United Kingdom
500577,21730,GLASS STAR FROSTED T-LIGHT HOLDER,1,2023-05-17 19:34:00,3.25,CUST-10460,United Kingdom
500577,85123A,WHITE HANGING HEART T-LIGHT HOLDER,4,2023-09-02 12:02:00,2.95,CUST-10283,United Kingdom
500578,22632,HAND WARMER RED RETROSPOT,4,2023-11-25 15:42:00,2.1,CUST-10189,United Kingdom
500578,84029G,KNITTED UNION FLAG HOT WATER BOTTLE,4,2023-11-23 11:18:00,4.95,CUST-10077,United Kingdom
500578,22960,JAM MAKING SET WITH JARS,1,2023-03-12 10:29:00,4.95,CUST-10546,United Kingdom
500579,84406B,CREAM CUPID HEARTS COAT HANGER,12,2023-06-30 08:14:00,4.25,CUST-10144,United Kingdom
500579,22632,HAND WARMER RED RETROSPOT,24,2023-04-25 18:18:00,2.1,CUST-10137,United Kingdom
500579,23084,RABBIT NIGHT LIGHT,1,2023-12-10 09:06:00,2.08,CUST-10035,United Kingdom
500580,84406B,CREAM CUPID HEARTS COAT HANGER,12,2023-03-26 18:57:00,4.25,CUST-10401,Germany
500580,84879,ASSORTED COLOUR BIRD ORNAMENT,2,2023-11-11 10:30:00,1.69,CUST-10056,United Kingdom
500580,22086,PAPER CHAIN KIT 50'S CHRISTMAS,6,2023-12-24 17:31:00,2.55,CUST-10037,United Kingdom
500581,22720,SET OF 3 CAKE TINS PANTRY DESIGN,6,2023-01-07 12:46:00,12.75,CUST-10572,United Kingdom
500581,84029G,KNITTED UNION FLAG HOT WATER BOTTLE,2,2023-04-02 14:06:00,4.95,CUST-10099,United Kingdom
500581,22960,JAM MAKING SET WITH JARS,1,2023-09-13 08:00:00,4.95,CUST-10277,United Kingdom
500582,84029G,KNITTED UNION FLAG HOT WATER BOTTLE,4,2023-08-16 19:40:00,4.95,CUST-10024,United Kingdom
500582,21730,GLASS STAR FROSTED T-LIGHT HOLDER,12,2023-12-16 10:09:00,3.25,CUST-10036,United Kingdom
500582,84879,ASSORTED COLOUR BIRD ORNAMENT,1,2023-10-07 10:37:00,1.69,CUST-10120,United Kingdom
500583,22197,SMALL POPCORN HOLDER,4,2023-08-18 16:49:00,0.85,CUST-10013,United Kingdom
500583,84029E,RED WOOLLY HOTTIE WHITE HEART,24,2023-11-24 17:53:00,4.95,CUST-10012,United Kingdom
500583,22197,SMALL POPCORN HOLDER,24,2023-12-15 08:05:00,0.85,CUST-10048,United Kingdom
500584,71053,WHITE METAL LANTERN,1,2023-10-09 13:07:00,3.75,CUST-10045,United Kingdom
500584,22960,JAM MAKING SET WITH JARS,1,2023-02-16 12:42:00,4.95,CUST-10546,United Kingdom
500584,71053,WHITE METAL LANTERN,6,2023-01-03 09:44:00,3.75,CUST-10447,Germany
500585,84029E,RED WOOLLY HOTTIE WHITE HEART,2,2023-08-28 14:34:00,4.95,CUST-10170,United Kingdom
500585,84406B,CREAM CUPID HEARTS COAT HANGER,4,2023-10-29 15:33:00,4.25,CUST-10045,Spain
500585,22632,HAND WARMER RED RETROSPOT,1,2023-07-23 14:17:00,2.1,CUST-10171,United Kingdom
500586,85123A,WHITE HANGING HEART T-LIGHT HOLDER,4,2023-01-07 15:18:00,2.95,CUST-10524,United Kingdom
C500586,84406B,CREAM CUPID HEARTS COAT HANGER,-12,2023-10-19 08:10:00,4.25,CUST-10001,United Kingdom
500586,22086,PAPER CHAIN KIT 50'S CHRISTMAS,2,2023-10-04 13:51:00,2.55,CUST-10043,United Kingdom
500587,22086,PAPER CHAIN KIT 50'S CHRISTMAS,2,2023-12-30 08:10:00,2.55,CUST-10076,United Kingdom
500587,84406B,CREAM CUPID HEARTS COAT HANGER,2,2023-05-15 13:33:00,4.25,CUST-10436,United Kingdom
500587,22720,SET OF 3 CAKE TINS PANTRY DESIGN,2,2023-08-22 16:11:00,12.75,CUST-10000,United Kingdom
500588,22960,JAM MAKING SET WITH JARS,1,2023-06-20 17:40:00,4.95,CUST-10154,United Kingdom
500588,22752,SET 7 BABUSHKA NESTING BOXES,1,2023-09-05 11:28:00,8.5,CUST-10169,United Kingdom
500588,22752,SET 7 BABUSHKA NESTING BOXES,1,2023-12-12 09:12:00,8.5,CUST-10026,United Kingdom
500589,84029G,KNITTED UNION FLAG HOT WATER BOTTLE,2,2023-07-13 09:56:00,4.95,CUST-10073,United Kingdom
500589,22632,HAND WARMER RED RETROSPOT,24,2023-11-25 08:28:00,2.1,CUST-10323,United Kingdom
500589,22960,JAM MAKING SET WITH JARS,2,2023-08-19 14:05:00,4.95,CUST-10058,Germany
500590,84879,ASSORTED COLOUR BIRD ORNAMENT,1,2023-08-20 18:57:00,1.69,CUST-10269,United Kingdom
500590,85123A,WHITE HANGING HEART T-LIGHT HOLDER,1,2023-09-13 10:01:00,2.95,CUST-10286,United Kingdom
500590,22086,PAPER CHAIN KIT 50'S CHRISTMAS,1,2023-10-19 14:23:00,2.55,CUST-10037,Germany
500591,84029E,RED WOOLLY HOTTIE WHITE HEART,4,2023-12-08 08:23:00,4.95,CUST-10027,United Kingdom
500591,22960,JAM MAKING SET WITH JARS,2,2023-07-26 17:12:00,4.95,CUST-10036,United Kingdom
500591,23084,RABBIT NIGHT LIGHT,1,2023-08-05 18:19:00,2.08,CUST-10249,United Kingdom
500592,22720,SET OF 3 CAKE TINS PANTRY DESIGN,1,2023-11-15 13:41:00,12.75,CUST-10044,Germany
500592,22086,PAPER CHAIN KIT 50'S CHRISTMAS,4,2023-08-16 19:03:00,2.55,CUST-10041,United Kingdom
500592,22720,SET OF 3 CAKE TINS PANTRY DESIGN,1,2023-11-05 14:22:00,12.75,CUST-10373,United Kingdom
500593,22197,SMALL POPCORN HOLDER,4,2023-05-30 19:35:00,0.85,CUST-10540,United Kingdom
500593,22086,PAPER CHAIN KIT 50'S CHRISTMAS,1,2023-11-09 15:13:00,2.55,CUST-10320,United Kingdom
500593,84029E,RED WOOLLY HOTTIE WHITE HEART,4,2023-05-13 13:29:00,4.95,CUST-10201,United Kingdom
500594,22086,PAPER CHAIN KIT 50'S CHRISTMAS,4,2023-10-14 18:07:00,2.55,CUST-10271,United Kingdom
500594,22633,HAND WARMER UNION JACK,12,2023-01-29 17:33:00,2.1,CUST-10394,United Kingdom
500594,84029E,RED WOOLLY HOTTIE WHITE HEART,1,2023-04-24 12:33:00,4.95,CUST-10483,United Kingdom
500595,22960,JAM MAKING SET WITH JARS,2,2023-11-14 09:37:00,4.95,CUST-10054,France
500595,84406B,CREAM CUPID HEARTS COAT HANGER,1,2023-12-02 12:54:00,4.25,CUST-10058,United Kingdom
500595,84029E,RED WOOLLY HOTTIE WHITE HEART,1,2023-07-07 17:56:00,4.95,CUST-10202,United Kingdom
500596,84029G,KNITTED UNION FLAG HOT WATER BOTTLE,6,2023-07-20 09:45:00,4.95,CUST-10142,United Kingdom
500596,22197,SMALL POPCORN HOLDER,12,2023-07-27 09:16:00,0.85,CUST-10255,United Kingdom
500596,22752,SET 7 BABUSHKA NESTING BOXES,6,2023-03-03 08:11:00,8.5,CUST-10094,United Kingdom
500597,84029G,KNITTED UNION FLAG HOT WATER BOTTLE,1,2023-12-05 18:54:00,4.95,CUST-10122,France
500597,22197,SMALL POPCORN HOLDER,1,2023-11-30 10:00:00,0.85,CUST-10004,United Kingdom
500597,22752,SET 7 BABUSHKA NESTING BOXES,2,2023-09-23 15:51:00,8.5,CUST-10382,United Kingdom
500598,84879,ASSORTED COLOUR BIRD ORNAMENT,2,2023-11-28 09:50:00,1.69,CUST-10087,United Kingdom
500598,22632,HAND WARMER RED RETROSPOT,4,2023-09-21 17:55:00,2.1,CUST-10271,United Kingdom
500598,84029G,KNITTED UNION FLAG HOT WATER BOTTLE,2,2023-03-08 11:12:00,4.95,CUST-10178,United Kingdom
500599,84029G,KNITTED UNION FLAG HOT WATER BOTTLE,1,2023-10-06 08:47:00,4.95,CUST-10055,France
500599,84406B,CREAM CUPID HEARTS COAT HANGER,4,2023-09-04 18:56:00,4.25,CUST-10002,United Kingdom
500599,84879,ASSORTED COLOUR BIRD ORNAMENT,6,2023-05-18 14:40:00,1.69,CUST-10160,United Kingdom
500600,84406B,CREAM CUPID HEARTS COAT HANGER,4,2023-08-17 14:29:00,4.25,,United Kingdom
500600,22086,PAPER CHAIN KIT 50'S CHRISTMAS,1,2023-12-27 15:18:00,2.55,CUST-10038,United Kingdom
500600,23084,RABBIT NIGHT LIGHT,2,2023-07-03 11:08:00,2.08,CUST-10362,United Kingdom
500601,22086,PAPER CHAIN KIT 50'S CHRISTMAS,1,2023-02-01 16:13:00,2.55,CUST-10516,United Kingdom
500601,84879,ASSORTED COLOUR BIRD ORNAMENT,1,2023-08-06 15:37:00,1.69,CUST-10001,United Kingdom
500601,22752,SET 7 BABUSHKA NESTING BOXES,1,2023-08-02 08:03:00,8.5,CUST-10243,United Kingdom
500602,23084,RABBIT NIGHT LIGHT,1,2023-11-27 09:19:00,2.08,CUST-10238,United Kingdom
500602,22960,JAM MAKING SET WITH JARS,2,2023-11-11 15:22:00,4.95,,United Kingdom
500602,22960,JAM MAKING SET WITH JARS,2,2023-12-23 16:57:00,4.95,CUST-10010,France
500603,84406B,CREAM CUPID HEARTS COAT HANGER,1,2023-09-20 19:03:00,4.25,CUST-10262,United Kingdom
500603,22720,SET OF 3 CAKE TINS PANTRY DESIGN,2,2023-03-22 12:04:00,12.75,CUST-10422,United Kingdom
500603,84029E,RED WOOLLY HOTTIE WHITE HEART,1,2023-11-10 15:46:00,4.95,CUST-10294,United Kingdom
500604,22632,HAND WARMER RED RETROSPOT,2,2023-11-27 10:27:00,2.1,CUST-10179,United Kingdom
500604,85123A,WHITE HANGING HEART T-LIGHT HOLDER,1,2023-09-10 14:46:00,2.95,CUST-10208,United Kingdom
500604,84029E,RED WOOLLY HOTTIE WHITE HEART,2,2023-08-01 14:21:00,4.95,CUST-10072,Germany
500605,85123A,WHITE HANGING HEART T-LIGHT HOLDER,2,2023-12-18 14:07:00,2.95,CUST-10010,United Kingdom
500605,22720,SET OF 3 CAKE TINS PANTRY DESIGN,4,2023-12-17 17:11:00,12.75,CUST-10161,United Kingdom
500605,84406B,CREAM CUPID HEARTS COAT HANGER,4,2023-05-27 10:26:00,4.25,CUST-10159,United Kingdom
500606,85123A,WHITE HANGING HEART T-LIGHT HOLDER,4,2023-05-04 11:55:00,2.95,CUST-10587,France
500606,71053,WHITE METAL LANTERN,1,2023-12-03 08:33:00,3.75,CUST-10265,United Kingdom
500606,84029E,RED WOOLLY HOTTIE WHITE HEART,12,2023-10-22 12:08:00,4.95,CUST-10069,United Kingdom
500607,85123A,WHITE HANGING HEART T-LIGHT HOLDER,6,2023-12-23 15:38:00,2.95,CUST-10217,United Kingdom
500607,22633,HAND WARMER UNION JACK,1,2023-10-13 10:20:00,2.1,CUST-10002,United Kingdom
500607,22632,HAND WARMER RED RETROSPOT,4,2023-02-20 10:35:00,2.1,CUST-10410,United Kingdom
500608,84029E,RED WOOLLY HOTTIE WHITE HEART,1,2023-06-24 14:23:00,4.95,CUST-10060,United Kingdom
500608,84879,ASSORTED COLOUR BIRD ORNAMENT,1,2023-05-27 12:31:00,1.69,CUST-10087,United Kingdom
500608,22632,HAND WARMER RED RETROSPOT,2,2023-08-29 16:07:00,2.1,CUST-10015,United Kingdom
500609,22632,HAND WARMER RED RETROSPOT,2,2023-12-12 15:17:00,2.1,CUST-10002,United Kingdom
500609,21730,GLASS STAR FROSTED T-LIGHT HOLDER,1,2023-08-20 19:04:00,3.25,CUST-10026,United Kingdom
500609,21730,GLASS STAR FROSTED T-LIGHT HOLDER,2,2023-12-11 09:27:00,3.25,CUST-10200,United Kingdom
500610,22086,PAPER CHAIN KIT 50'S CHRISTMAS,6,2023-03-27 19:53:00,2.55,CUST-10563,United Kingdom
500610,71053,WHITE METAL LANTERN,12,2023-11-12 08:51:00,3.75,CUST-10117,United Kingdom
500610,22720,SET OF 3 CAKE TINS PANTRY DESIGN,4,2023-10-13 15:50:00,12.75,CUST-10201,United Kingdom
500611,22633,HAND WARMER UNION JACK,1,2023-04-18 08:13:00,2.1,CUST-10391,United Kingdom
500611,23084,RABBIT NIGHT LIGHT,4,2023-08-25 13:40:00,2.08,CUST-10025,United Kingdom
500611,84029E,RED WOOLLY HOTTIE WHITE HEART,1,2023-10-12 14:28:00,4.95,CUST-10076,United Kingdom
500612,84406B,CREAM CUPID HEARTS COAT HANGER,2,2023-09-22 10:03:00,4.25,CUST-10077,United Kingdom
500612,21730,GLASS STAR FROSTED T-LIGHT HOLDER,1,2023-11-04 14:57:00,3.25,CUST-10272,United Kingdom
500612,84879,ASSORTED COLOUR BIRD ORNAMENT,1,2023-10-07 10:06:00,1.69,CUST-10084,United Kingdom
500613,22197,SMALL POPCORN HOLDER,1,2023-11-07 12:29:00,0.85,CUST-10338,United Kingdom
500613,22752,SET 7 BABUSHKA NESTING BOXES,2,2023-03-28 13:07:00,8.5,CUST-10425,United Kingdom
500613,84406B,CREAM CUPID HEARTS COAT HANGER,2,2023-06-28 12:50:00,4.25,CUST-10132,United Kingdom
500614,23084,RABBIT NIGHT LIGHT,1,2023-02-22 15:09:00,2.08,CUST-10543,United Kingdom
500614,84879,ASSORTED COLOUR BIRD ORNAMENT,1,2023-05-11 17:23:00,1.69,CUST-10068,Germany
500614,84029G,KNITTED UNION FLAG HOT WATER BOTTLE,2,2023-02-12 14:52:00,4.95,CUST-10424,United Kingdom
500615,22086,PAPER CHAIN KIT 50'S CHRISTMAS,2,2023-03-17 12:52:00,2.55,CUST-10170,United Kingdom
500615,85123A,WHITE HANGING HEART T-LIGHT HOLDER,2,2023-06-30 17:47:00,2.95,CUST-10064,United Kingdom
500615,23084,RABBIT NIGHT LIGHT,1,2023-10-25 09:26:00,2.08,CUST-10028,United Kingdom
500616,23084,RABBIT NIGHT LIGHT,1,2023-11-09 17:15:00,2.08,CUST-10293,United Kingdom
500616,22752,SET 7 BABUSHKA NESTING BOXES,2,2023-12-16 11:34:00,8.5,CUST-10311,United Kingdom
500616,23084,RABBIT NIGHT LIGHT,2,2023-07-28 17:33:00,2.08,CUST-10069,United Kingdom
500617,22633,HAND WARMER UNION JACK,1,2023-08-30 14:56:00,2.1,CUST-10358,France
500617,84029E,RED WOOLLY HOTTIE WHITE HEART,4,2023-08-04 11:45:00,4.95,CUST-10352,United Kingdom
500617,22086,PAPER CHAIN KIT 50'S CHRISTMAS,1,2023-12-14 12:35:00,2.55,CUST-10000,United Kingdom
500618,84406B,CREAM CUPID HEARTS COAT HANGER,1,2023-07-11 08:03:00,4.25,CUST-10170,United Kingdom
500618,84406B,CREAM CUPID HEARTS COAT HANGER,1,2023-10-20 11:30:00,4.25,CUST-10219,United Kingdom
500618,85123A,WHITE HANGING HEART T-LIGHT HOLDER,12,2023-01-25 08:52:00,2.95,CUST-10580,United Kingdom
500619,22632,HAND WARMER RED RETROSPOT,1,2023-10-20 19:54:00,2.1,CUST-10023,United Kingdom
C500619,22720,SET OF 3 CAKE TINS PANTRY DESIGN,-1,2023-04-13 14:07:00,12.75,CUST-10564,United Kingdom
500619,21730,GLASS STAR FROSTED T-LIGHT HOLDER,4,2023-04-08 08:43:00,3.25,CUST-10155,United Kingdom
500620,23084,RABBIT NIGHT LIGHT,2,2023-07-02 08:33:00,2.08,,United Kingdom
500620,22720,SET OF 3 CAKE TINS PANTRY DESIGN,2,2023-06-26 16:32:00,12.75,CUST-10107,United Kingdom
500620,22197,SMALL POPCORN HOLDER,6,2023-07-08 18:05:00,0.85,CUST-10330,United Kingdom
500621,23084,RABBIT NIGHT LIGHT,1,2023-12-22 17:17:00,2.08,CUST-10112,United Kingdom
500621,22960,JAM MAKING SET WITH JARS,1,2023-12-15 09:10:00,4.95,CUST-10126,United Kingdom
500621,21730,GLASS STAR FROSTED T-LIGHT HOLDER,2,2023-08-15 13:38:00,3.25,CUST-10037,United Kingdom
500622,22633,HAND WARMER UNION JACK,1,2023-11-19 11:05:00,2.1,CUST-10264,United Kingdom
500622,22197,SMALL POPCORN HOLDER,4,2023-06-25 19:33:00,0.85,CUST-10098,United Kingdom
500622,22633,HAND WARMER UNION JACK,6,2023-10-17 14:12:00,2.1,CUST-10126,United Kingdom
500623,22960,JAM MAKING SET WITH JARS,2,2023-02-26 11:45:00,4.95,CUST-10469,United Kingdom
500623,84029G,KNITTED UNION FLAG HOT WATER BOTTLE,2,2023-10-20 10:09:00,4.95,CUST-10058,Netherlands
500623,22633,HAND WARMER UNION JACK,1,2023-11-30 16:07:00,2.1,CUST-10065,United Kingdom
500624,22086,PAPER CHAIN KIT 50'S CHRISTMAS,4,2023-03-24 16:46:00,2.55,CUST-10103,United Kingdom
500624,22752,SET 7 BABUSHKA NESTING BOXES,4,2023-10-24 17:57:00,8.5,CUST-10389,Germany
500624,71053,WHITE METAL LANTERN,1,2023-09-16 16:11:00,3.75,CUST-10027,United Kingdom
500625,84406B,CREAM CUPID HEARTS COAT HANGER,2,2023-11-16 09:07:00,4.25,CUST-10008,United Kingdom
500625,23084,RABBIT NIGHT LIGHT,6,2023-11-20 12:44:00,2.08,CUST-10168,United Kingdom
500625,84879,ASSORTED COLOUR BIRD ORNAMENT,2,2023-04-03 15:17:00,1.69,CUST-10502,United Kingdom
500626,85123A,WHITE HANGING HEART T-LIGHT HOLDER,1,2023-07-08 19:10:00,2.95,CUST-10362,United Kingdom
500626,84406B,CREAM CUPID HEARTS COAT HANGER,1,2023-10-20 19:07:00,4.25,CUST-10068,United Kingdom
500626,22752,SET 7 BABUSHKA NESTING BOXES,1,2023-12-01 19:21:00,8.5,CUST-10202,United Kingdom
500627,22752,SET 7 BABUSHKA NESTING BOXES,24,2023-08-24 12:06:00,8.5,CUST-10021,United Kingdom
500627,22633,HAND WARMER UNION JACK,4,2023-12-17 08:28:00,2.1,CUST-10146,United Kingdom
500627,22197,SMALL POPCORN HOLDER,12,2023-09-19 08:11:00,0.85,CUST-10200,France
500628,84879,ASSORTED COLOUR BIRD ORNAMENT,1,2023-11-19 16:53:00,1.69,CUST-10193,United Kingdom
500628,22086,PAPER CHAIN KIT 50'S CHRISTMAS,1,2023-04-07 10:34:00,2.55,CUST-10170,United Kingdom
500628,85123A,WHITE HANGING HEART T-LIGHT HOLDER,1,2023-08-10 16:05:00,2.95,CUST-10355,United Kingdom
500629,21730,GLASS STAR FROSTED T-LIGHT HOLDER,4,2023-10-27 08:09:00,3.25,CUST-10055,United Kingdom
500629,85123A,WHITE HANGING HEART T-LIGHT HOLDER,2,2023-10-22 19:24:00,2.95,CUST-10078,United Kingdom
500629,22632,HAND WARMER RED RETROSPOT,4,2023-12-07 09:55:00,2.1,CUST-10015,United Kingdom
500630,22752,SET 7 BABUSHKA NESTING BOXES,24,2023-06-11 16:28:00,8.5,CUST-10116,United Kingdom
500630,22720,SET OF 3 CAKE TINS PANTRY DESIGN,6,2023-09-03 19:35:00,12.75,CUST-10116,United Kingdom
500630,22633,HAND WARMER UNION JACK,1,2023-04-26 19:03:00,2.1,CUST-10168,Germany
500631,85123A,WHITE HANGING HEART T-LIGHT HOLDER,4,2023-10-29 10:41:00,2.95,CUST-10043,France
500631,22633,HAND WARMER UNION JACK,6,2023-09-04 10:38:00,2.1,CUST-10048,United Kingdom
500631,22960,JAM MAKING SET WITH JARS,1,2023-08-27 18:17:00,4.95,CUST-10007,United Kingdom
500632,71053,WHITE METAL LANTERN,2,2023-12-04 15:55:00,3.75,CUST-10062,United Kingdom
500632,22197,SMALL POPCORN HOLDER,2,2023-10-21 10:51:00,0.85,CUST-10118,United Kingdom
500632,84029E,RED WOOLLY HOTTIE WHITE HEART,1,2023-04-20 09:09:00,4.95,CUST-10525,United Kingdom
500633,22632,HAND WARMER RED RETROSPOT,1,2023-01-13 18:02:00,2.1,CUST-10428,United Kingdom
500633,22197,SMALL POPCORN HOLDER,4,2023-09-27 17:10:00,0.85,CUST-10023,United Kingdom
500633,23084,RABBIT NIGHT LIGHT,2,2023-06-29 08:57:00,2.08,CUST-10174,Spain
500634,84029G,KNITTED UNION FLAG HOT WATER BOTTLE,12,2023-11-19 15:04:00,4.95,CUST-10042,United Kingdom
500634,22720,SET OF 3 CAKE TINS PANTRY DESIGN,4,2023-01-17 09:19:00,12.75,CUST-10450,United Kingdom
500634,84029G,KNITTED UNION FLAG HOT WATER BOTTLE,4,2023-11-01 14:46:00,4.95,CUST-10042,United Kingdom
500635,22633,HAND WARMER UNION JACK,4,2023-08-23 18:09:00,2.1,CUST-10217,United Kingdom
500635,84029G,KNITTED UNION FLAG HOT WATER BOTTLE,4,2023-03-03 17:29:00,4.95,CUST-10484,United Kingdom
500635,84029G,KNITTED UNION FLAG HOT WATER BOTTLE,4,2023-12-23 16:15:00,4.95,CUST-10288,United Kingdom
500636,21730,GLASS STAR FROSTED T-LIGHT HOLDER,1,2023-01-11 10:15:00,3.25,CUST-10577,United Kingdom
500636,22960,JAM MAKING SET WITH JARS,4,2023-12-08 18:11:00,4.95,CUST-10006,United Kingdom
500636,22633,HAND WARMER UNION JACK,1,2023-11-23 15:22:00,2.1,CUST-10056,Spain
500637,21730,GLASS STAR FROSTED T-LIGHT HOLDER,4,2023-12-09 19:08:00,3.25,CUST-10197,Germany
500637,22197,SMALL POPCORN HOLDER,6,2023-06-05 10:07:00,0.85,CUST-10182,United Kingdom
500637,23084,RABBIT NIGHT LIGHT,1,2023-11-18 18:33:00,2.08,CUST-10164,Germany
500638,85123A,WHITE HANGING HEART T-LIGHT HOLDER,4,2023-08-06 11:11:00,2.95,CUST-10011,France
500638,22632,HAND WARMER RED RETROSPOT,4,2023-10-05 16:33:00,2.1,CUST-10047,United Kingdom
500638,84029G,KNITTED UNION FLAG HOT WATER BOTTLE,4,2023-08-27 13:44:00,4.95,CUST-10035,United Kingdom
500639,22086,PAPER CHAIN KIT 50'S CHRISTMAS,2,2023-12-05 18:16:00,2.55,CUST-10320,United Kingdom
500639,22197,SMALL POPCORN HOLDER,1,2023-07-04 14:40:00,0.85,CUST-10103,United Kingdom
500639,22632,HAND WARMER RED RETROSPOT,2,2023-09-11 14:40:00,2.1,CUST-10189,United Kingdom
500640,22720,SET OF 3 CAKE TINS PANTRY DESIGN,2,2023-02-10 17:50:00,12.75,CUST-10472,United Kingdom
500640,22752,SET 7 BABUSHKA NESTING BOXES,12,2023-01-05 17:31:00,8.5,CUST-10503,United Kingdom
500640,84029G,KNITTED UNION FLAG HOT WATER BOTTLE,1,2023-11-12 17:15:00,4.95,CUST-10221,United Kingdom
500641,22960,JAM MAKING SET WITH JARS,1,2023-07-02 11:28:00,4.95,CUST-10183,United Kingdom
500641,22086,PAPER CHAIN KIT 50'S CHRISTMAS,4,2023-01-24 12:04:00,2.55,CUST-10492,United Kingdom
500641,22632,HAND WARMER RED RETROSPOT,1,2023-12-08 09:35:00,2.1,CUST-10165,France
500642,21730,GLASS STAR FROSTED T-LIGHT HOLDER,4,2023-08-21 09:03:00,3.25,CUST-10000,Germany
500642,22752,SET 7 BABUSHKA NESTING BOXES,6,2023-05-01 11:00:00,8.5,CUST-10082,United Kingdom
500642,84406B,CREAM CUPID HEARTS COAT HANGER,1,2023-11-05 16:09:00,4.25,CUST-10036,United Kingdom
500643,85123A,WHITE HANGING HEART T-LIGHT HOLDER,24,2023-05-25 16:28:00,2.95,CUST-10456,United Kingdom
500643,22752,SET 7 BABUSHKA NESTING BOXES,1,2023-07-20 10:41:00,8.5,CUST-10225,United Kingdom
500643,23084,RABBIT NIGHT LIGHT,1,2023-11-01 14:12:00,2.08,CUST-10169,Spain
500644,84879,ASSORTED COLOUR BIRD ORNAMENT,12,2023-09-25 09:27:00,1.69,CUST-10039,United Kingdom
500644,85123A,WHITE HANGING HEART T-LIGHT HOLDER,2,2023-10-28 19:22:00,2.95,CUST-10043,Germany
500644,84029E,RED WOOLLY HOTTIE WHITE HEART,1,2023-11-04 14:41:00,4.95,CUST-10015,United Kingdom
500645,22086,PAPER CHAIN KIT 50'S CHRISTMAS,4,2023-08-05 14:48:00,2.55,CUST-10354,Netherlands
500645,23084,RABBIT NIGHT LIGHT,2,2023-12-08 10:08:00,2.08,CUST-10005,United Kingdom
500645,84406B,CREAM CUPID HEARTS COAT HANGER,12,2023-11-05 12:06:00,4.25,CUST-10188,United Kingdom
500646,23084,RABBIT NIGHT LIGHT,4,2023-09-08 09:30:00,2.08,CUST-10090,United Kingdom
500646,22633,HAND WARMER UNION JACK,24,2023-08-14 08:31:00,2.1,CUST-10328,Spain
500646,22632,HAND WARMER RED RETROSPOT,1,2023-06-05 17:39:00,2.1,CUST-10091,United Kingdom
500647,71053,WHITE METAL LANTERN,1,2023-11-29 15:53:00,3.75,CUST-10047,United Kingdom
500647,84879,ASSORTED COLOUR BIRD ORNAMENT,1,2023-11-30 13:49:00,1.69,CUST-10159,United Kingdom
500647,22197,SMALL POPCORN HOLDER,1,2023-11-12 18:18:00,0.85,CUST-10312,United Kingdom
500648,85123A,WHITE HANGING HEART T-LIGHT HOLDER,4,2023-07-20 15:00:00,2.95,CUST-10017,United Kingdom
500648,22720,SET OF 3 CAKE TINS PANTRY DESIGN,12,2023-08-20 08:07:00,12.75,CUST-10048,United Kingdom
500648,84406B,CREAM CUPID HEARTS COAT HANGER,1,2023-04-25 19:14:00,4.25,CUST-10420,United Kingdom
500649,84029E,RED WOOLLY HOTTIE WHITE HEART,1,2023-12-20 16:42:00,4.95,CUST-10179,United Kingdom
500649,71053,WHITE METAL LANTERN,6,2023-04-11 12:28:00,3.75,CUST-10469,United Kingdom
500649,84406B,CREAM CUPID HEARTS COAT HANGER,2,2023-08-02 19:26:00,4.25,CUST-10070,United Kingdom
500650,85123A,WHITE HANGING HEART T-LIGHT HOLDER,1,2023-12-12 15:54:00,2.95,CUST-10152,Germany
500650,22720,SET OF 3 CAKE TINS PANTRY DESIGN,1,2023-11-12 10:35:00,12.75,CUST-10260,Germany
500650,84879,ASSORTED COLOUR BIRD ORNAMENT,6,2023-03-28 16:47:00,1.69,,United Kingdom
500651,22720,SET OF 3 CAKE TINS PANTRY DESIGN,2,2023-08-22 08:44:00,12.75,CUST-10229,France
500651,23084,RABBIT NIGHT LIGHT,4,2023-10-18 18:09:00,2.08,CUST-10045,United Kingdom
500651,22752,SET 7 BABUSHKA NESTING BOXES,6,2023-09-15 15:31:00,8.5,CUST-10031,United Kingdom
500652,84029E,RED WOOLLY HOTTIE WHITE HEART,1,2023-05-27 13:17:00,4.95,CUST-10535,United Kingdom
500652,22960,JAM MAKING SET WITH JARS,4,2023-11-02 15:24:00,4.95,CUST-10022,United Kingdom
500652,22720,SET OF 3 CAKE TINS PANTRY DESIGN,4,2023-12-01 13:57:00,12.75,CUST-10220,Germany
500653,84029G,KNITTED UNION FLAG HOT WATER BOTTLE,24,2023-01-06 14:47:00,4.95,CUST-10462,United Kingdom
500653,84029G,KNITTED UNION FLAG HOT WATER BOTTLE,4,2023-09-27 19:08:00,4.95,CUST-10053,United Kingdom
500653,84029E,RED WOOLLY HOTTIE WHITE HEART,24,2023-07-04 16:13:00,4.95,CUST-10102,United Kingdom
500654,22086,PAPER CHAIN KIT 50'S CHRISTMAS,6,2023-05-05 18:10:00,2.55,CUST-10134,United Kingdom
500654,84029G,KNITTED UNION FLAG HOT WATER BOTTLE,2,2023-08-30 10:34:00,4.95,CUST-10039,United Kingdom
500654,84029G,KNITTED UNION FLAG HOT WATER BOTTLE,2,2023-03-04 14:03:00,4.95,CUST-10525,United Kingdom
500655,71053,WHITE METAL LANTERN,1,2023-09-22 08:13:00,3.75,CUST-10083,United Kingdom
500655,22752,SET 7 BABUSHKA NESTING BOXES,1,2023-02-07 14:19:00,8.5,CUST-10393,United Kingdom
500655,22633,HAND WARMER UNION JACK,1,2023-03-15 09:14:00,2.1,CUST-10504,United Kingdom
500656,22197,SMALL POPCORN HOLDER,2,2023-04-21 17:27:00,0.85,CUST-10076,United Kingdom
500656,22197,SMALL POPCORN HOLDER,4,2023-04-11 15:39:00,0.85,CUST-10478,United Kingdom
500656,84406B,CREAM CUPID HEARTS COAT HANGER,12,2023-10-10 17:21:00,4.25,CUST-10321,United Kingdom
500657,22086,PAPER CHAIN KIT 50'S CHRISTMAS,1,2023-10-11 16:50:00,2.55,CUST-10115,United Kingdom
500657,84879,ASSORTED COLOUR BIRD ORNAMENT,4,2023-04-19 15:46:00,1.69,CUST-10595,United Kingdom
500657,22752,SET 7 BABUSHKA NESTING BOXES,1,2023-12-10 18:08:00,8.5,CUST-10284,Germany
500658,22197,SMALL POPCORN HOLDER,4,2023-11-28 17:32:00,0.85,CUST-10016,United Kingdom
500658,22752,SET 7 BABUSHKA NESTING BOXES,1,2023-12-26 10:22:00,8.5,CUST-10100,United Kingdom
500658,22960,JAM MAKING SET WITH JARS,4,2023-03-03 10:48:00,4.95,CUST-10453,United Kingdom
500659,22197,SMALL POPCORN HOLDER,12,2023-08-24 17:32:00,0.85,CUST-10059,United Kingdom
500659,22633,HAND WARMER UNION JACK,1,2023-11-06 12:21:00,2.1,CUST-10035,France
C500659,84029E,RED WOOLLY HOTTIE WHITE HEART,-2,2023-05-08 09:15:00,4.95,CUST-10209,United Kingdom
C500660,71053,WHITE METAL LANTERN,-4,2023-09-27 08:06:00,3.75,CUST-10121,United Kingdom
500660,22632,HAND WARMER RED RETROSPOT,1,2023-12-09 08:11:00,2.1,CUST-10366,United Kingdom
500660,23084,RABBIT NIGHT LIGHT,4,2023-11-09 19:48:00,2.08,CUST-10037,Germany
500661,84029G,KNITTED UNION FLAG HOT WATER BOTTLE,4,2023-04-22 08:20:00,4.95,CUST-10094,United Kingdom
500661,84029E,RED WOOLLY HOTTIE WHITE HEART,1,2023-07-30 12:40:00,4.95,CUST-10032,United Kingdom
500661,22197,SMALL POPCORN HOLDER,4,2023-09-23 11:11:00,0.85,CUST-10055,United Kingdom
500662,84029E,RED WOOLLY HOTTIE WHITE HEART,1,2023-07-25 08:28:00,4.95,CUST-10052,France
500662,22086,PAPER CHAIN KIT 50'S CHRISTMAS,1,2023-05-26 11:21:00,2.55,CUST-10123,United Kingdom
500662,22633,HAND WARMER UNION JACK,1,2023-09-01 08:37:00,2.1,CUST-10081,United Kingdom
500663,22197,SMALL POPCORN HOLDER,4,2023-12-20 08:38:00,0.85,CUST-10160,Spain
500663,22960,JAM MAKING SET WITH JARS,1,2023-04-01 11:08:00,4.95,CUST-10209,United Kingdom
500663,84879,ASSORTED COLOUR BIRD ORNAMENT,2,2023-11-10 16:44:00,1.69,CUST-10014,United Kingdom
500664,22720,SET OF 3 CAKE TINS PANTRY DESIGN,1,2023-04-26 14:19:00,12.75,CUST-10554,France
500664,22197,SMALL POPCORN HOLDER,6,2023-08-20 19:18:00,0.85,CUST-10215,United Kingdom
500664,22632,HAND WARMER RED RETROSPOT,1,2023-08-05 09:51:00,2.1,CUST-10009,United Kingdom
500665,21730,GLASS STAR FROSTED T-LIGHT HOLDER,1,2023-11-10 19:13:00,3.25,CUST-10087,United Kingdom
500665,22960,JAM MAKING SET WITH JARS,4,2023-07-26 15:06:00,4.95,CUST-10027,Germany
500665,22752,SET 7 BABUSHKA NESTING BOXES,1,2023-10-05 19:50:00,8.5,CUST-10193,United Kingdom
500666,21730,GLASS STAR FROSTED T-LIGHT HOLDER,1,2023-01-12 11:58:00,3.25,CUST-10489,United Kingdom
500666,22632,HAND WARMER RED RETROSPOT,1,2023-09-24 12:56:00,2.1,CUST-10028,United Kingdom
500666,23084,RABBIT NIGHT LIGHT,2,2023-08-21 11:19:00,2.08,CUST-10176,United Kingdom
500667,22752,SET 7 BABUSHKA NESTING BOXES,1,2023-01-18 10:38:00,8.5,CUST-10489,United Kingdom
500667,21730,GLASS STAR FROSTED T-LIGHT HOLDER,2,2023-10-12 18:03:00,3.25,CUST-10023,United Kingdom
500667,84029G,KNITTED UNION FLAG HOT WATER BOTTLE,4,2023-05-03 17:30:00,4.95,CUST-10501,United Kingdom
500668,84406B,CREAM CUPID HEARTS COAT HANGER,2,2023-12-29 14:17:00,4.25,CUST-10253,United Kingdom
500668,22086,PAPER CHAIN KIT 50'S CHRISTMAS,6,2023-08-18 11:31:00,2.55,CUST-10059,United Kingdom
C500668,84406B,CREAM CUPID HEARTS COAT HANGER,-1,2023-12-01 12:14:00,4.25,CUST-10026,United Kingdom
500669,22720,SET OF 3 CAKE TINS PANTRY DESIGN,2,2023-12-05 19:31:00,12.75,CUST-10012,United Kingdom
500669,22752,SET 7 BABUSHKA NESTING BOXES,12,2023-07-21 09:31:00,8.5,CUST-10062,United Kingdom
500669,22960,JAM MAKING SET WITH JARS,2,2023-08-29 14:56:00,4.95,CUST-10036,United Kingdom
500670,22752,SET 7 BABUSHKA NESTING BOXES,4,2023-07-26 16:54:00,8.5,CUST-10373,Netherlands
500670,22632,HAND WARMER RED RETROSPOT,1,2023-07-15 10:35:00,2.1,CUST-10237,United Kingdom
500670,22720,SET OF 3 CAKE TINS PANTRY DESIGN,2,2023-07-29 10:34:00,12.75,CUST-10122,United Kingdom
500671,22752,SET 7 BABUSHKA NESTING BOXES,2,2023-12-26 11:34:00,8.5,CUST-10147,United Kingdom
500671,21730,GLASS STAR FROSTED T-LIGHT HOLDER,2,2023-07-30 12:44:00,3.25,CUST-10362,United Kingdom
500671,84406B,CREAM CUPID HEARTS COAT HANGER,2,2023-04-08 11:35:00,4.25,CUST-10140,United Kingdom
500672,71053,WHITE METAL LANTERN,6,2023-02-23 08:00:00,3.75,CUST-10425,France
500672,22633,HAND WARMER UNION JACK,6,2023-12-19 08:58:00,2.1,CUST-10021,United Kingdom
500672,84029E,RED WOOLLY HOTTIE WHITE HEART,6,2023-04-05 15:26:00,4.95,CUST-10578,United Kingdom
500673,22720,SET OF 3 CAKE TINS PANTRY DESIGN,6,2023-09-20 18:02:00,12.75,CUST-10034,United Kingdom
500673,23084,RABBIT NIGHT LIGHT,1,2023-07-09 17:22:00,2.08,CUST-10189,Netherlands
500673,71053,WHITE METAL LANTERN,1,2023-07-15 14:37:00,3.75,CUST-10332,France
500674,22086,PAPER CHAIN KIT 50'S CHRISTMAS,1,2023-11-30 11:48:00,2.55,CUST-10130,United Kingdom
500674,22197,SMALL POPCORN HOLDER,4,2023-12-10 10:07:00,0.85,CUST-10165,United Kingdom
500674,22633,HAND WARMER UNION JACK,2,2023-08-13 11:35:00,2.1,CUST-10013,United Kingdom
500675,22086,PAPER CHAIN KIT 50'S CHRISTMAS,4,2023-10-13 15:45:00,2.55,CUST-10197,United Kingdom
500675,22197,SMALL POPCORN HOLDER,1,2023-03-11 10:32:00,0.85,CUST-10408,United Kingdom
500675,84879,ASSORTED COLOUR BIRD ORNAMENT,4,2023-12-28 13:24:00,1.69,CUST-10214,United Kingdom
500676,84029G,KNITTED UNION FLAG HOT WATER BOTTLE,2,2023-09-12 08:04:00,4.95,CUST-10026,United Kingdom
500676,22633,HAND WARMER UNION JACK,2,2023-04-17 13:54:00,2.1,CUST-10166,United Kingdom
500676,23084,RABBIT NIGHT LIGHT,1,2023-08-31 17:22:00,2.08,CUST-10037,United Kingdom
500677,22632,HAND WARMER RED RETROSPOT,1,2023-12-06 13:39:00,2.1,CUST-10320,United Kingdom
500677,71053,WHITE METAL LANTERN,1,2023-06-26 09:18:00,3.75,CUST-10060,Netherlands
500677,84029G,KNITTED UNION FLAG HOT WATER BOTTLE,12,2023-03-24 17:55:00,4.95,CUST-10515,United Kingdom
500678,22086,PAPER CHAIN KIT 50'S CHRISTMAS,4,2023-09-03 13:30:00,2.55,CUST-10017,United Kingdom
500678,22086,PAPER CHAIN KIT 50'S CHRISTMAS,1,2023-10-01 17:29:00,2.55,CUST-10023,United Kingdom
500678,84029G,KNITTED UNION FLAG HOT WATER BOTTLE,2,2023-05-05 08:35:00,4.95,CUST-10134,United Kingdom
500679,84029G,KNITTED UNION FLAG HOT WATER BOTTLE,4,2023-11-10 13:58:00,4.95,CUST-10007,United Kingdom
500679,84406B,CREAM CUPID HEARTS COAT HANGER,6,2023-09-11 19:31:00,4.25,CUST-10016,United Kingdom
500679,22720,SET OF 3 CAKE TINS PANTRY DESIGN,1,2023-12-15 15:27:00,12.75,CUST-10007,United Kingdom
500680,21730,GLASS STAR FROSTED T-LIGHT HOLDER,1,2023-04-11 16:34:00,3.25,CUST-10191,United Kingdom
500680,23084,RABBIT NIGHT LIGHT,4,2023-09-26 17:27:00,2.08,CUST-10047,United Kingdom
500680,85123A,WHITE HANGING HEART T-LIGHT HOLDER,2,2023-10-08 10:00:00,2.95,CUST-10029,United Kingdom
500681,21730,GLASS STAR FROSTED T-LIGHT HOLDER,2,2023-05-03 17:05:00,3.25,CUST-10534,United Kingdom
500681,21730,GLASS STAR FROSTED T-LIGHT HOLDER,1,2023-04-01 17:26:00,3.25,CUST-10445,France
500681,22720,SET OF 3 CAKE TINS PANTRY DESIGN,2,2023-10-11 19:56:00,12.75,CUST-10042,Netherlands
500682,84029E,RED WOOLLY HOTTIE WHITE HEART,1,2023-08-17 10:47:00,4.95,CUST-10366,Spain
500682,22752,SET 7 BABUSHKA NESTING BOXES,1,2023-10-03 17:30:00,8.5,CUST-10046,United Kingdom
500682,23084,RABBIT NIGHT LIGHT,1,2023-03-29 15:10:00,2.08,CUST-10112,United Kingdom
500683,22086,PAPER CHAIN KIT 50'S CHRISTMAS,12,2023-01-21 15:06:00,2.55,CUST-10482,United Kingdom
500683,84029E,RED WOOLLY HOTTIE WHITE HEART,12,2023-11-06 09:38:00,4.95,CUST-10010,United Kingdom
500683,22632,HAND WARMER RED RETROSPOT,1,2023-11-14 09:43:00,2.1,CUST-10290,United Kingdom
500684,23084,RABBIT NIGHT LIGHT,2,2023-09-18 11:21:00,2.08,CUST-10204,United Kingdom
500684,84029G,KNITTED UNION FLAG HOT WATER BOTTLE,2,2023-08-13 14:21:00,4.95,CUST-10086,United Kingdom
500684,23084,RABBIT NIGHT LIGHT,4,2023-10-20 12:54:00,2.08,CUST-10155,United Kingdom
500685,22960,JAM MAKING SET WITH JARS,1,2023-08-23 14:37:00,4.95,CUST-10033,United Kingdom
500685,84879,ASSORTED COLOUR BIRD ORNAMENT,2,2023-04-25 09:43:00,1.69,CUST-10133,United Kingdom
500685,22086,PAPER CHAIN KIT 50'S CHRISTMAS,1,2023-12-26 09:23:00,2.55,CUST-10005,France
500686,84879,ASSORTED COLOUR BIRD ORNAMENT,12,2023-10-07 17:19:00,1.69,CUST-10013,United Kingdom
500686,21730,GLASS STAR FROSTED T-LIGHT HOLDER,6,2023-10-25 08:44:00,3.25,CUST-10006,United Kingdom
500686,84029G,KNITTED UNION FLAG HOT WATER BOTTLE,1,2023-08-24 17:22:00,4.95,CUST-10289,United Kingdom
500687,23084,RABBIT NIGHT LIGHT,2,2023-12-06 11:35:00,2.08,CUST-10054,United Kingdom
500687,22960,JAM MAKING SET WITH JARS,12,2023-11-16 14:47:00,4.95,CUST-10194,United Kingdom
500687,22752,SET 7 BABUSHKA NESTING BOXES,1,2023-10-03 11:05:00,8.5,CUST-10226,United Kingdom
500688,22960,JAM MAKING SET WITH JARS,1,2023-11-18 14:11:00,4.95,CUST-10039,Germany
500688,22720,SET OF 3 CAKE TINS PANTRY DESIGN,4,2023-11-30 18:28:00,12.75,CUST-10007,United Kingdom
500688,22752,SET 7 BABUSHKA NESTING BOXES,1,2023-11-05 08:00:00,8.5,CUST-10031,United Kingdom
500689,22086,PAPER CHAIN KIT 50'S CHRISTMAS,2,2023-04-06 16:33:00,2.55,CUST-10494,United Kingdom
500689,22720,SET OF 3 CAKE TINS PANTRY DESIGN,6,2023-11-17 19:47:00,12.75,CUST-10048,Spain
500689,22960,JAM MAKING SET WITH JARS,1,2023-09-21 14:32:00,4.95,CUST-10243,United Kingdom
500690,22086,PAPER CHAIN KIT 50'S CHRISTMAS,4,2023-09-10 16:41:00,2.55,CUST-10096,United Kingdom
500690,22633,HAND WARMER UNION JACK,1,2023-08-16 12:12:00,2.1,CUST-10048,United Kingdom
500690,22086,PAPER CHAIN KIT 50'S CHRISTMAS,2,2023-02-09 09:08:00,2.55,CUST-10476,United Kingdom
500691,84879,ASSORTED COLOUR BIRD ORNAMENT,2,2023-11-08 11:38:00,1.69,CUST-10027,United Kingdom
500691,22197,SMALL POPCORN HOLDER,4,2023-12-06 18:17:00,0.85,CUST-10110,United Kingdom
500691,85123A,WHITE HANGING HEART T-LIGHT HOLDER,1,2023-12-22 13:51:00,2.95,CUST-10094,United Kingdom
500692,22960,JAM MAKING SET WITH JARS,4,2023-09-20 12:23:00,4.95,CUST-10019,Spain
500692,22752,SET 7 BABUSHKA NESTING BOXES,4,2023-09-06 12:36:00,8.5,CUST-10164,United Kingdom
500692,22752,SET 7 BABUSHKA NESTING BOXES,1,2023-11-07 08:20:00,8.5,CUST-10364,United Kingdom
500693,22086,PAPER CHAIN KIT 50'S CHRISTMAS,6,2023-08-15 18:07:00,2.55,CUST-10099,United Kingdom
500693,22960,JAM MAKING SET WITH JARS,4,2023-07-17 10:17:00,4.95,CUST-10143,United Kingdom
C500693,22197,SMALL POPCORN HOLDER,-1,2023-08-03 17:32:00,0.85,CUST-10160,United Kingdom
500694,84406B,CREAM CUPID HEARTS COAT HANGER,4,2023-07-07 13:01:00,4.25,CUST-10206,United Kingdom
500694,85123A,WHITE HANGING HEART T-LIGHT HOLDER,1,2023-09-14 13:49:00,2.95,CUST-10007,United Kingdom
500694,22720,SET OF 3 CAKE TINS PANTRY DESIGN,1,2023-09-15 13:13:00,12.75,CUST-10004,United Kingdom
500695,85123A,WHITE HANGING HEART T-LIGHT HOLDER,2,2023-12-29 13:38:00,2.95,CUST-10044,Germany
500695,21730,GLASS STAR FROSTED T-LIGHT HOLDER,2,2023-07-06 14:50:00,3.25,CUST-10384,United Kingdom
500695,22960,JAM MAKING SET WITH JARS,2,2023-05-21 13:46:00,4.95,CUST-10103,United Kingdom
500696,22197,SMALL POPCORN HOLDER,4,2023-10-14 15:12:00,0.85,CUST-10288,United Kingdom
500696,22720,SET OF 3 CAKE TINS PANTRY DESIGN,1,2023-08-31 09:49:00,12.75,CUST-10035,United Kingdom
500696,84879,ASSORTED COLOUR BIRD ORNAMENT,6,2023-09-28 14:36:00,1.69,CUST-10153,United Kingdom
500697,22197,SMALL POPCORN HOLDER,1,2023-08-30 09:31:00,0.85,CUST-10098,United Kingdom
500697,22197,SMALL POPCORN HOLDER,4,2023-05-08 19:09:00,0.85,CUST-10138,United Kingdom
500697,84029G,KNITTED UNION FLAG HOT WATER BOTTLE,2,2023-12-10 15:02:00,4.95,CUST-10026,United Kingdom
500698,22633,HAND WARMER UNION JACK,2,2023-11-19 16:41:00,2.1,CUST-10074,United Kingdom
500698,22197,SMALL POPCORN HOLDER,2,2023-11-06 18:19:00,0.85,CUST-10053,United Kingdom
500698,84029G,KNITTED UNION FLAG HOT WATER BOTTLE,4,2023-08-04 11:04:00,4.95,CUST-10017,United Kingdom
500699,84879,ASSORTED COLOUR BIRD ORNAMENT,6,2023-10-31 17:43:00,1.69,CUST-10387,United Kingdom
500699,84879,ASSORTED COLOUR BIRD ORNAMENT,4,2023-10-28 14:53:00,1.69,CUST-10032,United Kingdom
500699,22197,SMALL POPCORN HOLDER,4,2023-05-07 17:58:00,0.85,CUST-10194,United Kingdom
500700,84879,ASSORTED COLOUR BIRD ORNAMENT,4,2023-06-23 15:09:00,1.69,CUST-10115,United Kingdom
500700,22633,HAND WARMER UNION JACK,1,2023-05-09 10:41:00,2.1,CUST-10580,United Kingdom
500700,84029G,KNITTED UNION FLAG HOT WATER BOTTLE,4,2023-09-26 16:43:00,4.95,CUST-10011,United Kingdom
500701,22086,PAPER CHAIN KIT 50'S CHRISTMAS,2,2023-08-20 10:16:00,2.55,CUST-10246,United Kingdom
500701,85123A,WHITE HANGING HEART T-LIGHT HOLDER,4,2023-10-09 12:41:00,2.95,CUST-10065,Netherlands
500701,84029G,KNITTED UNION FLAG HOT WATER BOTTLE,4,2023-06-30 18:57:00,4.95,CUST-10251,United Kingdom
500702,21730,GLASS STAR FROSTED T-LIGHT HOLDER,4,2023-08-26 19:27:00,3.25,CUST-10209,United Kingdom
500702,85123A,WHITE HANGING HEART T-LIGHT HOLDER,1,2023-10-15 09:06:00,2.95,CUST-10229,Germany
500702,85123A,WHITE HANGING HEART T-LIGHT HOLDER,4,2023-09-23 08:01:00,2.95,CUST-10321,United Kingdom
500703,22720,SET OF 3 CAKE TINS PANTRY DESIGN,4,2023-12-06 10:23:00,12.75,CUST-10307,United Kingdom
500703,22720,SET OF 3 CAKE TINS PANTRY DESIGN,2,2023-11-20 12:10:00,12.75,CUST-10167,United Kingdom
500703,71053,WHITE METAL LANTERN,1,2023-09-06 19:35:00,3.75,CUST-10179,United Kingdom
500704,84029E,RED WOOLLY HOTTIE WHITE HEART,1,2023-11-26 16:43:00,4.95,CUST-10013,United Kingdom
500704,84406B,CREAM CUPID HEARTS COAT HANGER,4,2023-12-14 13:07:00,4.25,CUST-10042,United Kingdom
500704,71053,WHITE METAL LANTERN,4,2023-08-09 14:55:00,3.75,CUST-10349,United Kingdom
500705,22632,HAND WARMER RED RETROSPOT,4,2023-10-11 08:30:00,2.1,CUST-10054,United Kingdom
500705,22633,HAND WARMER UNION JACK,2,2023-04-20 17:50:00,2.1,CUST-10563,United Kingdom
500705,22720,SET OF 3 CAKE TINS PANTRY DESIGN,1,2023-07-22 13:55:00,12.75,CUST-10078,United Kingdom
500706,23084,RABBIT NIGHT LIGHT,4,2023-09-09 12:53:00,2.08,CUST-10001,United Kingdom
500706,22633,HAND WARMER UNION JACK,1,2023-05-12 13:32:00,2.1,CUST-10391,United Kingdom
500706,71053,WHITE METAL LANTERN,4,2023-07-22 13:32:00,3.75,CUST-10035,Germany
500707,22720,SET OF 3 CAKE TINS PANTRY DESIGN,2,2023-11-11 14:13:00,12.75,CUST-10319,Germany
500707,84029G,KNITTED UNION FLAG HOT WATER BOTTLE,4,2023-08-17 12:04:00,4.95,CUST-10055,United Kingdom
500707,22720,SET OF 3 CAKE TINS PANTRY DESIGN,1,2023-01-14 19:45:00,12.75,CUST-10439,United Kingdom
500708,23084,RABBIT NIGHT LIGHT,2,2023-10-25 18:20:00,2.08,CUST-10010,United Kingdom
500708,23084,RABBIT NIGHT LIGHT,6,2023-01-25 15:22:00,2.08,CUST-10473,United Kingdom
500708,22086,PAPER CHAIN KIT 50'S CHRISTMAS,2,2023-07-21 18:31:00,2.55,CUST-10305,United Kingdom
C500709,22752,SET 7 BABUSHKA NESTING BOXES,-2,2023-09-28 09:30:00,8.5,CUST-10036,United Kingdom
500709,84029G,KNITTED UNION FLAG HOT WATER BOTTLE,4,2023-09-13 13:50:00,4.95,CUST-10039,United Kingdom
500709,84406B,CREAM CUPID HEARTS COAT HANGER,4,2023-12-21 19:08:00,4.25,CUST-10257,Netherlands
500710,22960,JAM MAKING SET WITH JARS,1,2023-09-19 19:17:00,4.95,CUST-10175,United Kingdom
500710,22960,JAM MAKING SET WITH JARS,4,2023-12-10 12:14:00,4.95,CUST-10017,France
500710,84879,ASSORTED COLOUR BIRD ORNAMENT,1,2023-01-13 08:40:00,1.69,CUST-10501,United Kingdom
500711,22720,SET OF 3 CAKE TINS PANTRY DESIGN,1,2023-12-16 11:37:00,12.75,CUST-10015,United Kingdom
500711,21730,GLASS STAR FROSTED T-LIGHT HOLDER,24,2023-11-17 16:32:00,3.25,CUST-10011,United Kingdom
500711,23084,RABBIT NIGHT LIGHT,2,2023-08-13 17:16:00,2.08,CUST-10298,Spain
500712,22633,HAND WARMER UNION JACK,4,2023-07-25 14:10:00,2.1,CUST-10012,Germany
500712,84029E,RED WOOLLY HOTTIE WHITE HEART,2,2023-09-30 16:36:00,4.95,CUST-10279,United Kingdom
500712,23084,RABBIT NIGHT LIGHT,1,2023-12-20 12:26:00,2.08,CUST-10078,Germany
500713,84029E,RED WOOLLY HOTTIE WHITE HEART,1,2023-08-15 14:26:00,4.95,CUST-10059,United Kingdom
500713,22960,JAM MAKING SET WITH JARS,12,2023-08-14 11:43:00,4.95,CUST-10084,Netherlands
500713,22086,PAPER CHAIN KIT 50'S CHRISTMAS,4,2023-01-17 16:10:00,2.55,CUST-10596,United Kingdom
500714,22197,SMALL POPCORN HOLDER,1,2023-06-01 12:29:00,0.85,CUST-10139,United Kingdom
500714,84029G,KNITTED UNION FLAG HOT WATER BOTTLE,12,2023-12-06 09:46:00,4.95,CUST-10278,United Kingdom
500714,22752,SET 7 BABUSHKA NESTING BOXES,4,2023-08-17 13:19:00,8.5,CUST-10015,United Kingdom
500715,84029E,RED WOOLLY HOTTIE WHITE HEART,2,2023-01-10 13:06:00,4.95,CUST-10401,United Kingdom
500715,22960,JAM MAKING SET WITH JARS,2,2023-05-15 16:02:00,4.95,CUST-10571,United Kingdom
500715,22633,HAND WARMER UNION JACK,4,2023-03-07 19:47:00,2.1,CUST-10589,United Kingdom
500716,84879,ASSORTED COLOUR BIRD ORNAMENT,2,2023-12-15 18:44:00,1.69,CUST-10097,United Kingdom
500716,22632,HAND WARMER RED RETROSPOT,2,2023-10-31 13:55:00,2.1,CUST-10360,United Kingdom
500716,22752,SET 7 BABUSHKA NESTING BOXES,24,2023-09-18 16:27:00,8.5,CUST-10367,United Kingdom
500717,22752,SET 7 BABUSHKA NESTING BOXES,1,2023-07-04 12:13:00,8.5,CUST-10269,United Kingdom
500717,84029G,KNITTED UNION FLAG HOT WATER BOTTLE,2,2023-10-24 10:11:00,4.95,CUST-10139,United Kingdom
500717,84029E,RED WOOLLY HOTTIE WHITE HEART,1,2023-12-20 18:44:00,4.95,CUST-10304,United Kingdom
500718,71053,WHITE METAL LANTERN,1,2023-03-07 16:34:00,3.75,CUST-10147,United Kingdom
500718,84879,ASSORTED COLOUR BIRD ORNAMENT,1,2023-02-22 11:53:00,1.69,CUST-10472,United Kingdom
500718,22752,SET 7 BABUSHKA NESTING BOXES,1,2023-03-11 12:35:00,8.5,CUST-10396,United Kingdom
500719,22197,SMALL POPCORN HOLDER,12,2023-02-17 17:46:00,0.85,CUST-10592,Spain
500719,22960,JAM MAKING SET WITH JARS,6,2023-09-19 08:41:00,4.95,CUST-10137,Netherlands
500719,22960,JAM MAKING SET WITH JARS,1,2023-04-30 11:56:00,4.95,CUST-10170,United Kingdom
500720,84029G,KNITTED UNION FLAG HOT WATER BOTTLE,1,2023-10-24 10:53:00,4.95,CUST-10048,United Kingdom
500720,22197,SMALL POPCORN HOLDER,1,2023-12-07 17:13:00,0.85,CUST-10039,United Kingdom
500720,84406B,CREAM CUPID HEARTS COAT HANGER,24,2023-11-06 13:01:00,4.25,CUST-10238,United Kingdom
500721,21730,GLASS STAR FROSTED T-LIGHT HOLDER,2,2023-10-31 17:21:00,3.25,CUST-10075,United Kingdom
500721,21730,GLASS STAR FROSTED T-LIGHT HOLDER,1,2023-12-26 09:46:00,3.25,CUST-10231,United Kingdom
500721,22720,SET OF 3 CAKE TINS PANTRY DESIGN,2,2023-08-17 12:34:00,12.75,CUST-10031,Spain
500722,22086,PAPER CHAIN KIT 50'S CHRISTMAS,1,2023-10-18 10:09:00,2.55,CUST-10005,United Kingdom
500722,22720,SET OF 3 CAKE TINS PANTRY DESIGN,2,2023-11-03 08:42:00,12.75,CUST-10304,United Kingdom
500722,21730,GLASS STAR FROSTED T-LIGHT HOLDER,12,2023-12-02 15:14:00,3.25,CUST-10268,United Kingdom
500723,22960,JAM MAKING SET WITH JARS,6,2023-04-21 13:44:00,4.95,CUST-10106,United Kingdom
500723,84029E,RED WOOLLY HOTTIE WHITE HEART,1,2023-01-21 08:57:00,4.95,,France
500723,22197,SMALL POPCORN HOLDER,1,2023-07-28 09:27:00,0.85,CUST-10011,Spain
500724,85123A,WHITE HANGING HEART T-LIGHT HOLDER,1,2023-07-26 16:30:00,2.95,CUST-10172,Germany
500724,84406B,CREAM CUPID HEARTS COAT HANGER,1,2023-11-01 17:33:00,4.25,CUST-10315,United Kingdom
500724,84029E,RED WOOLLY HOTTIE WHITE HEART,1,2023-12-06 08:41:00,4.95,CUST-10278,United Kingdom
500725,84029G,KNITTED UNION FLAG HOT WATER BOTTLE,4,2023-06-30 09:17:00,4.95,CUST-10222,United Kingdom
C500725,84406B,CREAM CUPID HEARTS COAT HANGER,-12,2023-10-31 12:01:00,4.25,CUST-10232,United Kingdom
500725,22633,HAND WARMER UNION JACK,2,2023-06-27 14:24:00,2.1,CUST-10063,United Kingdom
500726,21730,GLASS STAR FROSTED T-LIGHT HOLDER,1,2023-06-12 10:04:00,3.25,CUST-10140,United Kingdom
500726,22086,PAPER CHAIN KIT 50'S CHRISTMAS,1,2023-12-18 10:38:00,2.55,CUST-10049,United Kingdom
500726,23084,RABBIT NIGHT LIGHT,2,2023-02-02 10:42:00,2.08,CUST-10497,United Kingdom
500727,23084,RABBIT NIGHT LIGHT,4,2023-09-30 15:12:00,2.08,CUST-10234,United Kingdom
500727,22086,PAPER CHAIN KIT 50'S CHRISTMAS,2,2023-04-03 15:41:00,2.55,CUST-10183,United Kingdom
500727,84029G,KNITTED UNION FLAG HOT WATER BOTTLE,1,2023-06-02 12:47:00,4.95,CUST-10126,United Kingdom
500728,84029E,RED WOOLLY HOTTIE WHITE HEART,4,2023-03-24 17:28:00,4.95,CUST-10414,United Kingdom
500728,22633,HAND WARMER UNION JACK,2,2023-08-28 11:39:00,2.1,CUST-10351,United Kingdom
500728,85123A,WHITE HANGING HEART T-LIGHT HOLDER,4,2023-04-20 17:23:00,2.95,CUST-10573,Netherlands
500729,84029G,KNITTED UNION FLAG HOT WATER BOTTLE,1,2023-04-28 11:14:00,4.95,CUST-10496,United Kingdom
500729,22086,PAPER CHAIN KIT 50'S CHRISTMAS,6,2023-10-11 11:39:00,2.55,CUST-10264,United Kingdom
500729,22960,JAM MAKING SET WITH JARS,2,2023-12-29 09:39:00,4.95,CUST-10048,United Kingdom
500730,84029G,KNITTED UNION FLAG HOT WATER BOTTLE,6,2023-09-10 13:14:00,4.95,CUST-10188,Germany
500730,71053,WHITE METAL LANTERN,1,2023-08-21 08:48:00,3.75,CUST-10086,United Kingdom
500730,84029E,RED WOOLLY HOTTIE WHITE HEART,1,2023-06-25 18:12:00,4.95,CUST-10156,United Kingdom
500731,84029E,RED WOOLLY HOTTIE WHITE HEART,1,2023-12-15 12:52:00,4.95,CUST-10171,United Kingdom
500731,84029G,KNITTED UNION FLAG HOT WATER BOTTLE,1,2023-10-16 19:17:00,4.95,CUST-10245,United Kingdom
500731,22960,JAM MAKING SET WITH JARS,2,2023-09-20 09:18:00,4.95,CUST-10058,United Kingdom
C500732,22960,JAM MAKING SET WITH JARS,-2,2023-01-31 16:39:00,4.95,CUST-10395,Netherlands
500732,84029E,RED WOOLLY HOTTIE WHITE HEART,4,2023-03-08 09:19:00,4.95,CUST-10084,United Kingdom
500732,22632,HAND WARMER RED RETROSPOT,1,2023-12-23 09:43:00,2.1,CUST-10131,United Kingdom
500733,22086,PAPER CHAIN KIT 50'S CHRISTMAS,2,2023-11-17 16:44:00,2.55,CUST-10294,United Kingdom
500733,22960,JAM MAKING SET WITH JARS,1,2023-12-07 12:22:00,4.95,CUST-10023,United Kingdom
500733,22752,SET 7 BABUSHKA NESTING BOXES,4,2023-08-01 19:37:00,8.5,CUST-10025,United Kingdom
500734,84029G,KNITTED UNION FLAG HOT WATER BOTTLE,2,2023-05-17 11:44:00,4.95,CUST-10207,United Kingdom
500734,22197,SMALL POPCORN HOLDER,1,2023-09-10 14:45:00,0.85,CUST-10279,United Kingdom
500734,84406B,CREAM CUPID HEARTS COAT HANGER,2,2023-08-09 08:28:00,4.25,CUST-10046,United Kingdom
500735,22086,PAPER CHAIN KIT 50'S CHRISTMAS,4,2023-10-31 18:45:00,2.55,CUST-10032,United Kingdom
500735,84029E,RED WOOLLY HOTTIE WHITE HEART,2,2023-05-11 17:37:00,4.95,CUST-10585,United Kingdom
500735,84029G,KNITTED UNION FLAG HOT WATER BOTTLE,1,2023-10-03 16:49:00,4.95,CUST-10016,United Kingdom
500736,84879,ASSORTED COLOUR BIRD ORNAMENT,2,2023-06-16 08:50:00,1.69,CUST-10113,United Kingdom
500736,84879,ASSORTED COLOUR BIRD ORNAMENT,1,2023-12-13 16:54:00,1.69,CUST-10366,United Kingdom
500736,84879,ASSORTED COLOUR BIRD ORNAMENT,1,2023-11-27 11:00:00,1.69,CUST-10003,United Kingdom
500737,21730,GLASS STAR FROSTED T-LIGHT HOLDER,4,2023-07-21 08:49:00,3.25,CUST-10053,United Kingdom
500737,22197,SMALL POPCORN HOLDER,1,2023-08-15 08:10:00,0.85,CUST-10127,United Kingdom
500737,22633,HAND WARMER UNION JACK,1,2023-09-16 08:23:00,2.1,CUST-10149,United Kingdom
500738,71053,WHITE METAL LANTERN,1,2023-11-07 17:07:00,3.75,CUST-10033,United Kingdom
500738,84406B,CREAM CUPID HEARTS COAT HANGER,1,2023-10-06 16:34:00,4.25,CUST-10225,United Kingdom
500738,84029G,KNITTED UNION FLAG HOT WATER BOTTLE,1,2023-12-20 08:02:00,4.95,CUST-10125,United Kingdom
500739,22632,HAND WARMER RED RETROSPOT,4,2023-04-05 15:52:00,2.1,CUST-10446,United Kingdom
500739,22197,SMALL POPCORN HOLDER,6,2023-11-26 11:50:00,0.85,CUST-10371,United Kingdom
500739,85123A,WHITE HANGING HEART T-LIGHT HOLDER,1,2023-10-05 14:49:00,2.95,CUST-10277,United Kingdom
500740,84029E,RED WOOLLY HOTTIE WHITE HEART,1,2023-03-30 13:34:00,4.95,CUST-10121,United Kingdom
500740,84029G,KNITTED UNION FLAG HOT WATER BOTTLE,4,2023-02-13 09:35:00,4.95,CUST-10485,United Kingdom
500740,21730,GLASS STAR FROSTED T-LIGHT HOLDER,1,2023-03-18 18:54:00,3.25,CUST-10086,United Kingdom
500741,22633,HAND WARMER UNION JACK,1,2023-07-08 18:55:00,2.1,CUST-10386,United Kingdom
500741,21730,GLASS STAR FROSTED T-LIGHT HOLDER,12,2023-03-27 10:44:00,3.25,CUST-10099,United Kingdom
500741,23084,RABBIT NIGHT LIGHT,2,2023-11-09 15:36:00,2.08,CUST-10188,United Kingdom
500742,22632,HAND WARMER RED RETROSPOT,2,2023-05-02 16:06:00,2.1,CUST-10414,United Kingdom
500742,23084,RABBIT NIGHT LIGHT,2,2023-10-17 17:00:00,2.08,,United Kingdom
500742,22960,JAM MAKING SET WITH JARS,2,2023-08-21 17:53:00,4.95,,United Kingdom
500743,84879,ASSORTED COLOUR BIRD ORNAMENT,1,2023-12-15 19:47:00,1.69,CUST-10052,United Kingdom
500743,85123A,WHITE HANGING HEART T-LIGHT HOLDER,2,2023-06-01 10:30:00,2.95,CUST-10129,Germany
500743,84029G,KNITTED UNION FLAG HOT WATER BOTTLE,1,2023-10-30 11:01:00,4.95,CUST-10357,United Kingdom
500744,22752,SET 7 BABUSHKA NESTING BOXES,4,2023-11-14 19:37:00,8.5,CUST-10004,Germany
500744,84029G,KNITTED UNION FLAG HOT WATER BOTTLE,2,2023-12-13 12:25:00,4.95,CUST-10030,United Kingdom
500744,23084,RABBIT NIGHT LIGHT,1,2023-11-10 14:15:00,2.08,CUST-10048,United Kingdom
500745,22633,HAND WARMER UNION JACK,1,2023-10-05 19:47:00,2.1,CUST-10298,United Kingdom
500745,84029E,RED WOOLLY HOTTIE WHITE HEART,4,2023-03-11 19:03:00,4.95,CUST-10423,Spain
500745,84879,ASSORTED COLOUR BIRD ORNAMENT,12,2023-07-19 19:51:00,1.69,CUST-10259,France
500746,22633,HAND WARMER UNION JACK,2,2023-01-25 09:08:00,2.1,CUST-10558,United Kingdom
500746,22197,SMALL POPCORN HOLDER,4,2023-02-07 18:31:00,0.85,CUST-10404,Netherlands
500746,71053,WHITE METAL LANTERN,1,2023-01-03 09:28:00,3.75,CUST-10410,United Kingdom
500747,22960,JAM MAKING SET WITH JARS,2,2023-01-13 11:22:00,4.95,CUST-10407,United Kingdom
500747,22086,PAPER CHAIN KIT 50'S CHRISTMAS,4,2023-10-22 14:02:00,2.55,CUST-10007,United Kingdom
500747,84029G,KNITTED UNION FLAG HOT WATER BOTTLE,2,2023-04-16 16:12:00,4.95,CUST-10137,France
500748,85123A,WHITE HANGING HEART T-LIGHT HOLDER,6,2023-07-27 16:29:00,2.95,CUST-10318,Germany
500748,85123A,WHITE HANGING HEART T-LIGHT HOLDER,2,2023-12-21 12:41:00,2.95,CUST-10228,United Kingdom
500748,22632,HAND WARMER RED RETROSPOT,4,2023-09-25 18:07:00,2.1,CUST-10094,United Kingdom
500749,22752,SET 7 BABUSHKA NESTING BOXES,1,2023-08-29 14:05:00,8.5,CUST-10172,United Kingdom
500749,85123A,WHITE HANGING HEART T-LIGHT HOLDER,2,2023-11-26 10:00:00,2.95,CUST-10255,United Kingdom
500749,84029G,KNITTED UNION FLAG HOT WATER BOTTLE,2,2023-05-24 10:54:00,4.95,CUST-10533,United Kingdom
500750,85123A,WHITE HANGING HEART T-LIGHT HOLDER,6,2023-10-05 14:42:00,2.95,CUST-10313,United Kingdom
500750,22086,PAPER CHAIN KIT 50'S CHRISTMAS,1,2023-08-29 10:56:00,2.55,CUST-10024,United Kingdom
500750,71053,WHITE METAL LANTERN,1,2023-08-24 13:58:00,3.75,CUST-10020,United Kingdom
500751,84406B,CREAM CUPID HEARTS COAT HANGER,1,2023-10-23 14:46:00,4.25,CUST-10158,United Kingdom
C500751,23084,RABBIT NIGHT LIGHT,-2,2023-08-02 11:16:00,2.08,CUST-10054,United Kingdom
500751,23084,RABBIT NIGHT LIGHT,4,2023-06-24 18:33:00,2.08,CUST-10198,United Kingdom
500752,23084,RABBIT NIGHT LIGHT,4,2023-06-15 13:01:00,2.08,CUST-10150,United Kingdom
500752,22752,SET 7 BABUSHKA NESTING BOXES,2,2023-11-01 15:22:00,8.5,CUST-10016,United Kingdom
500752,22720,SET OF 3 CAKE TINS PANTRY DESIGN,2,2023-06-18 10:35:00,12.75,CUST-10174,United Kingdom
500753,84879,ASSORTED COLOUR BIRD ORNAMENT,1,2023-12-12 11:35:00,1.69,CUST-10042,United Kingdom
500753,84406B,CREAM CUPID HEARTS COAT HANGER,4,2023-09-14 10:28:00,4.25,CUST-10273,United Kingdom
500753,71053,WHITE METAL LANTERN,1,2023-04-28 11:01:00,3.75,CUST-10126,United Kingdom
500754,71053,WHITE METAL LANTERN,1,2023-08-07 12:56:00,3.75,CUST-10049,United Kingdom
500754,22086,PAPER CHAIN KIT 50'S CHRISTMAS,4,2023-10-13 18:06:00,2.55,CUST-10038,United Kingdom
500754,22632,HAND WARMER RED RETROSPOT,1,2023-03-06 14:30:00,2.1,,Germany
500755,21730,GLASS STAR FROSTED T-LIGHT HOLDER,1,2023-10-16 11:43:00,3.25,CUST-10336,Germany
500755,21730,GLASS STAR FROSTED T-LIGHT HOLDER,1,2023-12-20 10:10:00,3.25,CUST-10052,Germany
500755,85123A,WHITE HANGING HEART T-LIGHT HOLDER,4,2023-08-09 15:36:00,2.95,CUST-10033,United Kingdom
500756,22086,PAPER CHAIN KIT 50'S CHRISTMAS,6,2023-04-14 15:38:00,2.55,,United Kingdom
500756,22960,JAM MAKING SET WITH JARS,6,2023-09-19 16:38:00,4.95,CUST-10040,United Kingdom
500756,22633,HAND WARMER UNION JACK,2,2023-02-23 14:04:00,2.1,CUST-10507,United Kingdom
500757,84029E,RED WOOLLY HOTTIE WHITE HEART,4,2023-10-10 10:29:00,4.95,CUST-10056,United Kingdom
500757,84879,ASSORTED COLOUR BIRD ORNAMENT,1,2023-02-05 16:37:00,1.69,CUST-10571,United Kingdom
500757,85123A,WHITE HANGING HEART T-LIGHT HOLDER,12,2023-11-10 13:34:00,2.95,CUST-10047,United Kingdom
500758,84029G,KNITTED UNION FLAG HOT WATER BOTTLE,12,2023-09-11 12:47:00,4.95,CUST-10032,United Kingdom
500758,84029E,RED WOOLLY HOTTIE WHITE HEART,1,2023-02-16 09:38:00,4.95,CUST-10569,Germany
500758,71053,WHITE METAL LANTERN,2,2023-12-07 19:34:00,3.75,CUST-10337,United Kingdom
500759,22633,HAND WARMER UNION JACK,1,2023-03-25 15:17:00,2.1,CUST-10495,United Kingdom
500759,22720,SET OF 3 CAKE TINS PANTRY DESIGN,4,2023-12-08 15:54:00,12.75,CUST-10201,United Kingdom
500759,84029G,KNITTED UNION FLAG HOT WATER BOTTLE,6,2023-08-09 12:06:00,4.95,CUST-10011,United Kingdom
500760,85123A,WHITE HANGING HEART T-LIGHT HOLDER,2,2023-12-06 08:07:00,2.95,CUST-10008,United Kingdom
500760,22633,HAND WARMER UNION JACK,6,2023-12-23 17:16:00,2.1,CUST-10235,Germany
500760,22960,JAM MAKING SET WITH JARS,1,2023-07-07 08:44:00,4.95,CUST-10060,United Kingdom
500761,85123A,WHITE HANGING HEART T-LIGHT HOLDER,6,2023-12-07 18:40:00,2.95,CUST-10022,Netherlands
500761,85123A,WHITE HANGING HEART T-LIGHT HOLDER,1,2023-07-23 18:38:00,2.95,CUST-10217,United Kingdom
500761,71053,WHITE METAL LANTERN,1,2023-08-21 19:31:00,3.75,CUST-10243,United Kingdom
500762,23084,RABBIT NIGHT LIGHT,4,2023-10-09 14:33:00,2.08,CUST-10226,France
500762,22197,SMALL POPCORN HOLDER,1,2023-12-12 13:49:00,0.85,CUST-10015,United Kingdom
500762,22960,JAM MAKING SET WITH JARS,1,2023-09-15 09:04:00,4.95,CUST-10297,United Kingdom
500763,84879,ASSORTED COLOUR BIRD ORNAMENT,2,2023-05-09 11:30:00,1.69,CUST-10508,United Kingdom
500763,22720,SET OF 3 CAKE TINS PANTRY DESIGN,2,2023-05-01 08:24:00,12.75,CUST-10138,United Kingdom
500763,22752,SET 7 BABUSHKA NESTING BOXES,4,2023-08-10 18:45:00,8.5,CUST-10057,United Kingdom
500764,84879,ASSORTED COLOUR BIRD ORNAMENT,2,2023-10-30 14:25:00,1.69,CUST-10110,United Kingdom
500764,22632,HAND WARMER RED RETROSPOT,2,2023-12-23 12:54:00,2.1,CUST-10126,United Kingdom
500764,84406B,CREAM CUPID HEARTS COAT HANGER,2,2023-01-18 10:51:00,4.25,CUST-10523,United Kingdom
500765,84029G,KNITTED UNION FLAG HOT WATER BOTTLE,4,2023-02-01 10:40:00,4.95,CUST-10417,United Kingdom
500765,71053,WHITE METAL LANTERN,12,2023-06-02 19:21:00,3.75,CUST-10138,United Kingdom
500765,23084,RABBIT NIGHT LIGHT,4,2023-03-29 18:39:00,2.08,CUST-10448,United Kingdom
500766,85123A,WHITE HANGING HEART T-LIGHT HOLDER,2,2023-10-12 19:19:00,2.95,CUST-10051,United Kingdom
500766,84029G,KNITTED UNION FLAG HOT WATER BOTTLE,1,2023-07-15 15:50:00,4.95,,Germany
500766,22086,PAPER CHAIN KIT 50'S CHRISTMAS,6,2023-11-20 11:40:00,2.55,CUST-10058,United Kingdom
500767,22086,PAPER CHAIN KIT 50'S CHRISTMAS,4,2023-08-13 09:47:00,2.55,CUST-10106,United Kingdom
500767,22086,PAPER CHAIN KIT 50'S CHRISTMAS,1,2023-10-13 09:34:00,2.55,CUST-10287,United Kingdom
500767,84879,ASSORTED COLOUR BIRD ORNAMENT,4,2023-08-07 18:36:00,1.69,CUST-10280,United Kingdom
500768,22197,SMALL POPCORN HOLDER,1,2023-08-15 15:28:00,0.85,CUST-10017,France
500768,22086,PAPER CHAIN KIT 50'S CHRISTMAS,2,2023-08-30 19:50:00,2.55,CUST-10055,United Kingdom
500768,21730,GLASS STAR FROSTED T-LIGHT HOLDER,1,2023-05-14 15:12:00,3.25,CUST-10469,United Kingdom
500769,84879,ASSORTED COLOUR BIRD ORNAMENT,2,2023-05-27 10:19:00,1.69,CUST-10418,United Kingdom
500769,23084,RABBIT NIGHT LIGHT,1,2023-03-31 14:04:00,2.08,CUST-10209,United Kingdom
500769,22632,HAND WARMER RED RETROSPOT,1,2023-11-27 14:52:00,2.1,CUST-10062,United Kingdom
500770,71053,WHITE METAL LANTERN,4,2023-10-18 14:15:00,3.75,CUST-10158,United Kingdom
500770,22960,JAM MAKING SET WITH JARS,2,2023-10-24 19:14:00,4.95,CUST-10135,Germany
500770,22960,JAM MAKING SET WITH JARS,4,2023-03-02 13:49:00,4.95,CUST-10586,United Kingdom
500771,84029G,KNITTED UNION FLAG HOT WATER BOTTLE,1,2023-08-04 12:12:00,4.95,CUST-10041,United Kingdom
500771,22197,SMALL POPCORN HOLDER,1,2023-11-24 16:51:00,0.85,CUST-10205,United Kingdom
500771,22197,SMALL POPCORN HOLDER,2,2023-08-27 18:39:00,0.85,CUST-10027,United Kingdom
500772,84406B,CREAM CUPID HEARTS COAT HANGER,4,2023-09-13 13:35:00,4.25,CUST-10037,Germany
500772,22720,SET OF 3 CAKE TINS PANTRY DESIGN,1,2023-09-08 18:13:00,12.75,CUST-10277,United Kingdom
500772,84029E,RED WOOLLY HOTTIE WHITE HEART,1,2023-01-19 19:26:00,4.95,CUST-10526,Netherlands
500773,21730,GLASS STAR FROSTED T-LIGHT HOLDER,1,2023-10-10 19:17:00,3.25,CUST-10370,United Kingdom
500773,23084,RABBIT NIGHT LIGHT,1,2023-02-17 17:14:00,2.08,CUST-10451,United Kingdom
500773,22197,SMALL POPCORN HOLDER,2,2023-08-28 16:21:00,0.85,CUST-10010,United Kingdom
500774,71053,WHITE METAL LANTERN,1,2023-08-12 16:48:00,3.75,CUST-10018,United Kingdom
500774,84879,ASSORTED COLOUR BIRD ORNAMENT,2,2023-12-11 18:35:00,1.69,CUST-10385,France
500774,22752,SET 7 BABUSHKA NESTING BOXES,4,2023-05-24 12:07:00,8.5,,United Kingdom
500775,22086,PAPER CHAIN KIT 50'S CHRISTMAS,4,2023-03-15 17:30:00,2.55,CUST-10082,United Kingdom
500775,84029E,RED WOOLLY HOTTIE WHITE HEART,6,2023-02-04 11:54:00,4.95,CUST-10553,United Kingdom
500775,23084,RABBIT NIGHT LIGHT,4,2023-02-04 14:43:00,2.08,CUST-10556,United Kingdom
500776,22752,SET 7 BABUSHKA NESTING BOXES,4,2023-11-09 16:55:00,8.5,CUST-10237,Netherlands
500776,84406B,CREAM CUPID HEARTS COAT HANGER,1,2023-11-08 12:33:00,4.25,CUST-10298,United Kingdom
500776,22086,PAPER CHAIN KIT 50'S CHRISTMAS,4,2023-07-01 11:05:00,2.55,CUST-10269,United Kingdom
500777,22960,JAM MAKING SET WITH JARS,4,2023-02-13 10:48:00,4.95,CUST-10496,Spain
500777,22086,PAPER CHAIN KIT 50'S CHRISTMAS,4,2023-09-13 12:52:00,2.55,CUST-10352,United Kingdom
500777,21730,GLASS STAR FROSTED T-LIGHT HOLDER,1,2023-04-28 16:12:00,3.25,CUST-10161,United Kingdom
500778,85123A,WHITE HANGING HEART T-LIGHT HOLDER,1,2023-12-10 16:19:00,2.95,CUST-10280,United Kingdom
500778,22632,HAND WARMER RED RETROSPOT,2,2023-10-01 10:52:00,2.1,CUST-10151,United Kingdom
500778,22197,SMALL POPCORN HOLDER,2,2023-12-05 11:05:00,0.85,CUST-10030,United Kingdom
500779,22086,PAPER CHAIN KIT 50'S CHRISTMAS,24,2023-12-09 13:46:00,2.55,CUST-10178,United Kingdom
500779,22197,SMALL POPCORN HOLDER,1,2023-12-29 08:10:00,0.85,CUST-10350,United Kingdom
500779,84029G,KNITTED UNION FLAG HOT WATER BOTTLE,6,2023-05-15 16:53:00,4.95,CUST-10460,United Kingdom
500780,22633,HAND WARMER UNION JACK,1,2023-12-15 08:58:00,2.1,CUST-10013,United Kingdom
500780,22632,HAND WARMER RED RETROSPOT,2,2023-05-08 17:31:00,2.1,CUST-10560,United Kingdom
500780,23084,RABBIT NIGHT LIGHT,1,2023-05-25 16:44:00,2.08,CUST-10136,United Kingdom
500781,84029E,RED WOOLLY HOTTIE WHITE HEART,2,2023-05-25 14:37:00,4.95,CUST-10460,United Kingdom
500781,23084,RABBIT NIGHT LIGHT,1,2023-12-24 14:20:00,2.08,CUST-10007,United Kingdom
500781,21730,GLASS STAR FROSTED T-LIGHT HOLDER,6,2023-10-26 08:20:00,3.25,CUST-10127,France
500782,21730,GLASS STAR FROSTED T-LIGHT HOLDER,4,2023-12-28 14:54:00,3.25,CUST-10022,United Kingdom
500782,84879,ASSORTED COLOUR BIRD ORNAMENT,1,2023-04-19 12:26:00,1.69,CUST-10433,United Kingdom
500782,22752,SET 7 BABUSHKA NESTING BOXES,2,2023-11-01 08:44:00,8.5,,United Kingdom
500783,84029E,RED WOOLLY HOTTIE WHITE HEART,1,2023-04-28 16:41:00,4.95,CUST-10529,France
500783,85123A,WHITE HANGING HEART T-LIGHT HOLDER,2,2023-04-16 15:23:00,2.95,CUST-10524,United Kingdom
500783,85123A,WHITE HANGING HEART T-LIGHT HOLDER,4,2023-04-28 12:35:00,2.95,CUST-10194,United Kingdom
500784,22086,PAPER CHAIN KIT 50'S CHRISTMAS,1,2023-10-11 18:45:00,2.55,CUST-10063,France
500784,84879,ASSORTED COLOUR BIRD ORNAMENT,2,2023-05-07 08:11:00,1.69,CUST-10538,United Kingdom
500784,84029G,KNITTED UNION FLAG HOT WATER BOTTLE,4,2023-04-24 14:41:00,4.95,CUST-10204,United Kingdom
500785,85123A,WHITE HANGING HEART T-LIGHT HOLDER,1,2023-03-11 16:06:00,2.95,CUST-10166,United Kingdom
500785,21730,GLASS STAR FROSTED T-LIGHT HOLDER,6,2023-04-06 15:46:00,3.25,CUST-10087,United Kingdom
500785,84029E,RED WOOLLY HOTTIE WHITE HEART,4,2023-09-02 10:09:00,4.95,CUST-10331,Germany
500786,22720,SET OF 3 CAKE TINS PANTRY DESIGN,4,2023-12-10 15:57:00,12.75,CUST-10025,United Kingdom
500786,85123A,WHITE HANGING HEART T-LIGHT HOLDER,24,2023-05-17 12:22:00,2.95,CUST-10594,United Kingdom
500786,22720,SET OF 3 CAKE TINS PANTRY DESIGN,6,2023-12-28 14:48:00,12.75,CUST-10007,United Kingdom
500787,84029G,KNITTED UNION FLAG HOT WATER BOTTLE,2,2023-04-06 09:36:00,4.95,CUST-10488,United Kingdom
500787,71053,WHITE METAL LANTERN,1,2023-03-09 19:20:00,3.75,CUST-10188,United Kingdom
C500787,84879,ASSORTED COLOUR BIRD ORNAMENT,-2,2023-07-10 18:57:00,1.69,CUST-10309,United Kingdom
500788,22752,SET 7 BABUSHKA NESTING BOXES,1,2023-04-15 09:39:00,8.5,CUST-10396,United Kingdom
500788,84406B,CREAM CUPID HEARTS COAT HANGER,1,2023-07-16 11:57:00,4.25,CUST-10300,United Kingdom
500788,84029E,RED WOOLLY HOTTIE WHITE HEART,2,2023-08-09 18:48:00,4.95,CUST-10043,United Kingdom
500789,22633,HAND WARMER UNION JACK,4,2023-01-16 10:58:00,2.1,CUST-10517,France
500789,22632,HAND WARMER RED RETROSPOT,2,2023-05-23 18:10:00,2.1,CUST-10190,United Kingdom
500789,22086,PAPER CHAIN KIT 50'S CHRISTMAS,6,2023-07-17 10:06:00,2.55,CUST-10070,United Kingdom
500790,71053,WHITE METAL LANTERN,2,2023-08-11 11:46:00,3.75,CUST-10260,United Kingdom
500790,22197,SMALL POPCORN HOLDER,4,2023-11-07 11:33:00,0.85,CUST-10033,United Kingdom
500790,84029G,KNITTED UNION FLAG HOT WATER BOTTLE,1,2023-09-21 13:19:00,4.95,CUST-10259,United Kingdom
500791,22752,SET 7 BABUSHKA NESTING BOXES,1,2023-08-12 12:50:00,8.5,CUST-10023,United Kingdom
500791,71053,WHITE METAL LANTERN,1,2023-10-18 12:11:00,3.75,CUST-10247,United Kingdom
500791,22197,SMALL POPCORN HOLDER,1,2023-08-13 09:06:00,0.85,CUST-10169,United Kingdom
500792,84029G,KNITTED UNION FLAG HOT WATER BOTTLE,4,2023-01-01 18:28:00,4.95,CUST-10420,United Kingdom
500792,85123A,WHITE HANGING HEART T-LIGHT HOLDER,2,2023-09-11 15:39:00,2.95,CUST-10030,United Kingdom
500792,22752,SET 7 BABUSHKA NESTING BOXES,6,2023-09-13 13:55:00,8.5,CUST-10000,United Kingdom
500793,22752,SET 7 BABUSHKA NESTING BOXES,1,2023-07-30 19:06:00,8.5,CUST-10225,United Kingdom
500793,22632,HAND WARMER RED RETROSPOT,1,2023-04-03 18:55:00,2.1,CUST-10181,United Kingdom
500793,84029G,KNITTED UNION FLAG HOT WATER BOTTLE,2,2023-12-17 11:49:00,4.95,CUST-10258,United Kingdom
500794,22752,SET 7 BABUSHKA NESTING BOXES,1,2023-12-03 19:53:00,8.5,CUST-10280,United Kingdom
500794,84029E,RED WOOLLY HOTTIE WHITE HEART,2,2023-12-03 14:25:00,4.95,CUST-10335,United Kingdom
500794,84029G,KNITTED UNION FLAG HOT WATER BOTTLE,4,2023-07-26 13:17:00,4.95,CUST-10093,United Kingdom
500795,22960,JAM MAKING SET WITH JARS,6,2023-09-03 11:00:00,4.95,CUST-10327,France
500795,84406B,CREAM CUPID HEARTS COAT HANGER,6,2023-12-16 13:58:00,4.25,CUST-10017,United Kingdom
500795,22197,SMALL POPCORN HOLDER,4,2023-10-22 16:11:00,0.85,CUST-10024,United Kingdom
500796,84029E,RED WOOLLY HOTTIE WHITE HEART,2,2023-09-16 19:37:00,4.95,CUST-10085,Germany
500796,71053,WHITE METAL LANTERN,2,2023-03-29 18:11:00,3.75,CUST-10081,United Kingdom
500796,22720,SET OF 3 CAKE TINS PANTRY DESIGN,2,2023-03-24 09:52:00,12.75,CUST-10066,United Kingdom
500797,22960,JAM MAKING SET WITH JARS,2,2023-11-02 16:10:00,4.95,CUST-10019,United Kingdom
500797,85123A,WHITE HANGING HEART T-LIGHT HOLDER,4,2023-08-23 12:54:00,2.95,CUST-10054,United Kingdom
500797,84879,ASSORTED COLOUR BIRD ORNAMENT,1,2023-04-23 15:07:00,1.69,CUST-10087,United Kingdom
500798,22960,JAM MAKING SET WITH JARS,2,2023-04-07 09:47:00,4.95,CUST-10524,United Kingdom
500798,84029E,RED WOOLLY HOTTIE WHITE HEART,4,2023-05-25 17:01:00,4.95,CUST-10080,United Kingdom
500798,21730,GLASS STAR FROSTED T-LIGHT HOLDER,12,2023-08-14 12:01:00,3.25,CUST-10054,Germany
500799,23084,RABBIT NIGHT LIGHT,4,2023-07-21 14:57:00,2.08,CUST-10030,United Kingdom
500799,84029G,KNITTED UNION FLAG HOT WATER BOTTLE,2,2023-10-30 08:21:00,4.95,CUST-10121,United Kingdom
500799,71053,WHITE METAL LANTERN,4,2023-07-11 16:37:00,3.75,CUST-10242,United Kingdom
500800,22197,SMALL POPCORN HOLDER,1,2023-01-25 08:16:00,0.85,CUST-10533,Germany
500800,22632,HAND WARMER RED RETROSPOT,4,2023-06-28 12:23:00,2.1,CUST-10159,United Kingdom
500800,22632,HAND WARMER RED RETROSPOT,4,2023-11-10 13:05:00,2.1,,France
500801,84029E,RED WOOLLY HOTTIE WHITE HEART,1,2023-08-20 18:01:00,4.95,CUST-10247,Germany
500801,22197,SMALL POPCORN HOLDER,1,2023-08-05 10:07:00,0.85,CUST-10348,United Kingdom
500801,84029G,KNITTED UNION FLAG HOT WATER BOTTLE,4,2023-10-24 12:27:00,4.95,CUST-10044,United Kingdom
500802,23084,RABBIT NIGHT LIGHT,1,2023-11-05 09:57:00,2.08,CUST-10005,United Kingdom
500802,22720,SET OF 3 CAKE TINS PANTRY DESIGN,1,2023-09-23 15:11:00,12.75,CUST-10004,France
500802,84029E,RED WOOLLY HOTTIE WHITE HEART,1,2023-05-16 09:00:00,4.95,CUST-10440,United Kingdom
500803,23084,RABBIT NIGHT LIGHT,1,2023-07-05 18:16:00,2.08,CUST-10321,United Kingdom
500803,71053,WHITE METAL LANTERN,2,2023-11-23 10:33:00,3.75,CUST-10040,Germany
500803,84406B,CREAM CUPID HEARTS COAT HANGER,1,2023-11-03 09:54:00,4.25,,United Kingdom
500804,22086,PAPER CHAIN KIT 50'S CHRISTMAS,2,2023-08-27 19:39:00,2.55,CUST-10056,United Kingdom
500804,22632,HAND WARMER RED RETROSPOT,2,2023-12-03 11:22:00,2.1,CUST-10006,Germany
500804,84406B,CREAM CUPID HEARTS COAT HANGER,1,2023-07-18 16:58:00,4.25,CUST-10364,United Kingdom
500805,22720,SET OF 3 CAKE TINS PANTRY DESIGN,1,2023-03-05 08:24:00,12.75,CUST-10585,United Kingdom
500805,84029E,RED WOOLLY HOTTIE WHITE HEART,4,2023-04-21 12:26:00,4.95,CUST-10469,United Kingdom
500805,22752,SET 7 BABUSHKA NESTING BOXES,1,2023-09-15 08:45:00,8.5,CUST-10053,Netherlands
500806,21730,GLASS STAR FROSTED T-LIGHT HOLDER,4,2023-12-26 11:03:00,3.25,CUST-10330,United Kingdom
500806,85123A,WHITE HANGING HEART T-LIGHT HOLDER,4,2023-08-05 18:32:00,2.95,CUST-10057,United Kingdom
500806,84029G,KNITTED UNION FLAG HOT WATER BOTTLE,1,2023-08-07 13:05:00,4.95,CUST-10085,United Kingdom
500807,84406B,CREAM CUPID HEARTS COAT HANGER,2,2023-06-24 19:49:00,4.25,CUST-10185,Germany
500807,84879,ASSORTED COLOUR BIRD ORNAMENT,1,2023-09-18 19:03:00,1.69,CUST-10044,United Kingdom
500807,22197,SMALL POPCORN HOLDER,2,2023-11-13 11:03:00,0.85,CUST-10366,United Kingdom
500808,85123A,WHITE HANGING HEART T-LIGHT HOLDER,6,2023-09-12 08:20:00,2.95,CUST-10026,United Kingdom
500808,22086,PAPER CHAIN KIT 50'S CHRISTMAS,1,2023-07-21 11:44:00,2.55,CUST-10021,United Kingdom
500808,22086,PAPER CHAIN KIT 50'S CHRISTMAS,1,2023-12-01 10:54:00,2.55,CUST-10195,Netherlands
500809,85123A,WHITE HANGING HEART T-LIGHT HOLDER,4,2023-05-27 09:13:00,2.95,CUST-10158,United Kingdom
500809,71053,WHITE METAL LANTERN,2,2023-12-16 15:37:00,3.75,CUST-10040,United Kingdom
500809,84029G,KNITTED UNION FLAG HOT WATER BOTTLE,1,2023-10-21 13:13:00,4.95,CUST-10015,United Kingdom
500810,21730,GLASS STAR FROSTED T-LIGHT HOLDER,6,2023-11-01 13:39:00,3.25,CUST-10049,United Kingdom
500810,84406B,CREAM CUPID HEARTS COAT HANGER,1,2023-09-21 17:30:00,4.25,CUST-10300,United Kingdom
500810,71053,WHITE METAL LANTERN,12,2023-08-23 15:27:00,3.75,CUST-10205,United Kingdom
500811,22960,JAM MAKING SET WITH JARS,2,2023-11-22 18:01:00,4.95,CUST-10010,United Kingdom
500811,22752,SET 7 BABUSHKA NESTING BOXES,2,2023-10-27 18:24:00,8.5,CUST-10007,United Kingdom
500811,23084,RABBIT NIGHT LIGHT,2,2023-03-15 14:09:00,2.08,CUST-10157,United Kingdom
500812,22720,SET OF 3 CAKE TINS PANTRY DESIGN,2,2023-11-03 10:46:00,12.75,CUST-10201,France
500812,84029G,KNITTED UNION FLAG HOT WATER BOTTLE,1,2023-08-14 16:37:00,4.95,CUST-10049,United Kingdom
500812,22197,SMALL POPCORN HOLDER,4,2023-07-18 12:07:00,0.85,CUST-10086,United Kingdom
500813,22720,SET OF 3 CAKE TINS PANTRY DESIGN,4,2023-08-12 15:42:00,12.75,CUST-10038,United Kingdom
500813,21730,GLASS STAR FROSTED T-LIGHT HOLDER,12,2023-05-03 18:48:00,3.25,CUST-10160,United Kingdom
500813,84029G,KNITTED UNION FLAG HOT WATER BOTTLE,1,2023-09-14 13:55:00,4.95,CUST-10053,United Kingdom
500814,22960,JAM MAKING SET WITH JARS,4,2023-12-06 10:51:00,4.95,CUST-10053,United Kingdom
500814,84029E,RED WOOLLY HOTTIE WHITE HEART,24,2023-01-16 15:34:00,4.95,CUST-10542,Netherlands
500814,22632,HAND WARMER RED RETROSPOT,6,2023-09-07 17:47:00,2.1,CUST-10141,United Kingdom
500815,22197,SMALL POPCORN HOLDER,1,2023-03-03 09:56:00,0.85,CUST-10182,United Kingdom
500815,23084,RABBIT NIGHT LIGHT,6,2023-01-18 18:38:00,2.08,,United Kingdom
500815,84879,ASSORTED COLOUR BIRD ORNAMENT,2,2023-05-13 14:19:00,1.69,CUST-10513,United Kingdom
500816,85123A,WHITE HANGING HEART T-LIGHT HOLDER,1,2023-10-28 14:06:00,2.95,CUST-10020,United Kingdom
500816,22197,SMALL POPCORN HOLDER,12,2023-02-11 08:58:00,0.85,CUST-10567,France
500816,84406B,CREAM CUPID HEARTS COAT HANGER,6,2023-08-01 08:14:00,4.25,CUST-10179,United Kingdom
500817,21730,GLASS STAR FROSTED T-LIGHT HOLDER,1,2023-07-26 17:43:00,3.25,CUST-10050,United Kingdom
500817,22752,SET 7 BABUSHKA NESTING BOXES,6,2023-10-28 10:01:00,8.5,CUST-10007,United Kingdom
500817,84029E,RED WOOLLY HOTTIE WHITE HEART,1,2023-09-30 19:31:00,4.95,CUST-10018,United Kingdom
500818,22086,PAPER CHAIN KIT 50'S CHRISTMAS,12,2023-08-08 13:55:00,2.55,CUST-10010,United Kingdom
500818,84406B,CREAM CUPID HEARTS COAT HANGER,1,2023-07-06 15:52:00,4.25,,United Kingdom
500818,84029E,RED WOOLLY HOTTIE WHITE HEART,1,2023-11-12 15:40:00,4.95,CUST-10051,United Kingdom
500819,23084,RABBIT NIGHT LIGHT,4,2023-07-05 16:10:00,2.08,CUST-10299,United Kingdom
500819,22720,SET OF 3 CAKE TINS PANTRY DESIGN,2,2023-03-08 15:12:00,12.75,CUST-10128,United Kingdom
500819,85123A,WHITE HANGING HEART T-LIGHT HOLDER,6,2023-07-13 12:57:00,2.95,CUST-10244,United Kingdom
500820,84029G,KNITTED UNION FLAG HOT WATER BOTTLE,4,2023-08-02 11:52:00,4.95,CUST-10020,France
500820,23084,RABBIT NIGHT LIGHT,6,2023-10-13 18:23:00,2.08,CUST-10036,United Kingdom
500820,23084,RABBIT NIGHT LIGHT,2,2023-08-12 10:20:00,2.08,CUST-10281,Germany
500821,84406B,CREAM CUPID HEARTS COAT HANGER,2,2023-10-19 19:02:00,4.25,CUST-10046,United Kingdom
500821,22960,JAM MAKING SET WITH JARS,4,2023-05-27 16:51:00,4.95,CUST-10065,United Kingdom
500821,84406B,CREAM CUPID HEARTS COAT HANGER,4,2023-08-13 18:54:00,4.25,CUST-10108,United Kingdom
500822,22633,HAND WARMER UNION JACK,1,2023-08-12 14:32:00,2.1,CUST-10300,United Kingdom
500822,71053,WHITE METAL LANTERN,1,2023-09-26 08:45:00,3.75,CUST-10387,United Kingdom
500822,21730,GLASS STAR FROSTED T-LIGHT HOLDER,6,2023-10-21 16:36:00,3.25,CUST-10177,Netherlands
500823,84029G,KNITTED UNION FLAG HOT WATER BOTTLE,6,2023-12-03 18:19:00,4.95,CUST-10001,United Kingdom
500823,84879,ASSORTED COLOUR BIRD ORNAMENT,4,2023-07-25 10:00:00,1.69,CUST-10054,United Kingdom
500823,84879,ASSORTED COLOUR BIRD ORNAMENT,1,2023-06-04 13:33:00,1.69,CUST-10095,United Kingdom
500824,22197,SMALL POPCORN HOLDER,1,2023-12-06 18:48:00,0.85,CUST-10045,United Kingdom
500824,84029G,KNITTED UNION FLAG HOT WATER BOTTLE,4,2023-01-16 19:15:00,4.95,CUST-10403,United Kingdom
500824,22086,PAPER CHAIN KIT 50'S CHRISTMAS,1,2023-04-04 17:19:00,2.55,CUST-10493,United Kingdom
500825,22632,HAND WARMER RED RETROSPOT,4,2023-07-23 10:10:00,2.1,CUST-10382,United Kingdom
500825,84879,ASSORTED COLOUR BIRD ORNAMENT,12,2023-09-06 19:41:00,1.69,CUST-10141,United Kingdom
500825,84029E,RED WOOLLY HOTTIE WHITE HEART,4,2023-10-22 16:36:00,4.95,CUST-10011,United Kingdom
500826,84029G,KNITTED UNION FLAG HOT WATER BOTTLE,2,2023-10-23 09:50:00,4.95,CUST-10063,United Kingdom
500826,84029G,KNITTED UNION FLAG HOT WATER BOTTLE,2,2023-11-05 08:45:00,4.95,CUST-10361,Spain
500826,84879,ASSORTED COLOUR BIRD ORNAMENT,1,2023-12-27 16:50:00,1.69,CUST-10347,United Kingdom
500827,85123A,WHITE HANGING HEART T-LIGHT HOLDER,1,2023-04-19 17:36:00,2.95,CUST-10131,United Kingdom
500827,84406B,CREAM CUPID HEARTS COAT HANGER,1,2023-10-17 08:10:00,4.25,CUST-10286,United Kingdom
500827,84879,ASSORTED COLOUR BIRD ORNAMENT,1,2023-04-02 11:53:00,1.69,CUST-10170,Germany
500828,22086,PAPER CHAIN KIT 50'S CHRISTMAS,4,2023-01-02 14:55:00,2.55,CUST-10507,United Kingdom
500828,22633,HAND WARMER UNION JACK,2,2023-08-20 11:09:00,2.1,CUST-10129,United Kingdom
500828,22752,SET 7 BABUSHKA NESTING BOXES,1,2023-11-27 17:44:00,8.5,CUST-10323,United Kingdom
500829,23084,RABBIT NIGHT LIGHT,12,2023-11-24 16:01:00,2.08,CUST-10015,United Kingdom
500829,22960,JAM MAKING SET WITH JARS,1,2023-08-31 14:14:00,4.95,CUST-10256,France
500829,22960,JAM MAKING SET WITH JARS,1,2023-11-12 09:35:00,4.95,CUST-10088,United Kingdom
C500830,84029E,RED WOOLLY HOTTIE WHITE HEART,-2,2023-04-07 18:55:00,4.95,CUST-10185,United Kingdom
500830,23084,RABBIT NIGHT LIGHT,12,2023-08-19 15:42:00,2.08,CUST-10268,United Kingdom
500830,84879,ASSORTED COLOUR BIRD ORNAMENT,4,2023-03-08 11:26:00,1.69,CUST-10152,United Kingdom
500831,84406B,CREAM CUPID HEARTS COAT HANGER,12,2023-09-13 17:18:00,4.25,CUST-10051,United Kingdom
500831,22960,JAM MAKING SET WITH JARS,2,2023-10-24 08:12:00,4.95,CUST-10003,United Kingdom
500831,22086,PAPER CHAIN KIT 50'S CHRISTMAS,1,2023-04-11 11:55:00,2.55,CUST-10209,United Kingdom
500832,85123A,WHITE HANGING HEART T-LIGHT HOLDER,2,2023-07-24 08:44:00,2.95,CUST-10219,United Kingdom
500832,22633,HAND WARMER UNION JACK,2,2023-07-24 14:26:00,2.1,CUST-10024,Germany
500832,23084,RABBIT NIGHT LIGHT,4,2023-12-03 09:42:00,2.08,,Germany
500833,71053,WHITE METAL LANTERN,6,2023-11-18 09:21:00,3.75,CUST-10096,United Kingdom
500833,84879,ASSORTED COLOUR BIRD ORNAMENT,6,2023-12-24 14:49:00,1.69,CUST-10057,United Kingdom
500833,22197,SMALL POPCORN HOLDER,1,2023-09-25 14:34:00,0.85,CUST-10039,United Kingdom
500834,22720,SET OF 3 CAKE TINS PANTRY DESIGN,2,2023-09-05 19:08:00,12.75,CUST-10086,United Kingdom
500834,84406B,CREAM CUPID HEARTS COAT HANGER,6,2023-03-14 15:41:00,4.25,CUST-10539,United Kingdom
500834,71053,WHITE METAL LANTERN,4,2023-12-20 16:51:00,3.75,CUST-10321,United Kingdom
500835,22720,SET OF 3 CAKE TINS PANTRY DESIGN,1,2023-11-17 16:27:00,12.75,CUST-10018,Netherlands
500835,84879,ASSORTED COLOUR BIRD ORNAMENT,6,2023-11-01 11:57:00,1.69,CUST-10209,United Kingdom
500835,22197,SMALL POPCORN HOLDER,2,2023-03-27 08:16:00,0.85,CUST-10188,United Kingdom
500836,84879,ASSORTED COLOUR BIRD ORNAMENT,2,2023-06-04 18:36:00,1.69,CUST-10117,United Kingdom
500836,84879,ASSORTED COLOUR BIRD ORNAMENT,4,2023-10-29 11:35:00,1.69,CUST-10024,United Kingdom
500836,22197,SMALL POPCORN HOLDER,2,2023-02-24 14:00:00,0.85,CUST-10456,Netherlands
500837,84029E,RED WOOLLY HOTTIE WHITE HEART,12,2023-12-09 13:06:00,4.95,CUST-10368,United Kingdom
500837,84406B,CREAM CUPID HEARTS COAT HANGER,4,2023-10-21 11:29:00,4.25,,United Kingdom
500837,22086,PAPER CHAIN KIT 50'S CHRISTMAS,2,2023-08-19 17:54:00,2.55,CUST-10088,United Kingdom
500838,23084,RABBIT NIGHT LIGHT,1,2023-09-10 19:12:00,2.08,CUST-10215,United Kingdom
C500838,21730,GLASS STAR FROSTED T-LIGHT HOLDER,-2,2023-08-19 16:05:00,3.25,CUST-10224,Germany
500838,85123A,WHITE HANGING HEART T-LIGHT HOLDER,1,2023-12-25 16:00:00,2.95,CUST-10322,United Kingdom
500839,84879,ASSORTED COLOUR BIRD ORNAMENT,2,2023-07-28 13:55:00,1.69,CUST-10035,United Kingdom
500839,22720,SET OF 3 CAKE TINS PANTRY DESIGN,4,2023-04-07 18:11:00,12.75,CUST-10548,United Kingdom
500839,84879,ASSORTED COLOUR BIRD ORNAMENT,2,2023-03-13 08:48:00,1.69,CUST-10570,France
500840,22086,PAPER CHAIN KIT 50'S CHRISTMAS,1,2023-09-03 12:40:00,2.55,CUST-10017,United Kingdom
500840,23084,RABBIT NIGHT LIGHT,1,2023-05-13 16:47:00,2.08,CUST-10556,United Kingdom
500840,21730,GLASS STAR FROSTED T-LIGHT HOLDER,6,2023-05-03 12:33:00,3.25,,United Kingdom
500841,85123A,WHITE HANGING HEART T-LIGHT HOLDER,6,2023-08-24 08:17:00,2.95,CUST-10047,United Kingdom
500841,84029E,RED WOOLLY HOTTIE WHITE HEART,4,2023-09-19 11:55:00,4.95,CUST-10125,United Kingdom
500841,22752,SET 7 BABUSHKA NESTING BOXES,12,2023-08-03 17:19:00,8.5,CUST-10028,Netherlands
500842,84029E,RED WOOLLY HOTTIE WHITE HEART,1,2023-04-14 18:50:00,4.95,CUST-10472,United Kingdom
500842,84879,ASSORTED COLOUR BIRD ORNAMENT,6,2023-09-30 09:49:00,1.69,CUST-10033,Spain
500842,23084,RABBIT NIGHT LIGHT,4,2023-01-02 08:03:00,2.08,CUST-10401,United Kingdom
500843,85123A,WHITE HANGING HEART T-LIGHT HOLDER,12,2023-03-12 16:39:00,2.95,CUST-10573,Spain
500843,22086,PAPER CHAIN KIT 50'S CHRISTMAS,6,2023-11-26 11:28:00,2.55,CUST-10093,United Kingdom
500843,84029E,RED WOOLLY HOTTIE WHITE HEART,1,2023-08-18 14:03:00,4.95,CUST-10365,United Kingdom
500844,22632,HAND WARMER RED RETROSPOT,4,2023-11-08 19:40:00,2.1,CUST-10044,Germany
C500844,23084,RABBIT NIGHT LIGHT,-2,2023-07-23 16:55:00,2.08,CUST-10020,United Kingdom
500844,23084,RABBIT NIGHT LIGHT,6,2023-10-08 08:13:00,2.08,CUST-10006,United Kingdom
500845,22720,SET OF 3 CAKE TINS PANTRY DESIGN,6,2023-09-26 14:40:00,12.75,CUST-10369,United Kingdom
500845,22086,PAPER CHAIN KIT 50'S CHRISTMAS,1,2023-08-31 12:54:00,2.55,CUST-10018,United Kingdom
500845,84029G,KNITTED UNION FLAG HOT WATER BOTTLE,4,2023-11-22 12:05:00,4.95,CUST-10229,France
500846,22752,SET 7 BABUSHKA NESTING BOXES,1,2023-02-02 11:31:00,8.5,CUST-10460,United Kingdom
500846,84406B,CREAM CUPID HEARTS COAT HANGER,1,2023-12-20 18:48:00,4.25,CUST-10263,United Kingdom
500846,22632,HAND WARMER RED RETROSPOT,2,2023-07-05 14:45:00,2.1,CUST-10212,United Kingdom
500847,22720,SET OF 3 CAKE TINS PANTRY DESIGN,4,2023-08-09 11:43:00,12.75,CUST-10347,United Kingdom
500847,84029G,KNITTED UNION FLAG HOT WATER BOTTLE,24,2023-04-13 11:20:00,4.95,CUST-10422,Netherlands
500847,22752,SET 7 BABUSHKA NESTING BOXES,2,2023-02-24 15:54:00,8.5,CUST-10524,United Kingdom
500848,22632,HAND WARMER RED RETROSPOT,6,2023-03-11 19:27:00,2.1,CUST-10499,France
500848,22960,JAM MAKING SET WITH JARS,1,2023-08-09 16:28:00,4.95,CUST-10365,United Kingdom
500848,84879,ASSORTED COLOUR BIRD ORNAMENT,1,2023-12-15 13:33:00,1.69,CUST-10073,Germany
500849,22632,HAND WARMER RED RETROSPOT,4,2023-08-27 17:22:00,2.1,CUST-10036,United Kingdom
500849,84029E,RED WOOLLY HOTTIE WHITE HEART,12,2023-03-12 15:12:00,4.95,CUST-10525,United Kingdom
500849,22633,HAND WARMER UNION JACK,4,2023-08-05 13:39:00,2.1,CUST-10059,United Kingdom
500850,84029E,RED WOOLLY HOTTIE WHITE HEART,6,2023-03-05 18:05:00,4.95,CUST-10574,United Kingdom
500850,23084,RABBIT NIGHT LIGHT,1,2023-02-04 11:56:00,2.08,CUST-10524,United Kingdom
500850,85123A,WHITE HANGING HEART T-LIGHT HOLDER,24,2023-08-29 17:10:00,2.95,CUST-10007,United Kingdom
500851,23084,RABBIT NIGHT LIGHT,1,2023-01-22 18:40:00,2.08,CUST-10444,Germany
500851,21730,GLASS STAR FROSTED T-LIGHT HOLDER,1,2023-09-29 18:44:00,3.25,CUST-10102,United Kingdom
500851,22086,PAPER CHAIN KIT 50'S CHRISTMAS,1,2023-11-21 13:51:00,2.55,CUST-10024,United Kingdom
500852,22086,PAPER CHAIN KIT 50'S CHRISTMAS,24,2023-04-27 15:08:00,2.55,CUST-10485,United Kingdom
500852,22197,SMALL POPCORN HOLDER,1,2023-03-14 16:41:00,0.85,CUST-10413,United Kingdom
500852,84029E,RED WOOLLY HOTTIE WHITE HEART,1,2023-08-18 09:23:00,4.95,CUST-10318,United Kingdom
500853,84029E,RED WOOLLY HOTTIE WHITE HEART,1,2023-05-08 09:19:00,4.95,CUST-10061,United Kingdom
500853,22720,SET OF 3 CAKE TINS PANTRY DESIGN,2,2023-08-16 19:40:00,12.75,CUST-10042,United Kingdom
500853,84029G,KNITTED UNION FLAG HOT WATER BOTTLE,1,2023-07-23 12:52:00,4.95,CUST-10040,United Kingdom
500854,84879,ASSORTED COLOUR BIRD ORNAMENT,6,2023-12-24 14:18:00,1.69,CUST-10226,United Kingdom
500854,85123A,WHITE HANGING HEART T-LIGHT HOLDER,1,2023-08-31 13:34:00,2.95,CUST-10278,Germany
500854,84406B,CREAM CUPID HEARTS COAT HANGER,1,2023-11-23 13:57:00,4.25,CUST-10191,United Kingdom
500855,23084,RABBIT NIGHT LIGHT,1,2023-12-26 18:26:00,2.08,CUST-10196,United Kingdom
500855,22633,HAND WARMER UNION JACK,1,2023-11-04 08:23:00,2.1,CUST-10078,United Kingdom
500855,22633,HAND WARMER UNION JACK,6,2023-09-23 11:49:00,2.1,CUST-10022,United Kingdom
500856,22960,JAM MAKING SET WITH JARS,1,2023-12-23 19:15:00,4.95,CUST-10043,United Kingdom
500856,84406B,CREAM CUPID HEARTS COAT HANGER,1,2023-12-20 18:56:00,4.25,CUST-10030,United Kingdom
500856,22633,HAND WARMER UNION JACK,4,2023-03-13 15:20:00,2.1,CUST-10594,United Kingdom
500857,71053,WHITE METAL LANTERN,1,2023-10-03 10:26:00,3.75,CUST-10042,United Kingdom
500857,84879,ASSORTED COLOUR BIRD ORNAMENT,6,2023-07-20 14:56:00,1.69,CUST-10050,United Kingdom
500857,23084,RABBIT NIGHT LIGHT,24,2023-05-22 18:40:00,2.08,CUST-10122,United Kingdom
500858,22633,HAND WARMER UNION JACK,4,2023-10-27 19:52:00,2.1,CUST-10283,United Kingdom
500858,21730,GLASS STAR FROSTED T-LIGHT HOLDER,4,2023-08-16 10:23:00,3.25,CUST-10299,United Kingdom
C500858,71053,WHITE METAL LANTERN,-6,2023-05-18 11:38:00,3.75,CUST-10061,United Kingdom
500859,84879,ASSORTED COLOUR BIRD ORNAMENT,1,2023-03-23 09:48:00,1.69,CUST-10146,United Kingdom
500859,22633,HAND WARMER UNION JACK,1,2023-04-25 16:34:00,2.1,CUST-10139,United Kingdom
500859,22633,HAND WARMER UNION JACK,4,2023-07-01 10:04:00,2.1,CUST-10120,Netherlands
500860,84406B,CREAM CUPID HEARTS COAT HANGER,2,2023-11-14 15:21:00,4.25,CUST-10118,United Kingdom
500860,22720,SET OF 3 CAKE TINS PANTRY DESIGN,4,2023-10-24 09:18:00,12.75,CUST-10134,France
500860,85123A,WHITE HANGING HEART T-LIGHT HOLDER,1,2023-12-22 10:46:00,2.95,CUST-10221,United Kingdom
500861,84406B,CREAM CUPID HEARTS COAT HANGER,2,2023-09-23 15:53:00,4.25,CUST-10174,United Kingdom
500861,22197,SMALL POPCORN HOLDER,1,2023-08-17 11:31:00,0.85,CUST-10233,United Kingdom
500861,71053,WHITE METAL LANTERN,6,2023-09-08 17:58:00,3.75,CUST-10241,United Kingdom
500862,22960,JAM MAKING SET WITH JARS,24,2023-08-29 11:34:00,4.95,CUST-10053,United Kingdom
500862,22086,PAPER CHAIN KIT 50'S CHRISTMAS,12,2023-12-05 16:06:00,2.55,CUST-10294,United Kingdom
500862,22752,SET 7 BABUSHKA NESTING BOXES,1,2023-04-05 16:17:00,8.5,CUST-10426,United Kingdom
500863,22960,JAM MAKING SET WITH JARS,6,2023-09-10 08:35:00,4.95,CUST-10059,United Kingdom
500863,22632,HAND WARMER RED RETROSPOT,1,2023-10-29 12:32:00,2.1,CUST-10043,United Kingdom
500863,71053,WHITE METAL LANTERN,1,2023-07-22 15:52:00,3.75,CUST-10025,United Kingdom
500864,22633,HAND WARMER UNION JACK,1,2023-09-02 17:24:00,2.1,CUST-10065,United Kingdom
500864,22960,JAM MAKING SET WITH JARS,12,2023-04-07 15:29:00,4.95,CUST-10475,United Kingdom
500864,22086,PAPER CHAIN KIT 50'S CHRISTMAS,2,2023-08-07 09:34:00,2.55,CUST-10185,United Kingdom
500865,22720,SET OF 3 CAKE TINS PANTRY DESIGN,1,2023-04-11 11:02:00,12.75,CUST-10396,United Kingdom
500865,22086,PAPER CHAIN KIT 50'S CHRISTMAS,12,2023-08-27 11:28:00,2.55,CUST-10370,France
500865,85123A,WHITE HANGING HEART T-LIGHT HOLDER,4,2023-12-29 18:23:00,2.95,CUST-10036,United Kingdom
500866,21730,GLASS STAR FROSTED T-LIGHT HOLDER,1,2023-11-01 13:44:00,3.25,CUST-10035,United Kingdom
500866,23084,RABBIT NIGHT LIGHT,6,2023-11-07 16:22:00,2.08,CUST-10019,Germany
500866,22197,SMALL POPCORN HOLDER,6,2023-08-24 18:38:00,0.85,CUST-10090,United Kingdom
500867,22752,SET 7 BABUSHKA NESTING BOXES,1,2023-12-24 08:04:00,8.5,CUST-10012,Germany
500867,22752,SET 7 BABUSHKA NESTING BOXES,6,2023-06-24 15:26:00,8.5,CUST-10125,United Kingdom
500867,22086,PAPER CHAIN KIT 50'S CHRISTMAS,4,2023-05-22 08:38:00,2.55,CUST-10148,United Kingdom
500868,84879,ASSORTED COLOUR BIRD ORNAMENT,4,2023-03-26 18:57:00,1.69,CUST-10581,France
500868,84029E,RED WOOLLY HOTTIE WHITE HEART,1,2023-04-08 10:13:00,4.95,CUST-10466,United Kingdom
500868,85123A,WHITE HANGING HEART T-LIGHT HOLDER,6,2023-03-22 13:46:00,2.95,CUST-10124,United Kingdom
500869,22752,SET 7 BABUSHKA NESTING BOXES,4,2023-11-02 19:17:00,8.5,CUST-10385,United Kingdom
500869,22197,SMALL POPCORN HOLDER,1,2023-12-08 12:36:00,0.85,CUST-10089,United Kingdom
500869,22633,HAND WARMER UNION JACK,4,2023-11-18 08:03:00,2.1,CUST-10023,United Kingdom
500870,21730,GLASS STAR FROSTED T-LIGHT HOLDER,1,2023-09-14 17:52:00,3.25,CUST-10030,Germany
500870,22752,SET 7 BABUSHKA NESTING BOXES,1,2023-07-27 09:10:00,8.5,CUST-10016,United Kingdom
500870,84029E,RED WOOLLY HOTTIE WHITE HEART,12,2023-09-29 19:57:00,4.95,CUST-10246,United Kingdom
500871,84879,ASSORTED COLOUR BIRD ORNAMENT,1,2023-12-09 08:42:00,1.69,CUST-10027,Germany
500871,22720,SET OF 3 CAKE TINS PANTRY DESIGN,4,2023-09-04 13:39:00,12.75,CUST-10250,Germany
500871,21730,GLASS STAR FROSTED T-LIGHT HOLDER,1,2023-09-21 11:36:00,3.25,CUST-10384,United Kingdom
500872,22752,SET 7 BABUSHKA NESTING BOXES,4,2023-02-01 15:02:00,8.5,CUST-10437,United Kingdom
500872,71053,WHITE METAL LANTERN,1,2023-03-23 13:13:00,3.75,CUST-10466,United Kingdom
500872,85123A,WHITE HANGING HEART T-LIGHT HOLDER,1,2023-09-01 15:15:00,2.95,CUST-10119,Germany
500873,22632,HAND WARMER RED RETROSPOT,1,2023-11-30 12:46:00,2.1,CUST-10110,United Kingdom
500873,22960,JAM MAKING SET WITH JARS,24,2023-01-04 09:02:00,4.95,CUST-10567,Spain
500873,22720,SET OF 3 CAKE TINS PANTRY DESIGN,12,2023-04-11 17:03:00,12.75,CUST-10479,United Kingdom
500874,84029E,RED WOOLLY HOTTIE WHITE HEART,6,2023-06-12 16:57:00,4.95,CUST-10080,United Kingdom
500874,22633,HAND WARMER UNION JACK,4,2023-10-30 15:42:00,2.1,CUST-10059,United Kingdom
500874,22720,SET OF 3 CAKE TINS PANTRY DESIGN,2,2023-08-03 17:25:00,12.75,CUST-10330,United Kingdom
500875,22720,SET OF 3 CAKE TINS PANTRY DESIGN,12,2023-07-21 15:05:00,12.75,CUST-10094,United Kingdom
500875,22197,SMALL POPCORN HOLDER,1,2023-12-18 12:10:00,0.85,CUST-10160,United Kingdom
500875,84406B,CREAM CUPID HEARTS COAT HANGER,12,2023-11-20 15:01:00,4.25,CUST-10288,United Kingdom
500876,85123A,WHITE HANGING HEART T-LIGHT HOLDER,12,2023-08-31 17:49:00,2.95,CUST-10021,Germany
500876,85123A,WHITE HANGING HEART T-LIGHT HOLDER,6,2023-08-23 19:19:00,2.95,CUST-10173,United Kingdom
500876,22633,HAND WARMER UNION JACK,1,2023-08-28 19:29:00,2.1,CUST-10023,United Kingdom
500877,84879,ASSORTED COLOUR BIRD ORNAMENT,2,2023-08-08 19:15:00,1.69,CUST-10040,United Kingdom
500877,23084,RABBIT NIGHT LIGHT,1,2023-08-22 09:39:00,2.08,CUST-10350,Germany
500877,22632,HAND WARMER RED RETROSPOT,6,2023-08-08 19:44:00,2.1,CUST-10381,Germany
C500878,84879,ASSORTED COLOUR BIRD ORNAMENT,-4,2023-09-29 14:02:00,1.69,CUST-10046,United Kingdom
500878,22086,PAPER CHAIN KIT 50'S CHRISTMAS,1,2023-03-26 14:36:00,2.55,CUST-10195,United Kingdom
500878,22752,SET 7 BABUSHKA NESTING BOXES,1,2023-04-09 11:32:00,8.5,CUST-10408,United Kingdom
500879,23084,RABBIT NIGHT LIGHT,2,2023-11-06 15:13:00,2.08,CUST-10068,United Kingdom
500879,21730,GLASS STAR FROSTED T-LIGHT HOLDER,1,2023-09-27 09:02:00,3.25,CUST-10001,United Kingdom
500879,85123A,WHITE HANGING HEART T-LIGHT HOLDER,12,2023-09-20 08:24:00,2.95,CUST-10017,United Kingdom
500880,21730,GLASS STAR FROSTED T-LIGHT HOLDER,2,2023-03-06 12:47:00,3.25,CUST-10598,United Kingdom
500880,84406B,CREAM CUPID HEARTS COAT HANGER,1,2023-05-30 08:00:00,4.25,CUST-10401,United Kingdom
500880,22632,HAND WARMER RED RETROSPOT,12,2023-11-10 16:22:00,2.1,CUST-10370,United Kingdom
500881,84406B,CREAM CUPID HEARTS COAT HANGER,1,2023-06-03 11:22:00,4.25,CUST-10060,United Kingdom
500881,22752,SET 7 BABUSHKA NESTING BOXES,4,2023-12-01 11:20:00,8.5,CUST-10107,United Kingdom
500881,22633,HAND WARMER UNION JACK,1,2023-12-28 08:47:00,2.1,,United Kingdom
500882,22720,SET OF 3 CAKE TINS PANTRY DESIGN,1,2023-12-14 14:26:00,12.75,CUST-10011,United Kingdom
500882,84879,ASSORTED COLOUR BIRD ORNAMENT,1,2023-07-09 16:28:00,1.69,CUST-10199,United Kingdom
500882,22752,SET 7 BABUSHKA NESTING BOXES,1,2023-10-07 11:08:00,8.5,CUST-10389,United Kingdom
500883,22633,HAND WARMER UNION JACK,1,2023-03-25 11:18:00,2.1,CUST-10503,United Kingdom
500883,84029E,RED WOOLLY HOTTIE WHITE HEART,2,2023-12-13 19:29:00,4.95,CUST-10318,United Kingdom
500883,84029G,KNITTED UNION FLAG HOT WATER BOTTLE,1,2023-09-01 10:26:00,4.95,CUST-10016,United Kingdom
500884,71053,WHITE METAL LANTERN,2,2023-07-13 15:13:00,3.75,CUST-10162,United Kingdom
500884,22086,PAPER CHAIN KIT 50'S CHRISTMAS,4,2023-09-21 12:02:00,2.55,CUST-10096,United Kingdom
500884,22197,SMALL POPCORN HOLDER,4,2023-05-19 19:46:00,0.85,CUST-10534,United Kingdom
500885,22720,SET OF 3 CAKE TINS PANTRY DESIGN,24,2023-09-22 10:52:00,12.75,CUST-10366,United Kingdom
500885,84029E,RED WOOLLY HOTTIE WHITE HEART,2,2023-11-01 16:35:00,4.95,CUST-10017,Spain
500885,85123A,WHITE HANGING HEART T-LIGHT HOLDER,12,2023-12-10 18:35:00,2.95,CUST-10011,United Kingdom
500886,71053,WHITE METAL LANTERN,12,2023-11-23 08:27:00,3.75,CUST-10076,United Kingdom
500886,85123A,WHITE HANGING HEART T-LIGHT HOLDER,4,2023-12-21 14:31:00,2.95,CUST-10273,United Kingdom
500886,84406B,CREAM CUPID HEARTS COAT HANGER,12,2023-01-11 08:14:00,4.25,CUST-10449,United Kingdom
500887,23084,RABBIT NIGHT LIGHT,1,2023-08-17 19:04:00,2.08,CUST-10023,United Kingdom
500887,22752,SET 7 BABUSHKA NESTING BOXES,12,2023-07-27 09:05:00,8.5,CUST-10076,United Kingdom
500887,71053,WHITE METAL LANTERN,4,2023-10-09 08:41:00,3.75,CUST-10367,United Kingdom
500888,21730,GLASS STAR FROSTED T-LIGHT HOLDER,6,2023-07-22 09:38:00,3.25,CUST-10389,United Kingdom
500888,22086,PAPER CHAIN KIT 50'S CHRISTMAS,12,2023-04-07 18:54:00,2.55,CUST-10510,Germany
500888,84879,ASSORTED COLOUR BIRD ORNAMENT,6,2023-12-05 10:39:00,1.69,CUST-10052,United Kingdom
500889,21730,GLASS STAR FROSTED T-LIGHT HOLDER,2,2023-09-17 18:00:00,3.25,CUST-10036,United Kingdom
500889,84406B,CREAM CUPID HEARTS COAT HANGER,6,2023-08-15 11:27:00,4.25,CUST-10154,United Kingdom
500889,22633,HAND WARMER UNION JACK,4,2023-04-01 17:04:00,2.1,CUST-10121,United Kingdom
500890,22633,HAND WARMER UNION JACK,1,2023-04-10 18:54:00,2.1,CUST-10490,United Kingdom
500890,85123A,WHITE HANGING HEART T-LIGHT HOLDER,12,2023-07-20 14:42:00,2.95,CUST-10047,United Kingdom
500890,22752,SET 7 BABUSHKA NESTING BOXES,2,2023-08-30 16:02:00,8.5,CUST-10372,United Kingdom
500891,85123A,WHITE HANGING HEART T-LIGHT HOLDER,4,2023-08-29 08:29:00,2.95,CUST-10268,United Kingdom
500891,84029E,RED WOOLLY HOTTIE WHITE HEART,4,2023-03-20 14:01:00,4.95,CUST-10184,United Kingdom
500891,22197,SMALL POPCORN HOLDER,2,2023-01-28 11:40:00,0.85,CUST-10575,United Kingdom
500892,84879,ASSORTED COLOUR BIRD ORNAMENT,2,2023-09-02 13:21:00,1.69,CUST-10019,United Kingdom
500892,22960,JAM MAKING SET WITH JARS,12,2023-12-01 11:58:00,4.95,CUST-10022,Spain
500892,23084,RABBIT NIGHT LIGHT,6,2023-11-07 12:13:00,2.08,CUST-10334,United Kingdom
500893,21730,GLASS STAR FROSTED T-LIGHT HOLDER,24,2023-10-12 12:15:00,3.25,CUST-10120,United Kingdom
500893,84029G,KNITTED UNION FLAG HOT WATER BOTTLE,1,2023-09-02 10:57:00,4.95,CUST-10069,United Kingdom
500893,22632,HAND WARMER RED RETROSPOT,4,2023-08-18 18:02:00,2.1,CUST-10029,United Kingdom
500894,71053,WHITE METAL LANTERN,6,2023-04-06 09:34:00,3.75,CUST-10561,United Kingdom
500894,21730,GLASS STAR FROSTED T-LIGHT HOLDER,4,2023-11-13 08:04:00,3.25,CUST-10319,Spain
500894,22960,JAM MAKING SET WITH JARS,2,2023-07-30 17:53:00,4.95,CUST-10176,United Kingdom
500895,23084,RABBIT NIGHT LIGHT,2,2023-12-21 14:41:00,2.08,CUST-10057,Germany
500895,84029E,RED WOOLLY HOTTIE WHITE HEART,4,2023-02-26 09:37:00,4.95,CUST-10524,United Kingdom
500895,22960,JAM MAKING SET WITH JARS,4,2023-05-13 15:34:00,4.95,CUST-10537,United Kingdom
500896,84879,ASSORTED COLOUR BIRD ORNAMENT,2,2023-09-18 19:52:00,1.69,CUST-10162,United Kingdom
500896,22752,SET 7 BABUSHKA NESTING BOXES,2,2023-01-21 10:07:00,8.5,CUST-10596,United Kingdom
500896,85123A,WHITE HANGING HEART T-LIGHT HOLDER,1,2023-09-30 14:00:00,2.95,CUST-10187,United Kingdom
500897,22086,PAPER CHAIN KIT 50'S CHRISTMAS,12,2023-11-28 14:15:00,2.55,CUST-10230,United Kingdom
500897,22633,HAND WARMER UNION JACK,1,2023-12-04 17:40:00,2.1,CUST-10014,United Kingdom
500897,22720,SET OF 3 CAKE TINS PANTRY DESIGN,1,2023-01-24 13:25:00,12.75,CUST-10554,Spain
500898,21730,GLASS STAR FROSTED T-LIGHT HOLDER,6,2023-03-06 11:50:00,3.25,CUST-10075,United Kingdom
500898,84879,ASSORTED COLOUR BIRD ORNAMENT,4,2023-08-05 11:16:00,1.69,CUST-10363,Germany
500898,23084,RABBIT NIGHT LIGHT,4,2023-08-26 15:46:00,2.08,CUST-10168,United Kingdom
500899,22633,HAND WARMER UNION JACK,4,2023-10-27 08:16:00,2.1,CUST-10055,United Kingdom
500899,22086,PAPER CHAIN KIT 50'S CHRISTMAS,2,2023-03-14 12:29:00,2.55,CUST-10515,United Kingdom
500899,22632,HAND WARMER RED RETROSPOT,1,2023-05-13 16:44:00,2.1,CUST-10454,United Kingdom
500900,84879,ASSORTED COLOUR BIRD ORNAMENT,1,2023-05-03 19:46:00,1.69,,United Kingdom
500900,22086,PAPER CHAIN KIT 50'S CHRISTMAS,12,2023-08-20 15:17:00,2.55,CUST-10386,United Kingdom
500900,84029G,KNITTED UNION FLAG HOT WATER BOTTLE,4,2023-08-14 08:08:00,4.95,CUST-10378,United Kingdom
500901,22960,JAM MAKING SET WITH JARS,6,2023-05-08 12:34:00,4.95,CUST-10447,United Kingdom
500901,22633,HAND WARMER UNION JACK,4,2023-08-07 13:00:00,2.1,CUST-10035,United Kingdom
500901,84406B,CREAM CUPID HEARTS COAT HANGER,1,2023-11-17 15:13:00,4.25,CUST-10172,United Kingdom
500902,85123A,WHITE HANGING HEART T-LIGHT HOLDER,4,2023-12-20 08:15:00,2.95,CUST-10058,Spain
500902,84029E,RED WOOLLY HOTTIE WHITE HEART,2,2023-05-03 11:57:00,4.95,CUST-10166,United Kingdom
500902,84029G,KNITTED UNION FLAG HOT WATER BOTTLE,2,2023-03-08 17:00:00,4.95,CUST-10561,United Kingdom
500903,22086,PAPER CHAIN KIT 50'S CHRISTMAS,24,2023-03-18 17:32:00,2.55,CUST-10504,United Kingdom
500903,71053,WHITE METAL LANTERN,4,2023-02-01 12:21:00,3.75,CUST-10415,United Kingdom
500903,22633,HAND WARMER UNION JACK,12,2023-09-03 12:15:00,2.1,CUST-10081,United Kingdom
500904,84406B,CREAM CUPID HEARTS COAT HANGER,2,2023-12-16 09:20:00,4.25,CUST-10045,Spain
500904,22632,HAND WARMER RED RETROSPOT,4,2023-12-19 13:15:00,2.1,CUST-10022,United Kingdom
500904,22632,HAND WARMER RED RETROSPOT,4,2023-08-06 19:10:00,2.1,CUST-10047,United Kingdom
500905,22197,SMALL POPCORN HOLDER,12,2023-09-14 18:22:00,0.85,CUST-10051,United Kingdom
500905,84879,ASSORTED COLOUR BIRD ORNAMENT,6,2023-10-20 12:21:00,1.69,CUST-10335,United Kingdom
500905,84406B,CREAM CUPID HEARTS COAT HANGER,1,2023-09-27 18:05:00,4.25,CUST-10012,United Kingdom
500906,22633,HAND WARMER UNION JACK,1,2023-10-11 11:01:00,2.1,CUST-10018,France
500906,23084,RABBIT NIGHT LIGHT,2,2023-08-05 10:24:00,2.08,CUST-10113,France
500906,71053,WHITE METAL LANTERN,6,2023-06-19 16:12:00,3.75,CUST-10144,United Kingdom
500907,23084,RABBIT NIGHT LIGHT,12,2023-07-28 19:55:00,2.08,CUST-10009,United Kingdom
500907,23084,RABBIT NIGHT LIGHT,1,2023-02-02 19:52:00,2.08,CUST-10559,United Kingdom
500907,84029G,KNITTED UNION FLAG HOT WATER BOTTLE,1,2023-12-28 10:34:00,4.95,CUST-10015,United Kingdom
500908,23084,RABBIT NIGHT LIGHT,4,2023-06-16 18:39:00,2.08,CUST-10069,Germany
500908,84029E,RED WOOLLY HOTTIE WHITE HEART,4,2023-11-09 15:17:00,4.95,CUST-10325,United Kingdom
500908,21730,GLASS STAR FROSTED T-LIGHT HOLDER,6,2023-08-09 17:40:00,3.25,CUST-10058,United Kingdom
500909,21730,GLASS STAR FROSTED T-LIGHT HOLDER,1,2023-07-28 12:45:00,3.25,CUST-10346,Netherlands
500909,84406B,CREAM CUPID HEARTS COAT HANGER,12,2023-12-28 13:06:00,4.25,CUST-10087,United Kingdom
500909,22633,HAND WARMER UNION JACK,24,2023-10-10 12:43:00,2.1,CUST-10272,United Kingdom
500910,22633,HAND WARMER UNION JACK,4,2023-09-02 12:50:00,2.1,CUST-10058,United Kingdom
500910,22632,HAND WARMER RED RETROSPOT,2,2023-09-03 08:50:00,2.1,CUST-10133,United Kingdom
500910,22086,PAPER CHAIN KIT 50'S CHRISTMAS,4,2023-08-27 16:49:00,2.55,CUST-10125,United Kingdom
500911,22197,SMALL POPCORN HOLDER,2,2023-07-24 11:13:00,0.85,CUST-10032,United Kingdom
500911,22086,PAPER CHAIN KIT 50'S CHRISTMAS,2,2023-11-08 16:02:00,2.55,CUST-10297,United Kingdom
500911,84029G,KNITTED UNION FLAG HOT WATER BOTTLE,2,2023-05-21 16:40:00,4.95,CUST-10420,United Kingdom
500912,22720,SET OF 3 CAKE TINS PANTRY DESIGN,6,2023-06-30 13:34:00,12.75,CUST-10084,United Kingdom
500912,84029E,RED WOOLLY HOTTIE WHITE HEART,12,2023-12-18 10:48:00,4.95,CUST-10187,United Kingdom
500912,21730,GLASS STAR FROSTED T-LIGHT HOLDER,4,2023-07-30 15:18:00,3.25,CUST-10012,United Kingdom
500913,22086,PAPER CHAIN KIT 50'S CHRISTMAS,4,2023-09-04 18:15:00,2.55,CUST-10280,United Kingdom
500913,84029E,RED WOOLLY HOTTIE WHITE HEART,2,2023-11-02 11:29:00,4.95,CUST-10094,United Kingdom
500913,22197,SMALL POPCORN HOLDER,12,2023-05-05 17:23:00,0.85,CUST-10179,United Kingdom
500914,84029G,KNITTED UNION FLAG HOT WATER BOTTLE,2,2023-07-24 08:46:00,4.95,CUST-10059,United Kingdom
500914,22960,JAM MAKING SET WITH JARS,1,2023-08-07 09:41:00,4.95,CUST-10011,Germany
500914,84406B,CREAM CUPID HEARTS COAT HANGER,2,2023-09-05 19:03:00,4.25,CUST-10046,Germany
500915,84879,ASSORTED COLOUR BIRD ORNAMENT,4,2023-09-18 12:36:00,1.69,CUST-10007,United Kingdom
500915,22720,SET OF 3 CAKE TINS PANTRY DESIGN,4,2023-03-25 18:06:00,12.75,CUST-10476,United Kingdom
500915,21730,GLASS STAR FROSTED T-LIGHT HOLDER,4,2023-09-22 12:24:00,3.25,,United Kingdom
500916,71053,WHITE METAL LANTERN,2,2023-11-27 08:09:00,3.75,CUST-10342,United Kingdom
500916,84029E,RED WOOLLY HOTTIE WHITE HEART,1,2023-10-01 12:15:00,4.95,CUST-10030,United Kingdom
500916,84406B,CREAM CUPID HEARTS COAT HANGER,4,2023-08-02 15:37:00,4.25,,United Kingdom
500917,84029E,RED WOOLLY HOTTIE WHITE HEART,4,2023-09-28 19:04:00,4.95,CUST-10099,United Kingdom
500917,21730,GLASS STAR FROSTED T-LIGHT HOLDER,12,2023-11-15 15:56:00,3.25,CUST-10004,United Kingdom
500917,22720,SET OF 3 CAKE TINS PANTRY DESIGN,6,2023-03-02 18:38:00,12.75,CUST-10117,United Kingdom
500918,85123A,WHITE HANGING HEART T-LIGHT HOLDER,4,2023-04-21 16:29:00,2.95,CUST-10580,United Kingdom
500918,84879,ASSORTED COLOUR BIRD ORNAMENT,1,2023-09-27 19:54:00,1.69,CUST-10153,United Kingdom
500918,84029G,KNITTED UNION FLAG HOT WATER BOTTLE,1,2023-10-28 17:27:00,4.95,CUST-10179,United Kingdom
500919,22960,JAM MAKING SET WITH JARS,4,2023-08-31 17:31:00,4.95,CUST-10088,United Kingdom
500919,84029G,KNITTED UNION FLAG HOT WATER BOTTLE,4,2023-10-30 13:22:00,4.95,CUST-10252,United Kingdom
500919,71053,WHITE METAL LANTERN,2,2023-11-16 08:37:00,3.75,CUST-10009,United Kingdom
500920,84029G,KNITTED UNION FLAG HOT WATER BOTTLE,6,2023-08-10 10:54:00,4.95,CUST-10059,United Kingdom
500920,23084,RABBIT NIGHT LIGHT,4,2023-09-16 19:08:00,2.08,CUST-10310,Germany
500920,84029E,RED WOOLLY HOTTIE WHITE HEART,12,2023-01-22 09:58:00,4.95,CUST-10579,United Kingdom
500921,84879,ASSORTED COLOUR BIRD ORNAMENT,2,2023-03-30 11:09:00,1.69,CUST-10074,United Kingdom
500921,22632,HAND WARMER RED RETROSPOT,2,2023-11-18 17:39:00,2.1,CUST-10186,United Kingdom
500921,22752,SET 7 BABUSHKA NESTING BOXES,6,2023-12-22 19:11:00,8.5,CUST-10048,United Kingdom
500922,71053,WHITE METAL LANTERN,2,2023-07-31 18:19:00,3.75,CUST-10367,United Kingdom
500922,84879,ASSORTED COLOUR BIRD ORNAMENT,2,2023-03-02 10:15:00,1.69,CUST-10493,France
500922,84029E,RED WOOLLY HOTTIE WHITE HEART,4,2023-08-26 19:09:00,4.95,CUST-10134,United Kingdom
500923,22197,SMALL POPCORN HOLDER,1,2023-02-24 13:08:00,0.85,CUST-10486,United Kingdom
500923,84029E,RED WOOLLY HOTTIE WHITE HEART,1,2023-09-30 14:40:00,4.95,CUST-10020,United Kingdom
500923,23084,RABBIT NIGHT LIGHT,1,2023-11-11 13:14:00,2.08,CUST-10009,United Kingdom
500924,71053,WHITE METAL LANTERN,6,2023-10-25 13:47:00,3.75,CUST-10019,United Kingdom
500924,22197,SMALL POPCORN HOLDER,1,2023-11-14 13:52:00,0.85,CUST-10082,Netherlands
500924,84029E,RED WOOLLY HOTTIE WHITE HEART,2,2023-08-30 10:26:00,4.95,CUST-10201,United Kingdom
500925,22086,PAPER CHAIN KIT 50'S CHRISTMAS,4,2023-07-22 16:00:00,2.55,CUST-10379,United Kingdom
500925,22960,JAM MAKING SET WITH JARS,2,2023-03-14 08:13:00,4.95,CUST-10078,United Kingdom
500925,22086,PAPER CHAIN KIT 50'S CHRISTMAS,4,2023-03-15 15:06:00,2.55,CUST-10467,United Kingdom
500926,21730,GLASS STAR FROSTED T-LIGHT HOLDER,2,2023-08-25 10:32:00,3.25,CUST-10053,United Kingdom
500926,84029E,RED WOOLLY HOTTIE WHITE HEART,2,2023-09-29 19:29:00,4.95,CUST-10103,United Kingdom
500926,22960,JAM MAKING SET WITH JARS,1,2023-11-13 11:44:00,4.95,CUST-10311,United Kingdom
500927,22086,PAPER CHAIN KIT 50'S CHRISTMAS,2,2023-08-07 19:14:00,2.55,CUST-10127,United Kingdom
500927,71053,WHITE METAL LANTERN,2,2023-08-09 10:06:00,3.75,CUST-10052,United Kingdom
500927,22632,HAND WARMER RED RETROSPOT,1,2023-10-27 15:23:00,2.1,CUST-10219,Germany
500928,84029E,RED WOOLLY HOTTIE WHITE HEART,12,2023-08-19 09:25:00,4.95,CUST-10060,Spain
500928,22752,SET 7 BABUSHKA NESTING BOXES,1,2023-04-16 10:15:00,8.5,CUST-10573,United Kingdom
500928,22086,PAPER CHAIN KIT 50'S CHRISTMAS,4,2023-07-27 09:05:00,2.55,CUST-10015,United Kingdom
500929,84879,ASSORTED COLOUR BIRD ORNAMENT,2,2023-10-31 13:52:00,1.69,CUST-10215,United Kingdom
500929,84406B,CREAM CUPID HEARTS COAT HANGER,2,2023-05-11 13:44:00,4.25,CUST-10096,United Kingdom
500929,84406B,CREAM CUPID HEARTS COAT HANGER,1,2023-08-10 19:44:00,4.25,CUST-10072,United Kingdom
500930,22633,HAND WARMER UNION JACK,1,2023-10-29 08:53:00,2.1,CUST-10326,United Kingdom
500930,84879,ASSORTED COLOUR BIRD ORNAMENT,2,2023-04-02 19:21:00,1.69,CUST-10427,United Kingdom
500930,71053,WHITE METAL LANTERN,6,2023-12-27 18:44:00,3.75,CUST-10030,United Kingdom
500931,23084,RABBIT NIGHT LIGHT,1,2023-08-26 10:36:00,2.08,CUST-10026,United Kingdom
500931,84029E,RED WOOLLY HOTTIE WHITE HEART,1,2023-08-20 09:40:00,4.95,CUST-10213,United Kingdom
500931,22632,HAND WARMER RED RETROSPOT,12,2023-12-13 14:22:00,2.1,CUST-10294,Germany
500932,23084,RABBIT NIGHT LIGHT,2,2023-04-15 12:52:00,2.08,CUST-10161,United Kingdom
500932,22197,SMALL POPCORN HOLDER,2,2023-03-20 17:23:00,0.85,CUST-10202,United Kingdom
500932,22086,PAPER CHAIN KIT 50'S CHRISTMAS,6,2023-07-17 09:44:00,2.55,CUST-10163,United Kingdom
500933,22633,HAND WARMER UNION JACK,4,2023-05-14 12:23:00,2.1,CUST-10433,France
500933,84879,ASSORTED COLOUR BIRD ORNAMENT,12,2023-07-30 12:10:00,1.69,CUST-10354,United Kingdom
500933,71053,WHITE METAL LANTERN,4,2023-11-02 19:39:00,3.75,,France
500934,84029E,RED WOOLLY HOTTIE WHITE HEART,1,2023-12-18 09:26:00,4.95,CUST-10003,Germany
500934,22086,PAPER CHAIN KIT 50'S CHRISTMAS,4,2023-12-06 10:28:00,2.55,CUST-10094,United Kingdom
500934,22632,HAND WARMER RED RETROSPOT,2,2023-01-31 12:23:00,2.1,CUST-10540,United Kingdom
500935,23084,RABBIT NIGHT LIGHT,2,2023-10-24 16:33:00,2.08,CUST-10299,France
500935,22633,HAND WARMER UNION JACK,1,2023-07-31 10:14:00,2.1,CUST-10054,United Kingdom
500935,71053,WHITE METAL LANTERN,1,2023-08-25 11:10:00,3.75,CUST-10028,France
500936,23084,RABBIT NIGHT LIGHT,4,2023-01-15 15:53:00,2.08,CUST-10402,United Kingdom
500936,22197,SMALL POPCORN HOLDER,2,2023-04-12 11:27:00,0.85,CUST-10187,France
500936,22752,SET 7 BABUSHKA NESTING BOXES,12,2023-11-11 09:44:00,8.5,CUST-10043,United Kingdom
500937,23084,RABBIT NIGHT LIGHT,1,2023-07-18 18:04:00,2.08,CUST-10131,United Kingdom
500937,22197,SMALL POPCORN HOLDER,2,2023-03-13 11:28:00,0.85,CUST-10071,United Kingdom
500937,84029E,RED WOOLLY HOTTIE WHITE HEART,1,2023-08-11 09:09:00,4.95,CUST-10330,United Kingdom
500938,22720,SET OF 3 CAKE TINS PANTRY DESIGN,4,2023-02-09 09:24:00,12.75,CUST-10399,United Kingdom
500938,23084,RABBIT NIGHT LIGHT,1,2023-02-23 10:50:00,2.08,CUST-10415,United Kingdom
500938,22633,HAND WARMER UNION JACK,1,2023-07-30 19:39:00,2.1,CUST-10010,United Kingdom
500939,22633,HAND WARMER UNION JACK,1,2023-12-19 12:02:00,2.1,CUST-10226,United Kingdom
500939,84879,ASSORTED COLOUR BIRD ORNAMENT,1,2023-01-26 19:24:00,1.69,CUST-10541,United Kingdom
500939,23084,RABBIT NIGHT LIGHT,2,2023-09-25 10:18:00,2.08,CUST-10043,Spain
500940,84406B,CREAM CUPID HEARTS COAT HANGER,2,2023-08-31 16:13:00,4.25,CUST-10059,Spain
500940,84029E,RED WOOLLY HOTTIE WHITE HEART,1,2023-12-17 17:57:00,4.95,,United Kingdom
500940,22720,SET OF 3 CAKE TINS PANTRY DESIGN,2,2023-03-15 19:41:00,12.75,CUST-10495,United Kingdom
500941,22086,PAPER CHAIN KIT 50'S CHRISTMAS,1,2023-07-13 10:51:00,2.55,CUST-10256,United Kingdom
500941,22720,SET OF 3 CAKE TINS PANTRY DESIGN,2,2023-10-24 14:56:00,12.75,CUST-10014,Spain
500941,22960,JAM MAKING SET WITH JARS,2,2023-11-04 10:49:00,4.95,CUST-10002,Germany
C500942,84029G,KNITTED UNION FLAG HOT WATER BOTTLE,-2,2023-09-29 10:25:00,4.95,CUST-10016,United Kingdom
500942,84879,ASSORTED COLOUR BIRD ORNAMENT,4,2023-09-09 18:33:00,1.69,CUST-10045,Germany
500942,85123A,WHITE HANGING HEART T-LIGHT HOLDER,2,2023-01-03 08:34:00,2.95,CUST-10555,United Kingdom
500943,22752,SET 7 BABUSHKA NESTING BOXES,2,2023-05-15 08:07:00,8.5,CUST-10129,United Kingdom
500943,22752,SET 7 BABUSHKA NESTING BOXES,4,2023-11-04 12:19:00,8.5,CUST-10058,United Kingdom
500943,22197,SMALL POPCORN HOLDER,2,2023-05-06 11:24:00,0.85,CUST-10091,United Kingdom
500944,22633,HAND WARMER UNION JACK,4,2023-06-20 19:11:00,2.1,CUST-10083,United Kingdom
C500944,84406B,CREAM CUPID HEARTS COAT HANGER,-1,2023-11-19 09:56:00,4.25,CUST-10054,United Kingdom
500944,22086,PAPER CHAIN KIT 50'S CHRISTMAS,1,2023-08-25 14:42:00,2.55,CUST-10314,United Kingdom
500945,22752,SET 7 BABUSHKA NESTING BOXES,1,2023-08-23 18:33:00,8.5,CUST-10018,United Kingdom
500945,22752,SET 7 BABUSHKA NESTING BOXES,2,2023-10-28 17:26:00,8.5,CUST-10085,United Kingdom
500945,22720,SET OF 3 CAKE TINS PANTRY DESIGN,6,2023-05-28 13:02:00,12.75,CUST-10479,United Kingdom
500946,22720,SET OF 3 CAKE TINS PANTRY DESIGN,4,2023-03-15 17:49:00,12.75,CUST-10429,United Kingdom
500946,22086,PAPER CHAIN KIT 50'S CHRISTMAS,6,2023-01-24 16:41:00,2.55,CUST-10423,United Kingdom
500946,22720,SET OF 3 CAKE TINS PANTRY DESIGN,24,2023-07-12 18:49:00,12.75,CUST-10316,United Kingdom
500947,22633,HAND WARMER UNION JACK,2,2023-07-03 14:12:00,2.1,CUST-10212,United Kingdom
500947,22633,HAND WARMER UNION JACK,1,2023-06-12 10:06:00,2.1,CUST-10197,United Kingdom
500947,22197,SMALL POPCORN HOLDER,4,2023-07-09 17:22:00,0.85,CUST-10271,United Kingdom
500948,22633,HAND WARMER UNION JACK,2,2023-10-23 17:28:00,2.1,CUST-10282,United Kingdom
500948,22633,HAND WARMER UNION JACK,12,2023-08-24 12:09:00,2.1,,United Kingdom
500948,84029E,RED WOOLLY HOTTIE WHITE HEART,4,2023-08-28 09:39:00,4.95,CUST-10029,United Kingdom
500949,85123A,WHITE HANGING HEART T-LIGHT HOLDER,1,2023-09-05 15:40:00,2.95,CUST-10047,United Kingdom
500949,84029E,RED WOOLLY HOTTIE WHITE HEART,1,2023-12-28 09:15:00,4.95,CUST-10143,United Kingdom
500949,22197,SMALL POPCORN HOLDER,2,2023-03-14 14:27:00,0.85,CUST-10204,United Kingdom
500950,22752,SET 7 BABUSHKA NESTING BOXES,24,2023-11-04 08:42:00,8.5,CUST-10277,United Kingdom
500950,22632,HAND WARMER RED RETROSPOT,4,2023-09-16 14:35:00,2.1,CUST-10221,United Kingdom
500950,22633,HAND WARMER UNION JACK,6,2023-06-11 18:01:00,2.1,CUST-10105,United Kingdom
500951,85123A,WHITE HANGING HEART T-LIGHT HOLDER,2,2023-08-30 09:42:00,2.95,CUST-10075,United Kingdom
500951,84029G,KNITTED UNION FLAG HOT WATER BOTTLE,24,2023-12-24 16:15:00,4.95,CUST-10075,Germany
500951,84879,ASSORTED COLOUR BIRD ORNAMENT,1,2023-08-26 18:56:00,1.69,CUST-10037,United Kingdom
500952,22633,HAND WARMER UNION JACK,12,2023-10-26 15:53:00,2.1,CUST-10209,United Kingdom
500952,22960,JAM MAKING SET WITH JARS,6,2023-10-07 10:08:00,4.95,CUST-10371,United Kingdom
500952,85123A,WHITE HANGING HEART T-LIGHT HOLDER,1,2023-08-14 14:56:00,2.95,CUST-10015,United Kingdom
500953,22752,SET 7 BABUSHKA NESTING BOXES,2,2023-08-19 18:53:00,8.5,CUST-10183,United Kingdom
500953,84879,ASSORTED COLOUR BIRD ORNAMENT,2,2023-06-29 18:52:00,1.69,CUST-10155,United Kingdom
500953,22633,HAND WARMER UNION JACK,1,2023-11-02 09:44:00,2.1,CUST-10131,United Kingdom
500954,84879,ASSORTED COLOUR BIRD ORNAMENT,4,2023-12-29 13:36:00,1.69,CUST-10130,United Kingdom
500954,22720,SET OF 3 CAKE TINS PANTRY DESIGN,1,2023-08-13 15:37:00,12.75,CUST-10204,United Kingdom
500954,84029G,KNITTED UNION FLAG HOT WATER BOTTLE,4,2023-02-28 12:02:00,4.95,CUST-10542,United Kingdom
500955,84406B,CREAM CUPID HEARTS COAT HANGER,2,2023-10-19 12:00:00,4.25,CUST-10139,Germany
500955,85123A,WHITE HANGING HEART T-LIGHT HOLDER,4,2023-07-22 19:42:00,2.95,CUST-10295,United Kingdom
500955,22197,SMALL POPCORN HOLDER,2,2023-03-08 08:34:00,0.85,,Germany
500956,22086,PAPER CHAIN KIT 50'S CHRISTMAS,6,2023-09-29 08:14:00,2.55,CUST-10250,United Kingdom
500956,22752,SET 7 BABUSHKA NESTING BOXES,4,2023-10-02 09:12:00,8.5,CUST-10121,United Kingdom
500956,22633,HAND WARMER UNION JACK,2,2023-09-10 14:16:00,2.1,CUST-10024,United Kingdom
500957,22086,PAPER CHAIN KIT 50'S CHRISTMAS,1,2023-01-13 18:46:00,2.55,,United Kingdom
500957,22752,SET 7 BABUSHKA NESTING BOXES,4,2023-09-03 19:19:00,8.5,CUST-10352,United Kingdom
500957,22720,SET OF 3 CAKE TINS PANTRY DESIGN,1,2023-03-14 12:43:00,12.75,CUST-10085,United Kingdom
500958,84029G,KNITTED UNION FLAG HOT WATER BOTTLE,2,2023-10-20 11:43:00,4.95,CUST-10017,United Kingdom
500958,22633,HAND WARMER UNION JACK,6,2023-10-29 08:53:00,2.1,CUST-10231,United Kingdom
500958,84406B,CREAM CUPID HEARTS COAT HANGER,1,2023-01-03 12:30:00,4.25,CUST-10578,United Kingdom
500959,84029G,KNITTED UNION FLAG HOT WATER BOTTLE,1,2023-04-09 10:54:00,4.95,CUST-10151,United Kingdom
500959,84879,ASSORTED COLOUR BIRD ORNAMENT,2,2023-12-19 11:20:00,1.69,CUST-10050,United Kingdom
500959,21730,GLASS STAR FROSTED T-LIGHT HOLDER,4,2023-02-21 16:57:00,3.25,CUST-10505,United Kingdom
500960,21730,GLASS STAR FROSTED T-LIGHT HOLDER,4,2023-10-30 09:44:00,3.25,CUST-10257,France
500960,21730,GLASS STAR FROSTED T-LIGHT HOLDER,6,2023-08-10 08:09:00,3.25,CUST-10029,United Kingdom
500960,84029G,KNITTED UNION FLAG HOT WATER BOTTLE,2,2023-07-24 14:21:00,4.95,CUST-10036,France
500961,71053,WHITE METAL LANTERN,6,2023-11-16 13:22:00,3.75,CUST-10037,United Kingdom
500961,84029E,RED WOOLLY HOTTIE WHITE HEART,4,2023-08-18 15:30:00,4.95,CUST-10013,United Kingdom
500961,22720,SET OF 3 CAKE TINS PANTRY DESIGN,4,2023-12-26 08:01:00,12.75,CUST-10075,United Kingdom
500962,21730,GLASS STAR FROSTED T-LIGHT HOLDER,2,2023-08-11 11:58:00,3.25,CUST-10203,Germany
500962,22632,HAND WARMER RED RETROSPOT,2,2023-10-01 18:16:00,2.1,CUST-10004,United Kingdom
500962,22960,JAM MAKING SET WITH JARS,1,2023-09-06 17:34:00,4.95,CUST-10314,United Kingdom
500963,22086,PAPER CHAIN KIT 50'S CHRISTMAS,1,2023-10-26 10:11:00,2.55,CUST-10250,United Kingdom
500963,84406B,CREAM CUPID HEARTS COAT HANGER,2,2023-08-15 12:28:00,4.25,CUST-10067,United Kingdom
500963,22197,SMALL POPCORN HOLDER,4,2023-07-31 17:42:00,0.85,CUST-10046,United Kingdom
500964,84406B,CREAM CUPID HEARTS COAT HANGER,6,2023-10-17 19:30:00,4.25,CUST-10257,United Kingdom
500964,71053,WHITE METAL LANTERN,1,2023-07-05 14:33:00,3.75,CUST-10262,United Kingdom
500964,22197,SMALL POPCORN HOLDER,4,2023-12-05 13:40:00,0.85,CUST-10202,United Kingdom
500965,84029G,KNITTED UNION FLAG HOT WATER BOTTLE,6,2023-10-18 08:11:00,4.95,CUST-10198,United Kingdom
500965,84879,ASSORTED COLOUR BIRD ORNAMENT,2,2023-10-22 11:26:00,1.69,CUST-10020,United Kingdom
500965,84879,ASSORTED COLOUR BIRD ORNAMENT,1,2023-05-03 14:51:00,1.69,CUST-10136,United Kingdom
500966,22720,SET OF 3 CAKE TINS PANTRY DESIGN,2,2023-10-16 12:02:00,12.75,CUST-10059,Netherlands
500966,22086,PAPER CHAIN KIT 50'S CHRISTMAS,12,2023-01-04 19:25:00,2.55,CUST-10566,United Kingdom
C500966,22960,JAM MAKING SET WITH JARS,-4,2023-09-05 10:23:00,4.95,CUST-10154,United Kingdom
500967,84029E,RED WOOLLY HOTTIE WHITE HEART,1,2023-10-17 15:53:00,4.95,CUST-10043,United Kingdom
500967,22633,HAND WARMER UNION JACK,6,2023-08-06 08:44:00,2.1,CUST-10350,United Kingdom
500967,22720,SET OF 3 CAKE TINS PANTRY DESIGN,1,2023-09-22 18:30:00,12.75,CUST-10242,United Kingdom
500968,22752,SET 7 BABUSHKA NESTING BOXES,1,2023-10-08 19:06:00,8.5,CUST-10073,United Kingdom
500968,22960,JAM MAKING SET WITH JARS,4,2023-10-25 10:07:00,4.95,CUST-10340,Germany
500968,22752,SET 7 BABUSHKA NESTING BOXES,2,2023-09-19 13:48:00,8.5,CUST-10268,United Kingdom
500969,22752,SET 7 BABUSHKA NESTING BOXES,2,2023-10-16 18:21:00,8.5,CUST-10177,United Kingdom
500969,71053,WHITE METAL LANTERN,1,2023-09-07 17:39:00,3.75,CUST-10028,Germany
500969,84029G,KNITTED UNION FLAG HOT WATER BOTTLE,12,2023-10-15 10:25:00,4.95,CUST-10049,United Kingdom
500970,85123A,WHITE HANGING HEART T-LIGHT HOLDER,4,2023-11-26 19:51:00,2.95,CUST-10032,United Kingdom
500970,22633,HAND WARMER UNION JACK,2,2023-03-24 12:34:00,2.1,CUST-10531,United Kingdom
500970,22086,PAPER CHAIN KIT 50'S CHRISTMAS,24,2023-11-06 19:44:00,2.55,CUST-10219,United Kingdom
500971,22960,JAM MAKING SET WITH JARS,1,2023-12-06 18:47:00,4.95,CUST-10000,United Kingdom
500971,84029G,KNITTED UNION FLAG HOT WATER BOTTLE,1,2023-12-18 08:02:00,4.95,CUST-10011,United Kingdom
500971,84029E,RED WOOLLY HOTTIE WHITE HEART,4,2023-09-29 16:27:00,4.95,CUST-10324,United Kingdom
500972,22632,HAND WARMER RED RETROSPOT,4,2023-09-25 17:25:00,2.1,CUST-10052,United Kingdom
500972,84406B,CREAM CUPID HEARTS COAT HANGER,2,2023-04-24 12:21:00,4.25,CUST-10519,United Kingdom
500972,84029E,RED WOOLLY HOTTIE WHITE HEART,6,2023-12-27 19:53:00,4.95,CUST-10201,United Kingdom
500973,23084,RABBIT NIGHT LIGHT,1,2023-12-27 10:07:00,2.08,CUST-10042,United Kingdom
500973,22197,SMALL POPCORN HOLDER,2,2023-09-09 17:53:00,0.85,,United Kingdom
500973,23084,RABBIT NIGHT LIGHT,12,2023-07-16 10:02:00,2.08,,United Kingdom
500974,85123A,WHITE HANGING HEART T-LIGHT HOLDER,6,2023-10-14 08:12:00,2.95,CUST-10040,United Kingdom
500974,22086,PAPER CHAIN KIT 50'S CHRISTMAS,1,2023-10-05 11:30:00,2.55,CUST-10052,United Kingdom
500974,22960,JAM MAKING SET WITH JARS,4,2023-07-21 15:02:00,4.95,CUST-10183,United Kingdom
500975,22960,JAM MAKING SET WITH JARS,2,2023-07-29 16:22:00,4.95,CUST-10050,United Kingdom
500975,22086,PAPER CHAIN KIT 50'S CHRISTMAS,1,2023-03-24 09:56:00,2.55,CUST-10394,United Kingdom
500975,71053,WHITE METAL LANTERN,12,2023-09-15 13:36:00,3.75,CUST-10036,United Kingdom
500976,23084,RABBIT NIGHT LIGHT,4,2023-07-18 17:51:00,2.08,CUST-10082,France
500976,22086,PAPER CHAIN KIT 50'S CHRISTMAS,2,2023-03-12 18:52:00,2.55,CUST-10160,United Kingdom
500976,22720,SET OF 3 CAKE TINS PANTRY DESIGN,4,2023-03-11 12:52:00,12.75,CUST-10488,United Kingdom
500977,84029E,RED WOOLLY HOTTIE WHITE HEART,4,2023-04-05 16:36:00,4.95,,United Kingdom
500977,22197,SMALL POPCORN HOLDER,2,2023-05-16 10:48:00,0.85,CUST-10473,Spain
500977,23084,RABBIT NIGHT LIGHT,6,2023-10-23 18:03:00,2.08,CUST-10047,United Kingdom
500978,85123A,WHITE HANGING HEART T-LIGHT HOLDER,24,2023-10-18 16:58:00,2.95,CUST-10068,Germany
500978,84029E,RED WOOLLY HOTTIE WHITE HEART,2,2023-08-20 09:22:00,4.95,CUST-10041,United Kingdom
500978,84879,ASSORTED COLOUR BIRD ORNAMENT,4,2023-05-29 18:49:00,1.69,CUST-10440,United Kingdom
500979,84879,ASSORTED COLOUR BIRD ORNAMENT,6,2023-05-20 15:34:00,1.69,CUST-10115,Germany
500979,22720,SET OF 3 CAKE TINS PANTRY DESIGN,1,2023-12-24 10:37:00,12.75,CUST-10170,United Kingdom
500979,84879,ASSORTED COLOUR BIRD ORNAMENT,2,2023-10-18 13:24:00,1.69,CUST-10054,United Kingdom
500980,22086,PAPER CHAIN KIT 50'S CHRISTMAS,4,2023-09-25 09:04:00,2.55,CUST-10051,United Kingdom
500980,22720,SET OF 3 CAKE TINS PANTRY DESIGN,2,2023-10-15 19:17:00,12.75,CUST-10209,Spain
500980,84406B,CREAM CUPID HEARTS COAT HANGER,12,2023-04-12 12:43:00,4.25,CUST-10143,United Kingdom
500981,22086,PAPER CHAIN KIT 50'S CHRISTMAS,4,2023-06-04 19:12:00,2.55,CUST-10092,United Kingdom
500981,84029E,RED WOOLLY HOTTIE WHITE HEART,2,2023-04-13 08:21:00,4.95,CUST-10547,United Kingdom
500981,22632,HAND WARMER RED RETROSPOT,1,2023-09-18 16:27:00,2.1,CUST-10031,United Kingdom
500982,23084,RABBIT NIGHT LIGHT,1,2023-12-26 10:13:00,2.08,CUST-10044,United Kingdom
500982,23084,RABBIT NIGHT LIGHT,2,2023-11-17 19:15:00,2.08,CUST-10263,United Kingdom
500982,22086,PAPER CHAIN KIT 50'S CHRISTMAS,2,2023-11-02 18:33:00,2.55,CUST-10047,United Kingdom
500983,85123A,WHITE HANGING HEART T-LIGHT HOLDER,4,2023-03-21 19:33:00,2.95,CUST-10149,United Kingdom
500983,85123A,WHITE HANGING HEART T-LIGHT HOLDER,4,2023-08-11 11:41:00,2.95,CUST-10218,United Kingdom
500983,22086,PAPER CHAIN KIT 50'S CHRISTMAS,4,2023-08-12 11:04:00,2.55,CUST-10299,United Kingdom
500984,22197,SMALL POPCORN HOLDER,4,2023-11-12 12:20:00,0.85,CUST-10057,United Kingdom
500984,84029E,RED WOOLLY HOTTIE WHITE HEART,2,2023-11-19 13:26:00,4.95,CUST-10336,Germany
500984,84029E,RED WOOLLY HOTTIE WHITE HEART,4,2023-10-19 17:27:00,4.95,CUST-10078,United Kingdom
500985,22633,HAND WARMER UNION JACK,4,2023-09-24 18:41:00,2.1,CUST-10381,United Kingdom
500985,71053,WHITE METAL LANTERN,2,2023-10-13 12:00:00,3.75,CUST-10024,Germany
500985,71053,WHITE METAL LANTERN,1,2023-08-04 14:26:00,3.75,CUST-10238,United Kingdom
500986,22752,SET 7 BABUSHKA NESTING BOXES,6,2023-07-16 13:52:00,8.5,CUST-10291,United Kingdom
500986,22752,SET 7 BABUSHKA NESTING BOXES,1,2023-10-31 16:00:00,8.5,CUST-10028,United Kingdom
500986,22720,SET OF 3 CAKE TINS PANTRY DESIGN,4,2023-12-02 18:40:00,12.75,CUST-10038,United Kingdom
500987,23084,RABBIT NIGHT LIGHT,4,2023-01-03 16:05:00,2.08,CUST-10592,United Kingdom
500987,85123A,WHITE HANGING HEART T-LIGHT HOLDER,4,2023-04-21 17:07:00,2.95,CUST-10444,United Kingdom
500987,85123A,WHITE HANGING HEART T-LIGHT HOLDER,4,2023-11-19 08:31:00,2.95,CUST-10040,United Kingdom
500988,84029E,RED WOOLLY HOTTIE WHITE HEART,1,2023-08-31 14:56:00,4.95,CUST-10033,United Kingdom
500988,22752,SET 7 BABUSHKA NESTING BOXES,4,2023-11-18 12:33:00,8.5,CUST-10013,United Kingdom
500988,84879,ASSORTED COLOUR BIRD ORNAMENT,2,2023-11-13 16:50:00,1.69,CUST-10269,United Kingdom
500989,22720,SET OF 3 CAKE TINS PANTRY DESIGN,4,2023-09-27 12:21:00,12.75,CUST-10025,United Kingdom
500989,84029E,RED WOOLLY HOTTIE WHITE HEART,4,2023-10-28 11:14:00,4.95,CUST-10377,Germany
500989,22086,PAPER CHAIN KIT 50'S CHRISTMAS,6,2023-07-29 13:05:00,2.55,CUST-10044,France
500990,22752,SET 7 BABUSHKA NESTING BOXES,1,2023-10-08 11:49:00,8.5,CUST-10050,United Kingdom
500990,22720,SET OF 3 CAKE TINS PANTRY DESIGN,4,2023-12-19 15:07:00,12.75,CUST-10117,United Kingdom
500990,21730,GLASS STAR FROSTED T-LIGHT HOLDER,4,2023-09-12 16:45:00,3.25,CUST-10185,United Kingdom
500991,84879,ASSORTED COLOUR BIRD ORNAMENT,24,2023-11-24 19:50:00,1.69,CUST-10035,Spain
500991,84406B,CREAM CUPID HEARTS COAT HANGER,4,2023-12-10 19:07:00,4.25,CUST-10114,United Kingdom
500991,85123A,WHITE HANGING HEART T-LIGHT HOLDER,12,2023-12-18 13:27:00,2.95,CUST-10058,United Kingdom
500992,84029G,KNITTED UNION FLAG HOT WATER BOTTLE,2,2023-07-23 14:47:00,4.95,CUST-10237,United Kingdom
500992,22960,JAM MAKING SET WITH JARS,2,2023-11-16 15:32:00,4.95,CUST-10346,Spain
500992,84879,ASSORTED COLOUR BIRD ORNAMENT,1,2023-03-12 15:10:00,1.69,CUST-10094,Germany
500993,84879,ASSORTED COLOUR BIRD ORNAMENT,12,2023-05-14 19:14:00,1.69,CUST-10181,United Kingdom
500993,84029E,RED WOOLLY HOTTIE WHITE HEART,2,2023-05-03 17:13:00,4.95,CUST-10152,United Kingdom
500993,22086,PAPER CHAIN KIT 50'S CHRISTMAS,12,2023-04-28 12:20:00,2.55,CUST-10199,United Kingdom
500994,22720,SET OF 3 CAKE TINS PANTRY DESIGN,1,2023-03-24 12:57:00,12.75,CUST-10199,United Kingdom
500994,22960,JAM MAKING SET WITH JARS,2,2023-04-18 19:15:00,4.95,CUST-10131,United Kingdom
500994,84029E,RED WOOLLY HOTTIE WHITE HEART,6,2023-10-06 15:16:00,4.95,CUST-10136,United Kingdom
500995,22633,HAND WARMER UNION JACK,2,2023-10-04 11:34:00,2.1,CUST-10169,United Kingdom
500995,22086,PAPER CHAIN KIT 50'S CHRISTMAS,1,2023-11-06 17:02:00,2.55,CUST-10058,France
500995,71053,WHITE METAL LANTERN,12,2023-07-22 17:34:00,3.75,,France
500996,23084,RABBIT NIGHT LIGHT,2,2023-11-29 13:34:00,2.08,CUST-10206,United Kingdom
500996,71053,WHITE METAL LANTERN,24,2023-06-10 12:14:00,3.75,CUST-10076,Germany
500996,84406B,CREAM CUPID HEARTS COAT HANGER,1,2023-09-05 15:25:00,4.25,CUST-10056,United Kingdom
500997,22960,JAM MAKING SET WITH JARS,1,2023-08-28 18:06:00,4.95,CUST-10008,United Kingdom
500997,22752,SET 7 BABUSHKA NESTING BOXES,2,2023-03-18 12:43:00,8.5,CUST-10594,France
500997,22086,PAPER CHAIN KIT 50'S CHRISTMAS,2,2023-09-20 17:09:00,2.55,CUST-10020,Netherlands
500998,23084,RABBIT NIGHT LIGHT,4,2023-05-29 13:40:00,2.08,CUST-10203,United Kingdom
500998,84879,ASSORTED COLOUR BIRD ORNAMENT,4,2023-07-12 13:31:00,1.69,CUST-10274,United Kingdom
500998,22960,JAM MAKING SET WITH JARS,6,2023-12-12 14:02:00,4.95,CUST-10379,United Kingdom
500999,22752,SET 7 BABUSHKA NESTING BOXES,4,2023-12-30 10:55:00,8.5,CUST-10291,United Kingdom
500999,85123A,WHITE HANGING HEART T-LIGHT HOLDER,6,2023-11-25 13:07:00,2.95,CUST-10031,United Kingdom
500999,23084,RABBIT NIGHT LIGHT,1,2023-02-04 13:52:00,2.08,CUST-10426,Spain
501000,71053,WHITE METAL LANTERN,2,2023-08-03 17:11:00,3.75,CUST-10040,United Kingdom
501000,84029E,RED WOOLLY HOTTIE WHITE HEART,1,2023-05-09 11:16:00,4.95,CUST-10078,United Kingdom
501000,84879,ASSORTED COLOUR BIRD ORNAMENT,2,2023-07-27 17:43:00,1.69,CUST-10128,United Kingdom
501001,84406B,CREAM CUPID HEARTS COAT HANGER,6,2023-11-09 08:42:00,4.25,CUST-10267,United Kingdom
501001,21730,GLASS STAR FROSTED T-LIGHT HOLDER,1,2023-03-12 13:48:00,3.25,CUST-10192,Netherlands
501001,71053,WHITE METAL LANTERN,4,2023-09-23 18:48:00,3.75,CUST-10007,United Kingdom
501002,23084,RABBIT NIGHT LIGHT,4,2023-08-05 13:48:00,2.08,CUST-10335,United Kingdom
501002,22197,SMALL POPCORN HOLDER,1,2023-09-12 11:42:00,0.85,CUST-10188,United Kingdom
501002,22197,SMALL POPCORN HOLDER,2,2023-09-07 13:09:00,0.85,CUST-10174,Netherlands
501003,85123A,WHITE HANGING HEART T-LIGHT HOLDER,1,2023-06-19 08:15:00,2.95,CUST-10070,United Kingdom
501003,84879,ASSORTED COLOUR BIRD ORNAMENT,2,2023-04-26 16:48:00,1.69,CUST-10086,United Kingdom
501003,22960,JAM MAKING SET WITH JARS,4,2023-11-07 08:47:00,4.95,CUST-10194,United Kingdom
501004,22752,SET 7 BABUSHKA NESTING BOXES,1,2023-04-01 12:02:00,8.5,CUST-10394,United Kingdom
501004,22720,SET OF 3 CAKE TINS PANTRY DESIGN,6,2023-11-09 15:14:00,12.75,CUST-10029,Germany
501004,84029G,KNITTED UNION FLAG HOT WATER BOTTLE,1,2023-12-19 13:04:00,4.95,CUST-10132,France
501005,22633,HAND WARMER UNION JACK,6,2023-03-27 15:55:00,2.1,CUST-10187,United Kingdom
501005,84406B,CREAM CUPID HEARTS COAT HANGER,1,2023-08-22 16:38:00,4.25,CUST-10036,United Kingdom
501005,22632,HAND WARMER RED RETROSPOT,6,2023-11-07 15:45:00,2.1,CUST-10044,United Kingdom
501006,22632,HAND WARMER RED RETROSPOT,4,2023-10-12 12:53:00,2.1,CUST-10190,United Kingdom
501006,22633,HAND WARMER UNION JACK,2,2023-11-04 19:25:00,2.1,CUST-10330,United Kingdom
501006,22752,SET 7 BABUSHKA NESTING BOXES,2,2023-08-16 18:58:00,8.5,CUST-10075,United Kingdom
501007,22720,SET OF 3 CAKE TINS PANTRY DESIGN,2,2023-09-03 19:19:00,12.75,CUST-10315,United Kingdom
501007,85123A,WHITE HANGING HEART T-LIGHT HOLDER,2,2023-04-13 09:42:00,2.95,CUST-10463,United Kingdom
501007,21730,GLASS STAR FROSTED T-LIGHT HOLDER,24,2023-11-12 13:38:00,3.25,CUST-10065,Netherlands
501008,85123A,WHITE HANGING HEART T-LIGHT HOLDER,2,2023-11-19 15:38:00,2.95,CUST-10021,United Kingdom
501008,22960,JAM MAKING SET WITH JARS,4,2023-08-11 16:13:00,4.95,CUST-10021,United Kingdom
501008,23084,RABBIT NIGHT LIGHT,1,2023-03-14 19:26:00,2.08,CUST-10466,United Kingdom
501009,84029G,KNITTED UNION FLAG HOT WATER BOTTLE,4,2023-04-18 08:53:00,4.95,CUST-10168,United Kingdom
501009,22197,SMALL POPCORN HOLDER,2,2023-08-24 08:30:00,0.85,CUST-10047,United Kingdom
501009,85123A,WHITE HANGING HEART T-LIGHT HOLDER,6,2023-11-01 17:12:00,2.95,CUST-10027,United Kingdom
501010,84029G,KNITTED UNION FLAG HOT WATER BOTTLE,2,2023-07-29 16:50:00,4.95,CUST-10172,United Kingdom
501010,22086,PAPER CHAIN KIT 50'S CHRISTMAS,1,2023-11-29 13:04:00,2.55,CUST-10187,United Kingdom
501010,84879,ASSORTED COLOUR BIRD ORNAMENT,4,2023-10-27 15:14:00,1.69,CUST-10137,Spain
501011,22197,SMALL POPCORN HOLDER,12,2023-10-10 19:19:00,0.85,CUST-10016,United Kingdom
501011,71053,WHITE METAL LANTERN,4,2023-10-16 17:54:00,3.75,CUST-10031,United Kingdom
501011,22960,JAM MAKING SET WITH JARS,1,2023-01-03 12:41:00,4.95,CUST-10571,United Kingdom
501012,84879,ASSORTED COLOUR BIRD ORNAMENT,1,2023-05-03 19:12:00,1.69,CUST-10431,United Kingdom
501012,22086,PAPER CHAIN KIT 50'S CHRISTMAS,2,2023-07-28 14:49:00,2.55,CUST-10166,Spain
501012,21730,GLASS STAR FROSTED T-LIGHT HOLDER,1,2023-12-20 17:55:00,3.25,CUST-10071,United Kingdom
501013,84406B,CREAM CUPID HEARTS COAT HANGER,6,2023-09-02 10:08:00,4.25,CUST-10117,United Kingdom
501013,22086,PAPER CHAIN KIT 50'S CHRISTMAS,6,2023-11-04 14:39:00,2.55,CUST-10239,United Kingdom
501013,22752,SET 7 BABUSHKA NESTING BOXES,6,2023-04-03 09:50:00,8.5,CUST-10494,United Kingdom
501014,22086,PAPER CHAIN KIT 50'S CHRISTMAS,1,2023-04-06 10:19:00,2.55,,Spain
501014,22632,HAND WARMER RED RETROSPOT,2,2023-09-28 11:36:00,2.1,CUST-10053,United Kingdom
501014,22632,HAND WARMER RED RETROSPOT,1,2023-04-17 08:49:00,2.1,CUST-10126,United Kingdom
501015,22960,JAM MAKING SET WITH JARS,6,2023-09-02 14:08:00,4.95,CUST-10083,United Kingdom
501015,21730,GLASS STAR FROSTED T-LIGHT HOLDER,12,2023-09-06 13:17:00,3.25,,United Kingdom
501015,22960,JAM MAKING SET WITH JARS,1,2023-10-16 16:38:00,4.95,CUST-10036,United Kingdom
501016,22752,SET 7 BABUSHKA NESTING BOXES,12,2023-08-13 10:27:00,8.5,CUST-10052,United Kingdom
501016,22752,SET 7 BABUSHKA NESTING BOXES,1,2023-10-07 08:42:00,8.5,CUST-10137,France
501016,84879,ASSORTED COLOUR BIRD ORNAMENT,1,2023-06-11 14:10:00,1.69,CUST-10089,United Kingdom
501017,22197,SMALL POPCORN HOLDER,12,2023-11-24 15:29:00,0.85,CUST-10041,United Kingdom
501017,71053,WHITE METAL LANTERN,1,2023-09-29 14:32:00,3.75,CUST-10002,France
501017,71053,WHITE METAL LANTERN,1,2023-03-22 09:22:00,3.75,CUST-10427,United Kingdom
501018,22197,SMALL POPCORN HOLDER,1,2023-09-23 18:57:00,0.85,CUST-10149,United Kingdom
501018,22752,SET 7 BABUSHKA NESTING BOXES,1,2023-11-07 19:07:00,8.5,CUST-10031,United Kingdom
501018,22720,SET OF 3 CAKE TINS PANTRY DESIGN,2,2023-03-07 14:08:00,12.75,,United Kingdom
501019,84029E,RED WOOLLY HOTTIE WHITE HEART,1,2023-11-01 08:45:00,4.95,,United Kingdom
501019,84029E,RED WOOLLY HOTTIE WHITE HEART,2,2023-02-21 10:36:00,4.95,,United Kingdom
501019,21730,GLASS STAR FROSTED T-LIGHT HOLDER,1,2023-10-20 19:08:00,3.25,CUST-10045,United Kingdom
501020,84029G,KNITTED UNION FLAG HOT WATER BOTTLE,4,2023-09-16 09:37:00,4.95,CUST-10225,United Kingdom
501020,84406B,CREAM CUPID HEARTS COAT HANGER,4,2023-12-29 08:35:00,4.25,CUST-10044,United Kingdom
501020,22086,PAPER CHAIN KIT 50'S CHRISTMAS,1,2023-10-31 17:37:00,2.55,CUST-10287,United Kingdom
501021,71053,WHITE METAL LANTERN,1,2023-12-12 19:04:00,3.75,CUST-10035,France
501021,22632,HAND WARMER RED RETROSPOT,2,2023-10-11 19:38:00,2.1,CUST-10255,United Kingdom
501021,22632,HAND WARMER RED RETROSPOT,4,2023-12-07 16:46:00,2.1,CUST-10354,Germany
501022,22632,HAND WARMER RED RETROSPOT,4,2023-11-08 09:20:00,2.1,CUST-10048,Germany
501022,85123A,WHITE HANGING HEART T-LIGHT HOLDER,1,2023-11-19 13:12:00,2.95,CUST-10005,United Kingdom
501022,85123A,WHITE HANGING HEART T-LIGHT HOLDER,6,2023-05-23 17:11:00,2.95,CUST-10149,United Kingdom
501023,22632,HAND WARMER RED RETROSPOT,2,2023-10-03 19:09:00,2.1,CUST-10283,United Kingdom
501023,84406B,CREAM CUPID HEARTS COAT HANGER,2,2023-10-22 15:04:00,4.25,CUST-10328,United Kingdom
501023,21730,GLASS STAR FROSTED T-LIGHT HOLDER,4,2023-07-10 10:56:00,3.25,CUST-10355,United Kingdom
501024,21730,GLASS STAR FROSTED T-LIGHT HOLDER,2,2023-05-17 09:43:00,3.25,CUST-10462,United Kingdom
501024,22632,HAND WARMER RED RETROSPOT,1,2023-08-17 15:18:00,2.1,CUST-10037,United Kingdom
501024,22197,SMALL POPCORN HOLDER,2,2023-09-12 14:34:00,0.85,CUST-10324,United Kingdom
501025,85123A,WHITE HANGING HEART T-LIGHT HOLDER,4,2023-11-23 10:36:00,2.95,CUST-10023,Germany
501025,23084,RABBIT NIGHT LIGHT,1,2023-08-14 18:52:00,2.08,CUST-10136,United Kingdom
501025,21730,GLASS STAR FROSTED T-LIGHT HOLDER,24,2023-03-17 15:42:00,3.25,CUST-10172,Germany
501026,22633,HAND WARMER UNION JACK,6,2023-05-24 08:17:00,2.1,CUST-10115,United Kingdom
501026,84879,ASSORTED COLOUR BIRD ORNAMENT,1,2023-07-24 18:21:00,1.69,CUST-10036,United Kingdom
501026,22960,JAM MAKING SET WITH JARS,2,2023-04-28 18:17:00,4.95,CUST-10189,United Kingdom
501027,23084,RABBIT NIGHT LIGHT,4,2023-08-28 17:19:00,2.08,CUST-10231,United Kingdom
501027,23084,RABBIT NIGHT LIGHT,1,2023-12-23 13:27:00,2.08,CUST-10133,United Kingdom
501027,85123A,WHITE HANGING HEART T-LIGHT HOLDER,1,2023-11-01 11:32:00,2.95,CUST-10228,United Kingdom
501028,22752,SET 7 BABUSHKA NESTING BOXES,4,2023-03-02 13:53:00,8.5,CUST-10481,United Kingdom
501028,84029E,RED WOOLLY HOTTIE WHITE HEART,4,2023-05-10 19:40:00,4.95,CUST-10488,France
501028,22632,HAND WARMER RED RETROSPOT,1,2023-07-28 17:31:00,2.1,CUST-10063,United Kingdom
501029,22197,SMALL POPCORN HOLDER,24,2023-04-18 14:39:00,0.85,CUST-10139,United Kingdom
501029,22632,HAND WARMER RED RETROSPOT,12,2023-10-06 18:01:00,2.1,CUST-10193,France
501029,85123A,WHITE HANGING HEART T-LIGHT HOLDER,6,2023-11-12 12:24:00,2.95,CUST-10077,United Kingdom
501030,84029E,RED WOOLLY HOTTIE WHITE HEART,1,2023-07-28 09:10:00,4.95,CUST-10288,Germany
501030,22632,HAND WARMER RED RETROSPOT,1,2023-11-13 11:28:00,2.1,CUST-10059,United Kingdom
501030,84029G,KNITTED UNION FLAG HOT WATER BOTTLE,6,2023-12-24 15:40:00,4.95,CUST-10026,United Kingdom
501031,22633,HAND WARMER UNION JACK,2,2023-09-22 16:51:00,2.1,CUST-10070,United Kingdom
501031,85123A,WHITE HANGING HEART T-LIGHT HOLDER,4,2023-09-20 11:19:00,2.95,CUST-10044,United Kingdom
501031,71053,WHITE METAL LANTERN,4,2023-12-20 14:23:00,3.75,CUST-10216,Spain
501032,84029E,RED WOOLLY HOTTIE WHITE HEART,1,2023-05-22 13:27:00,4.95,CUST-10162,Germany
501032,22086,PAPER CHAIN KIT 50'S CHRISTMAS,1,2023-09-14 18:58:00,2.55,CUST-10008,United Kingdom
501032,85123A,WHITE HANGING HEART T-LIGHT HOLDER,4,2023-12-22 10:17:00,2.95,CUST-10200,United Kingdom
501033,22720,SET OF 3 CAKE TINS PANTRY DESIGN,1,2023-08-16 16:44:00,12.75,CUST-10057,United Kingdom
501033,22633,HAND WARMER UNION JACK,4,2023-12-04 16:39:00,2.1,CUST-10044,United Kingdom
501033,22752,SET 7 BABUSHKA NESTING BOXES,1,2023-10-19 18:38:00,8.5,CUST-10001,United Kingdom
501034,85123A,WHITE HANGING HEART T-LIGHT HOLDER,2,2023-08-04 09:26:00,2.95,CUST-10129,United Kingdom
501034,22752,SET 7 BABUSHKA NESTING BOXES,2,2023-01-05 08:33:00,8.5,CUST-10423,United Kingdom
501034,23084,RABBIT NIGHT LIGHT,2,2023-10-12 12:00:00,2.08,CUST-10088,United Kingdom
501035,22960,JAM MAKING SET WITH JARS,6,2023-07-26 19:22:00,4.95,CUST-10356,United Kingdom
501035,23084,RABBIT NIGHT LIGHT,4,2023-10-06 16:47:00,2.08,CUST-10120,United Kingdom
501035,22960,JAM MAKING SET WITH JARS,1,2023-07-01 18:20:00,4.95,CUST-10221,United Kingdom
501036,84029E,RED WOOLLY HOTTIE WHITE HEART,2,2023-11-02 13:46:00,4.95,CUST-10059,United Kingdom
501036,22960,JAM MAKING SET WITH JARS,4,2023-12-10 08:32:00,4.95,CUST-10006,United Kingdom
501036,84029G,KNITTED UNION FLAG HOT WATER BOTTLE,1,2023-10-30 14:45:00,4.95,CUST-10111,United Kingdom
501037,84029G,KNITTED UNION FLAG HOT WATER BOTTLE,1,2023-09-06 10:30:00,4.95,CUST-10066,United Kingdom
501037,22086,PAPER CHAIN KIT 50'S CHRISTMAS,4,2023-12-13 10:18:00,2.55,CUST-10212,United Kingdom
501037,22086,PAPER CHAIN KIT 50'S CHRISTMAS,4,2023-07-27 13:05:00,2.55,CUST-10030,Spain
501038,22720,SET OF 3 CAKE TINS PANTRY DESIGN,2,2023-09-02 16:58:00,12.75,CUST-10325,United Kingdom
501038,84879,ASSORTED COLOUR BIRD ORNAMENT,1,2023-05-19 15:19:00,1.69,CUST-10139,Netherlands
501038,23084,RABBIT NIGHT LIGHT,1,2023-11-10 14:30:00,2.08,,United Kingdom
501039,23084,RABBIT NIGHT LIGHT,24,2023-11-12 16:34:00,2.08,CUST-10069,United Kingdom
501039,22197,SMALL POPCORN HOLDER,4,2023-05-03 10:12:00,0.85,CUST-10420,United Kingdom
501039,22197,SMALL POPCORN HOLDER,24,2023-09-08 19:45:00,0.85,CUST-10041,France
501040,22086,PAPER CHAIN KIT 50'S CHRISTMAS,4,2023-07-26 09:58:00,2.55,CUST-10269,United Kingdom
501040,85123A,WHITE HANGING HEART T-LIGHT HOLDER,2,2023-03-15 12:26:00,2.95,CUST-10405,United Kingdom
501040,84406B,CREAM CUPID HEARTS COAT HANGER,1,2023-12-07 14:20:00,4.25,CUST-10253,United Kingdom
501041,85123A,WHITE HANGING HEART T-LIGHT HOLDER,4,2023-06-26 15:58:00,2.95,CUST-10184,United Kingdom
501041,22752,SET 7 BABUSHKA NESTING BOXES,6,2023-07-27 16:43:00,8.5,CUST-10317,United Kingdom
501041,22752,SET 7 BABUSHKA NESTING BOXES,12,2023-10-29 17:39:00,8.5,CUST-10320,United Kingdom
501042,22752,SET 7 BABUSHKA NESTING BOXES,6,2023-08-30 12:44:00,8.5,CUST-10135,United Kingdom
501042,84029G,KNITTED UNION FLAG HOT WATER BOTTLE,4,2023-10-12 15:33:00,4.95,CUST-10015,Germany
501042,84879,ASSORTED COLOUR BIRD ORNAMENT,4,2023-05-08 16:58:00,1.69,CUST-10208,Germany
501043,22960,JAM MAKING SET WITH JARS,1,2023-11-02 14:12:00,4.95,CUST-10004,United Kingdom
501043,21730,GLASS STAR FROSTED T-LIGHT HOLDER,1,2023-10-25 14:13:00,3.25,CUST-10233,United Kingdom
501043,22086,PAPER CHAIN KIT 50'S CHRISTMAS,2,2023-10-09 11:27:00,2.55,CUST-10163,Germany
501044,22720,SET OF 3 CAKE TINS PANTRY DESIGN,2,2023-10-04 10:44:00,12.75,CUST-10038,United Kingdom
501044,84406B,CREAM CUPID HEARTS COAT HANGER,4,2023-07-29 09:26:00,4.25,CUST-10178,United Kingdom
501044,85123A,WHITE HANGING HEART T-LIGHT HOLDER,2,2023-08-24 17:53:00,2.95,CUST-10354,United Kingdom
501045,84029G,KNITTED UNION FLAG HOT WATER BOTTLE,12,2023-08-26 18:20:00,4.95,CUST-10191,United Kingdom
501045,22086,PAPER CHAIN KIT 50'S CHRISTMAS,6,2023-01-25 12:38:00,2.55,CUST-10402,Germany
501045,84879,ASSORTED COLOUR BIRD ORNAMENT,12,2023-07-15 19:27:00,1.69,CUST-10248,United Kingdom
501046,21730,GLASS STAR FROSTED T-LIGHT HOLDER,2,2023-01-26 10:25:00,3.25,CUST-10544,Germany
501046,22197,SMALL POPCORN HOLDER,1,2023-10-01 16:28:00,0.85,CUST-10111,United Kingdom
501046,23084,RABBIT NIGHT LIGHT,4,2023-05-27 13:58:00,2.08,CUST-10468,United Kingdom
501047,23084,RABBIT NIGHT LIGHT,1,2023-11-17 11:57:00,2.08,CUST-10038,United Kingdom
501047,22960,JAM MAKING SET WITH JARS,6,2023-10-12 16:38:00,4.95,CUST-10077,United Kingdom
501047,84029G,KNITTED UNION FLAG HOT WATER BOTTLE,1,2023-10-02 10:04:00,4.95,CUST-10004,United Kingdom
501048,22960,JAM MAKING SET WITH JARS,4,2023-09-26 19:19:00,4.95,CUST-10034,United Kingdom
501048,22752,SET 7 BABUSHKA NESTING BOXES,1,2023-12-30 11:21:00,8.5,CUST-10024,Germany
501048,84029E,RED WOOLLY HOTTIE WHITE HEART,2,2023-11-07 09:15:00,4.95,CUST-10314,United Kingdom
501049,22086,PAPER CHAIN KIT 50'S CHRISTMAS,4,2023-09-10 15:11:00,2.55,CUST-10040,United Kingdom
501049,22086,PAPER CHAIN KIT 50'S CHRISTMAS,4,2023-09-26 13:18:00,2.55,CUST-10151,United Kingdom
501049,23084,RABBIT NIGHT LIGHT,1,2023-11-23 17:12:00,2.08,CUST-10357,United Kingdom
501050,84029E,RED WOOLLY HOTTIE WHITE HEART,1,2023-01-15 11:30:00,4.95,CUST-10476,United Kingdom
501050,22960,JAM MAKING SET WITH JARS,12,2023-08-28 12:51:00,4.95,CUST-10183,United Kingdom
501050,84029E,RED WOOLLY HOTTIE WHITE HEART,1,2023-08-01 08:53:00,4.95,CUST-10014,United Kingdom
501051,22197,SMALL POPCORN HOLDER,12,2023-08-06 17:16:00,0.85,CUST-10015,Germany
501051,84406B,CREAM CUPID HEARTS COAT HANGER,2,2023-05-12 10:37:00,4.25,CUST-10081,United Kingdom
501051,22752,SET 7 BABUSHKA NESTING BOXES,1,2023-04-21 15:14:00,8.5,CUST-10431,United Kingdom
501052,84029G,KNITTED UNION FLAG HOT WATER BOTTLE,1,2023-09-24 13:02:00,4.95,CUST-10377,United Kingdom
501052,22960,JAM MAKING SET WITH JARS,12,2023-12-27 16:21:00,4.95,CUST-10046,United Kingdom
501052,22086,PAPER CHAIN KIT 50'S CHRISTMAS,1,2023-06-29 08:15:00,2.55,CUST-10197,Spain
501053,22960,JAM MAKING SET WITH JARS,1,2023-01-30 10:28:00,4.95,CUST-10446,United Kingdom
501053,22632,HAND WARMER RED RETROSPOT,2,2023-12-08 18:29:00,2.1,CUST-10006,United Kingdom
501053,22752,SET 7 BABUSHKA NESTING BOXES,1,2023-06-05 19:27:00,8.5,CUST-10123,United Kingdom
501054,22632,HAND WARMER RED RETROSPOT,2,2023-06-15 17:04:00,2.1,CUST-10161,United Kingdom
501054,22632,HAND WARMER RED RETROSPOT,4,2023-10-14 18:08:00,2.1,CUST-10057,United Kingdom
501054,85123A,WHITE HANGING HEART T-LIGHT HOLDER,2,2023-05-10 16:45:00,2.95,CUST-10555,United Kingdom
501055,22086,PAPER CHAIN KIT 50'S CHRISTMAS,1,2023-11-08 17:49:00,2.55,CUST-10018,United Kingdom
501055,71053,WHITE METAL LANTERN,2,2023-12-25 08:38:00,3.75,CUST-10059,United Kingdom
501055,22197,SMALL POPCORN HOLDER,2,2023-03-28 16:04:00,0.85,CUST-10075,United Kingdom
501056,22086,PAPER CHAIN KIT 50'S CHRISTMAS,4,2023-11-14 13:19:00,2.55,CUST-10361,Germany
501056,71053,WHITE METAL LANTERN,1,2023-05-24 18:54:00,3.75,CUST-10064,United Kingdom
501056,22197,SMALL POPCORN HOLDER,1,2023-11-14 19:38:00,0.85,CUST-10015,France
501057,84029G,KNITTED UNION FLAG HOT WATER BOTTLE,1,2023-06-22 15:14:00,4.95,CUST-10096,United Kingdom
501057,84029G,KNITTED UNION FLAG HOT WATER BOTTLE,4,2023-08-18 14:21:00,4.95,CUST-10054,United Kingdom
501057,23084,RABBIT NIGHT LIGHT,1,2023-10-21 13:28:00,2.08,CUST-10356,United Kingdom
501058,22197,SMALL POPCORN HOLDER,1,2023-03-23 08:22:00,0.85,CUST-10417,United Kingdom
501058,22632,HAND WARMER RED RETROSPOT,4,2023-02-04 10:41:00,2.1,CUST-10493,United Kingdom
501058,84406B,CREAM CUPID HEARTS COAT HANGER,2,2023-04-25 16:16:00,4.25,CUST-10522,Germany
501059,22752,SET 7 BABUSHKA NESTING BOXES,4,2023-01-26 11:10:00,8.5,CUST-10536,United Kingdom
501059,84879,ASSORTED COLOUR BIRD ORNAMENT,1,2023-09-06 18:28:00,1.69,CUST-10046,United Kingdom
501059,71053,WHITE METAL LANTERN,1,2023-12-17 16:35:00,3.75,CUST-10314,France
501060,22720,SET OF 3 CAKE TINS PANTRY DESIGN,6,2023-08-12 14:50:00,12.75,CUST-10215,United Kingdom
501060,84029G,KNITTED UNION FLAG HOT WATER BOTTLE,4,2023-06-04 12:31:00,4.95,CUST-10207,United Kingdom
501060,22720,SET OF 3 CAKE TINS PANTRY DESIGN,2,2023-09-08 15:55:00,12.75,CUST-10033,United Kingdom
501061,22752,SET 7 BABUSHKA NESTING BOXES,1,2023-09-15 09:16:00,8.5,CUST-10296,United Kingdom
501061,84029G,KNITTED UNION FLAG HOT WATER BOTTLE,6,2023-10-21 13:04:00,4.95,,United Kingdom
501061,84406B,CREAM CUPID HEARTS COAT HANGER,1,2023-03-08 18:07:00,4.25,CUST-10443,United Kingdom
501062,84879,ASSORTED COLOUR BIRD ORNAMENT,1,2023-04-04 16:48:00,1.69,CUST-10195,France
501062,84879,ASSORTED COLOUR BIRD ORNAMENT,4,2023-07-09 15:22:00,1.69,CUST-10163,United Kingdom
501062,71053,WHITE METAL LANTERN,12,2023-10-04 18:46:00,3.75,CUST-10129,United Kingdom
501063,84029E,RED WOOLLY HOTTIE WHITE HEART,6,2023-10-05 19:50:00,4.95,CUST-10322,Germany
501063,71053,WHITE METAL LANTERN,1,2023-11-22 18:27:00,3.75,CUST-10132,United Kingdom
501063,22720,SET OF 3 CAKE TINS PANTRY DESIGN,4,2023-09-09 12:04:00,12.75,CUST-10239,United Kingdom
501064,22960,JAM MAKING SET WITH JARS,1,2023-08-14 14:28:00,4.95,CUST-10192,United Kingdom
501064,71053,WHITE METAL LANTERN,1,2023-03-15 08:45:00,3.75,CUST-10441,United Kingdom
501064,21730,GLASS STAR FROSTED T-LIGHT HOLDER,2,2023-12-11 19:29:00,3.25,CUST-10185,United Kingdom
501065,21730,GLASS STAR FROSTED T-LIGHT HOLDER,1,2023-08-31 10:28:00,3.25,CUST-10035,United Kingdom
501065,22633,HAND WARMER UNION JACK,1,2023-12-19 17:11:00,2.1,CUST-10200,United Kingdom
501065,22632,HAND WARMER RED RETROSPOT,12,2023-09-17 16:51:00,2.1,CUST-10041,United Kingdom
501066,84029G,KNITTED UNION FLAG HOT WATER BOTTLE,6,2023-11-23 18:29:00,4.95,CUST-10029,United Kingdom
501066,84879,ASSORTED COLOUR BIRD ORNAMENT,12,2023-08-13 12:39:00,1.69,CUST-10338,Germany
501066,23084,RABBIT NIGHT LIGHT,6,2023-10-08 13:30:00,2.08,CUST-10358,United Kingdom
501067,84879,ASSORTED COLOUR BIRD ORNAMENT,2,2023-10-25 18:25:00,1.69,CUST-10159,Netherlands
501067,84406B,CREAM CUPID HEARTS COAT HANGER,4,2023-10-03 10:28:00,4.25,CUST-10004,United Kingdom
501067,84406B,CREAM CUPID HEARTS COAT HANGER,1,2023-12-07 17:05:00,4.25,CUST-10040,United Kingdom
501068,22197,SMALL POPCORN HOLDER,2,2023-11-29 18:30:00,0.85,CUST-10070,United Kingdom
501068,21730,GLASS STAR FROSTED T-LIGHT HOLDER,4,2023-03-17 18:25:00,3.25,CUST-10116,Netherlands
501068,22633,HAND WARMER UNION JACK,2,2023-11-06 09:05:00,2.1,CUST-10044,United Kingdom
501069,21730,GLASS STAR FROSTED T-LIGHT HOLDER,2,2023-09-29 15:20:00,3.25,CUST-10029,United Kingdom
501069,22752,SET 7 BABUSHKA NESTING BOXES,1,2023-12-06 10:48:00,8.5,CUST-10124,United Kingdom
501069,84029G,KNITTED UNION FLAG HOT WATER BOTTLE,4,2023-12-27 19:40:00,4.95,CUST-10164,United Kingdom
501070,22633,HAND WARMER UNION JACK,2,2023-08-17 12:28:00,2.1,CUST-10000,United Kingdom
501070,84029G,KNITTED UNION FLAG HOT WATER BOTTLE,2,2023-10-24 16:04:00,4.95,CUST-10004,United Kingdom
501070,84406B,CREAM CUPID HEARTS COAT HANGER,1,2023-07-06 11:07:00,4.25,CUST-10209,United Kingdom
501071,21730,GLASS STAR FROSTED T-LIGHT HOLDER,1,2023-07-21 08:46:00,3.25,CUST-10057,Spain
501071,22633,HAND WARMER UNION JACK,2,2023-07-29 12:39:00,2.1,CUST-10020,United Kingdom
501071,85123A,WHITE HANGING HEART T-LIGHT HOLDER,1,2023-10-25 11:45:00,2.95,CUST-10073,United Kingdom
501072,21730,GLASS STAR FROSTED T-LIGHT HOLDER,1,2023-06-12 09:44:00,3.25,CUST-10081,United Kingdom
501072,84029G,KNITTED UNION FLAG HOT WATER BOTTLE,4,2023-12-15 11:14:00,4.95,CUST-10354,United Kingdom
501072,22960,JAM MAKING SET WITH JARS,24,2023-08-27 17:01:00,4.95,CUST-10264,United Kingdom
501073,22633,HAND WARMER UNION JACK,2,2023-10-23 10:45:00,2.1,CUST-10279,United Kingdom
501073,22720,SET OF 3 CAKE TINS PANTRY DESIGN,2,2023-03-11 17:54:00,12.75,CUST-10194,United Kingdom
501073,22752,SET 7 BABUSHKA NESTING BOXES,12,2023-11-21 09:17:00,8.5,CUST-10008,United Kingdom
501074,84029G,KNITTED UNION FLAG HOT WATER BOTTLE,4,2023-03-10 15:53:00,4.95,CUST-10503,United Kingdom
501074,22632,HAND WARMER RED RETROSPOT,4,2023-09-12 09:24:00,2.1,CUST-10225,Germany
501074,22632,HAND WARMER RED RETROSPOT,6,2023-08-14 17:58:00,2.1,CUST-10000,United Kingdom
501075,22752,SET 7 BABUSHKA NESTING BOXES,12,2023-07-31 14:42:00,8.5,CUST-10066,United Kingdom
501075,84879,ASSORTED COLOUR BIRD ORNAMENT,1,2023-08-29 09:57:00,1.69,CUST-10065,Germany
501075,23084,RABBIT NIGHT LIGHT,1,2023-11-10 11:51:00,2.08,CUST-10051,United Kingdom
501076,22720,SET OF 3 CAKE TINS PANTRY DESIGN,2,2023-07-01 19:47:00,12.75,CUST-10241,France
501076,22720,SET OF 3 CAKE TINS PANTRY DESIGN,2,2023-11-04 15:52:00,12.75,CUST-10195,United Kingdom
501076,22960,JAM MAKING SET WITH JARS,1,2023-12-11 19:10:00,4.95,CUST-10247,United Kingdom
501077,22632,HAND WARMER RED RETROSPOT,4,2023-07-13 13:03:00,2.1,CUST-10241,United Kingdom
501077,23084,RABBIT NIGHT LIGHT,1,2023-07-06 15:52:00,2.08,CUST-10362,United Kingdom
501077,21730,GLASS STAR FROSTED T-LIGHT HOLDER,2,2023-09-29 13:31:00,3.25,CUST-10058,United Kingdom
501078,22086,PAPER CHAIN KIT 50'S CHRISTMAS,2,2023-03-13 19:58:00,2.55,CUST-10543,United Kingdom
501078,22633,HAND WARMER UNION JACK,2,2023-11-07 13:34:00,2.1,CUST-10340,Germany
501078,84029G,KNITTED UNION FLAG HOT WATER BOTTLE,4,2023-07-14 15:31:00,4.95,CUST-10099,France
501079,22752,SET 7 BABUSHKA NESTING BOXES,2,2023-06-05 09:08:00,8.5,CUST-10167,United Kingdom
501079,84406B,CREAM CUPID HEARTS COAT HANGER,2,2023-08-09 19:09:00,4.25,CUST-10015,United Kingdom
501079,84029G,KNITTED UNION FLAG HOT WATER BOTTLE,24,2023-03-24 17:23:00,4.95,CUST-10065,United Kingdom
501080,22752,SET 7 BABUSHKA NESTING BOXES,1,2023-06-30 09:20:00,8.5,CUST-10172,United Kingdom
501080,22960,JAM MAKING SET WITH JARS,4,2023-09-15 19:45:00,4.95,CUST-10029,United Kingdom
501080,23084,RABBIT NIGHT LIGHT,6,2023-11-23 10:46:00,2.08,CUST-10013,United Kingdom
501081,22633,HAND WARMER UNION JACK,1,2023-08-18 09:10:00,2.1,CUST-10090,United Kingdom
501081,84029G,KNITTED UNION FLAG HOT WATER BOTTLE,2,2023-12-29 13:06:00,4.95,CUST-10067,France
501081,22960,JAM MAKING SET WITH JARS,4,2023-09-18 08:49:00,4.95,CUST-10022,United Kingdom
501082,84029G,KNITTED UNION FLAG HOT WATER BOTTLE,1,2023-03-19 18:05:00,4.95,CUST-10089,United Kingdom
501082,22086,PAPER CHAIN KIT 50'S CHRISTMAS,1,2023-09-30 08:40:00,2.55,CUST-10069,United Kingdom
501082,23084,RABBIT NIGHT LIGHT,4,2023-10-05 15:42:00,2.08,CUST-10029,United Kingdom
501083,21730,GLASS STAR FROSTED T-LIGHT HOLDER,1,2023-10-01 12:27:00,3.25,CUST-10178,United Kingdom
501083,21730,GLASS STAR FROSTED T-LIGHT HOLDER,1,2023-08-03 15:36:00,3.25,CUST-10346,United Kingdom
501083,21730,GLASS STAR FROSTED T-LIGHT HOLDER,1,2023-08-01 08:34:00,3.25,CUST-10058,United Kingdom
501084,84029G,KNITTED UNION FLAG HOT WATER BOTTLE,1,2023-10-19 11:24:00,4.95,CUST-10282,United Kingdom
501084,71053,WHITE METAL LANTERN,24,2023-09-14 11:20:00,3.75,CUST-10169,Germany
501084,22633,HAND WARMER UNION JACK,24,2023-02-12 17:44:00,2.1,CUST-10561,United Kingdom
501085,84029G,KNITTED UNION FLAG HOT WATER BOTTLE,1,2023-09-11 14:45:00,4.95,CUST-10166,United Kingdom
501085,21730,GLASS STAR FROSTED T-LIGHT HOLDER,2,2023-09-04 17:48:00,3.25,CUST-10002,United Kingdom
501085,22197,SMALL POPCORN HOLDER,1,2023-11-15 13:36:00,0.85,CUST-10050,United Kingdom
501086,22752,SET 7 BABUSHKA NESTING BOXES,2,2023-12-25 13:02:00,8.5,CUST-10092,United Kingdom
501086,22197,SMALL POPCORN HOLDER,1,2023-09-18 17:31:00,0.85,CUST-10054,United Kingdom
501086,22632,HAND WARMER RED RETROSPOT,2,2023-12-20 16:22:00,2.1,CUST-10024,United Kingdom
501087,84406B,CREAM CUPID HEARTS COAT HANGER,4,2023-03-06 16:05:00,4.25,CUST-10176,United Kingdom
501087,71053,WHITE METAL LANTERN,2,2023-11-01 12:06:00,3.75,CUST-10036,United Kingdom
501087,84029E,RED WOOLLY HOTTIE WHITE HEART,2,2023-10-05 13:13:00,4.95,CUST-10086,United Kingdom
501088,84029G,KNITTED UNION FLAG HOT WATER BOTTLE,6,2023-05-06 14:03:00,4.95,CUST-10191,United Kingdom
501088,21730,GLASS STAR FROSTED T-LIGHT HOLDER,1,2023-03-23 18:00:00,3.25,CUST-10443,United Kingdom
501088,71053,WHITE METAL LANTERN,1,2023-09-03 11:43:00,3.75,CUST-10380,United Kingdom
501089,84029G,KNITTED UNION FLAG HOT WATER BOTTLE,6,2023-02-04 10:42:00,4.95,CUST-10417,United Kingdom
501089,84029E,RED WOOLLY HOTTIE WHITE HEART,4,2023-08-30 16:13:00,4.95,CUST-10290,United Kingdom
501089,22633,HAND WARMER UNION JACK,2,2023-07-20 18:58:00,2.1,CUST-10051,United Kingdom
501090,22752,SET 7 BABUSHKA NESTING BOXES,4,2023-11-01 16:50:00,8.5,CUST-10158,United Kingdom
501090,71053,WHITE METAL LANTERN,1,2023-09-29 15:26:00,3.75,CUST-10141,United Kingdom
501090,84029G,KNITTED UNION FLAG HOT WATER BOTTLE,4,2023-10-01 18:54:00,4.95,CUST-10016,United Kingdom
501091,84029G,KNITTED UNION FLAG HOT WATER BOTTLE,2,2023-11-01 16:02:00,4.95,CUST-10016,United Kingdom
501091,85123A,WHITE HANGING HEART T-LIGHT HOLDER,4,2023-04-26 10:52:00,2.95,CUST-10139,United Kingdom
501091,84029E,RED WOOLLY HOTTIE WHITE HEART,2,2023-11-25 11:31:00,4.95,CUST-10291,United Kingdom
501092,22633,HAND WARMER UNION JACK,6,2023-04-30 09:25:00,2.1,CUST-10538,United Kingdom
501092,84029E,RED WOOLLY HOTTIE WHITE HEART,4,2023-03-24 18:28:00,4.95,CUST-10548,United Kingdom
501092,22632,HAND WARMER RED RETROSPOT,1,2023-01-12 17:54:00,2.1,CUST-10424,United Kingdom
501093,22960,JAM MAKING SET WITH JARS,1,2023-07-22 14:29:00,4.95,CUST-10028,United Kingdom
501093,84029E,RED WOOLLY HOTTIE WHITE HEART,4,2023-03-14 15:55:00,4.95,CUST-10075,Germany
501093,22632,HAND WARMER RED RETROSPOT,1,2023-11-23 12:26:00,2.1,CUST-10153,United Kingdom
501094,22197,SMALL POPCORN HOLDER,4,2023-03-24 16:02:00,0.85,CUST-10469,United Kingdom
501094,22086,PAPER CHAIN KIT 50'S CHRISTMAS,1,2023-12-23 18:38:00,2.55,CUST-10026,United Kingdom
501094,22752,SET 7 BABUSHKA NESTING BOXES,1,2023-12-11 15:14:00,8.5,CUST-10382,United Kingdom
501095,22632,HAND WARMER RED RETROSPOT,1,2023-04-15 08:52:00,2.1,CUST-10524,United Kingdom
501095,22960,JAM MAKING SET WITH JARS,2,2023-05-23 09:27:00,4.95,CUST-10144,United Kingdom
501095,23084,RABBIT NIGHT LIGHT,2,2023-07-09 13:18:00,2.08,CUST-10263,United Kingdom
501096,22960,JAM MAKING SET WITH JARS,6,2023-07-03 11:19:00,4.95,,United Kingdom
501096,22752,SET 7 BABUSHKA NESTING BOXES,1,2023-09-24 11:04:00,8.5,CUST-10262,United Kingdom
501096,22752,SET 7 BABUSHKA NESTING BOXES,2,2023-02-12 18:50:00,8.5,CUST-10547,United Kingdom
501097,22720,SET OF 3 CAKE TINS PANTRY DESIGN,1,2023-08-08 09:17:00,12.75,CUST-10040,United Kingdom
501097,84029G,KNITTED UNION FLAG HOT WATER BOTTLE,12,2023-07-18 08:54:00,4.95,CUST-10217,France
501097,84406B,CREAM CUPID HEARTS COAT HANGER,1,2023-05-24 16:53:00,4.25,CUST-10545,United Kingdom
501098,22632,HAND WARMER RED RETROSPOT,4,2023-05-14 09:15:00,2.1,CUST-10560,United Kingdom
501098,84029E,RED WOOLLY HOTTIE WHITE HEART,1,2023-07-25 16:29:00,4.95,CUST-10005,United Kingdom
501098,22086,PAPER CHAIN KIT 50'S CHRISTMAS,1,2023-05-18 10:16:00,2.55,CUST-10101,United Kingdom
501099,22633,HAND WARMER UNION JACK,6,2023-06-25 08:31:00,2.1,CUST-10207,United Kingdom
501099,23084,RABBIT NIGHT LIGHT,1,2023-10-29 12:27:00,2.08,CUST-10223,Netherlands
501099,84879,ASSORTED COLOUR BIRD ORNAMENT,2,2023-11-04 13:31:00,1.69,CUST-10363,United Kingdom
501100,21730,GLASS STAR FROSTED T-LIGHT HOLDER,24,2023-12-27 19:00:00,3.25,CUST-10140,United Kingdom
501100,84406B,CREAM CUPID HEARTS COAT HANGER,2,2023-10-16 19:43:00,4.25,CUST-10026,United Kingdom
501100,22752,SET 7 BABUSHKA NESTING BOXES,4,2023-05-11 15:14:00,8.5,CUST-10420,United Kingdom
501101,22960,JAM MAKING SET WITH JARS,1,2023-11-15 10:25:00,4.95,CUST-10022,United Kingdom
501101,22086,PAPER CHAIN KIT 50'S CHRISTMAS,2,2023-08-25 13:44:00,2.55,CUST-10045,Germany
501101,22720,SET OF 3 CAKE TINS PANTRY DESIGN,2,2023-08-30 11:47:00,12.75,CUST-10314,United Kingdom
501102,21730,GLASS STAR FROSTED T-LIGHT HOLDER,6,2023-02-12 09:51:00,3.25,CUST-10505,United Kingdom
501102,21730,GLASS STAR FROSTED T-LIGHT HOLDER,12,2023-12-26 11:45:00,3.25,CUST-10001,United Kingdom
501102,22752,SET 7 BABUSHKA NESTING BOXES,1,2023-12-22 16:06:00,8.5,CUST-10039,United Kingdom
501103,22086,PAPER CHAIN KIT 50'S CHRISTMAS,4,2023-08-08 08:09:00,2.55,CUST-10162,Germany
501103,21730,GLASS STAR FROSTED T-LIGHT HOLDER,1,2023-09-03 14:08:00,3.25,CUST-10209,United Kingdom
501103,84406B,CREAM CUPID HEARTS COAT HANGER,6,2023-12-10 16:34:00,4.25,CUST-10018,United Kingdom
501104,22960,JAM MAKING SET WITH JARS,1,2023-07-26 09:36:00,4.95,CUST-10331,France
C501104,22633,HAND WARMER UNION JACK,-2,2023-11-27 17:00:00,2.1,CUST-10031,United Kingdom
501104,84406B,CREAM CUPID HEARTS COAT HANGER,2,2023-12-27 13:40:00,4.25,CUST-10009,United Kingdom
501105,84029E,RED WOOLLY HOTTIE WHITE HEART,6,2023-12-14 11:54:00,4.95,CUST-10025,United Kingdom
501105,21730,GLASS STAR FROSTED T-LIGHT HOLDER,1,2023-05-21 19:24:00,3.25,CUST-10507,United Kingdom
501105,84029G,KNITTED UNION FLAG HOT WATER BOTTLE,1,2023-09-23 08:15:00,4.95,,France
501106,71053,WHITE METAL LANTERN,12,2023-10-05 11:42:00,3.75,CUST-10319,Netherlands
501106,84406B,CREAM CUPID HEARTS COAT HANGER,1,2023-11-20 12:19:00,4.25,CUST-10003,United Kingdom
501106,22720,SET OF 3 CAKE TINS PANTRY DESIGN,1,2023-01-29 11:48:00,12.75,CUST-10547,Spain
501107,84029E,RED WOOLLY HOTTIE WHITE HEART,12,2023-08-29 11:47:00,4.95,CUST-10015,United Kingdom
501107,22197,SMALL POPCORN HOLDER,4,2023-08-23 15:14:00,0.85,CUST-10046,United Kingdom
501107,22197,SMALL POPCORN HOLDER,2,2023-09-07 16:56:00,0.85,CUST-10385,United Kingdom
501108,22633,HAND WARMER UNION JACK,1,2023-05-05 18:37:00,2.1,CUST-10539,Germany
501108,84406B,CREAM CUPID HEARTS COAT HANGER,6,2023-08-23 16:16:00,4.25,CUST-10236,United Kingdom
501108,22197,SMALL POPCORN HOLDER,2,2023-11-15 17:32:00,0.85,CUST-10091,United Kingdom
501109,84406B,CREAM CUPID HEARTS COAT HANGER,12,2023-07-24 09:16:00,4.25,CUST-10127,United Kingdom
501109,22633,HAND WARMER UNION JACK,6,2023-01-29 11:04:00,2.1,CUST-10570,United Kingdom
501109,22632,HAND WARMER RED RETROSPOT,1,2023-10-03 10:23:00,2.1,CUST-10016,United Kingdom
501110,84406B,CREAM CUPID HEARTS COAT HANGER,2,2023-11-27 09:19:00,4.25,CUST-10062,United Kingdom
501110,85123A,WHITE HANGING HEART T-LIGHT HOLDER,1,2023-10-19 10:17:00,2.95,CUST-10180,United Kingdom
501110,85123A,WHITE HANGING HEART T-LIGHT HOLDER,1,2023-10-09 18:03:00,2.95,,United Kingdom
501111,22632,HAND WARMER RED RETROSPOT,4,2023-09-22 15:13:00,2.1,CUST-10283,France
501111,84029E,RED WOOLLY HOTTIE WHITE HEART,12,2023-09-26 15:55:00,4.95,CUST-10008,United Kingdom
501111,23084,RABBIT NIGHT LIGHT,2,2023-11-26 12:42:00,2.08,CUST-10370,United Kingdom
501112,22086,PAPER CHAIN KIT 50'S CHRISTMAS,4,2023-12-06 10:48:00,2.55,CUST-10041,United Kingdom
501112,22632,HAND WARMER RED RETROSPOT,1,2023-04-05 16:38:00,2.1,CUST-10597,United Kingdom
501112,22632,HAND WARMER RED RETROSPOT,4,2023-11-23 18:45:00,2.1,CUST-10310,United Kingdom
501113,84879,ASSORTED COLOUR BIRD ORNAMENT,2,2023-09-25 14:52:00,1.69,CUST-10354,United Kingdom
501113,21730,GLASS STAR FROSTED T-LIGHT HOLDER,24,2023-08-04 11:00:00,3.25,CUST-10186,United Kingdom
501113,22633,HAND WARMER UNION JACK,2,2023-03-26 16:34:00,2.1,CUST-10588,United Kingdom
501114,22086,PAPER CHAIN KIT 50'S CHRISTMAS,1,2023-03-25 14:58:00,2.55,CUST-10062,United Kingdom
501114,22960,JAM MAKING SET WITH JARS,1,2023-09-10 16:54:00,4.95,CUST-10058,Netherlands
501114,23084,RABBIT NIGHT LIGHT,1,2023-04-24 13:19:00,2.08,CUST-10457,Spain
501115,22086,PAPER CHAIN KIT 50'S CHRISTMAS,2,2023-05-23 13:28:00,2.55,CUST-10079,United Kingdom
501115,84406B,CREAM CUPID HEARTS COAT HANGER,1,2023-05-27 18:32:00,4.25,CUST-10116,United Kingdom
501115,22632,HAND WARMER RED RETROSPOT,4,2023-08-01 16:13:00,2.1,CUST-10271,United Kingdom
C501116,21730,GLASS STAR FROSTED T-LIGHT HOLDER,-2,2023-09-26 14:31:00,3.25,CUST-10097,United Kingdom
501116,71053,WHITE METAL LANTERN,6,2023-05-02 08:26:00,3.75,CUST-10446,United Kingdom
501116,22632,HAND WARMER RED RETROSPOT,1,2023-09-02 10:48:00,2.1,CUST-10068,United Kingdom
501117,22752,SET 7 BABUSHKA NESTING BOXES,4,2023-02-05 18:20:00,8.5,CUST-10545,United Kingdom
501117,23084,RABBIT NIGHT LIGHT,1,2023-04-22 11:08:00,2.08,CUST-10588,United Kingdom
501117,84406B,CREAM CUPID HEARTS COAT HANGER,1,2023-11-17 17:29:00,4.25,CUST-10034,United Kingdom
501118,84029E,RED WOOLLY HOTTIE WHITE HEART,4,2023-06-26 17:51:00,4.95,CUST-10126,United Kingdom
501118,22633,HAND WARMER UNION JACK,2,2023-08-18 14:41:00,2.1,CUST-10320,United Kingdom
501118,85123A,WHITE HANGING HEART T-LIGHT HOLDER,1,2023-08-12 11:43:00,2.95,CUST-10047,United Kingdom
501119,22632,HAND WARMER RED RETROSPOT,6,2023-08-04 13:15:00,2.1,CUST-10141,United Kingdom
501119,84406B,CREAM CUPID HEARTS COAT HANGER,2,2023-12-27 12:32:00,4.25,CUST-10277,United Kingdom
501119,84406B,CREAM CUPID HEARTS COAT HANGER,12,2023-04-17 08:17:00,4.25,CUST-10182,United Kingdom
501120,22720,SET OF 3 CAKE TINS PANTRY DESIGN,2,2023-03-30 14:46:00,12.75,CUST-10456,United Kingdom
501120,22752,SET 7 BABUSHKA NESTING BOXES,2,2023-08-20 16:40:00,8.5,CUST-10044,United Kingdom
501120,22632,HAND WARMER RED RETROSPOT,4,2023-12-09 18:33:00,2.1,CUST-10055,United Kingdom
501121,85123A,WHITE HANGING HEART T-LIGHT HOLDER,4,2023-10-12 16:49:00,2.95,CUST-10049,United Kingdom
501121,22960,JAM MAKING SET WITH JARS,1,2023-08-31 19:43:00,4.95,CUST-10378,United Kingdom
501121,71053,WHITE METAL LANTERN,1,2023-07-31 17:24:00,3.75,CUST-10368,United Kingdom
501122,22633,HAND WARMER UNION JACK,1,2023-12-29 13:13:00,2.1,CUST-10219,United Kingdom
501122,22197,SMALL POPCORN HOLDER,2,2023-05-27 15:04:00,0.85,CUST-10465,United Kingdom
501122,22197,SMALL POPCORN HOLDER,1,2023-07-28 14:25:00,0.85,CUST-10386,United Kingdom
501123,22086,PAPER CHAIN KIT 50'S CHRISTMAS,12,2023-11-07 08:41:00,2.55,CUST-10299,United Kingdom
501123,21730,GLASS STAR FROSTED T-LIGHT HOLDER,6,2023-10-12 17:46:00,3.25,CUST-10135,United Kingdom
501123,22633,HAND WARMER UNION JACK,1,2023-04-22 10:38:00,2.1,,United Kingdom
501124,22633,HAND WARMER UNION JACK,1,2023-07-04 14:14:00,2.1,CUST-10279,United Kingdom
501124,22086,PAPER CHAIN KIT 50'S CHRISTMAS,2,2023-03-08 13:25:00,2.55,CUST-10137,United Kingdom
501124,71053,WHITE METAL LANTERN,6,2023-12-23 18:28:00,3.75,CUST-10044,United Kingdom
501125,84406B,CREAM CUPID HEARTS COAT HANGER,1,2023-08-09 12:28:00,4.25,CUST-10106,United Kingdom
501125,84029G,KNITTED UNION FLAG HOT WATER BOTTLE,4,2023-05-06 11:24:00,4.95,CUST-10185,United Kingdom
501125,84029E,RED WOOLLY HOTTIE WHITE HEART,1,2023-04-09 17:22:00,4.95,CUST-10455,United Kingdom
501126,84029E,RED WOOLLY HOTTIE WHITE HEART,1,2023-08-21 15:04:00,4.95,CUST-10025,Germany
501126,22752,SET 7 BABUSHKA NESTING BOXES,1,2023-10-17 17:04:00,8.5,CUST-10018,United Kingdom
501126,22752,SET 7 BABUSHKA NESTING BOXES,4,2023-04-21 08:37:00,8.5,CUST-10461,United Kingdom
501127,22752,SET 7 BABUSHKA NESTING BOXES,12,2023-11-15 18:26:00,8.5,CUST-10181,United Kingdom
501127,22197,SMALL POPCORN HOLDER,1,2023-12-29 13:40:00,0.85,CUST-10173,France
501127,22633,HAND WARMER UNION JACK,12,2023-12-06 16:36:00,2.1,CUST-10169,United Kingdom
501128,21730,GLASS STAR FROSTED T-LIGHT HOLDER,12,2023-04-26 09:13:00,3.25,CUST-10150,United Kingdom
501128,22086,PAPER CHAIN KIT 50'S CHRISTMAS,12,2023-11-08 18:16:00,2.55,CUST-10028,United Kingdom
501128,22960,JAM MAKING SET WITH JARS,2,2023-01-21 08:45:00,4.95,CUST-10588,United Kingdom
501129,85123A,WHITE HANGING HEART T-LIGHT HOLDER,1,2023-03-06 14:01:00,2.95,CUST-10142,United Kingdom
501129,22197,SMALL POPCORN HOLDER,1,2023-09-11 16:58:00,0.85,CUST-10345,United Kingdom
501129,71053,WHITE METAL LANTERN,1,2023-02-04 09:21:00,3.75,CUST-10524,United Kingdom
501130,22633,HAND WARMER UNION JACK,4,2023-11-16 19:28:00,2.1,CUST-10045,United Kingdom
501130,22086,PAPER CHAIN KIT 50'S CHRISTMAS,4,2023-08-22 15:41:00,2.55,CUST-10261,United Kingdom
501130,22632,HAND WARMER RED RETROSPOT,6,2023-03-19 13:14:00,2.1,CUST-10575,United Kingdom
501131,22632,HAND WARMER RED RETROSPOT,6,2023-11-09 15:48:00,2.1,CUST-10137,United Kingdom
501131,22720,SET OF 3 CAKE TINS PANTRY DESIGN,2,2023-12-14 13:11:00,12.75,CUST-10026,United Kingdom
501131,22086,PAPER CHAIN KIT 50'S CHRISTMAS,1,2023-09-30 14:09:00,2.55,CUST-10039,United Kingdom
501132,22632,HAND WARMER RED RETROSPOT,2,2023-09-26 18:53:00,2.1,CUST-10298,Netherlands
501132,22086,PAPER CHAIN KIT 50'S CHRISTMAS,2,2023-09-13 19:14:00,2.55,CUST-10092,United Kingdom
501132,22086,PAPER CHAIN KIT 50'S CHRISTMAS,1,2023-09-04 17:21:00,2.55,CUST-10349,United Kingdom
501133,22960,JAM MAKING SET WITH JARS,2,2023-08-10 12:09:00,4.95,CUST-10328,United Kingdom
501133,22752,SET 7 BABUSHKA NESTING BOXES,6,2023-08-25 17:07:00,8.5,CUST-10010,United Kingdom
501133,22720,SET OF 3 CAKE TINS PANTRY DESIGN,4,2023-10-14 10:25:00,12.75,CUST-10003,United Kingdom
501134,84879,ASSORTED COLOUR BIRD ORNAMENT,4,2023-05-27 13:25:00,1.69,CUST-10147,Germany
501134,84879,ASSORTED COLOUR BIRD ORNAMENT,2,2023-09-17 11:51:00,1.69,CUST-10044,United Kingdom
501134,84879,ASSORTED COLOUR BIRD ORNAMENT,2,2023-02-05 12:54:00,1.69,CUST-10433,United Kingdom
501135,21730,GLASS STAR FROSTED T-LIGHT HOLDER,6,2023-11-02 18:08:00,3.25,CUST-10124,United Kingdom
501135,22752,SET 7 BABUSHKA NESTING BOXES,4,2023-02-19 18:09:00,8.5,,United Kingdom
501135,22086,PAPER CHAIN KIT 50'S CHRISTMAS,1,2023-12-29 15:01:00,2.55,CUST-10027,United Kingdom
501136,84029G,KNITTED UNION FLAG HOT WATER BOTTLE,1,2023-04-19 19:05:00,4.95,CUST-10118,United Kingdom
501136,21730,GLASS STAR FROSTED T-LIGHT HOLDER,4,2023-08-12 08:26:00,3.25,CUST-10364,Spain
501136,22720,SET OF 3 CAKE TINS PANTRY DESIGN,4,2023-07-17 17:29:00,12.75,CUST-10099,United Kingdom
501137,22632,HAND WARMER RED RETROSPOT,6,2023-11-16 19:48:00,2.1,CUST-10341,United Kingdom
501137,71053,WHITE METAL LANTERN,2,2023-11-21 10:00:00,3.75,CUST-10009,United Kingdom
501137,85123A,WHITE HANGING HEART T-LIGHT HOLDER,1,2023-08-14 10:07:00,2.95,CUST-10120,United Kingdom
501138,84029E,RED WOOLLY HOTTIE WHITE HEART,4,2023-12-08 16:01:00,4.95,CUST-10220,United Kingdom
501138,22720,SET OF 3 CAKE TINS PANTRY DESIGN,1,2023-09-07 17:48:00,12.75,CUST-10054,United Kingdom
501138,22086,PAPER CHAIN KIT 50'S CHRISTMAS,1,2023-09-05 13:22:00,2.55,CUST-10037,United Kingdom
501139,22720,SET OF 3 CAKE TINS PANTRY DESIGN,1,2023-06-09 11:16:00,12.75,CUST-10064,United Kingdom
501139,22197,SMALL POPCORN HOLDER,1,2023-03-08 09:11:00,0.85,CUST-10203,United Kingdom
501139,85123A,WHITE HANGING HEART T-LIGHT HOLDER,4,2023-01-26 12:08:00,2.95,CUST-10394,United Kingdom
501140,22197,SMALL POPCORN HOLDER,6,2023-08-08 08:45:00,0.85,CUST-10236,Germany
501140,22086,PAPER CHAIN KIT 50'S CHRISTMAS,1,2023-11-17 16:44:00,2.55,CUST-10019,Spain
501140,84879,ASSORTED COLOUR BIRD ORNAMENT,6,2023-02-08 17:08:00,1.69,CUST-10570,United Kingdom
501141,22086,PAPER CHAIN KIT 50'S CHRISTMAS,1,2023-05-26 13:25:00,2.55,CUST-10584,United Kingdom
501141,22752,SET 7 BABUSHKA NESTING BOXES,24,2023-12-07 16:18:00,8.5,CUST-10061,United Kingdom
501141,84029G,KNITTED UNION FLAG HOT WATER BOTTLE,12,2023-10-06 08:43:00,4.95,CUST-10149,Germany
501142,22197,SMALL POPCORN HOLDER,1,2023-02-26 17:37:00,0.85,CUST-10404,United Kingdom
501142,84029E,RED WOOLLY HOTTIE WHITE HEART,1,2023-12-23 08:57:00,4.95,CUST-10057,United Kingdom
501142,85123A,WHITE HANGING HEART T-LIGHT HOLDER,2,2023-09-27 19:14:00,2.95,,United Kingdom
501143,85123A,WHITE HANGING HEART T-LIGHT HOLDER,2,2023-09-17 15:51:00,2.95,CUST-10049,United Kingdom
501143,84406B,CREAM CUPID HEARTS COAT HANGER,6,2023-01-26 17:56:00,4.25,CUST-10444,United Kingdom
501143,85123A,WHITE HANGING HEART T-LIGHT HOLDER,6,2023-04-12 19:45:00,2.95,CUST-10466,Spain
501144,22086,PAPER CHAIN KIT 50'S CHRISTMAS,2,2023-12-25 19:36:00,2.55,CUST-10161,United Kingdom
501144,22720,SET OF 3 CAKE TINS PANTRY DESIGN,12,2023-08-16 11:30:00,12.75,CUST-10036,United Kingdom
501144,84879,ASSORTED COLOUR BIRD ORNAMENT,1,2023-02-16 11:50:00,1.69,CUST-10596,United Kingdom
501145,71053,WHITE METAL LANTERN,1,2023-07-27 16:12:00,3.75,CUST-10256,United Kingdom
501145,84406B,CREAM CUPID HEARTS COAT HANGER,1,2023-08-03 12:11:00,4.25,CUST-10073,United Kingdom
501145,22086,PAPER CHAIN KIT 50'S CHRISTMAS,2,2023-08-12 11:01:00,2.55,CUST-10291,United Kingdom
501146,21730,GLASS STAR FROSTED T-LIGHT HOLDER,2,2023-08-26 18:19:00,3.25,CUST-10287,United Kingdom
501146,23084,RABBIT NIGHT LIGHT,4,2023-12-12 10:57:00,2.08,CUST-10039,United Kingdom
501146,84029E,RED WOOLLY HOTTIE WHITE HEART,4,2023-12-22 17:42:00,4.95,CUST-10049,United Kingdom
501147,71053,WHITE METAL LANTERN,2,2023-04-18 12:45:00,3.75,CUST-10454,United Kingdom
501147,84406B,CREAM CUPID HEARTS COAT HANGER,12,2023-08-10 16:02:00,4.25,CUST-10286,United Kingdom
501147,23084,RABBIT NIGHT LIGHT,4,2023-01-15 16:35:00,2.08,CUST-10554,Germany
501148,22632,HAND WARMER RED RETROSPOT,1,2023-11-27 10:40:00,2.1,CUST-10003,United Kingdom
501148,71053,WHITE METAL LANTERN,1,2023-09-03 14:05:00,3.75,CUST-10277,United Kingdom
501148,22720,SET OF 3 CAKE TINS PANTRY DESIGN,1,2023-12-25 15:56:00,12.75,CUST-10008,United Kingdom
501149,22086,PAPER CHAIN KIT 50'S CHRISTMAS,4,2023-11-27 19:02:00,2.55,CUST-10184,United Kingdom
501149,22752,SET 7 BABUSHKA NESTING BOXES,6,2023-08-19 14:54:00,8.5,CUST-10052,United Kingdom
501149,22720,SET OF 3 CAKE TINS PANTRY DESIGN,1,2023-09-01 15:18:00,12.75,,France
501150,22633,HAND WARMER UNION JACK,1,2023-12-22 17:40:00,2.1,CUST-10299,United Kingdom
501150,22720,SET OF 3 CAKE TINS PANTRY DESIGN,2,2023-05-20 19:52:00,12.75,CUST-10391,Germany
501150,84029E,RED WOOLLY HOTTIE WHITE HEART,1,2023-10-01 12:22:00,4.95,CUST-10373,United Kingdom
501151,71053,WHITE METAL LANTERN,2,2023-09-06 12:57:00,3.75,CUST-10083,Spain
501151,21730,GLASS STAR FROSTED T-LIGHT HOLDER,1,2023-07-23 09:12:00,3.25,CUST-10029,United Kingdom
501151,84029G,KNITTED UNION FLAG HOT WATER BOTTLE,12,2023-10-27 19:03:00,4.95,CUST-10002,United Kingdom
501152,22633,HAND WARMER UNION JACK,1,2023-08-30 19:31:00,2.1,CUST-10011,United Kingdom
501152,22086,PAPER CHAIN KIT 50'S CHRISTMAS,6,2023-09-11 09:07:00,2.55,CUST-10039,Netherlands
501152,85123A,WHITE HANGING HEART T-LIGHT HOLDER,4,2023-10-11 16:23:00,2.95,CUST-10285,United Kingdom
501153,85123A,WHITE HANGING HEART T-LIGHT HOLDER,6,2023-10-24 13:03:00,2.95,CUST-10144,United Kingdom
501153,22633,HAND WARMER UNION JACK,6,2023-05-16 18:35:00,2.1,CUST-10511,United Kingdom
501153,84879,ASSORTED COLOUR BIRD ORNAMENT,4,2023-10-07 15:27:00,1.69,CUST-10207,United Kingdom
501154,22720,SET OF 3 CAKE TINS PANTRY DESIGN,12,2023-10-03 16:02:00,12.75,CUST-10285,United Kingdom
501154,22752,SET 7 BABUSHKA NESTING BOXES,2,2023-12-29 14:02:00,8.5,CUST-10037,France
501154,23084,RABBIT NIGHT LIGHT,2,2023-08-27 19:40:00,2.08,CUST-10055,United Kingdom
501155,22752,SET 7 BABUSHKA NESTING BOXES,1,2023-11-18 08:14:00,8.5,CUST-10006,United Kingdom
501155,21730,GLASS STAR FROSTED T-LIGHT HOLDER,2,2023-10-07 13:43:00,3.25,CUST-10330,United Kingdom
501155,84879,ASSORTED COLOUR BIRD ORNAMENT,1,2023-12-14 14:21:00,1.69,CUST-10145,United Kingdom
501156,84029E,RED WOOLLY HOTTIE WHITE HEART,6,2023-12-15 12:01:00,4.95,CUST-10383,United Kingdom
501156,84029G,KNITTED UNION FLAG HOT WATER BOTTLE,1,2023-10-07 12:11:00,4.95,CUST-10332,United Kingdom
501156,84029G,KNITTED UNION FLAG HOT WATER BOTTLE,1,2023-07-02 08:29:00,4.95,CUST-10238,United Kingdom
501157,22197,SMALL POPCORN HOLDER,2,2023-12-27 19:39:00,0.85,,Germany
501157,22633,HAND WARMER UNION JACK,24,2023-08-22 14:44:00,2.1,CUST-10081,United Kingdom
501157,84029E,RED WOOLLY HOTTIE WHITE HEART,4,2023-11-12 13:56:00,4.95,CUST-10189,United Kingdom
501158,71053,WHITE METAL LANTERN,4,2023-11-17 12:04:00,3.75,CUST-10007,United Kingdom
501158,22752,SET 7 BABUSHKA NESTING BOXES,4,2023-07-24 16:55:00,8.5,CUST-10057,United Kingdom
501158,22960,JAM MAKING SET WITH JARS,1,2023-08-30 15:05:00,4.95,CUST-10348,United Kingdom
501159,22960,JAM MAKING SET WITH JARS,1,2023-07-22 18:05:00,4.95,CUST-10109,Spain
501159,85123A,WHITE HANGING HEART T-LIGHT HOLDER,12,2023-04-21 08:09:00,2.95,CUST-10163,United Kingdom
501159,22960,JAM MAKING SET WITH JARS,4,2023-10-07 19:39:00,4.95,CUST-10008,United Kingdom
501160,22197,SMALL POPCORN HOLDER,4,2023-10-05 15:46:00,0.85,CUST-10321,United Kingdom
501160,22960,JAM MAKING SET WITH JARS,12,2023-05-08 17:54:00,4.95,CUST-10203,Spain
501160,85123A,WHITE HANGING HEART T-LIGHT HOLDER,4,2023-07-22 14:46:00,2.95,CUST-10078,United Kingdom
501161,22086,PAPER CHAIN KIT 50'S CHRISTMAS,1,2023-03-07 13:01:00,2.55,CUST-10502,Netherlands
501161,22960,JAM MAKING SET WITH JARS,2,2023-05-03 15:43:00,4.95,CUST-10089,United Kingdom
501161,22720,SET OF 3 CAKE TINS PANTRY DESIGN,2,2023-10-12 15:19:00,12.75,CUST-10270,United Kingdom
501162,71053,WHITE METAL LANTERN,4,2023-09-15 13:23:00,3.75,CUST-10046,Germany
501162,22960,JAM MAKING SET WITH JARS,12,2023-09-01 08:54:00,4.95,CUST-10026,United Kingdom
501162,84029E,RED WOOLLY HOTTIE WHITE HEART,4,2023-09-21 16:42:00,4.95,CUST-10229,United Kingdom
501163,71053,WHITE METAL LANTERN,12,2023-09-16 12:20:00,3.75,,United Kingdom
C501163,22086,PAPER CHAIN KIT 50'S CHRISTMAS,-2,2023-12-23 08:08:00,2.55,CUST-10280,Germany
501163,21730,GLASS STAR FROSTED T-LIGHT HOLDER,2,2023-03-31 18:15:00,3.25,,United Kingdom
501164,22632,HAND WARMER RED RETROSPOT,2,2023-09-06 12:35:00,2.1,CUST-10176,United Kingdom
501164,84406B,CREAM CUPID HEARTS COAT HANGER,24,2023-09-19 17:23:00,4.25,CUST-10006,United Kingdom
501164,84879,ASSORTED COLOUR BIRD ORNAMENT,2,2023-09-18 12:40:00,1.69,CUST-10020,United Kingdom
501165,84406B,CREAM CUPID HEARTS COAT HANGER,2,2023-04-14 10:46:00,4.25,CUST-10499,United Kingdom
501165,84029G,KNITTED UNION FLAG HOT WATER BOTTLE,1,2023-07-15 08:34:00,4.95,CUST-10183,United Kingdom
501165,21730,GLASS STAR FROSTED T-LIGHT HOLDER,4,2023-11-01 10:57:00,3.25,CUST-10358,United Kingdom
501166,22720,SET OF 3 CAKE TINS PANTRY DESIGN,4,2023-11-14 18:55:00,12.75,CUST-10024,Netherlands
501166,22086,PAPER CHAIN KIT 50'S CHRISTMAS,4,2023-10-10 08:28:00,2.55,CUST-10003,United Kingdom
501166,85123A,WHITE HANGING HEART T-LIGHT HOLDER,1,2023-12-14 13:38:00,2.95,CUST-10061,Germany
501167,71053,WHITE METAL LANTERN,2,2023-03-18 11:32:00,3.75,CUST-10453,United Kingdom
501167,22197,SMALL POPCORN HOLDER,1,2023-10-10 11:06:00,0.85,CUST-10221,United Kingdom
501167,22197,SMALL POPCORN HOLDER,2,2023-10-30 19:48:00,0.85,CUST-10012,United Kingdom
501168,22633,HAND WARMER UNION JACK,1,2023-08-26 16:57:00,2.1,CUST-10321,United Kingdom
501168,22720,SET OF 3 CAKE TINS PANTRY DESIGN,12,2023-12-21 12:22:00,12.75,CUST-10051,United Kingdom
501168,22720,SET OF 3 CAKE TINS PANTRY DESIGN,4,2023-05-09 17:38:00,12.75,CUST-10495,United Kingdom
501169,23084,RABBIT NIGHT LIGHT,2,2023-09-25 08:48:00,2.08,CUST-10131,Netherlands
501169,22720,SET OF 3 CAKE TINS PANTRY DESIGN,4,2023-04-06 15:45:00,12.75,CUST-10487,United Kingdom
501169,21730,GLASS STAR FROSTED T-LIGHT HOLDER,1,2023-12-23 12:22:00,3.25,CUST-10186,United Kingdom
501170,22086,PAPER CHAIN KIT 50'S CHRISTMAS,2,2023-09-28 18:58:00,2.55,CUST-10049,United Kingdom
501170,22086,PAPER CHAIN KIT 50'S CHRISTMAS,12,2023-08-13 14:37:00,2.55,CUST-10183,Germany
501170,23084,RABBIT NIGHT LIGHT,4,2023-10-18 09:55:00,2.08,CUST-10258,United Kingdom
501171,22197,SMALL POPCORN HOLDER,1,2023-10-07 14:09:00,0.85,CUST-10152,United Kingdom
501171,84029E,RED WOOLLY HOTTIE WHITE HEART,2,2023-12-10 16:05:00,4.95,CUST-10123,United Kingdom
501171,71053,WHITE METAL LANTERN,2,2023-08-31 09:21:00,3.75,CUST-10338,United Kingdom
501172,23084,RABBIT NIGHT LIGHT,1,2023-12-10 11:37:00,2.08,CUST-10024,United Kingdom
501172,85123A,WHITE HANGING HEART T-LIGHT HOLDER,4,2023-02-10 15:50:00,2.95,CUST-10500,United Kingdom
501172,22086,PAPER CHAIN KIT 50'S CHRISTMAS,6,2023-08-22 19:38:00,2.55,,United Kingdom
501173,23084,RABBIT NIGHT LIGHT,4,2023-11-27 19:03:00,2.08,CUST-10184,Germany
501173,21730,GLASS STAR FROSTED T-LIGHT HOLDER,1,2023-11-08 10:29:00,3.25,CUST-10029,United Kingdom
501173,22752,SET 7 BABUSHKA NESTING BOXES,4,2023-12-11 12:25:00,8.5,CUST-10173,United Kingdom
501174,22197,SMALL POPCORN HOLDER,1,2023-10-17 12:35:00,0.85,CUST-10050,United Kingdom
501174,22752,SET 7 BABUSHKA NESTING BOXES,4,2023-11-27 14:23:00,8.5,CUST-10023,United Kingdom
501174,84406B,CREAM CUPID HEARTS COAT HANGER,2,2023-10-27 10:15:00,4.25,CUST-10210,United Kingdom
501175,71053,WHITE METAL LANTERN,2,2023-05-03 15:09:00,3.75,CUST-10096,Germany
501175,84879,ASSORTED COLOUR BIRD ORNAMENT,6,2023-04-18 13:15:00,1.69,CUST-10415,United Kingdom
501175,22720,SET OF 3 CAKE TINS PANTRY DESIGN,6,2023-11-16 15:35:00,12.75,CUST-10388,United Kingdom
501176,22633,HAND WARMER UNION JACK,4,2023-05-10 10:28:00,2.1,CUST-10584,United Kingdom
501176,22086,PAPER CHAIN KIT 50'S CHRISTMAS,1,2023-08-19 12:48:00,2.55,CUST-10059,United Kingdom
501176,22632,HAND WARMER RED RETROSPOT,1,2023-02-23 10:44:00,2.1,CUST-10435,United Kingdom
501177,21730,GLASS STAR FROSTED T-LIGHT HOLDER,1,2023-07-01 17:11:00,3.25,CUST-10112,Germany
501177,23084,RABBIT NIGHT LIGHT,4,2023-07-02 16:31:00,2.08,CUST-10315,United Kingdom
501177,84029E,RED WOOLLY HOTTIE WHITE HEART,1,2023-07-05 10:51:00,4.95,CUST-10299,France
501178,21730,GLASS STAR FROSTED T-LIGHT HOLDER,1,2023-12-16 16:46:00,3.25,CUST-10013,Netherlands
501178,84029G,KNITTED UNION FLAG HOT WATER BOTTLE,1,2023-01-06 13:03:00,4.95,CUST-10444,United Kingdom
501178,23084,RABBIT NIGHT LIGHT,4,2023-11-29 19:45:00,2.08,CUST-10369,United Kingdom
501179,23084,RABBIT NIGHT LIGHT,1,2023-06-13 12:09:00,2.08,CUST-10129,Germany
501179,22720,SET OF 3 CAKE TINS PANTRY DESIGN,2,2023-10-20 12:23:00,12.75,CUST-10029,United Kingdom
501179,84029E,RED WOOLLY HOTTIE WHITE HEART,4,2023-10-06 10:48:00,4.95,CUST-10062,Germany
501180,84879,ASSORTED COLOUR BIRD ORNAMENT,2,2023-09-01 16:53:00,1.69,CUST-10163,United Kingdom
501180,22632,HAND WARMER RED RETROSPOT,2,2023-03-13 11:16:00,2.1,CUST-10201,Germany
501180,22633,HAND WARMER UNION JACK,2,2023-10-03 11:15:00,2.1,CUST-10042,United Kingdom
501181,22720,SET OF 3 CAKE TINS PANTRY DESIGN,2,2023-10-02 14:29:00,12.75,CUST-10063,United Kingdom
501181,22960,JAM MAKING SET WITH JARS,1,2023-07-20 11:06:00,4.95,CUST-10004,United Kingdom
501181,85123A,WHITE HANGING HEART T-LIGHT HOLDER,4,2023-09-28 14:12:00,2.95,CUST-10001,United Kingdom
501182,22086,PAPER CHAIN KIT 50'S CHRISTMAS,12,2023-09-18 08:12:00,2.55,CUST-10018,United Kingdom
501182,22720,SET OF 3 CAKE TINS PANTRY DESIGN,1,2023-09-03 14:10:00,12.75,CUST-10008,United Kingdom
501182,22632,HAND WARMER RED RETROSPOT,2,2023-08-26 08:57:00,2.1,CUST-10252,United Kingdom
501183,22086,PAPER CHAIN KIT 50'S CHRISTMAS,1,2023-12-18 17:17:00,2.55,CUST-10013,United Kingdom
501183,85123A,WHITE HANGING HEART T-LIGHT HOLDER,2,2023-10-13 13:47:00,2.95,CUST-10226,United Kingdom
501183,22086,PAPER CHAIN KIT 50'S CHRISTMAS,1,2023-12-02 11:54:00,2.55,CUST-10290,United Kingdom
501184,84879,ASSORTED COLOUR BIRD ORNAMENT,1,2023-06-23 12:01:00,1.69,CUST-10067,United Kingdom
501184,84406B,CREAM CUPID HEARTS COAT HANGER,12,2023-10-17 17:30:00,4.25,CUST-10125,United Kingdom
501184,71053,WHITE METAL LANTERN,24,2023-08-29 16:24:00,3.75,CUST-10044,United Kingdom
501185,22197,SMALL POPCORN HOLDER,2,2023-07-28 11:54:00,0.85,CUST-10370,United Kingdom
501185,85123A,WHITE HANGING HEART T-LIGHT HOLDER,12,2023-10-05 13:08:00,2.95,CUST-10109,United Kingdom
501185,21730,GLASS STAR FROSTED T-LIGHT HOLDER,2,2023-03-16 16:19:00,3.25,CUST-10168,United Kingdom
501186,22086,PAPER CHAIN KIT 50'S CHRISTMAS,1,2023-04-04 18:17:00,2.55,CUST-10518,United Kingdom
501186,84406B,CREAM CUPID HEARTS COAT HANGER,6,2023-08-05 19:55:00,4.25,CUST-10058,United Kingdom
501186,22720,SET OF 3 CAKE TINS PANTRY DESIGN,1,2023-09-14 15:51:00,12.75,CUST-10012,United Kingdom
501187,22633,HAND WARMER UNION JACK,4,2023-11-11 15:23:00,2.1,CUST-10054,United Kingdom
501187,84029G,KNITTED UNION FLAG HOT WATER BOTTLE,2,2023-05-29 09:46:00,4.95,CUST-10392,United Kingdom
501187,84879,ASSORTED COLOUR BIRD ORNAMENT,6,2023-11-13 11:29:00,1.69,CUST-10059,Germany
501188,22720,SET OF 3 CAKE TINS PANTRY DESIGN,4,2023-08-23 18:09:00,12.75,CUST-10192,United Kingdom
501188,23084,RABBIT NIGHT LIGHT,6,2023-07-12 17:47:00,2.08,CUST-10089,United Kingdom
501188,23084,RABBIT NIGHT LIGHT,2,2023-09-17 19:58:00,2.08,CUST-10100,United Kingdom
501189,22632,HAND WARMER RED RETROSPOT,1,2023-06-30 18:49:00,2.1,CUST-10171,United Kingdom
501189,22633,HAND WARMER UNION JACK,12,2023-05-21 15:27:00,2.1,CUST-10528,United Kingdom
501189,22633,HAND WARMER UNION JACK,4,2023-07-16 17:54:00,2.1,CUST-10345,United Kingdom
501190,84406B,CREAM CUPID HEARTS COAT HANGER,12,2023-08-16 13:41:00,4.25,CUST-10020,United Kingdom
501190,71053,WHITE METAL LANTERN,1,2023-01-01 16:37:00,3.75,CUST-10435,United Kingdom
501190,84029G,KNITTED UNION FLAG HOT WATER BOTTLE,1,2023-04-14 18:22:00,4.95,CUST-10112,United Kingdom
501191,23084,RABBIT NIGHT LIGHT,1,2023-06-05 14:03:00,2.08,CUST-10140,United Kingdom
501191,84029E,RED WOOLLY HOTTIE WHITE HEART,4,2023-10-06 14:49:00,4.95,CUST-10296,United Kingdom
501191,22632,HAND WARMER RED RETROSPOT,4,2023-11-28 15:25:00,2.1,CUST-10105,France
501192,22720,SET OF 3 CAKE TINS PANTRY DESIGN,6,2023-10-30 19:43:00,12.75,CUST-10043,United Kingdom
501192,21730,GLASS STAR FROSTED T-LIGHT HOLDER,4,2023-10-14 09:30:00,3.25,CUST-10260,United Kingdom
501192,84029G,KNITTED UNION FLAG HOT WATER BOTTLE,4,2023-10-25 11:27:00,4.95,CUST-10055,United Kingdom
501193,22197,SMALL POPCORN HOLDER,2,2023-12-29 10:51:00,0.85,CUST-10044,United Kingdom
501193,22197,SMALL POPCORN HOLDER,2,2023-09-06 08:55:00,0.85,CUST-10055,United Kingdom
501193,22752,SET 7 BABUSHKA NESTING BOXES,6,2023-03-25 18:45:00,8.5,CUST-10081,United Kingdom
501194,84406B,CREAM CUPID HEARTS COAT HANGER,2,2023-09-09 10:48:00,4.25,CUST-10269,United Kingdom
501194,84406B,CREAM CUPID HEARTS COAT HANGER,12,2023-08-04 16:29:00,4.25,CUST-10332,United Kingdom
501194,84029E,RED WOOLLY HOTTIE WHITE HEART,4,2023-03-18 10:48:00,4.95,CUST-10152,United Kingdom
501195,21730,GLASS STAR FROSTED T-LIGHT HOLDER,2,2023-09-20 14:23:00,3.25,CUST-10149,United Kingdom
501195,84406B,CREAM CUPID HEARTS COAT HANGER,1,2023-11-06 19:29:00,4.25,CUST-10296,United Kingdom
501195,22197,SMALL POPCORN HOLDER,2,2023-11-15 12:21:00,0.85,CUST-10040,United Kingdom
501196,84406B,CREAM CUPID HEARTS COAT HANGER,4,2023-09-25 14:47:00,4.25,CUST-10043,United Kingdom
501196,22197,SMALL POPCORN HOLDER,12,2023-12-22 08:09:00,0.85,CUST-10237,United Kingdom
501196,22633,HAND WARMER UNION JACK,24,2023-09-24 09:24:00,2.1,CUST-10044,France
501197,84029G,KNITTED UNION FLAG HOT WATER BOTTLE,2,2023-03-12 12:56:00,4.95,CUST-10484,United Kingdom
501197,84029G,KNITTED UNION FLAG HOT WATER BOTTLE,4,2023-09-26 11:05:00,4.95,CUST-10384,United Kingdom
501197,71053,WHITE METAL LANTERN,2,2023-06-20 08:28:00,3.75,CUST-10163,United Kingdom
501198,84879,ASSORTED COLOUR BIRD ORNAMENT,2,2023-12-20 10:57:00,1.69,CUST-10298,France
501198,71053,WHITE METAL LANTERN,2,2023-09-11 15:35:00,3.75,CUST-10151,United Kingdom
501198,22960,JAM MAKING SET WITH JARS,4,2023-12-19 11:47:00,4.95,CUST-10246,United Kingdom
501199,21730,GLASS STAR FROSTED T-LIGHT HOLDER,4,2023-12-10 16:15:00,3.25,CUST-10044,United Kingdom
501199,22632,HAND WARMER RED RETROSPOT,12,2023-12-14 14:01:00,2.1,CUST-10017,United Kingdom
501199,22752,SET 7 BABUSHKA NESTING BOXES,12,2023-11-21 19:16:00,8.5,CUST-10047,United Kingdom
501200,22197,SMALL POPCORN HOLDER,4,2023-11-09 17:10:00,0.85,CUST-10035,United Kingdom
501200,22633,HAND WARMER UNION JACK,2,2023-10-17 13:57:00,2.1,CUST-10289,United Kingdom
501200,21730,GLASS STAR FROSTED T-LIGHT HOLDER,2,2023-03-25 16:50:00,3.25,CUST-10183,Netherlands
501201,22632,HAND WARMER RED RETROSPOT,1,2023-12-07 16:26:00,2.1,CUST-10179,United Kingdom
501201,23084,RABBIT NIGHT LIGHT,2,2023-09-06 18:28:00,2.08,CUST-10113,United Kingdom
501201,22633,HAND WARMER UNION JACK,2,2023-10-14 18:37:00,2.1,CUST-10386,United Kingdom
501202,84029E,RED WOOLLY HOTTIE WHITE HEART,2,2023-11-14 13:08:00,4.95,CUST-10054,United Kingdom
501202,84029G,KNITTED UNION FLAG HOT WATER BOTTLE,6,2023-01-30 08:14:00,4.95,CUST-10563,Germany
501202,84029E,RED WOOLLY HOTTIE WHITE HEART,6,2023-08-16 14:56:00,4.95,CUST-10059,United Kingdom
501203,71053,WHITE METAL LANTERN,2,2023-12-14 09:54:00,3.75,CUST-10042,United Kingdom
501203,84029G,KNITTED UNION FLAG HOT WATER BOTTLE,2,2023-10-07 17:05:00,4.95,CUST-10057,United Kingdom
501203,22752,SET 7 BABUSHKA NESTING BOXES,12,2023-07-13 10:01:00,8.5,CUST-10217,United Kingdom
501204,84879,ASSORTED COLOUR BIRD ORNAMENT,12,2023-08-15 12:50:00,1.69,CUST-10023,United Kingdom
501204,84029E,RED WOOLLY HOTTIE WHITE HEART,4,2023-01-13 12:52:00,4.95,CUST-10509,Germany
501204,23084,RABBIT NIGHT LIGHT,4,2023-08-07 13:15:00,2.08,CUST-10105,United Kingdom
501205,22752,SET 7 BABUSHKA NESTING BOXES,2,2023-08-30 18:01:00,8.5,CUST-10007,United Kingdom
501205,71053,WHITE METAL LANTERN,1,2023-03-18 16:46:00,3.75,CUST-10141,United Kingdom
501205,84029G,KNITTED UNION FLAG HOT WATER BOTTLE,1,2023-04-11 16:31:00,4.95,CUST-10060,France
501206,22633,HAND WARMER UNION JACK,12,2023-11-30 15:10:00,2.1,CUST-10251,United Kingdom
501206,84406B,CREAM CUPID HEARTS COAT HANGER,6,2023-07-10 14:26:00,4.25,CUST-10172,United Kingdom
501206,22197,SMALL POPCORN HOLDER,1,2023-09-07 14:25:00,0.85,CUST-10168,United Kingdom
501207,22720,SET OF 3 CAKE TINS PANTRY DESIGN,1,2023-11-22 15:24:00,12.75,,United Kingdom
501207,21730,GLASS STAR FROSTED T-LIGHT HOLDER,12,2023-09-03 12:48:00,3.25,CUST-10031,United Kingdom
501207,22633,HAND WARMER UNION JACK,1,2023-12-15 16:52:00,2.1,CUST-10044,United Kingdom
501208,22197,SMALL POPCORN HOLDER,2,2023-09-20 19:54:00,0.85,CUST-10056,United Kingdom
501208,84406B,CREAM CUPID HEARTS COAT HANGER,1,2023-06-14 08:31:00,4.25,CUST-10067,France
501208,85123A,WHITE HANGING HEART T-LIGHT HOLDER,2,2023-09-14 12:13:00,2.95,,United Kingdom
501209,23084,RABBIT NIGHT LIGHT,1,2023-12-12 16:32:00,2.08,CUST-10332,United Kingdom
C501209,85123A,WHITE HANGING HEART T-LIGHT HOLDER,-4,2023-07-16 15:18:00,2.95,CUST-10128,United Kingdom
501209,23084,RABBIT NIGHT LIGHT,2,2023-03-06 09:20:00,2.08,CUST-10502,United Kingdom
501210,22632,HAND WARMER RED RETROSPOT,4,2023-05-16 13:40:00,2.1,CUST-10444,United Kingdom
501210,22720,SET OF 3 CAKE TINS PANTRY DESIGN,1,2023-08-02 17:51:00,12.75,CUST-10048,United Kingdom
501210,22752,SET 7 BABUSHKA NESTING BOXES,1,2023-09-24 13:19:00,8.5,CUST-10078,United Kingdom
501211,85123A,WHITE HANGING HEART T-LIGHT HOLDER,2,2023-12-10 15:32:00,2.95,CUST-10108,United Kingdom
501211,85123A,WHITE HANGING HEART T-LIGHT HOLDER,1,2023-12-04 12:46:00,2.95,CUST-10022,Spain
501211,22752,SET 7 BABUSHKA NESTING BOXES,2,2023-11-01 15:29:00,8.5,CUST-10088,United Kingdom
501212,85123A,WHITE HANGING HEART T-LIGHT HOLDER,6,2023-11-18 13:09:00,2.95,CUST-10346,United Kingdom
501212,84406B,CREAM CUPID HEARTS COAT HANGER,2,2023-10-10 14:23:00,4.25,CUST-10041,United Kingdom
501212,22197,SMALL POPCORN HOLDER,1,2023-06-30 18:07:00,0.85,CUST-10209,Germany
501213,22960,JAM MAKING SET WITH JARS,1,2023-02-02 17:04:00,4.95,CUST-10589,United Kingdom
501213,71053,WHITE METAL LANTERN,2,2023-12-28 08:04:00,3.75,CUST-10239,United Kingdom
501213,21730,GLASS STAR FROSTED T-LIGHT HOLDER,2,2023-11-01 18:06:00,3.25,CUST-10047,United Kingdom
501214,23084,RABBIT NIGHT LIGHT,2,2023-03-02 13:57:00,2.08,CUST-10063,United Kingdom
501214,84029E,RED WOOLLY HOTTIE WHITE HEART,2,2023-10-06 10:54:00,4.95,CUST-10043,United Kingdom
501214,22086,PAPER CHAIN KIT 50'S CHRISTMAS,6,2023-01-20 11:36:00,2.55,CUST-10594,United Kingdom
501215,85123A,WHITE HANGING HEART T-LIGHT HOLDER,1,2023-12-23 13:17:00,2.95,CUST-10188,United Kingdom
501215,22633,HAND WARMER UNION JACK,4,2023-08-15 16:06:00,2.1,CUST-10024,United Kingdom
501215,84406B,CREAM CUPID HEARTS COAT HANGER,1,2023-10-06 13:53:00,4.25,CUST-10354,Netherlands
501216,22197,SMALL POPCORN HOLDER,6,2023-09-27 09:54:00,0.85,CUST-10015,United Kingdom
501216,84029G,KNITTED UNION FLAG HOT WATER BOTTLE,1,2023-07-23 12:34:00,4.95,CUST-10251,France
501216,85123A,WHITE HANGING HEART T-LIGHT HOLDER,1,2023-09-20 17:02:00,2.95,CUST-10180,United Kingdom
501217,23084,RABBIT NIGHT LIGHT,1,2023-05-10 14:06:00,2.08,CUST-10089,United Kingdom
501217,21730,GLASS STAR FROSTED T-LIGHT HOLDER,1,2023-11-14 10:47:00,3.25,CUST-10058,Germany
501217,21730,GLASS STAR FROSTED T-LIGHT HOLDER,1,2023-11-16 12:56:00,3.25,CUST-10077,United Kingdom
501218,84879,ASSORTED COLOUR BIRD ORNAMENT,4,2023-05-07 19:35:00,1.69,CUST-10483,France
501218,22633,HAND WARMER UNION JACK,12,2023-04-27 18:19:00,2.1,CUST-10561,Spain
501218,22720,SET OF 3 CAKE TINS PANTRY DESIGN,1,2023-07-15 15:12:00,12.75,CUST-10110,United Kingdom
501219,22960,JAM MAKING SET WITH JARS,1,2023-11-28 18:29:00,4.95,CUST-10015,United Kingdom
501219,23084,RABBIT NIGHT LIGHT,2,2023-09-05 08:10:00,2.08,CUST-10078,Germany
501219,22632,HAND WARMER RED RETROSPOT,6,2023-04-14 10:43:00,2.1,CUST-10445,United Kingdom
501220,71053,WHITE METAL LANTERN,12,2023-03-15 17:18:00,3.75,CUST-10478,United Kingdom
501220,22633,HAND WARMER UNION JACK,4,2023-05-13 12:57:00,2.1,CUST-10590,United Kingdom
501220,71053,WHITE METAL LANTERN,1,2023-03-20 11:31:00,3.75,CUST-10071,United Kingdom
501221,84406B,CREAM CUPID HEARTS COAT HANGER,12,2023-07-17 14:55:00,4.25,CUST-10077,Spain
501221,22632,HAND WARMER RED RETROSPOT,1,2023-03-07 13:50:00,2.1,CUST-10560,United Kingdom
501221,22960,JAM MAKING SET WITH JARS,1,2023-12-16 16:46:00,4.95,CUST-10019,United Kingdom
501222,22633,HAND WARMER UNION JACK,2,2023-12-01 14:48:00,2.1,CUST-10038,United Kingdom
501222,22752,SET 7 BABUSHKA NESTING BOXES,6,2023-09-04 08:52:00,8.5,CUST-10018,United Kingdom
501222,85123A,WHITE HANGING HEART T-LIGHT HOLDER,1,2023-10-05 17:31:00,2.95,CUST-10055,United Kingdom
501223,22632,HAND WARMER RED RETROSPOT,2,2023-09-23 09:49:00,2.1,CUST-10130,United Kingdom
501223,22197,SMALL POPCORN HOLDER,1,2023-12-24 11:20:00,0.85,CUST-10019,United Kingdom
501223,84406B,CREAM CUPID HEARTS COAT HANGER,6,2023-11-30 08:57:00,4.25,CUST-10112,United Kingdom
501224,84029E,RED WOOLLY HOTTIE WHITE HEART,1,2023-12-15 11:23:00,4.95,,Spain
501224,22720,SET OF 3 CAKE TINS PANTRY DESIGN,24,2023-11-24 08:28:00,12.75,CUST-10006,United Kingdom
501224,22752,SET 7 BABUSHKA NESTING BOXES,2,2023-11-21 12:05:00,8.5,CUST-10170,United Kingdom
501225,84879,ASSORTED COLOUR BIRD ORNAMENT,1,2023-04-18 11:20:00,1.69,CUST-10118,Netherlands
501225,21730,GLASS STAR FROSTED T-LIGHT HOLDER,2,2023-05-15 17:45:00,3.25,CUST-10095,United Kingdom
501225,23084,RABBIT NIGHT LIGHT,6,2023-01-27 16:21:00,2.08,CUST-10434,United Kingdom
501226,84029E,RED WOOLLY HOTTIE WHITE HEART,2,2023-10-02 16:04:00,4.95,CUST-10172,United Kingdom
501226,22720,SET OF 3 CAKE TINS PANTRY DESIGN,12,2023-09-03 16:35:00,12.75,CUST-10037,United Kingdom
501226,22752,SET 7 BABUSHKA NESTING BOXES,6,2023-07-08 08:10:00,8.5,,United Kingdom
501227,22720,SET OF 3 CAKE TINS PANTRY DESIGN,2,2023-04-13 16:23:00,12.75,CUST-10583,United Kingdom
501227,85123A,WHITE HANGING HEART T-LIGHT HOLDER,1,2023-12-11 17:21:00,2.95,CUST-10032,France
501227,85123A,WHITE HANGING HEART T-LIGHT HOLDER,4,2023-07-05 17:23:00,2.95,CUST-10262,United Kingdom
501228,22633,HAND WARMER UNION JACK,2,2023-11-17 15:29:00,2.1,CUST-10024,United Kingdom
501228,84029E,RED WOOLLY HOTTIE WHITE HEART,2,2023-08-27 08:51:00,4.95,CUST-10231,United Kingdom
501228,85123A,WHITE HANGING HEART T-LIGHT HOLDER,4,2023-12-08 15:47:00,2.95,CUST-10161,Netherlands
501229,84029E,RED WOOLLY HOTTIE WHITE HEART,1,2023-11-12 13:46:00,4.95,,United Kingdom
501229,84879,ASSORTED COLOUR BIRD ORNAMENT,4,2023-11-05 16:13:00,1.69,CUST-10035,United Kingdom
501229,84029G,KNITTED UNION FLAG HOT WATER BOTTLE,2,2023-03-11 11:44:00,4.95,CUST-10172,United Kingdom
501230,22197,SMALL POPCORN HOLDER,2,2023-02-14 08:50:00,0.85,CUST-10515,Germany
501230,84029G,KNITTED UNION FLAG HOT WATER BOTTLE,12,2023-09-15 10:17:00,4.95,CUST-10047,Germany
501230,22632,HAND WARMER RED RETROSPOT,12,2023-12-04 18:51:00,2.1,CUST-10300,United Kingdom
501231,84029E,RED WOOLLY HOTTIE WHITE HEART,1,2023-10-30 10:04:00,4.95,CUST-10050,United Kingdom
501231,84029G,KNITTED UNION FLAG HOT WATER BOTTLE,2,2023-11-24 15:00:00,4.95,CUST-10188,Spain
501231,22960,JAM MAKING SET WITH JARS,1,2023-05-19 10:48:00,4.95,CUST-10167,United Kingdom
501232,84029E,RED WOOLLY HOTTIE WHITE HEART,1,2023-10-27 10:00:00,4.95,CUST-10250,United Kingdom
501232,22720,SET OF 3 CAKE TINS PANTRY DESIGN,1,2023-03-08 19:31:00,12.75,CUST-10430,France
501232,22960,JAM MAKING SET WITH JARS,2,2023-08-04 19:06:00,4.95,CUST-10119,United Kingdom
501233,22632,HAND WARMER RED RETROSPOT,1,2023-07-25 17:36:00,2.1,CUST-10243,United Kingdom
501233,84406B,CREAM CUPID HEARTS COAT HANGER,1,2023-08-01 13:01:00,4.25,CUST-10228,United Kingdom
501233,22633,HAND WARMER UNION JACK,4,2023-08-08 08:08:00,2.1,CUST-10038,United Kingdom
501234,22752,SET 7 BABUSHKA NESTING BOXES,2,2023-12-20 13:54:00,8.5,CUST-10046,United Kingdom
501234,21730,GLASS STAR FROSTED T-LIGHT HOLDER,4,2023-08-04 14:47:00,3.25,CUST-10003,United Kingdom
501234,22960,JAM MAKING SET WITH JARS,2,2023-09-15 17:13:00,4.95,CUST-10099,United Kingdom
501235,22086,PAPER CHAIN KIT 50'S CHRISTMAS,4,2023-10-11 19:12:00,2.55,CUST-10321,United Kingdom
501235,22197,SMALL POPCORN HOLDER,4,2023-09-21 11:36:00,0.85,CUST-10038,United Kingdom
501235,84406B,CREAM CUPID HEARTS COAT HANGER,4,2023-11-09 12:48:00,4.25,CUST-10000,United Kingdom
501236,21730,GLASS STAR FROSTED T-LIGHT HOLDER,2,2023-11-24 13:06:00,3.25,CUST-10148,United Kingdom
501236,22632,HAND WARMER RED RETROSPOT,2,2023-05-30 14:28:00,2.1,CUST-10082,Spain
501236,84029G,KNITTED UNION FLAG HOT WATER BOTTLE,12,2023-12-08 11:05:00,4.95,CUST-10059,United Kingdom
501237,84029G,KNITTED UNION FLAG HOT WATER BOTTLE,12,2023-11-02 16:31:00,4.95,CUST-10269,United Kingdom
501237,22632,HAND WARMER RED RETROSPOT,1,2023-03-11 09:33:00,2.1,CUST-10418,United Kingdom
501237,22752,SET 7 BABUSHKA NESTING BOXES,1,2023-09-15 09:20:00,8.5,CUST-10015,United Kingdom
501238,22752,SET 7 BABUSHKA NESTING BOXES,1,2023-03-09 18:18:00,8.5,CUST-10565,United Kingdom
501238,23084,RABBIT NIGHT LIGHT,4,2023-02-28 10:21:00,2.08,CUST-10534,United Kingdom
501238,84879,ASSORTED COLOUR BIRD ORNAMENT,6,2023-05-20 08:08:00,1.69,CUST-10572,Germany
501239,84029G,KNITTED UNION FLAG HOT WATER BOTTLE,6,2023-08-12 09:35:00,4.95,CUST-10046,Germany
501239,21730,GLASS STAR FROSTED T-LIGHT HOLDER,2,2023-03-26 13:02:00,3.25,CUST-10063,United Kingdom
501239,21730,GLASS STAR FROSTED T-LIGHT HOLDER,1,2023-08-06 15:55:00,3.25,CUST-10211,Netherlands
501240,22720,SET OF 3 CAKE TINS PANTRY DESIGN,4,2023-11-27 13:58:00,12.75,CUST-10360,France
501240,71053,WHITE METAL LANTERN,1,2023-09-20 08:13:00,3.75,CUST-10183,United Kingdom
501240,22086,PAPER CHAIN KIT 50'S CHRISTMAS,6,2023-10-26 15:13:00,2.55,CUST-10143,United Kingdom
501241,71053,WHITE METAL LANTERN,4,2023-10-13 13:27:00,3.75,CUST-10016,United Kingdom
501241,22720,SET OF 3 CAKE TINS PANTRY DESIGN,2,2023-08-10 16:40:00,12.75,CUST-10041,United Kingdom
501241,22960,JAM MAKING SET WITH JARS,1,2023-12-12 16:12:00,4.95,CUST-10201,United Kingdom
501242,85123A,WHITE HANGING HEART T-LIGHT HOLDER,2,2023-10-14 17:24:00,2.95,,United Kingdom
501242,84879,ASSORTED COLOUR BIRD ORNAMENT,1,2023-12-26 10:04:00,1.69,CUST-10017,Netherlands
501242,22197,SMALL POPCORN HOLDER,4,2023-08-31 12:56:00,0.85,CUST-10344,United Kingdom
501243,22197,SMALL POPCORN HOLDER,4,2023-09-12 15:42:00,0.85,CUST-10213,United Kingdom
501243,84879,ASSORTED COLOUR BIRD ORNAMENT,12,2023-08-15 11:09:00,1.69,CUST-10199,United Kingdom
501243,23084,RABBIT NIGHT LIGHT,4,2023-12-07 16:43:00,2.08,CUST-10023,United Kingdom
501244,22197,SMALL POPCORN HOLDER,2,2023-10-01 09:22:00,0.85,CUST-10031,United Kingdom
501244,84029G,KNITTED UNION FLAG HOT WATER BOTTLE,1,2023-08-09 09:53:00,4.95,CUST-10214,United Kingdom
501244,21730,GLASS STAR FROSTED T-LIGHT HOLDER,4,2023-10-18 14:39:00,3.25,CUST-10244,United Kingdom
501245,71053,WHITE METAL LANTERN,24,2023-08-01 09:23:00,3.75,CUST-10054,United Kingdom
501245,22960,JAM MAKING SET WITH JARS,1,2023-11-21 13:28:00,4.95,CUST-10012,United Kingdom
501245,22197,SMALL POPCORN HOLDER,2,2023-05-12 15:15:00,0.85,CUST-10584,United Kingdom
501246,71053,WHITE METAL LANTERN,1,2023-09-28 18:02:00,3.75,CUST-10211,United Kingdom
501246,23084,RABBIT NIGHT LIGHT,1,2023-12-20 14:10:00,2.08,CUST-10215,United Kingdom
501246,22086,PAPER CHAIN KIT 50'S CHRISTMAS,6,2023-07-28 18:32:00,2.55,CUST-10229,United Kingdom
501247,22086,PAPER CHAIN KIT 50'S CHRISTMAS,2,2023-12-16 19:31:00,2.55,CUST-10254,United Kingdom
501247,85123A,WHITE HANGING HEART T-LIGHT HOLDER,4,2023-09-08 16:36:00,2.95,CUST-10017,United Kingdom
501247,22197,SMALL POPCORN HOLDER,4,2023-01-02 12:24:00,0.85,CUST-10470,France
501248,85123A,WHITE HANGING HEART T-LIGHT HOLDER,4,2023-07-23 14:54:00,2.95,CUST-10057,United Kingdom
501248,22720,SET OF 3 CAKE TINS PANTRY DESIGN,2,2023-12-05 16:57:00,12.75,CUST-10031,Spain
501248,84029G,KNITTED UNION FLAG HOT WATER BOTTLE,1,2023-03-17 18:53:00,4.95,CUST-10178,United Kingdom
501249,84879,ASSORTED COLOUR BIRD ORNAMENT,2,2023-09-23 10:38:00,1.69,CUST-10035,United Kingdom
501249,21730,GLASS STAR FROSTED T-LIGHT HOLDER,1,2023-08-16 18:26:00,3.25,CUST-10026,United Kingdom
501249,22752,SET 7 BABUSHKA NESTING BOXES,2,2023-11-15 15:41:00,8.5,CUST-10050,United Kingdom
501250,22960,JAM MAKING SET WITH JARS,2,2023-08-23 16:47:00,4.95,CUST-10050,United Kingdom
501250,22086,PAPER CHAIN KIT 50'S CHRISTMAS,1,2023-03-12 15:44:00,2.55,CUST-10455,United Kingdom
501250,22632,HAND WARMER RED RETROSPOT,4,2023-12-07 08:39:00,2.1,CUST-10052,United Kingdom
501251,22633,HAND WARMER UNION JACK,2,2023-08-30 19:25:00,2.1,CUST-10026,Netherlands
501251,22086,PAPER CHAIN KIT 50'S CHRISTMAS,1,2023-11-19 10:36:00,2.55,CUST-10230,United Kingdom
501251,22197,SMALL POPCORN HOLDER,2,2023-10-23 18:23:00,0.85,CUST-10281,United Kingdom
501252,84029G,KNITTED UNION FLAG HOT WATER BOTTLE,4,2023-12-07 13:52:00,4.95,CUST-10033,United Kingdom
501252,71053,WHITE METAL LANTERN,24,2023-09-13 08:37:00,3.75,CUST-10181,United Kingdom
501252,85123A,WHITE HANGING HEART T-LIGHT HOLDER,2,2023-09-29 08:01:00,2.95,CUST-10240,United Kingdom
501253,22086,PAPER CHAIN KIT 50'S CHRISTMAS,4,2023-06-29 13:04:00,2.55,CUST-10208,United Kingdom
501253,22633,HAND WARMER UNION JACK,1,2023-12-24 17:26:00,2.1,CUST-10177,United Kingdom
501253,22752,SET 7 BABUSHKA NESTING BOXES,4,2023-12-21 13:16:00,8.5,CUST-10072,Germany
501254,21730,GLASS STAR FROSTED T-LIGHT HOLDER,6,2023-09-16 08:39:00,3.25,CUST-10264,United Kingdom
501254,22633,HAND WARMER UNION JACK,4,2023-10-07 19:09:00,2.1,CUST-10367,France
501254,21730,GLASS STAR FROSTED T-LIGHT HOLDER,1,2023-10-06 09:25:00,3.25,CUST-10257,United Kingdom
501255,22720,SET OF 3 CAKE TINS PANTRY DESIGN,1,2023-09-11 15:23:00,12.75,CUST-10006,Germany
501255,23084,RABBIT NIGHT LIGHT,2,2023-05-22 16:51:00,2.08,CUST-10471,United Kingdom
501255,22633,HAND WARMER UNION JACK,4,2023-10-17 18:52:00,2.1,CUST-10310,United Kingdom
501256,84406B,CREAM CUPID HEARTS COAT HANGER,1,2023-09-20 16:23:00,4.25,CUST-10288,United Kingdom
501256,22197,SMALL POPCORN HOLDER,6,2023-08-06 18:10:00,0.85,CUST-10065,Germany
501256,84029G,KNITTED UNION FLAG HOT WATER BOTTLE,4,2023-11-21 09:39:00,4.95,CUST-10292,United Kingdom
501257,22720,SET OF 3 CAKE TINS PANTRY DESIGN,1,2023-12-18 16:38:00,12.75,CUST-10365,United Kingdom
501257,22197,SMALL POPCORN HOLDER,2,2023-07-16 17:34:00,0.85,CUST-10225,United Kingdom
501257,21730,GLASS STAR FROSTED T-LIGHT HOLDER,4,2023-09-29 18:01:00,3.25,CUST-10047,United Kingdom
501258,22960,JAM MAKING SET WITH JARS,24,2023-01-12 11:52:00,4.95,CUST-10560,United Kingdom
501258,85123A,WHITE HANGING HEART T-LIGHT HOLDER,2,2023-12-17 19:38:00,2.95,CUST-10115,United Kingdom
501258,22720,SET OF 3 CAKE TINS PANTRY DESIGN,6,2023-04-04 08:15:00,12.75,CUST-10456,United Kingdom
501259,21730,GLASS STAR FROSTED T-LIGHT HOLDER,2,2023-09-10 18:46:00,3.25,CUST-10278,United Kingdom
501259,22720,SET OF 3 CAKE TINS PANTRY DESIGN,1,2023-10-21 17:43:00,12.75,CUST-10017,United Kingdom
501259,84406B,CREAM CUPID HEARTS COAT HANGER,6,2023-11-14 19:13:00,4.25,CUST-10267,United Kingdom
501260,84029G,KNITTED UNION FLAG HOT WATER BOTTLE,2,2023-08-12 15:05:00,4.95,CUST-10018,United Kingdom
501260,71053,WHITE METAL LANTERN,12,2023-08-11 09:13:00,3.75,CUST-10044,United Kingdom
501260,23084,RABBIT NIGHT LIGHT,1,2023-12-06 09:03:00,2.08,CUST-10146,Spain
501261,22197,SMALL POPCORN HOLDER,2,2023-12-03 19:43:00,0.85,CUST-10057,United Kingdom
501261,22197,SMALL POPCORN HOLDER,6,2023-10-22 19:15:00,0.85,CUST-10001,United Kingdom
501261,84879,ASSORTED COLOUR BIRD ORNAMENT,1,2023-08-16 11:49:00,1.69,CUST-10022,United Kingdom
501262,21730,GLASS STAR FROSTED T-LIGHT HOLDER,1,2023-08-07 19:05:00,3.25,CUST-10048,United Kingdom
501262,22960,JAM MAKING SET WITH JARS,6,2023-07-22 12:43:00,4.95,CUST-10214,France
501262,71053,WHITE METAL LANTERN,2,2023-07-12 11:08:00,3.75,CUST-10278,United Kingdom
501263,22633,HAND WARMER UNION JACK,2,2023-07-29 16:41:00,2.1,CUST-10041,Germany
501263,22197,SMALL POPCORN HOLDER,4,2023-09-20 09:27:00,0.85,CUST-10022,United Kingdom
501263,22086,PAPER CHAIN KIT 50'S CHRISTMAS,1,2023-08-13 15:21:00,2.55,CUST-10266,United Kingdom
501264,84879,ASSORTED COLOUR BIRD ORNAMENT,4,2023-09-24 08:57:00,1.69,,United Kingdom
501264,84879,ASSORTED COLOUR BIRD ORNAMENT,4,2023-11-01 10:25:00,1.69,CUST-10274,United Kingdom
501264,22633,HAND WARMER UNION JACK,1,2023-09-18 08:29:00,2.1,CUST-10341,France
501265,21730,GLASS STAR FROSTED T-LIGHT HOLDER,4,2023-08-20 14:13:00,3.25,CUST-10151,France
501265,22086,PAPER CHAIN KIT 50'S CHRISTMAS,1,2023-08-10 09:02:00,2.55,CUST-10238,United Kingdom
501265,71053,WHITE METAL LANTERN,4,2023-08-09 12:07:00,3.75,CUST-10376,United Kingdom
501266,22197,SMALL POPCORN HOLDER,1,2023-05-07 09:01:00,0.85,CUST-10436,United Kingdom
501266,23084,RABBIT NIGHT LIGHT,2,2023-10-12 14:11:00,2.08,CUST-10187,United Kingdom
501266,22086,PAPER CHAIN KIT 50'S CHRISTMAS,24,2023-09-13 10:55:00,2.55,CUST-10027,United Kingdom
501267,23084,RABBIT NIGHT LIGHT,2,2023-04-27 18:47:00,2.08,CUST-10088,Germany
501267,22197,SMALL POPCORN HOLDER,1,2023-05-06 09:05:00,0.85,CUST-10433,United Kingdom
501267,84879,ASSORTED COLOUR BIRD ORNAMENT,2,2023-11-02 12:38:00,1.69,CUST-10012,United Kingdom
501268,84879,ASSORTED COLOUR BIRD ORNAMENT,1,2023-07-15 17:37:00,1.69,CUST-10122,United Kingdom
501268,84879,ASSORTED COLOUR BIRD ORNAMENT,1,2023-08-19 09:31:00,1.69,CUST-10362,United Kingdom
501268,23084,RABBIT NIGHT LIGHT,1,2023-08-16 18:45:00,2.08,CUST-10043,United Kingdom
501269,84029G,KNITTED UNION FLAG HOT WATER BOTTLE,2,2023-10-25 17:25:00,4.95,CUST-10256,United Kingdom
501269,21730,GLASS STAR FROSTED T-LIGHT HOLDER,1,2023-12-15 13:55:00,3.25,CUST-10201,United Kingdom
501269,22086,PAPER CHAIN KIT 50'S CHRISTMAS,4,2023-08-05 19:31:00,2.55,CUST-10024,Germany
501270,22197,SMALL POPCORN HOLDER,12,2023-09-19 08:37:00,0.85,CUST-10054,United Kingdom
501270,22197,SMALL POPCORN HOLDER,1,2023-08-16 11:05:00,0.85,CUST-10038,Germany
501270,21730,GLASS STAR FROSTED T-LIGHT HOLDER,2,2023-11-20 12:53:00,3.25,CUST-10050,France
501271,22632,HAND WARMER RED RETROSPOT,2,2023-05-23 18:12:00,2.1,CUST-10174,United Kingdom
C501271,22960,JAM MAKING SET WITH JARS,-4,2023-11-24 09:50:00,4.95,CUST-10386,Germany
501271,22632,HAND WARMER RED RETROSPOT,4,2023-11-23 18:23:00,2.1,CUST-10201,Germany
501272,23084,RABBIT NIGHT LIGHT,24,2023-08-06 11:46:00,2.08,CUST-10243,United Kingdom
501272,23084,RABBIT NIGHT LIGHT,2,2023-04-11 12:44:00,2.08,CUST-10174,United Kingdom
501272,22197,SMALL POPCORN HOLDER,6,2023-10-26 19:57:00,0.85,CUST-10025,United Kingdom
C501273,22197,SMALL POPCORN HOLDER,-2,2023-07-22 09:32:00,0.85,CUST-10055,United Kingdom
501273,84879,ASSORTED COLOUR BIRD ORNAMENT,4,2023-06-19 18:14:00,1.69,CUST-10128,United Kingdom
501273,22720,SET OF 3 CAKE TINS PANTRY DESIGN,12,2023-06-06 15:58:00,12.75,CUST-10139,United Kingdom
501274,22632,HAND WARMER RED RETROSPOT,2,2023-02-07 08:19:00,2.1,CUST-10575,France
501274,23084,RABBIT NIGHT LIGHT,1,2023-04-15 19:01:00,2.08,CUST-10163,United Kingdom
501274,84029E,RED WOOLLY HOTTIE WHITE HEART,1,2023-09-25 15:35:00,4.95,CUST-10038,United Kingdom
501275,22720,SET OF 3 CAKE TINS PANTRY DESIGN,2,2023-09-14 18:36:00,12.75,CUST-10055,United Kingdom
501275,23084,RABBIT NIGHT LIGHT,4,2023-10-04 15:28:00,2.08,CUST-10120,Netherlands
501275,22960,JAM MAKING SET WITH JARS,12,2023-04-26 16:01:00,4.95,CUST-10472,United Kingdom
501276,84879,ASSORTED COLOUR BIRD ORNAMENT,2,2023-09-04 16:45:00,1.69,CUST-10069,United Kingdom
501276,22960,JAM MAKING SET WITH JARS,1,2023-07-24 12:37:00,4.95,CUST-10184,United Kingdom
501276,22752,SET 7 BABUSHKA NESTING BOXES,6,2023-11-19 09:35:00,8.5,CUST-10085,United Kingdom
501277,21730,GLASS STAR FROSTED T-LIGHT HOLDER,6,2023-09-09 08:12:00,3.25,CUST-10049,United Kingdom
501277,22720,SET OF 3 CAKE TINS PANTRY DESIGN,1,2023-09-16 18:58:00,12.75,CUST-10014,United Kingdom
501277,84029E,RED WOOLLY HOTTIE WHITE HEART,1,2023-05-27 18:23:00,4.95,CUST-10147,United Kingdom
501278,22960,JAM MAKING SET WITH JARS,1,2023-11-29 18:19:00,4.95,CUST-10363,United Kingdom
501278,84029G,KNITTED UNION FLAG HOT WATER BOTTLE,1,2023-05-26 11:39:00,4.95,CUST-10428,Germany
501278,85123A,WHITE HANGING HEART T-LIGHT HOLDER,2,2023-07-21 16:34:00,2.95,CUST-10011,United Kingdom
501279,85123A,WHITE HANGING HEART T-LIGHT HOLDER,2,2023-11-20 09:13:00,2.95,CUST-10319,United Kingdom
501279,22752,SET 7 BABUSHKA NESTING BOXES,6,2023-08-02 14:38:00,8.5,CUST-10055,Spain
501279,22633,HAND WARMER UNION JACK,4,2023-02-06 11:12:00,2.1,CUST-10572,United Kingdom
501280,22960,JAM MAKING SET WITH JARS,2,2023-12-15 17:44:00,4.95,CUST-10022,United Kingdom
501280,23084,RABBIT NIGHT LIGHT,1,2023-09-21 08:04:00,2.08,CUST-10345,United Kingdom
501280,22720,SET OF 3 CAKE TINS PANTRY DESIGN,1,2023-07-04 08:46:00,12.75,CUST-10278,United Kingdom
501281,84406B,CREAM CUPID HEARTS COAT HANGER,6,2023-08-26 11:41:00,4.25,CUST-10148,United Kingdom
501281,22752,SET 7 BABUSHKA NESTING BOXES,4,2023-08-30 13:26:00,8.5,CUST-10037,United Kingdom
501281,22632,HAND WARMER RED RETROSPOT,2,2023-12-16 09:09:00,2.1,CUST-10016,United Kingdom
501282,22632,HAND WARMER RED RETROSPOT,1,2023-01-05 17:18:00,2.1,CUST-10469,Germany
501282,22633,HAND WARMER UNION JACK,1,2023-08-10 11:21:00,2.1,CUST-10365,United Kingdom
501282,23084,RABBIT NIGHT LIGHT,1,2023-09-09 11:18:00,2.08,CUST-10158,United Kingdom
501283,23084,RABBIT NIGHT LIGHT,24,2023-03-07 11:49:00,2.08,CUST-10395,United Kingdom
501283,22633,HAND WARMER UNION JACK,2,2023-07-29 11:52:00,2.1,CUST-10339,United Kingdom
501283,23084,RABBIT NIGHT LIGHT,1,2023-07-07 09:22:00,2.08,CUST-10258,United Kingdom
501284,71053,WHITE METAL LANTERN,1,2023-09-23 12:21:00,3.75,CUST-10209,United Kingdom
501284,22752,SET 7 BABUSHKA NESTING BOXES,2,2023-01-04 11:22:00,8.5,CUST-10507,United Kingdom
501284,21730,GLASS STAR FROSTED T-LIGHT HOLDER,2,2023-11-21 10:02:00,3.25,CUST-10261,United Kingdom
501285,84029E,RED WOOLLY HOTTIE WHITE HEART,2,2023-09-19 19:02:00,4.95,CUST-10012,United Kingdom
501285,84029E,RED WOOLLY HOTTIE WHITE HEART,1,2023-03-03 18:13:00,4.95,CUST-10434,United Kingdom
501285,71053,WHITE METAL LANTERN,1,2023-10-21 17:51:00,3.75,CUST-10312,United Kingdom
501286,84406B,CREAM CUPID HEARTS COAT HANGER,1,2023-10-06 10:29:00,4.25,CUST-10386,United Kingdom
501286,84029G,KNITTED UNION FLAG HOT WATER BOTTLE,1,2023-07-11 19:19:00,4.95,CUST-10169,United Kingdom
501286,22960,JAM MAKING SET WITH JARS,4,2023-09-26 09:44:00,4.95,CUST-10024,United Kingdom
501287,23084,RABBIT NIGHT LIGHT,6,2023-10-10 13:20:00,2.08,CUST-10228,United Kingdom
501287,22632,HAND WARMER RED RETROSPOT,1,2023-02-18 08:32:00,2.1,CUST-10554,United Kingdom
501287,22086,PAPER CHAIN KIT 50'S CHRISTMAS,12,2023-09-05 13:11:00,2.55,CUST-10356,United Kingdom
501288,22960,JAM MAKING SET WITH JARS,1,2023-01-31 09:40:00,4.95,CUST-10490,United Kingdom
501288,22633,HAND WARMER UNION JACK,2,2023-09-02 09:31:00,2.1,CUST-10052,France
501288,84406B,CREAM CUPID HEARTS COAT HANGER,1,2023-08-01 16:29:00,4.25,CUST-10201,United Kingdom
501289,84029E,RED WOOLLY HOTTIE WHITE HEART,1,2023-07-17 19:14:00,4.95,CUST-10243,United Kingdom
501289,85123A,WHITE HANGING HEART T-LIGHT HOLDER,4,2023-12-14 19:49:00,2.95,CUST-10168,United Kingdom
501289,84879,ASSORTED COLOUR BIRD ORNAMENT,1,2023-08-20 16:40:00,1.69,CUST-10002,United Kingdom
501290,21730,GLASS STAR FROSTED T-LIGHT HOLDER,12,2023-03-02 15:24:00,3.25,CUST-10585,France
501290,85123A,WHITE HANGING HEART T-LIGHT HOLDER,2,2023-08-24 09:30:00,2.95,CUST-10041,United Kingdom
501290,85123A,WHITE HANGING HEART T-LIGHT HOLDER,1,2023-09-10 19:36:00,2.95,CUST-10122,United Kingdom
501291,23084,RABBIT NIGHT LIGHT,4,2023-09-18 17:39:00,2.08,,United Kingdom
501291,84029G,KNITTED UNION FLAG HOT WATER BOTTLE,1,2023-09-29 11:29:00,4.95,CUST-10043,United Kingdom
501291,22197,SMALL POPCORN HOLDER,12,2023-11-11 11:00:00,0.85,CUST-10022,United Kingdom
501292,22960,JAM MAKING SET WITH JARS,1,2023-09-29 19:41:00,4.95,CUST-10053,United Kingdom
501292,23084,RABBIT NIGHT LIGHT,6,2023-12-14 09:06:00,2.08,CUST-10257,United Kingdom
501292,85123A,WHITE HANGING HEART T-LIGHT HOLDER,12,2023-10-25 14:46:00,2.95,CUST-10003,United Kingdom
501293,22960,JAM MAKING SET WITH JARS,1,2023-07-03 15:29:00,4.95,CUST-10261,United Kingdom
501293,84879,ASSORTED COLOUR BIRD ORNAMENT,12,2023-06-13 15:49:00,1.69,CUST-10096,United Kingdom
501293,21730,GLASS STAR FROSTED T-LIGHT HOLDER,2,2023-12-07 13:24:00,3.25,CUST-10054,United Kingdom
501294,22197,SMALL POPCORN HOLDER,12,2023-10-28 11:58:00,0.85,CUST-10050,United Kingdom
501294,85123A,WHITE HANGING HEART T-LIGHT HOLDER,4,2023-08-06 14:20:00,2.95,CUST-10140,United Kingdom
501294,84029E,RED WOOLLY HOTTIE WHITE HEART,24,2023-07-30 19:55:00,4.95,CUST-10304,Spain
501295,84879,ASSORTED COLOUR BIRD ORNAMENT,6,2023-08-17 14:17:00,1.69,CUST-10341,Netherlands
501295,84029G,KNITTED UNION FLAG HOT WATER BOTTLE,6,2023-11-07 15:10:00,4.95,CUST-10222,United Kingdom
501295,22632,HAND WARMER RED RETROSPOT,2,2023-06-30 15:13:00,2.1,CUST-10161,United Kingdom
501296,22632,HAND WARMER RED RETROSPOT,12,2023-09-14 19:51:00,2.1,CUST-10054,United Kingdom
501296,22752,SET 7 BABUSHKA NESTING BOXES,4,2023-03-14 15:05:00,8.5,CUST-10455,United Kingdom
501296,22960,JAM MAKING SET WITH JARS,1,2023-10-02 18:22:00,4.95,CUST-10034,United Kingdom
501297,22752,SET 7 BABUSHKA NESTING BOXES,1,2023-08-28 17:13:00,8.5,CUST-10373,United Kingdom
501297,22197,SMALL POPCORN HOLDER,2,2023-05-08 08:13:00,0.85,CUST-10569,United Kingdom
501297,22633,HAND WARMER UNION JACK,1,2023-11-25 11:21:00,2.1,CUST-10200,United Kingdom
501298,84406B,CREAM CUPID HEARTS COAT HANGER,4,2023-09-03 11:02:00,4.25,CUST-10257,United Kingdom
501298,84879,ASSORTED COLOUR BIRD ORNAMENT,1,2023-08-29 13:42:00,1.69,CUST-10050,United Kingdom
501298,84879,ASSORTED COLOUR BIRD ORNAMENT,2,2023-08-11 19:40:00,1.69,CUST-10046,United Kingdom
501299,84029E,RED WOOLLY HOTTIE WHITE HEART,2,2023-07-28 16:37:00,4.95,CUST-10037,United Kingdom
501299,22960,JAM MAKING SET WITH JARS,2,2023-03-10 19:29:00,4.95,CUST-10086,United Kingdom
501299,22632,HAND WARMER RED RETROSPOT,12,2023-11-20 17:16:00,2.1,CUST-10276,United Kingdom
501300,84029G,KNITTED UNION FLAG HOT WATER BOTTLE,2,2023-11-10 11:02:00,4.95,CUST-10040,United Kingdom
501300,22632,HAND WARMER RED RETROSPOT,2,2023-11-08 18:55:00,2.1,CUST-10008,United Kingdom
501300,22086,PAPER CHAIN KIT 50'S CHRISTMAS,1,2023-03-29 10:05:00,2.55,CUST-10203,United Kingdom
501301,23084,RABBIT NIGHT LIGHT,2,2023-10-07 16:51:00,2.08,CUST-10027,United Kingdom
501301,21730,GLASS STAR FROSTED T-LIGHT HOLDER,12,2023-04-14 13:07:00,3.25,CUST-10201,United Kingdom
501301,71053,WHITE METAL LANTERN,1,2023-12-25 08:55:00,3.75,CUST-10338,United Kingdom
501302,21730,GLASS STAR FROSTED T-LIGHT HOLDER,4,2023-03-05 11:48:00,3.25,CUST-10540,United Kingdom
501302,22086,PAPER CHAIN KIT 50'S CHRISTMAS,6,2023-12-01 19:50:00,2.55,CUST-10044,United Kingdom
501302,71053,WHITE METAL LANTERN,4,2023-08-16 17:05:00,3.75,CUST-10034,France
501303,84406B,CREAM CUPID HEARTS COAT HANGER,1,2023-12-27 12:06:00,4.25,CUST-10030,Germany
501303,22197,SMALL POPCORN HOLDER,1,2023-07-28 18:41:00,0.85,CUST-10061,United Kingdom
501303,22632,HAND WARMER RED RETROSPOT,6,2023-12-02 11:20:00,2.1,,United Kingdom
501304,22720,SET OF 3 CAKE TINS PANTRY DESIGN,6,2023-11-13 08:30:00,12.75,CUST-10350,Netherlands
501304,23084,RABBIT NIGHT LIGHT,1,2023-11-29 15:36:00,2.08,CUST-10029,United Kingdom
501304,22086,PAPER CHAIN KIT 50'S CHRISTMAS,6,2023-11-02 09:28:00,2.55,CUST-10234,France
501305,84029G,KNITTED UNION FLAG HOT WATER BOTTLE,1,2023-12-28 19:09:00,4.95,CUST-10030,United Kingdom
501305,22720,SET OF 3 CAKE TINS PANTRY DESIGN,2,2023-08-05 16:09:00,12.75,CUST-10027,United Kingdom
501305,21730,GLASS STAR FROSTED T-LIGHT HOLDER,4,2023-09-13 16:10:00,3.25,CUST-10048,United Kingdom
501306,22632,HAND WARMER RED RETROSPOT,1,2023-08-18 08:55:00,2.1,CUST-10003,United Kingdom
501306,22752,SET 7 BABUSHKA NESTING BOXES,12,2023-12-27 12:08:00,8.5,CUST-10383,United Kingdom
501306,21730,GLASS STAR FROSTED T-LIGHT HOLDER,1,2023-09-10 18:27:00,3.25,CUST-10276,United Kingdom
501307,84406B,CREAM CUPID HEARTS COAT HANGER,2,2023-10-10 16:10:00,4.25,CUST-10270,United Kingdom
501307,22720,SET OF 3 CAKE TINS PANTRY DESIGN,1,2023-11-07 10:09:00,12.75,CUST-10050,United Kingdom
501307,22960,JAM MAKING SET WITH JARS,1,2023-02-19 14:34:00,4.95,CUST-10586,United Kingdom
501308,85123A,WHITE HANGING HEART T-LIGHT HOLDER,2,2023-09-10 14:08:00,2.95,CUST-10111,United Kingdom
501308,22720,SET OF 3 CAKE TINS PANTRY DESIGN,1,2023-12-06 18:16:00,12.75,CUST-10004,United Kingdom
501308,22960,JAM MAKING SET WITH JARS,6,2023-12-16 19:06:00,4.95,CUST-10328,United Kingdom
501309,22086,PAPER CHAIN KIT 50'S CHRISTMAS,1,2023-12-16 17:10:00,2.55,CUST-10016,United Kingdom
501309,22752,SET 7 BABUSHKA NESTING BOXES,1,2023-12-13 19:51:00,8.5,CUST-10289,United Kingdom
501309,84029E,RED WOOLLY HOTTIE WHITE HEART,12,2023-09-09 09:47:00,4.95,CUST-10026,United Kingdom
501310,84406B,CREAM CUPID HEARTS COAT HANGER,1,2023-11-26 19:12:00,4.25,CUST-10044,United Kingdom
501310,84406B,CREAM CUPID HEARTS COAT HANGER,12,2023-08-15 11:14:00,4.25,CUST-10051,United Kingdom
501310,84406B,CREAM CUPID HEARTS COAT HANGER,1,2023-02-07 13:00:00,4.25,CUST-10490,United Kingdom
501311,21730,GLASS STAR FROSTED T-LIGHT HOLDER,4,2023-01-06 16:35:00,3.25,CUST-10472,United Kingdom
501311,22197,SMALL POPCORN HOLDER,1,2023-10-07 09:24:00,0.85,CUST-10037,United Kingdom
501311,22633,HAND WARMER UNION JACK,4,2023-11-27 10:56:00,2.1,CUST-10326,United Kingdom
501312,22720,SET OF 3 CAKE TINS PANTRY DESIGN,4,2023-02-06 13:06:00,12.75,CUST-10598,Germany
501312,85123A,WHITE HANGING HEART T-LIGHT HOLDER,6,2023-12-15 12:57:00,2.95,CUST-10007,United Kingdom
501312,85123A,WHITE HANGING HEART T-LIGHT HOLDER,1,2023-12-07 13:09:00,2.95,CUST-10050,France
501313,22752,SET 7 BABUSHKA NESTING BOXES,1,2023-06-05 09:55:00,8.5,CUST-10136,United Kingdom
501313,84029E,RED WOOLLY HOTTIE WHITE HEART,6,2023-10-10 13:28:00,4.95,CUST-10336,United Kingdom
501313,22960,JAM MAKING SET WITH JARS,1,2023-03-07 17:15:00,4.95,CUST-10135,Netherlands
501314,22086,PAPER CHAIN KIT 50'S CHRISTMAS,2,2023-04-21 15:11:00,2.55,CUST-10446,United Kingdom
501314,84406B,CREAM CUPID HEARTS COAT HANGER,12,2023-08-02 18:31:00,4.25,CUST-10043,United Kingdom
501314,84029G,KNITTED UNION FLAG HOT WATER BOTTLE,1,2023-01-31 14:26:00,4.95,CUST-10568,United Kingdom
501315,22752,SET 7 BABUSHKA NESTING BOXES,2,2023-11-26 18:19:00,8.5,CUST-10111,United Kingdom
501315,84029G,KNITTED UNION FLAG HOT WATER BOTTLE,6,2023-09-03 15:29:00,4.95,CUST-10116,United Kingdom
501315,22960,JAM MAKING SET WITH JARS,6,2023-10-01 16:04:00,4.95,,United Kingdom
501316,84029G,KNITTED UNION FLAG HOT WATER BOTTLE,2,2023-05-25 13:12:00,4.95,CUST-10582,United Kingdom
501316,23084,RABBIT NIGHT LIGHT,1,2023-03-13 18:54:00,2.08,CUST-10435,United Kingdom
501316,22086,PAPER CHAIN KIT 50'S CHRISTMAS,1,2023-05-06 17:37:00,2.55,CUST-10426,United Kingdom
501317,23084,RABBIT NIGHT LIGHT,4,2023-08-24 13:29:00,2.08,CUST-10058,United Kingdom
501317,22960,JAM MAKING SET WITH JARS,4,2023-09-15 11:23:00,4.95,CUST-10209,United Kingdom
501317,71053,WHITE METAL LANTERN,1,2023-08-28 15:18:00,3.75,CUST-10096,United Kingdom
501318,23084,RABBIT NIGHT LIGHT,12,2023-04-16 15:01:00,2.08,CUST-10083,United Kingdom
501318,23084,RABBIT NIGHT LIGHT,2,2023-07-22 15:05:00,2.08,CUST-10042,Germany
501318,84879,ASSORTED COLOUR BIRD ORNAMENT,12,2023-12-23 17:05:00,1.69,CUST-10041,United Kingdom
501319,22197,SMALL POPCORN HOLDER,4,2023-07-12 19:11:00,0.85,CUST-10093,United Kingdom
501319,71053,WHITE METAL LANTERN,4,2023-08-25 17:15:00,3.75,CUST-10035,United Kingdom
501319,84879,ASSORTED COLOUR BIRD ORNAMENT,4,2023-12-15 19:45:00,1.69,CUST-10009,United Kingdom
501320,22752,SET 7 BABUSHKA NESTING BOXES,12,2023-12-28 18:48:00,8.5,CUST-10012,United Kingdom
501320,22086,PAPER CHAIN KIT 50'S CHRISTMAS,4,2023-03-11 11:05:00,2.55,CUST-10564,United Kingdom
501320,22632,HAND WARMER RED RETROSPOT,2,2023-08-26 17:26:00,2.1,CUST-10192,United Kingdom
501321,22752,SET 7 BABUSHKA NESTING BOXES,1,2023-04-15 15:23:00,8.5,CUST-10405,France
501321,85123A,WHITE HANGING HEART T-LIGHT HOLDER,12,2023-08-06 08:58:00,2.95,CUST-10050,United Kingdom
501321,22086,PAPER CHAIN KIT 50'S CHRISTMAS,4,2023-11-02 14:08:00,2.55,CUST-10028,Germany
501322,22632,HAND WARMER RED RETROSPOT,4,2023-12-04 19:20:00,2.1,CUST-10057,United Kingdom
501322,84879,ASSORTED COLOUR BIRD ORNAMENT,1,2023-03-30 17:20:00,1.69,CUST-10122,United Kingdom
501322,84406B,CREAM CUPID HEARTS COAT HANGER,24,2023-08-04 12:49:00,4.25,CUST-10142,United Kingdom
501323,22086,PAPER CHAIN KIT 50'S CHRISTMAS,4,2023-08-25 08:14:00,2.55,CUST-10038,United Kingdom
501323,23084,RABBIT NIGHT LIGHT,2,2023-10-18 13:22:00,2.08,CUST-10055,United Kingdom
501323,84879,ASSORTED COLOUR BIRD ORNAMENT,4,2023-02-08 13:22:00,1.69,CUST-10466,Germany
501324,21730,GLASS STAR FROSTED T-LIGHT HOLDER,2,2023-06-24 09:28:00,3.25,CUST-10072,United Kingdom
501324,22960,JAM MAKING SET WITH JARS,2,2023-11-15 16:07:00,4.95,CUST-10131,United Kingdom
501324,85123A,WHITE HANGING HEART T-LIGHT HOLDER,6,2023-07-21 08:21:00,2.95,CUST-10056,France
501325,22086,PAPER CHAIN KIT 50'S CHRISTMAS,2,2023-12-20 12:34:00,2.55,CUST-10000,United Kingdom
501325,84406B,CREAM CUPID HEARTS COAT HANGER,4,2023-06-11 14:00:00,4.25,CUST-10061,United Kingdom
501325,71053,WHITE METAL LANTERN,1,2023-08-31 08:23:00,3.75,CUST-10049,United Kingdom
501326,23084,RABBIT NIGHT LIGHT,6,2023-03-27 18:10:00,2.08,CUST-10556,United Kingdom
501326,21730,GLASS STAR FROSTED T-LIGHT HOLDER,12,2023-05-30 15:02:00,3.25,CUST-10449,United Kingdom
501326,84029G,KNITTED UNION FLAG HOT WATER BOTTLE,2,2023-12-17 08:39:00,4.95,CUST-10340,United Kingdom
501327,22633,HAND WARMER UNION JACK,4,2023-12-02 12:32:00,2.1,CUST-10039,Netherlands
501327,22086,PAPER CHAIN KIT 50'S CHRISTMAS,1,2023-04-15 12:43:00,2.55,CUST-10556,United Kingdom
501327,21730,GLASS STAR FROSTED T-LIGHT HOLDER,1,2023-04-20 12:45:00,3.25,CUST-10545,United Kingdom
C501328,84029E,RED WOOLLY HOTTIE WHITE HEART,-4,2023-12-10 17:46:00,4.95,CUST-10033,United Kingdom
501328,84029E,RED WOOLLY HOTTIE WHITE HEART,2,2023-09-17 17:31:00,4.95,CUST-10026,United Kingdom
501328,84029E,RED WOOLLY HOTTIE WHITE HEART,1,2023-10-15 17:50:00,4.95,CUST-10101,United Kingdom
501329,22086,PAPER CHAIN KIT 50'S CHRISTMAS,6,2023-08-27 19:33:00,2.55,CUST-10055,United Kingdom
501329,22752,SET 7 BABUSHKA NESTING BOXES,1,2023-03-08 18:10:00,8.5,CUST-10591,United Kingdom
501329,84029G,KNITTED UNION FLAG HOT WATER BOTTLE,4,2023-11-20 09:58:00,4.95,CUST-10018,Germany
501330,23084,RABBIT NIGHT LIGHT,1,2023-11-15 17:46:00,2.08,CUST-10029,United Kingdom
501330,22197,SMALL POPCORN HOLDER,1,2023-11-01 12:54:00,0.85,CUST-10343,France
501330,22752,SET 7 BABUSHKA NESTING BOXES,6,2023-07-21 16:15:00,8.5,CUST-10032,United Kingdom
501331,84879,ASSORTED COLOUR BIRD ORNAMENT,2,2023-12-14 18:03:00,1.69,CUST-10001,United Kingdom
501331,21730,GLASS STAR FROSTED T-LIGHT HOLDER,1,2023-11-10 18:02:00,3.25,CUST-10161,United Kingdom
501331,22086,PAPER CHAIN KIT 50'S CHRISTMAS,2,2023-08-14 15:51:00,2.55,CUST-10008,Germany
501332,22197,SMALL POPCORN HOLDER,6,2023-09-28 17:07:00,0.85,CUST-10028,United Kingdom
501332,85123A,WHITE HANGING HEART T-LIGHT HOLDER,4,2023-09-16 16:40:00,2.95,CUST-10153,United Kingdom
501332,84029E,RED WOOLLY HOTTIE WHITE HEART,2,2023-05-25 10:26:00,4.95,CUST-10462,United Kingdom
501333,84029E,RED WOOLLY HOTTIE WHITE HEART,4,2023-11-06 14:41:00,4.95,CUST-10038,United Kingdom
