V1,V2,V3,V4,V5,V6,V7,V8,Time,Amount,Class
-1.1361570092466968,1.059681933804517,1.9787860924163827,1.1551616982270092,0.37623027124794367,-0.0654536202792209,-0.29093506134881436,-0.9862959608695043,41860,3.84,0
0.5973443385951982,0.4821248501549553,-1.2774782071448822,1.1959423904724544,-0.46245500608742646,-0.6048321585153806,0.49025848653326254,0.8510618461252044,118786,11.5,0
-0.5335570535052107,0.05435312940366061,-1.2288017020535533,0.5058224066670638,-1.3310281681129013,-1.778154984041801,-1.5089254066028757,-0.2838188338109742,70444,77.58,0
-0.5475814066130479,0.6334322269187602,-0.97647794546663,0.25534688774512726,-0.037599152861953644,0.3960289442412771,0.5367135862988128,0.6436446259952242,128839,2.53,0
-0.3970794402094839,-0.5813064019537125,-0.9745993055540371,1.557376998764244,0.6004009492911057,2.1921357102521886,-1.605207117877063,0.3131437255376883,61525,24.48,0
-1.0735110468966247,1.1800193126959724,0.20998819408049657,1.3238246127209083,0.36374464416026897,0.5097791306937841,-0.3095033827597953,-0.1936273596236468,81937,3.15,0
-0.799015107413487,0.27095659924073434,2.6251394165986133,0.6639641904247354,-0.848314387102404,0.7757951119777513,0.5808885316918493,-1.72686569437961,39676,37.89,0
-0.0997770334789659,-0.6693619319397288,-1.936046305615248,0.23313906897550848,0.40921074975042837,0.6704301768092238,0.7832281054166701,-0.09917153103685956,151099,2.29,0
-1.241528468128827,0.8772216595261796,-0.4458627565970467,-0.8681343247780384,4.29885757229876,-1.1530422256679607,-0.08778599652768404,-2.3005040022346863,36713,57.91,0
0.6169275106868255,-1.4128101799421877,1.722143225856191,-1.2084744952516213,-1.631163989078862,-2.933734492974521,0.6985311210775337,1.448845031181159,137053,53.69,0
1.3298500600552527,0.7386952791779796,2.378480503109216,-0.7585282172088982,-0.468869019700708,-0.8806800900360835,-0.8867513377834617,1.3972066891244086,65780,48.33,0
0.24749590391802714,-0.4175473072659852,0.6461860121365275,0.8580582255459638,0.6340766610392347,-0.9948042414019207,1.1426674988225407,-0.34486025309278195,39114,2.38,0
-0.029049952514663413,-0.16128683367420105,-0.27952349670394916,-0.3519547292557266,1.3791869793847908,-0.45192028309850685,0.29998120276257684,2.4226688755390207,144232,4.38,0
0.37621949712225244,-1.0527387146712468,0.5664490504243518,1.7929510562154198,-0.6600760334433915,-0.7172585625800516,0.008066881859585947,1.3782347600030314,119469,98.92,0
-0.10674759128342123,1.8918443001905736,-1.5659871799799663,1.3520486142589376,-0.49900521791608576,0.8915643569018785,1.5717681207499725,-0.35121107157573517,43310,79.84,0
2.1735634508901627,1.1497090238167955,0.9656342670490364,-1.1486819737250538,-0.9048820237420953,0.6250283799717753,-2.080449025727129,-1.5054972179689046,33351,72.8,0
0.28615688389954597,-1.0258715215989511,-1.2781318799455943,0.07062782869834133,0.1815521110438528,-1.0515672871485071,0.5715565710387613,0.6150446019760258,118033,5.03,0
-0.10032077379173393,-0.9653920370879123,1.4299724677412502,-1.4686308752998163,-0.2458163198777646,-1.0498576804950404,1.008646724623233,0.16995987093552753,46128,1.69,0
0.6431339246764789,-2.6539037865882187,0.10706058955443694,-2.303186448594082,0.006307799517029778,1.5915235491840705,-0.34836082465781076,0.2559094287062057,38588,13.45,0
0.37131491715382703,-2.1278881946769914,0.9594015456748938,-1.0638845635013556,-1.7078935349386917,-0.8205609429028039,-0.04180224775162977,0.07737632761947057,146266,75.98,0
-0.8988581721076221,-0.01738073292164037,0.11198432318812204,0.3095217495653957,0.9115089868851968,-1.670904434184382,0.9571624402224015,-0.9139034639960295,42022,37.53,0
-1.4882070685200706,1.9423537776587705,0.38418277927851247,-0.20602200110711955,-0.4512134432819783,-0.03529811974462664,-0.7271176104298854,-0.3281191487827743,73105,51.43,0
-0.0055383542133556375,1.4575984784712448,-0.7454912693195149,-0.726528268393714,-0.24620847683548694,-0.017581448638234503,0.6208041800195778,0.04298489309235521,50809,22.07,0
-0.5114228386536627,0.16752597516224846,1.089937788201805,1.0296003861898777,-1.2202851841396174,-0.6129380027344853,-0.14372636180804266,0.813938574523824,47222,3.34,0
0.3853486061578679,-0.5138425800663473,-1.1674912042604615,0.747864807509785,-0.7956634684093005,1.24038824791696,-0.1648764617576189,-0.4466807925727096,48242,63.55,0
-0.1429443645388315,0.8259770564370071,-1.3219563219303276,-0.6009219329203157,1.42273846755332,1.0410598049433069,-0.6778052757472707,-0.049473135323638895,83968,46.04,0
-0.35134625337366227,1.3262023022957656,-0.3206422849373305,1.6569229987539398,0.033025931124064115,-0.8318016084191631,-1.9057739042561697,1.1908167937979897,54277,35.13,0
1.9330652257107903,-0.8245185534670733,-0.14393338401606803,-1.4381769033956318,1.0461131058475746,1.88811087881252,2.008141936137437,1.1347210354858641,42979,65.09,0
-0.1466332228259259,-1.3421730536439518,-1.0080479063716663,-1.0529943897434306,-0.728331407323888,0.2581564483742064,1.0061373234555744,-2.2213880908843877,34445,67.61,0
-0.5140741113005324,0.9489053703967205,-1.0587834409252077,-1.093440425718558,0.4481387274067076,0.4207631976917133,0.9300724593022313,-1.7104423501281598,127440,10.72,0
0.4396075342721804,-0.39413612404615694,-0.5237130741415701,1.9152156346220306,0.5475460900496965,0.8235512859379315,1.8765934667887985,0.08311901632819285,148399,23.89,0
2.100916139234912,-0.033404181002878494,0.15998831789186987,0.5957719966107027,-0.2910193172430512,0.22728888284546345,-1.702850560955932,-0.8891107160670026,82942,23.65,0
0.7098814994576927,-1.054498817032954,0.46716462816913484,1.0481244605810938,0.3529673606681422,1.1255434827665363,-0.04133321926966575,-0.8473161346777885,63296,35.32,0
-0.07061825659932791,-0.7589888076317364,1.5136309213073738,0.8691951663542237,-0.10410938690901492,-0.11524113109966296,-0.4742876021191373,-0.6430812104816567,141510,8.38,0
0.6035546458994628,0.5401369456070468,0.002670089706526471,-0.7241595688231592,-0.02755431025547693,-0.47408918735476224,0.2633119981877094,0.4224848372332914,160777,29.51,0
-1.826885098074021,0.2714118802847143,0.34450290377626025,0.12214338292495079,0.2274927677521008,-1.1327973629157735,-0.8944569680247204,-0.3164225935832671,142882,20.52,0
-0.06629335200905871,0.06922102297716334,0.09037155667083333,0.1287405765121769,-0.10316072362155752,-0.15133981959202258,-0.12186185652316213,0.18606779287515687,32472,17.03,0
0.7743282811003653,-0.5587401050278902,-0.7901535409055643,-0.323766335494522,0.8594876728626419,0.2444226107915942,0.3508096294542332,0.6806633772711886,154757,94.81,0
-0.5895770011700964,-1.3418303601609356,1.1361076351933106,-0.27091448709921123,0.3308321993663774,-0.9762309626597497,0.8139031325400017,-0.3146949281595908,35464,124.43,0
-0.2728420071646741,0.3300315539332965,-0.3522533372352613,1.2814740528153037,0.5440180063660932,-0.6711698098584843,-0.49532641892033047,0.3922830553835679,65810,100.83,0
-0.28240587603504064,-1.3244352772178392,0.8302462473480883,1.5925936278381398,-2.2309695007632655,1.5476306366089647,0.7381521263454552,1.270416044108485,134877,116.23,0
-0.96985031077186,-0.32842431699909846,-0.08648529736594429,1.634345357901938,1.5530848278412486,-0.3957711482667141,-0.3837443631026351,0.24516493499330202,136721,44.81,0
-1.3302923563147366,-0.1842694730461071,0.394373845392447,-2.2830103724248696,0.08091522552712062,-0.16820529063211465,1.2698139338097467,0.16711659922497588,46921,8.28,0
-1.2256029509557917,-1.3357859623848647,-0.554202454952579,-1.0137331535651615,-0.2776701970863062,0.8261618320092936,-0.4090685863233753,0.21996209981516307,158932,51.38,0
0.11536157613322785,-0.480586695911231,1.4971961687651463,0.12367927119511847,-2.2842093092862674,0.36832699865464447,-1.9498812423425667,0.45011584091519835,67748,188.29,0
-0.3021573554476005,-0.03215019970006693,0.03145770692477091,1.0472111634928236,-0.6940000232587175,0.5309990504869334,0.7706618376057384,0.10244059631468404,160401,8.51,0
-0.37197476338503077,-0.1302474719374607,-1.0496546434098366,0.08587038779652983,-1.9154231947302476,-0.26484609670052117,-0.10875770449777901,1.603249572330991,40387,70.14,0
1.6029332282163522,0.961424919737029,0.4548750639326534,-0.10924168377224563,-1.134246903479452,-0.2771725927625578,-0.23598854192305452,0.021532741539440483,5905,12.99,0
2.8847208468918493,1.2864453916707157,-0.4706988378350418,0.8829548098538264,1.9112012665661895,0.5337408646816035,-0.34510435016188534,1.3737209622841335,147160,140.2,0
-0.4998696653395335,-0.18477059116305344,1.2928035788640662,0.6519559223049294,-1.1000135359664605,1.5126329016843998,1.0610906244113385,0.4165938428145486,60960,22.47,0
1.374027652293518,0.5728244064897565,-0.1924857517432245,0.08378966141710205,-1.3271237789514239,-0.1943437157922912,0.14352863032848132,-0.384315110858237,131809,22.26,0
0.4664673540608736,-0.7183779613057512,-1.3033666110316189,0.9678798400561022,0.12791815213620608,0.959361416695526,-0.3679808973845903,-0.4547410054167715,154690,28.4,0
0.047169700376840006,2.400202284379434,1.2497723283516722,-1.093499843923897,0.8755982437030458,-1.34554387236667,1.533036064128125,-0.505318956759886,125161,119.76,0
-0.8613857372209218,-0.05385598813707613,-0.6615642864949199,0.901478259333888,-0.760885632413615,0.27828681346660994,0.41985302743900904,0.6329229280845974,130604,105.49,0
1.1590985818616737,0.4149148557162031,0.48808899966754477,0.08648981740593759,0.6514498360132249,0.9589306885694545,-0.6279670581252966,0.5927472845078328,50603,68.85,0
-0.44901353867598626,-0.3041494813943543,0.342554053378775,-1.3845452168434786,0.745000740264612,-1.2311673420519929,0.8812742604430696,-0.2683768975629657,143503,90.82,0
-0.8235983451692709,1.4343041525806546,0.2950628637323551,-0.7263569146901417,0.13309136075499253,-0.061550419672321235,-1.909131103686756,-1.7281569166785278,51032,33.74,0
-0.029969424069509792,1.1414234246983592,-0.5794930678011466,0.2539157193348046,-0.36056673178985454,-1.2117769192049808,0.5326311343770632,-0.005902242320550605,46443,6.38,0
-1.3681064679298847,-1.7248344923267829,-1.9243559293981887,-0.8512593135078382,-0.7160910705966865,0.38057151387629246,1.0077514327468389,0.9086104388939842,135861,11.02,0
1.9955864155035963,0.6516836765189927,0.5411139193324483,0.10785052519758029,-0.9215543963459814,-1.45362854187258,0.9957893700142091,1.6634039890510284,53896,18.15,0
1.5609860098654005,-0.6979902095237519,0.9038732660102881,2.5255883187937327,1.8141397803694048,1.6293245969796994,0.7281139683552119,1.1511600491189518,30087,46.45,0
1.1244211244964544,0.16743012617685216,0.20806346754787872,-0.2992101099294632,-0.4755587668758437,-0.5818218533074171,-0.5502864153919677,-0.6743420188177848,30102,44.29,0
-0.23180693661866847,0.47456071167875435,0.508577851055177,0.3246166047207517,0.27500834967695487,-0.169619015215408,1.5892523555553086,1.1186665089371801,162184,4.12,0
-1.6476613232481114,-1.8552573972642514,-0.7681817818418453,-0.8152069833579977,-0.10629170571418918,1.4807099375275892,-0.07034958639035976,-1.542110421837113,50882,7.2,0
0.7601208090554414,-2.244860266589254,-1.51763740478641,-1.2988288180988146,-1.7551658799899803,-0.2824777107832254,0.22875558021718137,-1.2929813522351876,116483,26.5,0
0.7667046127368425,1.4062397657685644,1.7926490698809159,0.9971066329586671,0.7346001869680082,0.812826272351802,-0.2781202541827978,-0.8012798287989663,143195,5.0,0
-0.13891023555621854,1.2052742251303956,1.5900607688497592,-2.1064793481107085,-1.4870463197949726,0.5846691102567833,1.6931967896090585,-1.3616851936642094,63017,46.74,0
-0.4820195349703568,-1.5110286883918447,-1.3950947069468786,-0.801442293830075,-0.3220760750544589,1.4645823098486312,-1.019272345163995,-1.092460599312217,143137,23.15,0
-0.36830864390567786,1.3376468139446738,1.2003501925055569,-0.7938884883360919,1.893785940236891,-0.7964015625922558,0.4070447643272733,1.3286860220761068,140478,5.09,0
-0.9547717576190671,0.43350762631730616,-0.3666940169183998,1.290877327553416,2.2386216267868453,0.005068524841414835,-1.7206340057586593,-0.8805468215102541,50286,52.52,0
0.4904994910040165,0.27095218555881556,0.4251576009054045,-0.6491474546431407,-1.9029578330736854,-0.7599298064504296,1.4081956056130922,-0.6203891283821137,32392,23.98,0
0.9776591369651063,-0.11705532308526423,0.6160542355371026,0.3034422502910077,0.35682849865796107,0.10448654160568759,0.2816017539623824,0.0460850135404643,39639,22.79,0
0.6248388021620401,0.44631343147647756,-1.13770200192949,0.8133559522149549,-0.06501382277805628,0.5999416089408499,-0.8301641222853287,1.9660342824646067,34261,110.5,0
1.3190756280592197,-1.06118769724083,2.138367241978551,0.8952873269005954,0.7142508458989006,1.916408812398578,0.3178376319746965,1.0336471776787366,66190,4.44,0
0.40918016380882155,-0.566915069522162,-1.130993839659266,-0.7839273908828671,0.8910932893313768,0.8979242526661779,0.6425090612225574,-0.3856041957915818,154545,18.06,0
2.145159183921767,-0.8836016232820929,-1.0855047183470434,-0.2961701616656381,0.216076226224706,-0.36326541214571517,0.5974862990819223,-0.4494703367087129,117895,4.26,0
0.7328592825468382,-1.5313504028128033,0.8399921663703858,0.5444097308576138,-0.14980544584183836,0.7272526063920683,-0.26413299751087016,0.14936369615132886,50504,4.28,0
-0.46610519338224576,0.05041508485400144,1.8197991603911794,-0.06904117066527773,-0.06916720573972578,-0.378771711040866,0.41539769210350336,-0.9998789405646724,10016,26.26,0
1.2151619605326252,1.2350545695440773,-0.03816429412928469,-0.410994404818827,1.1342470596369627,-1.4788232517232245,1.9982517732201608,0.7378102254369702,62062,38.7,0
0.6083504269627975,0.47240399537698663,-0.5293186454515697,1.796789456916086,-0.5015749202643052,-1.5931864850670316,-1.1733943343338686,-1.204523657437879,159478,6.69,0
0.48162506498866736,-1.4633523114362172,-0.7020060549823491,2.0988601806498806,-0.47709190923052713,0.6775637803108632,-0.39387042702972913,-0.2044550935962554,125205,42.34,0
-1.1026488269199721,0.2693689790369419,-1.275094425160134,1.040372867773165,1.3327759471418419,1.6541751233772584,-1.5302950576125611,-0.7822135473135419,60489,100.45,0
1.8069200774357035,-0.22988932169794626,0.32061905336633106,-0.6783514641690408,-1.4515832661254688,-0.8128993248478621,0.28469332073430675,-1.2597334211599822,129954,95.55,0
0.33534585725677746,-0.825348106071837,1.6214083503306145,-0.08422642962581192,-1.0287242312449731,-0.2053089396904516,-0.6025166031117963,-0.8402893620676531,103898,73.39,0
0.5469381006327273,0.9334557486855192,-0.5700781352736793,-0.8665945371245939,2.155518900194977,0.8004798083506606,0.17977897737868406,-0.6742558816634888,106618,52.58,0
0.9566252997067817,0.6605288871095782,-0.2249859885279659,0.6791051627475824,-0.12427865929590881,-0.41291572630352813,-1.0898469856182262,0.6527231055958251,88218,6.42,0
0.30458367308015605,-0.24342275255394902,0.3598855665660685,-0.9852098786207614,0.4557276144960468,0.168902892429114,0.1368696179417854,0.3893757998748603,48964,69.5,0
2.252344795981425,0.3233486563033481,1.0654061017940906,1.308805224450165,-1.1349234521737372,0.28671626455601884,-0.6818358775564558,-0.8229015570243284,140334,112.33,0
1.5448997714576669,-0.13943450839547286,-0.12871298218657262,-0.37587067623891823,2.0656575132960517,1.3878276294660483,-0.05832533666275586,-0.3211891879136171,105699,22.8,0
-0.29778033955668154,1.0394459948000765,0.3586070057531733,-0.8994652103830275,-0.8530403525506716,0.11275085837824132,0.8662194712607946,1.5648575915687686,115519,2.35,0
0.45835912496248304,0.821457784054424,-0.9160518452054599,-0.7436225619971856,-1.3507691362267562,0.2915031302830914,1.487136434099039,-1.397104957693219,38503,36.35,0
0.054895598514712006,1.159803362660916,-0.09752322568194934,2.17088440485843,0.698049258314823,1.0114852945665962,0.006569535087340565,0.31084550551527557,42700,14.16,0
0.9597296602772671,-0.43395549707247744,1.2522006555545784,-0.060576940251455685,-1.1259776634723684,-1.2715590702992374,0.7848093094573921,0.692857874596972,145880,1.92,0
0.8192281477032568,-0.4438569394969491,0.6695784305050845,-0.4851442654281422,-0.10874036302393643,0.5738875295691603,0.08538231043499055,0.3162372510212019,138720,51.47,0
0.5297725016151714,-1.0686094623850018,2.1971194491054633,-0.7932539146805512,-0.3852468100929874,-1.5290945669123341,0.36457769602775814,-0.28151537927043885,137110,96.15,0
1.416121854676858,0.35964751774074466,0.2249684830598405,-0.791850951561583,0.740101693746197,-0.4267912627561889,-0.5285546192918231,0.29858724729588065,147215,47.96,0
-0.34429574317388734,-0.1029836803135476,-0.8964884522192977,0.20982422774625137,-0.782446855099248,0.09548230454618435,1.5624977435510545,1.0437219586489244,154994,116.37,0
-1.5429908156085448,-0.6636338805165062,1.3066280937594728,-1.129655141214544,0.14941730504314255,0.7593069946271371,-0.05879233841825394,0.15568057151375617,154808,63.19,0
-0.10098034615933793,-1.121850825000477,-0.13025810743674918,-1.2062156831740176,0.7224739109091558,-0.8443312450806665,0.051502719973320316,-0.44444133933559726,154518,6.18,0
0.5702823044203353,-1.1535709971018095,-1.1057054754195994,0.8450430673104926,1.6343692945319386,0.8890021156230895,-2.053829440163577,-0.41994423956869936,106817,14.74,0
-0.691917185342424,-2.3454169345679317,1.3133702511779946,-0.2845732452789791,-0.12221902904728241,0.32103686786465296,1.862299802347153,-0.22583585970728187,38505,3.36,0
1.9446671217525004,-1.077288676265129,-0.5046922153433838,1.0259342072505657,1.4520332292305191,0.3574795908080548,0.3311354366771716,1.787870715003657,148907,32.56,0
0.07708482409500496,0.0462238943195106,1.2754099352785402,-0.03275088247669162,-0.8781280969031082,1.2029173085964209,1.7511427346721882,0.9165742483750023,50994,19.84,0
-0.17761773610875553,-0.9363810061180794,-0.9220691780061007,-0.6104892849694807,-0.06480469103457133,-1.1877243732249483,-0.25257718277332686,-0.7197644643451011,61732,25.12,0
-0.3591561876613128,-0.30906802223636265,-0.3981771222907189,-0.039201192697753275,0.26044992516951804,-0.02930551667137811,1.1548151195135978,0.7561677995898207,134327,4.75,0
-0.045759969161904605,1.0445856045414657,-1.3942997730017028,-1.124634439627607,0.3255795308747585,-1.6987693064583123,-0.607147676627312,0.9784597999849344,166710,12.14,0
0.0036073537076300433,1.0459944569590156,-0.24763775482431943,-0.20813108254450416,0.18991089943914738,2.6258583953179975,-1.0918963820421894,1.0918760062474988,169070,35.17,0
-0.7854156279336412,-0.8836673755988683,-0.6390520523104248,-1.190098355087061,0.5426730763910991,1.1261580396444812,0.40153732790927343,1.3828064826120896,47654,14.29,0
-0.5522043459622807,0.9427324824056718,-2.97576290198066,0.0020572144245273594,-2.0947381073651883,1.2333513094033783,2.02475615015717,-0.03610636713048849,72872,88.22,0
0.6454695249490044,-0.4977267590346284,-1.9940213537652376,-0.3432864991510838,1.6394239417046168,-0.6853751321174921,-0.23721337736601256,0.008084597846367472,47317,19.75,0
1.274569696935241,0.8464716339274181,0.7461274297952186,0.8646005863886839,1.003988338342223,-1.1376279913404455,2.204805026717396,1.109719581705981,29636,20.81,0
1.4336902318374543,-0.11983903688604358,0.686983686736405,-0.2694609087995017,-1.8027356300181465,2.3374118030770306,-0.21677314623465152,0.15611754452117496,51396,36.83,0
0.34260544333637233,-0.04314857381542741,0.556100291632069,-0.6220147165719007,0.3247106173830388,-0.29947790330428703,0.4771827820336757,-0.01215395625786154,32554,33.4,0
0.6813937801101121,1.5560894868111015,1.017126792105105,1.8566360566350362,-0.09298728302425228,-0.41361550552956816,-0.3466525739117052,1.3736475717009295,129884,80.63,0
0.5150993838442609,1.6441352833838592,-0.03383394235219328,0.013983724839333862,1.4381195465080987,-0.2939147755285605,1.0731823530198354,-0.07406980645602018,79443,30.81,0
0.4885867816076042,-1.087951245738599,1.8428968518868958,0.26107690028319047,-1.353692215881963,1.0102661600062899,0.25093469420152625,0.7911629908763239,125890,17.27,0
1.5560274369941571,-0.10475263068932719,1.4770153314057928,-0.8546142106199984,-0.9123559219948952,-0.22756263781633743,0.0358126632191833,-0.5077372734912303,134033,15.01,0
0.5058197292884915,-0.029881305468155962,0.6168230845725562,-0.2730934175393734,-0.2011408124746759,0.2775608454958954,0.3871466567690834,1.2116169789136713,153994,25.11,0
0.42882255462666935,0.17778455640450103,-0.6849664698523465,-0.8088451508609211,0.4561661270135527,-0.6763657556359388,-0.6535504696058138,-0.13964364124158132,125824,153.6,0
0.19289656924672421,-0.6020231202632337,-1.1054734834032434,0.48785281276985487,1.0445641811570543,1.0420524180698525,-0.24118785275694268,-2.1758026438302243,147379,87.3,0
0.983098489810972,-1.3661222100138457,0.2244867589402631,0.5837501436630098,0.10505078226578544,0.5731049161808107,1.4412333854125432,-0.1886545695081539,50462,4.93,0
-0.8824813650471803,-0.31700146906165244,-0.23302899352814196,-0.813555652147612,0.021963265549925524,0.15676069843512577,-0.5448788841737326,2.289639138815099,72967,53.66,0
0.6874879440103587,-1.4891744725182179,0.09127559464315971,0.2680578535047962,-0.2170523570553837,-0.4365987391089544,-0.789279891527441,0.035326966060902555,158862,31.02,0
0.8498886462208913,-1.422260182210169,1.8164205713614432,1.1427586984161453,-0.281538610157381,-0.7912495297675677,1.1104459441892987,0.4964009969786951,33876,78.53,0
-0.37285277131099326,-0.5466833609590606,0.7530134615893244,-0.14306646977155701,-0.38713605650313815,-1.3286367363868248,0.9155767398480857,1.0365161397090954,108962,3.56,0
-0.2683602847778547,1.1328408677084105,-0.7407705454708858,-0.39609419441425314,-0.5917125327082423,0.24881095038970982,0.1735373354891053,-0.41938297642405203,53074,8.81,0
-0.4589729913092209,-0.5408663068153107,0.31403772031185895,2.743649458989046,2.7334441347068945,1.051193725530923,-0.7744683361355603,0.7540709361560466,131183,103.11,0
0.9234944051082915,1.6523416391735102,1.3273509808457253,-0.6329562787163147,1.2674361237882619,-1.8121436090003928,-0.9199675249761858,-0.2584134639008046,36046,22.0,0
0.7598718206170154,2.21041635676207,0.3521067959375685,-0.3359572784422956,-1.4398276585514607,-0.6995287584719015,0.15926063257154846,0.9313863885961402,22071,48.54,0
-0.5198443441479449,0.1760136940481228,1.4828958288724312,0.7962926164427437,1.1640255121268541,1.2499909607026694,1.3035051412464929,-0.9810449729489659,151837,74.36,0
1.4707841412984486,-1.912943484281439,-0.7673009058150131,0.8635192296001081,0.26071174965067845,0.4353778246624565,-0.6253402296988132,0.24066332996681497,124795,23.04,0
0.364067511157832,-0.9539513369003719,1.070920815994527,0.5760292585736508,-0.28335530008851895,-0.06220196493552289,-0.23973776761533724,1.3332316249446106,59873,4.44,0
1.4727324645227837,0.1429518765536459,0.30935116945935026,0.39542376259930456,0.11424936788569923,0.007902344020385425,-0.36456964119372864,0.726991923137644,142656,9.2,0
-0.21756724980072378,0.2103622847489144,-2.055972388692753,0.6133768060328839,-0.7018445273715551,0.301297078306563,0.13182617548111425,-0.2554276529818654,136411,78.2,0
-1.278936054240895,0.6629344645745268,0.4729396833250782,-0.7003161700397617,-1.146430166828272,-0.013219730855827283,0.23408065447194368,0.1601043300790347,170070,16.13,0
-1.1619055302136594,-1.290257107571355,-1.0479321382171352,-0.13779221225364874,0.30535391373526427,-1.25991672882874,0.0532306575419456,-0.25668013074227913,124790,49.37,0
0.10068705427796797,-0.1281548781263295,0.3760361319578777,-0.1666009199541706,1.2391512129384439,-0.5001471194718806,0.9803017896370358,0.7553675385437416,39039,49.83,0
-1.0059397305851143,0.19539617574852827,-1.6811818124655071,-0.6972674771539653,0.020571502092981944,1.0697994087722587,-1.480358926443502,0.43348028054757837,139958,153.25,0
1.575245606769096,0.1829576633927227,0.16108736892718167,-0.754080114733209,2.167017072484586,0.9908157774907052,0.5119562095511141,0.2395546213963597,49076,68.59,0
1.503861686107504,-2.492120701400832,0.11821787129875717,0.9167682707243727,-0.42024592587123644,-1.5966598015238114,-0.9247893506054676,0.03741531071346355,94508,4.92,0
-1.919156486892045,2.0884553341608183,0.3623008107733601,0.3623026511189925,0.7524343390934083,-1.782955676070698,0.3977315288122772,-1.014951768271962,66307,30.79,0
1.5089705591560025,0.12383288645684186,-1.796558423318363,-1.1743963264396666,0.2808523161340654,-1.061747630060701,0.2337842748273549,1.2501224359073249,56386,20.54,0
0.6549722430773753,1.1465415397970322,0.12174955354386936,0.26451807939693095,-0.3265074556177801,0.8817872714259266,-1.3411790981305636,-1.1185274376485799,41553,62.7,0
-0.5486234979149337,0.6084856772731269,-0.7706277428369726,-0.27954310772587554,-2.3989978732003516,-0.07090503666508197,-0.013803746894885793,-0.1940439480928939,57307,105.3,0
-0.06737629940909216,-1.3426641452135086,-1.1392268911251229,1.4917351227470252,-1.220640646514252,0.19052520288399835,0.1744893092699444,0.1180748825541256,128614,30.86,0
-0.38862035207854134,-0.7332907574088738,1.5467566435907076,0.31380309439018694,-0.15836963921082514,0.7587598585760394,-0.18877525149197352,-0.2597300841724153,142870,5.13,0
-0.36629427569012724,-0.5623550177236242,1.4053274310209214,1.638286544422378,-0.2968536590681271,0.997343515581139,-1.5814462869369303,-1.1816065021359743,154839,8.66,0
-0.40155801845194533,1.8137837209850323,0.36981242037842615,1.3723370831402137,-0.8159894016095455,0.4780535050137442,1.342515613146499,1.1840492798370423,172800,64.5,0
-0.48404049806625477,-0.7214198384753661,-1.0350517905527739,-1.0949724103932523,1.213030095144185,-1.0588459989567935,-0.9321401014919533,-0.9981674068032484,73411,43.41,0
-1.337675277635858,-0.9198536571226119,-0.42786272234978234,0.8887045869990946,-0.4437109120251578,0.9827277305372696,0.2921519288411906,1.8193255604044705,34509,29.16,0
-0.13026197630890002,-0.5923145381164844,0.1472862840260032,-0.34891210662960886,0.5765417163795801,0.4231266451155033,0.325735842130716,0.1907719305925331,59784,231.7,0
-0.6240370517572772,-1.156724262045749,-1.5359734174883357,-1.4699053050079138,-1.6095832266413177,1.524624077397308,-0.18119592362423093,2.042657762791771,116652,36.58,0
-0.24010007390030308,-0.32344082217885645,0.7841087736538377,1.5229657324631247,1.027175910988723,-0.4413016333040912,1.4514507586490972,-0.07683884141343221,33711,34.23,0
0.04240553378584638,0.721623183729791,0.8181338462880438,-0.09982395785618503,0.9558675168466733,-1.377467355243099,0.26138246833402523,-2.0140970724095095,35819,75.42,0
2.131729221261342,0.4144633521612668,-0.052269500029997834,1.9137125920066507,1.107993307288569,0.30608571142441643,0.2430810326713741,-1.960049982741037,135396,1.93,0
0.4901971418462857,0.0005618554692100441,-1.091749429224336,0.866320364823763,-0.15649639057169043,0.8890417717343652,-0.4247716341168265,1.2007077511836866,129700,29.96,0
-1.975779723779651,0.35793579827407657,-0.8005487412390089,0.1346193714997055,-1.3339588551611572,-0.6293256429101822,-2.0464231678376503,-1.246210835612077,146956,119.32,0
1.5697045308587736,-1.3525739468310742,0.6079012660042319,0.6229821130714233,-1.086389838073143,0.2606124139046439,-0.41955918429467887,1.401966407447088,126515,58.52,0
0.24008615978144235,0.09818003461767717,-1.2122558029887704,1.776093516300981,-0.4567302960999093,0.3911685572746757,-0.48802581990615523,1.1394309989447988,72224,17.65,0
0.6843025841384672,0.16203399361214757,-0.12714041478611238,1.1446542192482123,-0.28967445509489786,1.2299774604644524,-1.069443986395557,-1.1897906460157648,141454,59.22,0
0.1439968979665733,1.1505115705557063,-1.8684662616775558,-0.7132954415455973,1.127998990264501,0.5295700932864975,0.7243725381536846,1.451746922318308,120480,96.66,0
1.2691160417549106,-1.4499035877067523,0.2559560608252426,-1.401949826223567,0.9821723627975442,0.11770654401730293,-0.03117784586080743,0.9650288636784102,40709,80.52,0
0.3951806195733558,0.6995666148515437,0.40263949781801217,0.016262034689114302,0.8371383377181192,1.6092141446339991,0.854991407222731,-0.19361945169410327,62521,19.54,0
-1.4917607625478264,-2.375095272450193,1.9914689398824705,-0.6873224252574562,-1.698509918995982,-0.5248629381290125,-0.9676108601799308,-0.7725173201647596,49709,17.59,0
0.38999838747385573,1.264508281227147,0.775881094081244,0.0871360855498081,1.223610737986763,2.950764746605784,-0.8316922893199672,-2.4235828128312282,58329,66.74,0
-1.1737057970978542,-0.0931390345361311,0.1474081993848643,-0.1210477504231266,-0.27554541901629864,-0.3838906237087654,1.1335661150561938,0.2819999114172222,62890,9.49,0
0.3880261980090746,-0.026802787079873533,0.6992681361293903,0.08705755421392453,0.5487830415874635,1.035828783971802,-1.331094498845084,-1.024675396052814,148007,61.84,0
2.0462816562890795,-0.5062087175539033,0.45307722675239415,0.3367964522784419,-2.128063299348509,-0.6820469728137909,0.7266615021191012,-0.9377966243554279,36622,38.12,0
1.5245997737194357,0.3127403354708275,-0.1403383771125777,-0.969012128582944,-1.13980815999366,1.1533843252761358,-0.07618539846712236,-0.08663221619295278,157910,37.43,0
1.3929903085139699,0.5732930561652154,-2.1048960631010294,-0.8382753526450819,0.23626393695633352,0.2089862845275525,0.1314161142204816,-1.1157485103789782,131835,10.26,0
-0.5023626478151054,-0.12186531568854571,-0.5412932360192529,0.8929281756579295,0.3056063533198544,-0.07325262643705464,-0.23865995933944936,1.0430956813541108,29929,139.5,0
0.5331609240494386,0.08619527774649824,1.0861646626890535,-0.7515103168547964,-1.1250676563693243,-0.7620280642692339,-0.409669066323089,0.13417180932758258,60894,98.35,0
-0.10758233360679584,0.11463756815436213,-0.8774926269415998,-0.27059814668539234,-0.49135415541706845,-1.3254957808915935,0.1361642807130289,0.941923762694393,70096,117.82,0
1.3435228113354933,-1.791536422519725,3.0177539477487367,-0.0002971864320664997,1.1779984468125044,-0.01604674795113676,-0.8156762566542974,1.713339554274535,49896,28.08,0
-0.005204434201671527,0.2246136665566537,1.8488740554822498,0.4793660066383242,-0.7246822424099253,-1.0146776252897303,0.26743788000512814,-0.744947659356444,113125,4.53,0
-0.6256041951782612,0.5129824402694776,0.09210180785145897,0.08891035686328379,-0.9762028240458464,-0.0224913272520612,1.256535174933983,0.2952402182953322,135581,63.16,0
2.3887646733719516,0.7207512376897404,-0.9192794666466407,0.9581495256946474,1.63295088317722,-1.5081125299448854,1.2797695840839858,-1.2620135020329812,44860,52.73,0
1.7735906475343968,-0.7044331816648255,-0.15756607146243087,-1.9055582088878227,1.0999599218967866,-0.03300780331046229,1.1880009956142605,0.35323708924018477,151767,43.7,0
-0.2747629760909964,-0.02876037551022778,0.3562005887321266,0.015077038782823729,-1.34000399502458,0.09730575190293085,-0.018306624706789416,-0.06021387961472527,131971,55.59,0
0.6831883264593744,0.31041593521789196,1.5537684003704728,-2.0161888131376227,-0.460505646635202,-1.4248199818185208,1.2313755247293834,-1.2922187943976398,50416,73.49,0
1.64832070486034,-0.043236833760829374,1.027533740479135,-0.2537372415530768,0.9363782046712648,-0.05433857386058444,-0.2689502006483507,0.12281547162478046,56834,8.45,0
0.6187359749993555,-0.8539279034700918,-1.0367454026694365,-0.9663099700832523,0.4979787176748576,0.49448834115397916,0.4901962599455185,0.22133242609001508,129486,165.06,0
-0.03471992112849314,-0.299742983877268,-0.45739173015987844,-1.116430732954923,-1.1429281277742376,1.342300249977583,0.11480595323445157,1.8122749265077545,131875,37.61,0
-0.699935209266492,-0.23171496691141202,-0.45019500330053314,0.9529814950227902,0.4214471827301903,-0.31967310745946675,-0.28160380343382274,0.7032417288224121,30388,3.7,0
0.008410626781258557,0.7647558344225625,-0.8016134496528051,-0.04345908869973491,-0.3936801068301141,-0.351500983948027,-1.13747124667397,1.0563154624346915,51677,39.89,0
-2.076593870088405,0.6996670931183332,-0.949607628854188,-2.555919745823183,2.155563033282961,0.03738533707024752,0.7687303026016891,1.0756566458511414,133914,91.74,0
0.6876068801557436,1.1650653642997666,-1.7376808461967244,0.17899772903289082,-1.5159589796411723,0.7507300757033852,1.3465374643787769,-0.08932780802300161,62154,53.02,0
0.4913561666573155,0.9893138402324031,0.3220915128649871,-0.6466449212395194,1.2530576181806616,0.7129430675336096,-0.06557556154155725,-0.10787241078994572,125027,55.68,0
-0.1434200235684966,-0.6428194309191418,-1.760980219842372,-0.9113172654620733,-1.9745417840113808,0.7401173216811205,1.3355561782979053,-0.3752311512879533,149144,28.94,0
0.7059957583889291,0.8623703721217144,0.4298647980100758,0.7632052848677686,-0.6481238211901524,2.147292803987968,-2.398430286441559,-0.8412085388985402,126956,3.54,0
0.2863411877133191,-1.088075672714367,0.34196597992327854,0.7048153128918327,-0.3416952121919562,0.7952796573157087,0.7062900561002204,-0.4584450688214202,35546,3.8,0
-0.03666447525379244,-2.308368670691897,0.6753895629987279,-1.2940550595840474,-0.006477692962498758,1.4843561116629862,0.07134264401226914,-1.8935001181006847,51923,22.25,0
0.3917902028910935,-2.5297635108922645,0.21851395724092693,-1.3133175914859276,0.7480546242946579,-0.5348205660811335,-0.5442271762373639,-1.1640459051915317,45772,18.29,0
-0.9991549430603187,-0.048402191223819974,0.724857338928342,0.6939561205829577,0.2935068697464351,0.5725830983540996,0.07432241856288227,-0.6577926019067605,129229,17.92,0
1.1480780061863713,1.4693141936566227,-0.5253575550286884,-1.1341656413373087,1.2558364254759533,0.6652590267467294,-0.5727253468927105,-0.2233641605355503,147334,101.6,0
1.1424046255826095,-0.34328159429596883,1.1377505258287988,0.25512745192797287,-0.7366109335075179,-0.04199385122860111,-1.1206340352036939,-1.346007271613347,53196,21.85,0
1.2704661940864688,-1.0307519675102705,0.000634852884015299,-1.865833599127323,-0.3860769810302055,0.3557396076228804,0.8469543083355965,0.06923611962887509,46210,12.59,0
0.4844904571759049,-1.4187704494490734,-0.21249277461222665,-0.21752416453152207,0.39890271037537245,-0.14513482997636867,1.0870359510550922,0.9640809032335813,24068,31.96,0
-0.36889448159865595,-0.05041337475156502,-2.523732978954764,0.6710653996873515,1.325283748248431,0.6121057821425779,0.7657393744305344,0.9254664154441716,145594,17.7,0
0.3679498486046868,-0.747516205423133,1.0961469285788195,0.9352484883831258,-0.7550162887917313,1.0827176772544431,0.21998232393640618,0.0690146322332997,53438,209.63,0
0.25664259052699423,0.3214953287336568,-0.6281526234005776,0.4833729748735643,0.20862528381311443,-1.3526493694211597,0.6333980442775493,0.11443096614177976,62549,91.6,0
-0.2376008824036259,3.8067173661195937,0.4684457328788059,0.10511197712037275,0.7419742028318573,-0.5212596926497903,-0.5543706661827079,0.8003686802923236,70711,21.23,0
1.6972745345854692,0.05929516863940952,-0.7826881689316029,-0.006982675424153723,-0.43494508849669544,0.027402169043836383,-0.31200517137357897,-2.152853446201848,60373,3.49,0
-1.014614652394264,0.22167833170968934,-1.5574208662097848,-0.7578493694342873,-0.5270728157969613,1.0165969758343174,1.3063709853681595,0.7237805375960645,78259,50.06,0
0.8363457203028474,-1.4979703208918778,1.0132342344127079,-2.0765408759666335,-0.9067913114311807,2.0416382166335523,0.1539434475816649,-1.0452614312651418,122131,5.42,0
0.0036437645017512563,0.800495306507029,1.277625754169493,2.649602138697916,-1.0811674928118649,-0.7394303447468146,0.1898612175683834,-0.3708592610180637,55121,36.91,0
0.8378487739661251,-0.18172144478669283,-1.0648498358628382,0.35461093173858105,1.5914355323974838,-0.07546497675724476,0.8295455004313278,0.30864931183403793,56114,38.84,0
-0.25476902186252937,-1.1361387891189456,1.2680169480939882,-0.013762652195891206,1.8826952374698063,-2.0713617011075756,0.31286251112997177,-1.3571509428576047,154873,1.94,0
0.3318823869338639,-0.679272256681642,-0.00883967554672515,-0.02496717242206369,0.6806661366958501,0.9079491259574854,-0.3793474118091377,1.1922704571038372,35603,161.57,0
-0.3033154743251318,-2.1160411163320956,0.42242282217763627,-1.1811962745063784,-0.3805212455874885,-0.254399569511165,-1.8461893744570723,-1.7343493339888194,55937,9.38,0
0.25119270231338836,1.803121976276126,1.0825141858066865,-2.365553592684297,0.8544491772469179,0.9910980193865275,0.7028033684922748,0.27520123653824097,145274,35.86,0
-0.2607861873723939,0.21998696828150868,-0.23637482387617492,-0.6166441037860069,0.11757043848094913,-1.362248247195733,-0.09623903738874413,1.9807331982851426,149452,19.88,0
-0.33720650643750877,-1.149768545356818,0.7728983464476029,-0.2862573897385954,2.153505742734683,0.772666242421618,0.32405279143607035,1.933323688250877,38218,20.37,0
1.1878670274083283,-0.8508001606626959,-1.9990827666922735,-1.831955296859585,1.1726569456548614,1.360351164991525,0.01730634366913262,0.3238519808028495,38716,46.79,0
-1.4704789449363314,1.7978661937805271,-0.13351434247895425,-2.0948100264609613,0.7728081033526184,-0.38833166896962373,-1.1928213207348581,-0.34129365847007676,132120,94.05,0
0.7574185497803203,-1.5289228482415826,1.3504452526141022,-0.9449918901869588,0.2561862041596293,-0.05814742837435616,-0.8069158611463728,1.1353164225370813,50869,3.61,0
0.5629857705241966,0.2065769927831645,-0.14726472661014164,-1.0506201360076834,1.2162556374183733,0.13912470054017764,0.655599347512716,0.22123143822559924,75326,147.63,0
1.3056463681161927,-1.471979277029429,-0.4222567217214018,-0.49035659652468316,0.011557922771419234,-1.2634846050611068,-1.3120488770737155,-0.02152099458265692,34551,16.64,0
0.6405087236906095,-0.02643828444434904,-0.1262098787703898,1.2375821683620425,0.3583174972422129,-0.2523772912666508,-1.185523179995774,1.7204276963816327,158351,3.59,0
-0.5361311640063222,0.5094489674107001,-0.8677520646874292,-0.3426321430101899,-1.8201103078126581,0.3601021460727724,-0.10291352976325198,-0.6719273245915529,60885,21.52,0
0.43336069090949997,-0.08806478784118156,0.7649971939279184,-0.09534004222663466,-0.7941019854503925,-1.605699780470328,0.9888247717224872,-2.22569847386997,66667,62.26,0
-0.30357995193639475,0.3185427636639564,-1.9186761655227416,-0.5038754402029701,0.7117486399752095,-0.4273416121837854,-1.8226127032356025,-0.8873425077133807,111811,14.87,0
-0.18530690492331808,1.4125895423762629,0.6997030505986068,0.8553167904375565,0.9452985410716087,-0.6564179306971459,0.11261136555328019,0.6773316974552017,50894,41.56,0
-1.5619220336848603,1.296519133871848,0.7471791072354333,1.0450760567588644,-0.4268586815790984,-0.41989513392394207,-0.7869286105841057,0.5807189259663139,36002,123.58,0
1.212779320204545,1.4326955336220526,-0.47667367995120236,-0.39319924498091224,0.7491943800936945,1.6969974652947069,-0.6948364162186461,-1.8421218154757273,142137,9.22,0
0.2974717468457835,1.716960861779424,2.1678530172566735,-0.32734209355985655,-0.2861065442390799,1.3222082155022625,-2.337188585454014,-2.5335430662109437,147008,9.49,0
-0.5468587027880553,-2.434182040219802,0.8120484462545227,-0.8082182918907647,1.8711158251154103,0.7216505977222099,2.131089329210983,-1.0533768662169263,148281,96.82,0
2.37143955414255,0.28783534839739416,0.15742413935366953,0.5446049398786637,0.7503155733605201,-1.335884903859697,0.1771223052939759,1.0038686225910174,138244,6.67,0
0.1697713998342717,0.8408189056757108,1.1616069404668121,1.0589280641174017,-1.5119852905682407,-0.413817636054196,1.1718021704176789,0.49813622664012625,57069,193.47,0
-1.2736776294343395,-1.3321990846527942,1.2532756707798287,-0.11217816775980248,0.2608360678573737,-0.7918542968661771,0.6160575323084634,1.8878748432040766,41986,36.64,0
0.11792507680331835,1.4129175737918527,-0.7448868587480999,-0.656171647592537,1.0341529977218715,-0.29637267569760684,-1.2409214848171524,0.5614719778717568,119701,23.78,0
-0.34887348928392414,1.5083027913596405,1.0490660210112492,-0.21032818074200296,-0.0731477810272606,-1.1680438568490799,-0.6758960402714645,0.14469417767195009,24881,56.88,0
-1.0185452944219333,1.0846677495090138,-0.27806020413295907,-0.598617157725857,0.4399646917385551,0.3159590478445712,-0.21813533025940987,0.7435515930756139,31162,3.49,0
1.6922621672205564,0.5710177022294941,0.9390936553478654,-0.4458637534773571,-1.6795644336529214,1.5011194659594775,-0.732656974934534,-0.3297715047649391,44716,29.92,0
-0.2504293322103213,-0.7285501843308623,0.08752634984501938,-1.7797405111628606,0.6204598024623365,-0.1828025517326632,-0.2673010743900444,0.9528001076053968,125880,23.33,0
1.447494188895285,-0.5271583775123924,-1.355636011730252,1.3702982693642392,1.7452832284363216,-0.5807752300189247,1.0927243320307567,0.10310601348075202,159185,13.34,0
-1.4462231247571753,0.28687600058701984,0.0762473518052348,-0.8121493216302653,1.379771168380874,1.3485330117748136,-1.2576773292012948,-0.6867643960600283,130788,5.81,0
0.9547947998150143,-0.42425171461208533,0.18448888360197918,-0.2104438844397439,-0.00043362841861018024,1.5296102941645908,0.5719357696010684,-1.221785011464673,72115,6.41,0
-2.7291795075884533,0.8614635637398136,-0.22429412386280548,-0.4548297148007892,0.9732003561285572,-0.9548314843667244,-0.03651371190302514,0.05705418998106285,51340,181.7,0
-0.6099567285405223,-1.9999059595202806,-0.5637174655795639,1.743829456827683,1.4397342944979137,-0.07897732508258491,-0.23334186235317794,2.3590892097882445,117235,6.9,0
0.16932911066387576,-0.6968142404236679,-0.5355419832670971,0.7544597233303035,-1.3018077347303465,0.1799303118113388,0.4812744546497187,0.5796073501379316,116387,28.86,0
-0.773323345441705,0.024071719656142992,-0.3202756618312719,-1.474245653848466,2.6009423272071777,-1.0374281551427578,-0.1346938671506559,0.061167902617495,44436,22.46,0
0.20560736290873502,0.8201411363585664,-0.7466546399173061,-0.7721130005798957,2.12335628878046,-0.024096952308678116,0.9536604726464493,-1.2656288126453965,50805,115.61,0
-0.7742056464841829,1.2874355767236931,-0.7806623511442046,-1.3244100014104803,-0.7088612902336728,-0.9925103210171436,1.0772277470438014,0.20117881383063316,21334,34.22,0
-1.3001208872900298,-0.19764098893855486,-0.7329833432593729,-0.9260720276904779,1.1350443777750294,1.1139658216309158,1.7754419096780154,0.6783490301314178,146182,57.44,0
0.0559782845397702,1.457485527235258,-0.8010470827416711,-2.0808139770138365,0.0005879872975924155,0.8318463535829396,-1.5641914317603174,0.3645309379489642,56018,68.46,0
1.2346428122478839,-0.4029999828314354,-0.6897753922632557,-0.19679442872953962,-0.3736241377059409,1.2434023421498492,-1.7333633630857004,-0.07420524103065666,171329,107.41,0
1.16837623393722,0.6322204387036022,-0.8669796318465463,-0.42555507180835606,-0.8645110251582188,-0.8636155641117497,-1.7952794226868964,0.9412496342517968,141770,27.48,0
0.034054760492067127,0.49415167457843656,-0.7428303190071222,0.8389899689650971,0.4305278694608702,1.5806935363234067,0.43093034935080293,-0.06945127464069274,29084,74.19,0
1.1654565829495915,0.6869587587110343,-0.8833285779777482,-1.366046643099056,-0.8848951889716807,0.9889185131592049,-0.9440475098742172,0.4600279284353905,138738,9.37,0
0.8091156846249727,0.39046471227932966,0.9888677416402248,2.725676090716994,-0.8539915695715161,0.5146950391040979,0.8386326771287907,-1.5386835700349573,116957,29.29,0
-0.9262541543990599,-0.5451230630464143,-0.3144122633177751,0.38102340303834276,0.019634017913678997,1.9310647510913346,0.3479830615918736,0.27545552329883755,43172,96.55,0
-1.5510640400183526,-0.835721156029488,-1.6874690612130387,1.2085155272473365,0.11109319306171002,1.8803171068441742,1.1105622753312672,1.209202548076382,140982,4.74,0
-0.15880912436900688,-0.49970684848603825,-0.8575448391026832,-1.5286489651946928,-0.21908699821172264,0.6935061974390734,-0.14687917109526835,0.7989078487927695,45358,49.24,0
-1.7093317174321883,-1.5728397930554092,-0.5411943819813142,0.6079523323913418,0.4780269366434304,1.007512381395361,-0.700749766690295,0.6856783650198713,35393,32.13,0
-0.6723688646894017,0.5494939037726312,-0.559164348145294,-1.3980022952373203,-1.1301055540566824,-1.174997649293336,-0.5280640122679626,-0.8472955410637681,141343,11.75,0
0.013435770869428671,0.6518022881374247,2.8637323172153812,1.7458638102683441,0.2467031863176844,-0.5124450069761245,-0.08570192175656571,-0.6718949551317498,33973,27.57,0
-1.6638653567121726,-0.8112727322009359,-0.03916209768659413,-2.4030115211775405,1.4822042085306746,1.7815094470945616,1.0329557156844549,0.3918802520130623,133779,32.29,0
0.06960207363820838,0.20121297085981218,0.8956391411630628,-0.03674030556591419,-0.771791009002435,-0.09920049916946326,-0.34226026490642114,0.5236445700358784,38040,64.47,0
-1.0245980464957776,-0.8927682428617922,1.6829248645598713,0.6522280816096689,0.06902722349078531,-0.4780865301973929,-0.23188640541701172,-0.21248063518698887,121334,32.39,0
-0.6019056933471514,0.5285755070751296,2.0111876832108386,-0.4132526939537446,0.8389588711543634,0.7976298955390789,-2.129768262533495,-1.3850107360038229,139868,63.51,0
-0.25607388735650516,0.7416325781193271,0.9972789266687859,-0.3733436548035681,0.9296350034958438,1.0423313867621422,0.7897908650703533,-0.5221596976095748,50621,21.58,0
1.6981221331030971,0.17222713246142463,-0.3948841663429005,-0.2569636716005085,0.293232706583152,-0.2681771068169781,-0.9256341336769174,0.6309242503928535,49825,41.02,0
-1.8052619557596703,-0.15667511880210505,0.07782720386980777,-1.5157460569774182,-0.4530332490912133,-0.22568182689355212,0.8081908453908887,1.7251659719882524,148424,25.99,0
1.1386941078203372,-1.501097170037035,1.508135748772155,-0.8057794549583039,-1.244010015336113,-0.1383703402015735,1.4990176492921565,-0.7122930972950344,67132,43.14,0
-1.4656213038647719,0.8792798090640433,-0.9398452612041823,1.291848216441449,0.41938180955726556,-0.1932698833783334,0.43848227498555165,-1.9520270674400755,79668,35.21,0
-0.5413298723011611,-0.6017783665449177,-0.661153571241366,-0.37874581564739873,0.8895969141210774,0.673776658060327,1.5967030910126514,-0.8931336255384738,43201,46.36,0
-0.7293544413367055,-0.46972489263222583,-0.18520666439271044,-0.2294174620798352,0.3736107550026215,0.26029145625800587,0.2688388479892765,1.3217509205024383,69420,103.32,0
-0.044889638130786,-1.5241188505135963,-0.9839445221114557,-0.7675603670635519,-0.6848201895569715,0.18746832160045113,-2.4318123826658717,0.19427395480098889,142510,141.71,0
-0.6284090639621739,1.681588375924964,0.7935841176691436,-0.13938039625977947,1.6991150188707476,0.6290379839581703,-1.4204972858182259,-0.42652244809009326,57614,11.78,0
0.4987648534898779,-0.4877349955728979,-1.6537523350828152,1.223173117718746,1.2643543655031328,-0.21746445303636536,-0.660612791367439,-0.25929636872599593,34869,28.02,0
-1.257548602425692,-0.2892570938936288,0.4326909961624766,0.3251594256938061,0.25068857787254956,-2.441288583162873,0.04800848848300489,0.6131525036237014,140260,23.28,0
0.33626754989363344,1.6836596669325483,0.29298194473143957,-0.6897224627871918,0.2230614353433709,-1.562670501124406,-0.5553696724351899,-0.3076087141676882,133277,113.18,0
-0.21309040193366116,-1.0941353992037057,-0.22431846489054252,-0.8183524620850697,1.1868537905048748,0.0917583267555199,-0.6769702910612971,-1.4376025361115554,54812,224.17,0
-1.1026141757878891,0.07908324966022341,-0.38560743938743053,-0.32608349237996515,0.2837333698103036,1.9177430758202654,1.362106387661391,-0.32025576882049983,58198,60.27,0
0.9279137263208952,-0.010962037209955686,-0.3551118237978642,-0.25378074724385274,-1.1713468568417562,-0.4407546183869763,-1.2922852598425445,-0.47206219850271774,56834,86.91,0
0.5834159846036835,0.45734361421845854,-0.5459452130644107,-0.9017350330506589,0.8066701574598942,-0.85686661973263,-0.33606985922118027,-0.3663004648926283,7171,9.47,0
0.6767561493932592,-0.04661930981369215,-1.3600444343245275,-0.2975219162524323,-2.3365547451644,1.7195899215199617,-0.36805695065096444,1.1154964789603883,160685,31.89,0
1.1513215838964979,-0.87224129737441,0.31673637048079034,-1.1268830775434868,-0.4433751054275286,-0.516207404259303,0.5222465644082961,1.4781321957491889,93199,54.82,0
0.04179136862600226,-1.14058393294557,0.5465614854044272,-2.0308581451747902,1.8784306986608357,0.5340804105823167,1.0211605545363918,0.6616997370488624,33576,10.94,0
0.11780127263238245,-0.281497306586544,-0.5565448115401049,-1.0388594506235231,1.8028377190113283,-1.1129536748010564,-0.19140440011983886,-0.5226164051951188,133316,42.57,0
0.3127096055762354,-1.6266235357629832,1.928678803972651,0.8390056409856032,0.26861775691526224,-1.381848852104099,2.2911689472329075,0.5867569672141604,55711,12.52,0
1.4002698155131248,1.8919557118026367,0.2410031643257942,-0.5918526868981545,-2.530405088595326,-1.2427378832094915,-0.5254009747377487,-0.3451151409295554,121630,65.87,0
0.5597528756020167,-0.27965210720750733,-0.9333881156319407,0.5989984011251621,-0.8088972712108411,-0.4079318125445338,-1.223915204838713,-0.9352003659238189,114659,5.45,0
2.0409470601154904,0.9987894719666116,0.5390357454589975,-0.48473237819297565,1.5593918070884487,1.2352537377949078,0.8931291412783857,-0.004920334993235869,46482,30.67,0
2.1573838060450066,0.4274776295077753,1.4749489097290265,-1.3032958018056118,0.2920249140541728,0.512719430840835,0.6920006667783609,-0.2530781474785956,159058,44.1,0
1.5649576350286756,0.9310865203268435,-0.1565570067495522,0.8412275067319416,-0.5078870743602614,1.3610455976599232,0.09918469385955905,0.887954245206013,30698,134.13,0
-1.2051627030410443,0.1855290888805947,-0.7290098627918854,1.0908693894743333,-0.6114553653609947,0.03670980675910396,-2.391085220034948,0.001805715459114054,142890,146.89,0
0.40467275275047726,0.8765538871182497,0.9241498811618153,-1.0419230560259762,-0.7329051794629308,1.476593164493259,0.8828891292315729,0.6385494426361481,93278,83.1,0
-1.8201492150456389,1.1377530422910016,-1.3204577700840827,1.0370752932265712,-0.07280683292011868,-1.6067183342213327,-0.08613257450566396,-1.500234043503258,144435,117.61,0
-1.0044511413844686,-0.6628706096290684,1.495201274428798,-1.567199936427171,0.913066469436057,1.832360509364944,-0.1693817234585768,-0.39308638379268024,75585,49.23,0
-0.20684862360940687,-1.2668457388109242,0.26266931013533473,0.34415578088440407,1.3181081306067575,0.30033125324700966,-0.3702955463634706,-0.4213850819634588,128250,32.55,0
-0.5562022064957421,-0.31903163203971946,1.8492208601989764,0.49945115890653247,-0.7790646809374543,0.6521742931888856,0.04564774170545788,0.7419417827634979,65716,169.02,0
-0.8017845576690782,-1.524844170573756,0.1258733300201217,0.7954832913490845,0.3522553289035765,-1.629881844350685,-1.606116285792213,0.06120700396727197,128125,198.03,0
0.3653681595696196,1.6897039317091693,-0.9357645590376552,0.46106346068379694,-0.6625773511706852,1.0586584244384842,-0.8841716340157928,0.2750386286016953,113396,26.58,0
1.3127283711385471,0.5359553424434758,-0.2182809861481987,-0.5121789855063287,-1.1476463988654357,-1.2179978405563514,-1.827128939574133,0.02088172952146569,136785,15.18,0
0.4729780456749433,1.5681306936805184,-1.1951244941416745,0.18840876038926352,0.32344781577835213,-1.2500377898087647,-1.008402073269383,-1.8083318992529402,70887,36.19,0
2.322017040081676,-1.5983211879170496,1.2061875377069646,-0.025278023876702485,0.7076580478282168,-0.3480026205475078,1.636034863106122,-0.8119171129461213,73090,116.41,0
-1.359517835318519,0.3819723995748428,-0.021732450245806865,1.5892723555316353,-0.8051577981409022,0.3727741215146092,1.186293856055332,0.46147598515676297,139363,28.45,0
0.1337449336546736,-1.4420933076707205,-0.712073766052375,0.7864869531287039,0.5380543764348511,-0.12729020974109,0.41889320915075695,1.5061566141529685,63292,40.54,0
-0.7634731228902925,0.9404565783741969,-1.0454545078799107,-0.9967184101416476,0.5082764311900971,1.3438214295481254,0.1616789110029908,-1.6158441299088375,35041,71.11,0
0.4174220312496067,-0.34350902910005643,0.33076289325841235,-0.1492366148317193,0.3621047766572867,-0.18572713111714992,-0.29004168766946337,-1.462032809090067,14286,12.52,0
0.04472086121037339,1.0725366635398839,-0.9127059136108538,1.87244027357434,0.3710480058693341,0.8443590577105803,-0.0488965673427238,-0.8896821990423662,37921,39.56,0
1.0723279007441147,0.10891823324467338,-0.6372574946025921,0.8603393329406418,-1.407269859438544,-0.5583009160358806,-0.1412873120899389,0.6527676617035097,38630,8.69,0
-0.13183397850538675,0.5561711908934679,-1.028975407476532,-0.43242416145938506,-0.6743973586692259,-1.124451269279911,0.07646399339265225,0.8510234826937861,124718,31.06,0
0.5135451248565679,1.1349779619861555,0.9868348641040925,-1.4114459564010302,0.1147297768332118,0.35528892076186525,-0.06625495707310033,0.15473528388626476,134381,18.01,0
-1.1214666365629626,0.14319854113361272,0.5818795967515256,0.7297754058618071,-2.135457279310335,0.7222744068784667,0.22715941300615541,0.7014997272672646,66142,108.16,0
1.8990607670618667,-0.5959912644301183,0.47119398707273774,-0.7125779262850332,-0.5766609409169912,0.6852973581324867,-0.20201830819916383,-0.13257023511774227,160252,21.48,0
0.3112986174303915,-0.7965213077035429,0.3475157982269089,2.4320269751801242,0.03922723036183155,0.7936207477280433,0.005182484353656514,0.27545109836331394,149036,77.92,0
1.6164513760078978,0.9546974950386221,0.015600906607699359,-1.6701238416219732,-0.9091168186778075,-0.3486605052759789,-0.9638894050535666,-1.8196211780928977,132193,10.28,0
0.19284082224043542,0.3896881822345337,0.3196814268686416,0.5711805511040146,-1.1512236946642909,1.8632436630198348,-0.1842166811176583,-0.09489788953133467,59192,28.67,0
-0.9419562055686498,-1.087362442207635,-0.18354183320245196,-0.29501254671548305,-0.19510843605200068,-0.09822874827101402,-0.3213821868400511,-0.545112214118865,124969,8.27,0
1.2540513289611077,0.04863216240615335,1.8228484509207545,0.7093395811390455,-0.02588633765355308,-0.881473298414013,-0.10437149967096379,0.9372964007707236,143047,4.14,0
0.3647287864076077,-0.9772453819871187,1.0399573631406067,1.9148755492269642,0.15632318425591832,-2.0644091234342357,1.07508520543317,1.3693384677672977,160598,2.66,0
-0.34297256554616,0.04124568559270903,1.5553750872889025,-0.38093063304144836,0.3842372144756416,1.1009690624829316,0.4674444299575125,-0.49356480444128487,44064,2.54,0
0.6707034588386055,-2.633143044022036,1.018932017783599,-1.0231036064151164,-0.5743142539125958,2.550940035193932,1.6555162246666688,1.9981115358353607,122010,27.86,0
-0.621164001993346,2.3211550519886948,0.04730647002417452,0.9570739876364706,-0.16535581346706807,0.49910301434593013,-1.8058468884436396,1.0401704164265304,29102,29.5,0
-0.6666096732220271,-1.3923906201175036,1.4481569734854538,-0.8394225923710336,1.0438376895837063,-0.9241312258745524,-0.31889573299190915,0.7572141794131814,37029,55.28,0
-0.7324012312806263,0.2929826024339101,-0.5525727304431844,-1.8802093568190892,-0.854893768627186,0.48962855569895847,-0.280091637443623,0.3669933290337132,117592,31.5,0
3.141346174406342,-0.6942069623191394,0.550780091841788,0.5292973300693944,1.149967865971224,-0.0725149805759982,2.0011030815317374,-0.3610125528493538,166122,16.28,0
1.0519487771422302,-0.26621625326545306,-0.6663748520431972,0.3449648631468421,-0.023332044341368596,0.15872657372667137,1.308450821938733,-1.7904371316712415,33869,142.58,0
-0.7032646455925401,1.1404404387978262,-1.02959482010699,-0.5524811904801543,-0.42037456378446847,-1.2757007422089897,-0.018146681930818233,-0.6635688401726332,142554,10.45,0
-0.8469721005354518,0.15542663251849229,1.156955890850824,1.1729887772281384,0.9371722728875317,0.28368837648548595,0.7977864783896218,-0.24139537686665083,61072,19.48,0
-0.5428077839100989,0.1920064580876245,0.6424767849946132,-1.8061971437636588,-0.1784619026541051,0.7566726191370562,1.6638207330216652,0.03186884555356381,62569,46.65,0
1.734148024184437,-0.6071529663023779,0.024863632753244016,1.1867719039853397,-2.1147648964521877,-0.25333374148674426,1.0088153550438954,-0.6170497881602497,78932,15.78,0
0.3750875717338467,1.0996862200399624,0.4593369247856475,-0.33691361786768426,0.6314334252071935,0.7485912982505656,0.3609287229901454,1.0486498944735392,11661,24.97,0
-0.9112298187535239,0.7456909740473545,-1.254462498232642,-0.37141625003282924,0.7593858783207472,0.4152058234649635,0.3567244507682599,0.7917962820463507,57320,28.59,0
-0.5897052945112294,-0.103349777083527,-0.609478192509407,0.2234542861390162,-0.023477077188779297,-0.7004744397347292,-0.08682070928795677,0.542939262004888,43305,25.31,0
1.3524359487614455,0.9052699347748738,0.501314736970307,-0.17854028275845477,-0.7887195031594811,0.11167470687731688,0.10188304158799041,-0.18529373338268462,140203,61.06,0
-0.21195548978374568,0.3776911447373786,2.0148705585303768,-0.04920771038484904,-0.4834205244501268,0.21671239965709235,0.7309213984429648,1.1924055650635206,70153,43.58,0
-2.1908108291511357,0.37562541052113785,-1.4766253710334616,-1.3694677008760825,-1.4733437804375582,0.7062430695355104,-1.452315124487815,0.9872656478429901,160063,20.85,0
-1.3140166635802102,0.20475825482335014,-0.34197931931745823,1.111816825565053,-0.2751234003385167,0.4589421583025453,0.1149853683772765,-2.481512537985418,58226,169.14,0
-1.5817593596479944,-0.13166490471260522,0.7006145331067708,1.2322151484602644,-2.3442695001064786,-0.9403454199523716,-0.07221127187662994,1.0791649341286509,43981,8.72,0
-0.3423539738532581,-2.538881896648163,2.02444762756604,-2.4941955180760433,0.4762066700018822,-1.2939187773993035,-1.2447131363767872,0.1380228450890939,25352,10.74,0
-0.051627452021667186,-0.11381055231939148,-1.6980919577970242,0.7749349594220498,0.9444634456286217,0.5438089064632462,0.8847058197228541,-0.1759091355515497,28400,8.6,0
-0.5326813069143703,-1.626384874504523,0.5505529479153625,-1.2106710608841014,-0.28698991746008123,-0.0441357761681578,-0.028929040364761342,-0.4728706620033471,69590,35.82,0
1.7943292040583583,-0.07647062184746294,1.3581526911483353,0.2708421114958986,-0.46065313802770413,-2.9074368790206333,-1.1148024867471467,0.6797501924429028,48239,19.71,0
-0.40151313290290563,-1.5758885285575106,-1.0943038805934107,0.4351880749310681,-0.657796769596215,1.2833859762413429,-1.170679283503695,1.0182204292344588,45387,85.07,0
-0.7415518343422717,1.2967264894312285,1.2582159348484816,-0.40459485766448017,-0.7305125074036631,-1.4353018778479103,0.03269322744782299,-0.28751376904292547,72587,5.18,0
1.0992283453903484,0.9172984966093122,-0.24915793156608274,-0.42719573274500133,-0.9133163944714809,-1.761507397781324,0.7722281014155891,0.6771939985331886,147922,11.14,0
0.16434976346498673,-0.7174883577833726,0.3641281663327967,0.893434021141905,0.584043751243212,-0.039632674367045914,-0.8458939468352349,0.8320863486730772,34314,4.46,0
-0.786185820539932,-0.9626030744383977,0.08672453174054634,1.1286305927326943,0.39931823006462,-0.704669636813022,-0.7080828852223918,-0.5212119282911013,67622,25.95,0
1.4404677394012766,-1.0527071727028394,1.7620778076339698,1.229046158974032,-0.8531140034771788,-1.8791341743318104,1.2044724099051602,0.20624563762743722,151975,12.49,0
-0.7441319052208571,-0.22887373812124084,1.3656398250727508,-0.2440813620652877,-0.2828267422915152,-0.5057432381519884,-0.817106532885653,-0.2618578602261557,129724,3.13,0
-0.47259977488812205,0.6963080737150663,-1.2435734173299733,0.33222226646498715,0.4590589115810163,0.6990455848989043,0.5734566194846662,-1.2877075246791136,128964,74.89,0
0.718268835281826,0.6841319305227347,-0.6671880091838509,-0.2388004630784487,0.9963803866208402,0.8109198135628157,-0.6018758431364065,2.3365425506081805,139873,2.49,0
0.7392124751158835,-1.0549929276464671,-0.948224462554122,0.07082095548143127,-0.6055924640847978,1.3697481999492325,0.008793085472833095,1.4066448351015464,39809,18.51,0
-1.2251484483032329,1.2858635434965695,-1.3505732439095823,0.6999528785086878,-1.0212434992209247,-1.1218525504533061,1.825878857441737,1.8628630221037947,61219,2.93,0
-0.2540049891649076,-0.3549126375736467,-0.9776865553947336,0.5101687371631837,-0.16157311719889997,-0.792905524640608,0.09777267542037003,0.042828120379757376,120308,82.94,0
1.311101642278815,1.7439779421584767,-0.04945071837588924,-0.5737104034902404,1.5951204186000147,-2.1944569160539844,-0.894357346051842,0.9793656104028148,135887,34.72,0
-0.3434820159668608,-0.45796349996972663,-2.0163950870447436,0.033381799746250586,-0.484111367698469,-1.3095061942333037,-0.6845218204297343,0.36162127662424026,48170,3.07,0
-0.39704934140967335,1.6044753770563298,-0.9179336715015728,-0.4201072034599165,-0.16113819448228636,-0.8569380768785437,0.11280055141746795,1.2151034800847758,154899,17.78,0
0.487908089857875,-0.7677277138131968,-1.8490401854841048,0.2924992737177852,-0.42857758919606,-0.42909869290191643,-0.9521237421480279,-0.08372243519082201,120715,24.5,0
1.935177501963806,-0.7958740858336678,0.7576285725975442,0.41793466062350854,0.40329874305178615,0.9002590232205655,-0.2770011830038617,0.15233515982726717,134760,43.04,0
0.9548715886229435,0.7655218575360561,-0.42036213778900205,0.5373710090088786,0.45747323828686987,-0.20438651082491505,0.8667351168093426,-0.10975662362387087,66526,8.38,0
-0.392055160251482,-0.06010294181646917,0.19010406145054135,-0.5551012746191685,0.05726211434034541,0.5132522896942462,-2.0102742675983114,0.07477684662155416,171565,122.05,0
-0.09402485362277603,1.5547429386522436,1.5206166474063008,-0.9086350456613287,-0.7400388845065375,0.17018386701278634,-2.666044220198051,-0.5860821105673716,150418,37.04,0
-0.8016790366677842,-1.7882474858842188,-0.292668612410809,-0.45265911659782876,-0.3103254573286268,0.8528564394017648,1.5274092087643527,1.1094661819546467,144632,2.89,0
1.630196800176051,-1.1558263904413328,-0.49156005615057613,1.4580753950410612,1.9924954086899764,-0.26195563125862176,0.27133380214529434,0.3511853575607781,136674,33.05,0
0.4845010694048341,0.8666385368892272,-0.7351691432628261,1.9551306450250538,1.3215700931490708,0.7882159650817011,-0.3567721026879102,-0.5545275110498058,57112,14.62,0
-0.858524093424465,0.4336526641592427,0.5464872790777332,-1.5371212226942688,-0.0034211511349828503,-2.0161918230225315,1.4698533885675769,-1.317601438487428,134570,27.06,0
-1.4634361560181446,0.5632470008238349,0.6063001833470958,1.296638769919316,0.04851466221955901,-0.2157337077705497,-1.4098129026777428,-0.039523846164824177,141701,8.25,0
2.359585865975096,0.7033976905766955,-1.014051653121941,2.429954562667112,-1.3089127260048126,-0.2642668183608555,0.29343282797915726,0.4335358765952298,101137,25.37,0
1.885029612005801,-0.7903842192023147,-1.631459559977684,-0.9457189744662521,0.7125337994102924,-0.13147517695449942,-1.006334207868098,1.2078030306900924,139561,258.98,0
-1.7912793069264543,0.028947520979278874,0.6057249608417221,-0.9549818664438822,2.3217147523124373,0.8121907476688637,0.820969443909761,0.9271716972012574,160080,63.22,0
-0.19331617722184558,-0.7249859866983555,0.38464716276555805,0.5960721441374406,0.3348376747838744,0.4162832539557969,0.38070866630592126,1.2331350968148125,149629,18.33,0
-1.0414664449416313,0.16427876433428473,-0.6006433370426648,-0.8866121875254491,0.043855097699741864,0.8138928135389966,-0.5951497782664485,0.3291710222650008,118884,28.92,0
-1.6257425823246754,0.26343776865072016,0.185392640516553,-0.06675917817732932,0.3554395723604608,-0.2295359368102314,-0.9988137109846277,0.21352592592847303,23356,6.1,0
-1.4934250598806327,0.2220580585267834,-0.8186828751613636,1.0537921573368656,-0.22863441646288882,-1.7725623420533865,0.5085239849292551,0.2088776424503408,61601,3.0,0
-0.6038856014556587,0.9961044862936118,-0.3532800509339411,-0.5927569527744094,-0.5695305994502422,-1.0208976301392647,0.07179877531483686,-0.6240332613156904,69849,88.93,0
0.1840451025035732,-0.8470434852459954,-0.052773813435135555,-0.32688064983929993,-1.0245947084673348,-0.3885881887962518,-0.5905306305456164,0.9703309320312556,66300,2.42,0
0.6530732932277291,-0.9056205764697561,-0.7864356005578694,-1.2657347396794414,-2.511644090504438,-1.3202778244578874,0.10722861540138112,1.2003426575248168,166643,27.94,0
0.7573635312088819,0.1430229087468902,0.44903948583537623,0.3649673802584513,0.1364299708993652,0.17716376086239624,-1.1105884123210954,-0.6512581846998245,166382,8.1,0
-0.055781784622286584,-1.7314436517303284,0.12712902340263274,1.2577019596504813,-1.2160703185831854,1.8577618554689812,-0.647534385307035,0.589030355353986,123106,9.24,0
0.6112952232126311,0.6386155226382453,-0.7737797572943258,-0.6320763818628885,0.16316803512041958,1.0385223541097572,-1.315169138419943,-1.2580989217791811,107297,65.26,0
0.2702275405874733,-0.6627348086856167,2.0842539747010416,-0.20054195642062203,1.3850529441650188,-0.658628454041007,1.0998509716899703,1.3358465096689318,130066,22.42,0
-0.6904796555990087,-0.023170286914978473,1.748083924471499,-0.4236462514333142,-0.6110126532039355,-0.18477761011038274,0.6753019895022717,0.6677929566115377,53724,30.02,0
0.7229828113771894,0.8942375132116674,-1.0858074135065343,0.8805145741964782,-0.28353987807492004,0.6128210444429151,0.15195187794363502,-0.17202404701473895,114834,46.53,0
-0.9483379815075013,1.7763423118757484,-0.2947071781136514,-0.9163345062590343,-0.7750973937953827,-1.332240545444822,-2.2473031096242413,-0.11659342210572768,123029,82.73,0
0.7127648511927579,-0.36888346246212705,0.4132490986593204,0.8722303966231928,2.3158170112009593,-0.5411039638684374,-0.365056437962737,-0.7387397071490306,144781,39.83,0
-0.03570609136501341,-0.49899226801418406,-0.7848721870664077,1.27971052512462,-0.5924839485638885,-1.4410971946313536,-0.08825036865990335,0.5273224337936723,115084,43.64,0
-1.0505435098791045,-0.9707543207257545,-0.18235418892147387,-1.502015142550998,-0.009390048701039147,1.1363533949697657,1.0481257634935215,0.5333170158853371,140782,26.95,0
0.49991977517946323,-0.6569192409612414,0.8857514869906022,-0.6577784066915244,-0.41321343716826847,0.517420683010289,-0.990726212647751,0.432513771698012,31606,10.81,0
-0.6053160000784596,1.8366938310860284,0.7645740861154448,-1.111118140552169,1.498044567573533,0.7167900250015904,0.23396056982444136,0.6603132145154289,53251,285.27,0
0.8675621516799731,-0.9477365783678169,0.6894901967413225,-0.4485600217413734,-0.45741878451602247,-1.1105712151738012,1.3884386811550906,1.6112357579255077,146524,55.52,0
-0.338943617059692,-0.2765153631926253,1.5683767552476677,0.9241743496437154,0.29691980691013375,1.8623919682037862,-0.11554283727522563,0.4754842677138316,49376,45.57,0
-1.0908422070864403,-1.6184592173262677,1.2634767108250577,1.277187059601679,-0.7143177209090135,-1.0675738961463155,-0.7763768623557165,0.1780149124602411,139606,22.49,0
-0.16372795281767089,-0.813454723728982,-1.4952545180032015,-1.2378334701453404,-1.0037189970106466,-0.665768455807889,0.4598822437138199,-1.0713387501580618,52101,18.54,0
0.2855231583196428,-0.19345343234278428,1.3498300199126105,0.0989302312771099,0.6637084935342772,0.08331558411114623,-0.037347718990860757,0.89295593717394,130660,13.83,0
0.9607007787010667,0.5038688122827683,0.754424448236252,-0.5630806452849023,0.21991860512756994,-1.386384162040375,-1.9204469929185066,-0.5909164320402845,36229,61.2,0
1.759547271829562,2.103087728668229,0.6889835466815611,0.01681014357189368,-0.1848044649738344,0.5742404983824129,0.7461906407562207,-2.013072190073277,41947,53.4,0
-1.1187945726115534,-0.5154700373494312,0.6110349135448897,0.8379885341837366,-0.9115232766512888,1.7229876818955154,1.8076559106326595,-0.9245695841703497,160261,19.46,0
-0.05923915934947929,0.2859860998324253,-1.685933046323129,0.15592144233095126,1.2570625858297662,0.463809512876498,-0.7464226059539452,0.16904936326638906,47487,14.99,0
0.10567472528083996,-0.005622584426260658,1.6550683418264938,-0.5048153650986971,-0.986707685714242,0.6457349470842716,0.07152204427778032,-0.686344286648976,128832,66.55,0
0.9149382248769038,-1.3043317489119686,-0.6044129087470321,0.20964938347225226,0.5578252572498902,-1.7048435803359037,-0.7904004827281953,-1.74872604505755,61129,34.97,0
1.0330287484626053,1.4935716917990545,0.2133578825719322,0.6230339777229797,1.3087699001065003,0.6055854583752872,0.6325734033544694,-1.5342767157286858,49779,6.52,0
-0.36605070609828044,0.3045814621197868,-0.09195546633749177,-1.313145562368715,-0.32770882991310246,-2.47446165833032,0.1751007550317895,0.48954506214655863,128886,32.77,0
-0.10171742183537563,-1.882945854694038,1.5340916219339673,-1.3676383242898498,-0.6181522682818296,-0.7883441262403214,0.29675180170193316,0.3419615133919022,149458,68.83,0
-0.7560276980140275,1.4831443763472472,1.5851852769031547,-0.7162177824751598,-1.5936646419104854,-0.4674681186119655,0.9661372794218513,-0.21916509387622554,44321,68.29,0
-0.7174761270671932,0.19453383239606295,0.23583041227257814,-0.8506692137191039,-1.418650054054024,1.2060095318603368,0.06672030173350761,-0.1372159635400764,118279,15.5,0
0.15613353419362538,0.01573857973231852,-1.2674969159095062,-1.2842634099521737,0.39470894760309594,-0.8280212998063755,-0.7577631004228758,0.278787138224366,67734,4.7,0
1.0440495517353219,0.5765136958356202,-0.22463399054212405,0.1299492961239753,-0.8147177524976202,-0.07374431879470807,-0.6902956725772437,0.1956070478453668,139170,52.32,0
0.6034942010640987,-1.3443040062242781,-1.1723863657853573,0.7433982336448763,0.8226882962396292,2.3682190292639884,-0.2603865991125219,-1.6829453330053552,144607,33.97,0
1.7538020403378338,0.08791563480500712,-0.6747682544726443,-0.7963610621351561,1.3721684028395051,-1.2628628269543272,0.19384068571519406,1.3176661965723757,48875,15.63,0
0.253039803784464,-1.9477950239556792,1.1628606431752009,1.4657538400020724,0.9487823017973533,0.7598888775441631,-0.17190278496814726,1.7269609015906033,60576,9.17,0
0.8689630979160494,0.2754977228889725,0.5256897839134448,0.6571327865774748,1.0477188940366278,0.7418197894183304,1.2075007540385998,-1.572939342167539,150993,41.55,0
0.8318471746213802,-1.4560985907620927,1.1352317972405392,0.3291621656073052,0.5878803032873501,-1.650633216181882,-0.05102216171712267,1.5337222423796093,73233,34.56,0
-0.45999075209164175,-0.944928697312802,-0.7481294701478486,0.7486170320494442,2.6718858734933053,-0.8876909928490474,0.6451486413971713,0.15377618022069323,44628,11.02,0
1.5940284730672647,0.9909616123926529,1.081948177713248,0.9251642928846124,-0.710114504684698,0.26500726923505735,1.086863166074582,0.9443368547967097,83873,118.67,0
-0.1876302622895244,0.7179933818464284,-0.6903937287740057,0.588321828410675,0.08950161173904757,-0.7177977661553685,-1.8122059702112803,0.40653098464309895,42636,40.19,0
-0.7724172523331104,-0.7309754434660377,-1.2924797975909885,-0.032526149910068775,-1.1058233659986403,1.4525363893238166,-0.430940607793809,-1.9690155628213108,46695,10.31,0
-0.32286350082550713,-0.15946779571036873,-1.0336248989632528,-0.3500886734912587,-0.7069209906527756,0.3019435137601092,0.25870791394801446,-0.08820680172079132,19906,56.83,0
0.21694014192996097,1.758565350134721,1.499187173720398,-1.514813624701204,0.35726777166104584,0.7081898367227968,0.08405134771327719,-0.5159862911779304,161741,5.9,0
0.5738218468920535,-2.2422099002726443,-0.9628913596242082,0.51390906501423,0.2838154354316865,-0.37849392561137807,0.4535650790171275,0.9273001922371351,21260,63.76,0
-0.0660784330903093,-0.46486996957351817,-0.4056259646062051,1.8210197732551878,1.9975117034922045,-0.4707974897078709,0.848970296135283,-0.8278088794581001,64942,56.42,0
1.5292908197459159,1.7927473978417447,0.792240998899643,0.9307543729745862,-0.1617167844264973,0.6728327344294305,1.248326436190279,-0.32154543842155264,65819,14.63,0
-0.5248547799343276,-1.8177453874985223,0.5415324964554455,-0.7716545938719451,-0.5205491170534167,-1.07085729555163,-0.23008476161135608,2.097543915047065,137371,21.45,0
-1.3684771353175995,2.6525964858956295,1.2088005205990577,3.002036103374789,-0.44115463961705353,0.37790250137031645,-1.8862995056215495,-2.559739780748775,93188,251.75,1
0.4474585327577493,-1.6845105603973811,-1.0979593568630452,-0.5362719553429999,0.8296668938048252,0.13171991899957466,0.9041877729608494,1.9558742796096447,158181,10.47,0
1.5501561256879404,0.5432293536244841,-1.0442155213574715,1.817802324298394,1.0017568828163148,-1.206444239614101,-1.526250141366607,-1.2279007293841124,42557,8.58,0
-0.4497379411308418,0.33334700596629896,0.4379135393202334,1.1298624067696748,-1.536624448907717,0.22170229258565338,0.6156737094670244,0.5781523754278765,64964,24.67,0
-1.3341941416979055,-0.0029608808534470855,-0.8748740484659165,-0.19150324586125667,0.6938496670287473,-0.32312987264496357,-0.7533432126723794,0.7476399648927093,83233,1.77,0
0.6968049145160615,0.4635717004652675,-0.20284138116503483,-0.7296513694773732,0.7220973497088594,-1.880953051390057,0.2595502617100146,-1.29667882151068,56387,45.99,0
0.5708127149661361,0.6155286619903484,-0.2745727971914541,-0.9891447318069879,1.5697546827278046,0.7683281208536386,-0.06847687651249061,0.6171596731504206,164290,8.29,0
-0.807005794321172,-1.4968634512594456,-0.22454590117932335,0.7045463555711305,-1.2445609787731822,0.0877713204927788,0.41982537946983184,1.6434330340433165,113974,31.59,0
-2.7464543870969855,1.578543424638633,0.7731115455178983,2.1954321461030326,-0.49874388500372435,-1.0227844471028218,0.2168573592431966,-2.4590584243260976,172748,784.44,1
-1.065083382649938,-0.8479103127088908,0.11145319721527233,2.875789884094662,2.735675704938641,-0.32185213791070033,0.959419586733026,-1.2537770721815429,144265,137.3,0
-1.0006866577687863,0.05586313489352404,0.3011486340469518,1.384056377326512,-0.46877039729276826,0.4018789866259651,1.5568988099865835,0.22397890215302094,136043,117.23,0
-1.8525680545453294,0.1012841281130683,-1.1539234637954046,3.0978769959407595,-1.0604689813406538,-0.342557193277963,-1.9013752246733333,-1.4253627756861298,14441,256.8,1
-0.36725254626764503,-0.4012904359713322,0.5448183424396977,-1.4946772909676016,1.2068828909268574,0.11951288540670313,0.7628291455859143,0.5273482352810756,68920,84.88,0
-0.6921374476344834,0.45730209961325197,0.3420902462709844,1.0228048345882408,0.720447443255888,0.18714741971803342,-0.8187800660743506,-0.7897155821024897,110764,10.63,0
-0.48444054865153957,-1.330856641242577,-0.8353876771865556,-0.1944462913552853,0.4724895424891204,0.9148521218322949,-1.047259976486729,-0.3501256885651729,41584,41.62,0
1.4715807787183395,0.2084478670243203,-0.14180197131995256,-0.7037240736268697,0.607624720840378,-0.25483393551091205,-0.5666099278191502,-0.9801138969108486,46965,5.41,0
-1.4087778544627085,-0.019917830776773036,1.1583987341144346,-0.1280042524963029,-0.47266663941087295,0.9685198060916234,0.013689046882025258,-0.6296359223531118,120529,45.95,0
0.19415327497959786,0.2546257018762862,-1.7578227019803,-0.07770385439510688,0.006392465731143423,-0.32907576462412463,-2.122898269497989,-0.3320739190468038,48683,29.17,0
1.7704098280437341,1.3964572493372047,0.5073566596839123,0.6092209688586717,0.2556648652455486,-0.07094110262975596,-0.8878569002024512,1.4306084351860817,120547,71.6,0
-0.7406016461758494,0.5092144632299732,-0.796866511002695,-1.8910932576522337,-0.10389971240106657,0.6127951812546909,-0.3337283638962054,-1.9962119975488262,33438,10.21,0
0.2263900368786162,1.7265551345550887,-0.03927066434548226,0.4819730935617126,-0.019371507707450702,-0.31560523416762454,0.7305191597929735,-0.9388489029744829,153696,30.89,0
-1.7339123969769745,0.3367229815964999,1.262226753925343,3.229829126809528,0.9245536575733021,-0.5146974113162374,-1.9836314728963822,0.5397664303241543,75817,24.4,0
1.4847552777547193,-1.1172076841663237,-0.4305031756660191,0.1625221354311236,0.30391708927005817,-0.973603980845966,1.702485288318987,-0.5702598084977086,52821,19.41,0
-0.9850202754529677,-0.0908012520183693,-1.0206772839568983,0.4722324859601213,0.4152080257789366,0.7537934900195505,0.28512729589671953,0.2235086745318283,65373,15.4,0
0.23891686709962753,0.059574110980515994,-1.9196755003382913,-1.2971955754332818,-0.8017604510188983,-0.06760412435084459,-1.9340439217476193,0.6002250417454383,133287,77.1,0
-0.8760280694356195,1.725894218569705,1.7544874861139386,-1.1448190955728377,-0.8550314233944911,-2.30785340138783,0.7354456937603083,-0.5730980461733846,55213,35.14,0
0.3269017387463234,-0.8328532530412796,0.8246977875947181,1.149128652594351,-1.1258426709575138,-1.3049567815341454,-0.5359585696357916,-0.4013272124840051,148615,63.19,0
0.6542465253738249,-0.18085934878506796,0.9943869012795084,1.510129325879391,0.3660477198566599,1.5514117699205972,-0.477181877679892,-0.8996313571086966,39224,55.78,0
-0.4901862855632318,-0.7362487158062394,-0.3844517577962163,0.7480408052698734,0.3609738209410281,-0.2252870743319331,0.01762968173913671,0.8570287368192289,57524,5.37,0
0.6578916924011994,-0.40855510509033893,-0.31264320589213723,1.2851110287184833,-1.7197622170807219,-0.19575840699483332,-0.10940035125068176,0.13806023657323074,148177,99.78,0
0.08156680154075903,0.2698874493416582,-0.2880935443782349,-0.6412192864650067,1.564485971249485,-0.5229773548789979,1.9825705489391916,-0.6619746889268451,43831,62.08,0
0.1619883436562097,-0.281370535527243,0.3283885415530026,-0.9752177936179999,-0.4775447923350288,-1.9617708151754156,0.43455954691339777,-0.337500884988916,21376,45.86,0
0.9532912543025196,0.5210397575671122,0.3283623953335297,-1.7163271096772137,0.039848239515323805,-1.242826058329825,-1.0959377796704024,-0.3611424346118292,46290,30.37,0
-0.9117537330725564,2.1366025190820577,0.3968635052458014,-1.322691285638496,0.9614865865071108,2.62318467054475,-1.535653828658253,0.6002849843661684,73256,16.97,0
-0.5596562772299188,-1.3221915372022748,-3.0062118728858067,-0.3818763894238353,0.33876619127080926,0.20404698869426074,-1.496739457345504,-2.256353630507317,143342,23.12,0
-0.05984198237739651,-1.4011995698004625,0.11859955831041606,0.7503822372213421,1.7659136755150007,0.23965160770063265,-0.13480481107688594,-0.1327520971634091,147333,17.53,0
1.7077698238158436,0.40454878882614587,1.0598283566838047,-0.8513577003548688,0.711593538024513,-0.27659807959742916,-0.49398062965452055,-0.9025208390139428,36353,13.88,0
-0.6300180002197717,-1.4920913746879618,-1.076542185895385,0.5248703584232941,0.4791648746058788,0.966319825529553,1.3198598316623487,-0.8776882649454147,38062,36.4,0
0.2062132268221163,-0.8192772249133146,0.4409999447051571,0.6589678730153735,1.0403609061715406,0.537706650512417,0.08005796251107257,1.3245698181930392,137431,1.88,0
-0.3036117965088469,1.2426488037952914,1.8127310925603874,-2.0814476520636314,1.587620995197907,1.6776232270472768,-0.6199192710741592,-0.9109532711216858,163205,19.62,0
1.1710375809529685,0.6807366330247255,-1.0130241600815344,-0.4716179415685313,0.12983240394264292,1.01967460273898,-1.0130729944725265,0.13320223861669464,46101,4.39,0
-1.144218816784922,-1.558353703945795,0.1574015125419578,-0.7517308870708647,0.7939412831248599,-1.124368721089185,0.2533655985455795,-0.7634017548988,134552,122.21,0
1.1281889946098111,0.6363793285423056,1.1901891224134347,0.2921356971966038,-0.8347739864259969,-0.680014768218883,0.21198059631934188,0.46708274150919193,75632,54.79,0
-1.088301632179222,-0.4112308098598075,-0.7039779925102085,-1.5730244274764638,0.43557398287542826,-0.7566602914350559,0.14872770696440726,-0.11110866627749161,126188,23.96,0
0.3011729428874865,-0.056945814638392545,-0.40780697254720366,-1.3899991495802584,0.6435574270231549,-0.18168286100819983,-0.24668286564502964,-1.8125591428182706,155336,25.14,0
-1.7988593887668678,-2.136582885004184,2.520107908822168,-1.9093429514523013,0.07597720888085203,-1.5125914665320204,-0.7887259510980241,-0.6482554662044676,80066,21.73,0
0.8889581417046751,0.2894085241448763,-0.5202530754846167,0.9466391774702555,0.8673906286602127,-0.9039549031159373,-0.7276468422538986,0.12402406456108,137391,55.51,0
2.412052627883771,0.1330171952499895,-1.2891901874245342,-0.33222219335215364,0.7579623025863673,1.1624755677515546,-0.3093447620573118,-0.1186207134918786,68510,4.92,0
0.40423693878610595,2.456360564902566,-0.2354128969555338,-0.48727067298447896,-0.012591458379488805,-0.07549161407957249,-0.3675775590004577,2.0755083725795886,30348,181.8,0
1.3252101125048759,0.834857144583061,-0.024385128189890744,-0.051148957980616215,0.42521348026160505,0.9658676435630439,-2.0171772492454707,-1.7799033643405298,63821,57.82,0
0.10248625893415751,-0.19077466878259275,1.8586967892170954,1.199930952010335,0.7712465855994719,-2.0107554085101613,-0.6978448139548059,-0.21362728512008786,150406,27.29,0
1.228275969435136,-0.7116826086158584,0.04293990983683448,-0.16769643505647494,0.8851313250502227,2.0613716669557323,-0.5625583491115846,-2.036173942661094,20871,62.44,0
-0.3041144608767065,-0.5898407222042483,-0.11526638868726961,-0.6153385026167152,0.46165264389084504,0.47508252447280114,0.24178912532048974,0.39860871781881096,143581,52.94,0
0.6301915470526794,-0.21384584008452892,-1.4788990633534707,2.5923260419973837,0.17301196382809209,1.2493050499647234,-0.3334656815241875,-0.031358361122244154,71092,41.45,0
0.39129951433868243,-1.0995298972638714,0.19224187612287003,2.069343945354164,0.6880186079900614,2.9551605340155143,0.15321431863720408,0.5781415235907583,142544,18.61,0
0.01415947951850353,1.7456690286729868,-0.037544957923991595,1.683817763331205,0.19483095711623527,-1.036845096146613,3.296717537444139,-1.4469585215458134,87615,17.43,0
0.12021188894745394,-1.0632296065439635,-0.2905268344105173,0.7256849125079047,0.6003791083166256,0.5458702387379082,-1.698992939227689,-1.5594552582436962,52530,68.45,0
-1.4224016911632476,0.4064353981529234,-1.711643197543232,-1.8768624581083215,0.7657563025618997,-0.7637429046468985,1.5734925278177092,-1.0543734392492152,134876,38.89,0
0.44941288614130137,-1.098553825580768,0.24435841797201596,-0.5414385642118853,-0.17914647752746682,-0.2683373899407859,-1.3307201228415257,0.9010956880771105,59384,20.78,0
-0.10840089886122808,-0.5920560814281433,0.6575504368523972,0.2260238691716196,1.0089490342478928,0.34088710961744206,-0.2668950713381561,-0.34890530287928573,35000,33.14,0
-1.9706028206796415,0.33765633805192874,2.9252803751484935,-0.31675107498529675,0.9889220147678934,0.7419696447833772,-1.6422901956417828,0.4977039582181344,134949,50.07,0
0.9999070671650587,0.7447893122340409,1.6194097838938561,-1.0666453450909712,-0.9682440303015647,1.052163681281408,1.1277934571837898,1.3486576375929775,140605,21.14,0
1.3429950777402997,0.9835457924075637,-1.1074607803497711,0.3803018024448286,1.8934523228245186,1.3688845853099327,-0.9093696726362216,1.5959797350372649,139696,2.68,0
0.16089683959130555,1.8096380713958304,0.8183694206976343,-0.13395272504164754,-1.3261232553501447,1.3448095084579328,-1.7664890955593404,-0.28160008638738443,53850,14.19,0
0.06717437152462172,-0.9251341968731311,-0.9665983725814877,-1.2317647197854533,1.024447183309205,0.6634819129132977,1.6683721509844605,-1.0080558948404106,48617,21.2,0
-0.26997506575898067,-1.9262319517224968,0.8918181780704724,0.8667877755870737,-1.031367801247887,-0.025461110764491424,-1.017215174123941,-0.8587658325831028,125204,18.2,0
1.360141092677114,-1.0157912311415422,0.9791133995562379,-0.8686237460657458,1.3163539024039048,0.46459365878555986,0.8951225565164656,0.21207257197317117,163548,81.9,0
0.3989793785252219,1.7534096126427865,0.21399745219844202,0.8468218146856864,-1.0884121323260723,-1.3813014472136043,1.3083193925686285,0.9414946461079864,46329,29.83,0
1.9497590447197313,0.8036085116042764,0.53199383578707,0.42809242584015333,-0.6597764069393933,0.7443894736685737,-0.48143842379037183,-2.066392721419779,129560,34.43,0
0.01022547425274586,0.48761536727790644,1.0337971915140716,1.8791878850731307,1.2107755219347964,-0.05508475461707899,1.1446661572756716,0.5490418113477318,46706,59.4,0
0.03627537615945314,0.5218263334115026,0.46171501309491736,-0.17953319753324617,0.7032665615191078,-0.22959903944394433,0.09345508404242507,1.157783151927934,39596,11.77,0
-0.6025838131807076,1.3797500638776827,0.03354209382480263,-0.4216547671935536,0.2987552795742291,-1.4556817265935151,2.4516986759010893,-1.085695731996642,60714,77.38,0
-0.2107875245785709,0.7695369144946985,-1.137859635100625,-0.5836045631035177,-0.18366840415521798,0.2583906110004671,0.8663791234753557,0.310980567993401,165257,20.61,0
1.525591152789017,1.518026291570467,-0.8526449096356515,1.208658108376434,0.5066156599231009,0.2440076296495193,-0.23219199489833087,-1.4822918233240703,138224,95.54,0
-0.6526237634388614,0.4690759918729839,1.8255636851580956,0.67104604659568,-0.3426417019160762,0.9848596384708694,1.7938578884156093,-0.7687892820425916,42088,47.62,0
-0.025136446915406535,0.038294487252045956,-0.23260203172406507,-0.2973232117545814,-0.02156211788870044,1.4392022643194289,0.5290829817297604,-0.13088950630311388,57160,89.79,0
1.2210363321086657,0.35043215317420573,1.617269803012948,-0.9680327300787782,0.2906603893468167,0.2830454104246499,-0.7736774075558491,-1.269030206949224,33230,13.23,0
0.79821695357066,1.0733801151386306,-0.46587784477974814,0.11148481715107776,0.6819688604934749,1.263261422331151,0.08867731672515512,0.4717364144754229,65876,68.3,0
-0.46224879980479827,0.13060066634858677,-0.28261154191278054,-1.32635147981429,-0.5883334750261476,0.5550770639866479,1.583028362702039,0.04655387472376325,120077,22.27,0
0.17414775800578922,-0.09307900935152867,0.6251956600097754,0.8254715419951355,0.48402347708498744,1.3170679130769716,-0.7192980317999896,-0.5928494752075841,97975,29.46,0
-0.716225009423016,0.925017468122467,-2.0154014068621935,1.3469542192380486,-2.2187552546413603,-0.15372666069731275,0.9411618657467511,-1.1883818721560526,52393,17.3,0
-0.604002977132968,-1.2270907538745341,0.6798811230877586,0.8250978262240763,-1.1044426021188303,0.2380999264024694,-0.6162628156884995,0.9711543798519111,152925,59.55,0
-0.23535710486019074,0.9543702972876499,0.6565085657411217,-0.056922233837615195,-0.1954152568677939,-0.5015092318329486,-0.9043694070780303,-0.024788763219577972,129423,19.16,0
0.7093609468865968,1.0935993023859232,-1.0177045128434181,-0.2884997295812693,-0.9462881150070224,-1.3070605969370035,0.9036137009122447,-1.9582348792509219,19442,86.9,0
-0.23469091716400228,-0.3285194889999259,1.7206489143543608,-0.6774867735602076,-0.2278867215137431,0.3629479059573433,-0.4249942626943879,-0.5881045754091785,52253,19.34,0
0.2310154145762398,-0.9231577428076859,-0.5221314199471975,-2.129899448407258,-0.9367373553060163,-1.690319025877201,0.3510011542248495,1.2115302123032055,163964,5.24,0
1.52587782774132,0.982446387337755,-1.3630951464302532,-0.19454984431608757,0.22996709040637744,0.39215643428066477,-1.7785749208699118,2.0562149507989655,119540,10.85,0
-1.6072708956063038,0.6722546490030943,-0.5932051259193936,0.5556588918570415,-1.1783086102152107,-1.636008579151261,0.24122526681515924,0.6326833769689787,165449,73.96,0
1.51319168432021,0.18977761392638479,-1.6557345104979544,0.6288712544525031,0.5916247232846588,1.5538331422956793,1.0820841971530328,0.13398422394332238,69003,44.81,0
-0.6543701519743749,-0.16338501805032468,-1.9057372056918498,1.0078683541915205,1.3427415562735934,-1.066571555799511,1.6257494249283053,-0.23448923120330956,138801,10.2,0
-1.3451193311100536,0.49620389903074363,0.11728724123517927,-1.5614602772137092,-1.6379682253332581,-0.7248566756938344,0.031291483610775904,-0.671867261992875,155378,25.02,0
-0.3336388799719015,2.1351538879952523,1.2893437409279578,2.1075069382383202,0.4732330748923653,0.912147027016459,-1.0446187930902044,-0.2645963657171757,131790,66.7,0
-1.9182960260485087,-1.860339792188112,-0.49152207733393793,-0.12206710920791,-0.7826310840358215,0.06325598055174447,0.6202085531273911,0.9788058372819639,108701,15.87,0
0.12928052601828052,-0.2555593161832955,0.9317369205740171,-0.11322374948261552,1.1152550497471918,0.43565821049552766,0.8748802810045488,-0.09328792658158355,131888,26.26,0
-0.2692187710667651,-1.2395355155045358,-0.48661364888247033,-1.1973131395680374,-2.255010448085703,-0.05331305075918374,0.5192016018651802,0.18704819554871527,123425,1.56,0
0.7837580615196308,-1.3871732919407609,0.38174168121180896,1.0033045414754806,1.9909325703689373,0.5004883807063788,0.22620384199532179,-1.6903489237650033,61683,76.47,0
-0.7799896570121608,-0.4188785722938289,0.24567417685497378,-0.4591160508088197,1.0477243990202074,1.067647711716651,-0.23906307958743775,0.6579711807999089,80837,21.78,0
0.72509972869941,0.3037579491009266,-0.7997641277878986,1.7134380090505723,1.3354317289695847,-0.7769898342505827,0.648479326697246,1.461242227246194,50029,49.34,0
0.8214003028561089,-1.3851233906846052,-0.3599535034019913,-0.9807749201516472,-0.12148613053298399,1.2464800012775776,0.640879637256476,-1.8679571143242404,43217,27.01,0
0.8937957472282321,-1.134757475729483,-2.2080704689353725,-0.7087532814058747,0.3470207813536025,0.338396348283639,0.1404914290590616,-0.17209117181483505,74419,8.49,0
0.9866912199945005,0.9127497799138464,-0.8310478483110985,1.3554955328750073,2.043042243470318,0.6076317593481398,1.4872796272729016,0.8731556045083784,113862,74.99,0
1.4447108845233778,-1.110159643645336,0.7796765159428879,-1.0204585492088687,-0.595168049907042,-2.057477032504352,1.853798561024796,0.5748307500486405,16352,56.41,0
-1.1242182912358136,-0.04044780123520213,-1.2019192318485947,1.1072957181234473,-1.0642496826816878,0.03749995832034594,2.0908529866044536,1.1276837002682574,61749,95.86,0
-0.5727464515071383,0.10493173722468192,1.2488315056138726,-2.1924657164220425,1.8928599615356623,0.08034471850716116,0.7575490952100243,-1.7020566386729923,77430,7.76,0
0.25318382099565245,-0.28657366244968646,-2.2856106433494787,0.18210037151280167,1.1810926525974714,0.5838693259957012,-1.514743528815537,-0.33852701580499456,159451,98.41,0
-0.3677070840365687,-0.6004491400265938,-0.055488604367231804,-0.2693538166732936,0.7554931404303789,-1.3267562005444338,0.5264675646146835,-0.046138365790440256,5904,115.74,0
-1.1981406115555093,1.0742705312312684,0.8715198375514792,-0.4688120456128631,-0.6871875502132953,0.957965183894028,-0.22583120433351025,-0.6637976244519794,57806,43.64,0
-1.2213847079293647,-0.23702318712047746,-0.27890945821469326,0.04880400836908435,-0.10507577293147018,-1.3297983600416474,-1.6150133593257943,-1.3181188589474904,69544,24.0,0
0.4645627276650941,0.9883231156063628,-0.15936209930464576,-0.6370871999386887,0.5780705978080088,-1.6400976219083032,-2.143995262641302,2.5903744751954325,124065,30.01,0
1.3818426690045593,-0.601193703101429,-1.171190772613518,1.1545038157920227,0.32146045188311817,0.3016049676311722,1.7191482997327543,-1.7934013206950685,56472,85.68,0
-0.18569328507054184,1.2223491706259024,-0.18117370186548645,0.8350663559441389,-1.8286267525593716,-2.031955393546234,1.3642645500158141,0.576687071934537,48809,50.29,0
0.11534035453884954,1.1545822391556175,-1.8036511823757109,-1.2010621843046239,-0.007692309957942315,1.0443839627284015,-0.32213935597409454,-0.2911122776715336,127128,75.15,0
0.2736130858325482,-0.3050320751626888,0.11544094463274404,0.8079590411408034,0.30853415421209357,1.8358300632526785,1.213497385818715,-1.1716075694431847,45147,1.68,0
0.8714196536198168,-0.07426296376366917,-0.5550696224702061,2.152486577594363,-0.29960869837738974,-0.7903630994057708,1.1374289224658856,0.6787246950402256,53237,34.94,0
-0.08005905988050957,-1.1000326779773888,-1.276072681970571,0.006116067008443496,1.1060704735963496,0.7880173575606384,-0.10694102804136375,1.2825719892295757,36690,385.95,0
-0.1303999660490576,-1.2451886665772538,-0.8893890405545282,0.3527765453983774,0.6275592242707073,1.0477225360741595,2.79657929133687,-0.18955465066468408,134097,27.5,0
0.09825901506819355,-0.8557315886428748,0.4587974992733392,-0.3624418210905925,1.8302184099405412,-0.507859581870685,-1.3203080761282289,1.1204162316812527,131480,10.81,0
-0.7874641722143051,0.279089277455196,-2.3302791499884687,-2.0534579527726193,1.4954507626948625,1.1353593338416756,-0.679640654069409,-1.2302098045536725,27647,119.39,0
-0.4323642150023962,-0.14647301123318604,0.9916841559352769,2.00672910613354,2.461072920270521,0.13379101581204186,-1.0311326423558964,-0.2435255540491135,125710,31.77,0
1.741861621390041,-0.8983094322567038,-2.8327324642996805,-0.46289444885602127,-0.8360494010989112,-1.4935785651259672,1.300650204369242,-1.3363917283234141,32113,5.96,0
-0.5650430084999462,0.9206684924951465,-1.0370769662021402,-2.05865680955306,1.2887238294839356,-1.2899351507020314,0.7242299321456123,-0.3877179988644954,71314,208.39,0
0.9234137892804952,0.1723722256307001,1.547628839433367,-0.1069820038612393,2.232914497387477,-0.1837178286303,1.1978022536397084,-0.8399118392052188,54178,13.71,0
-0.24593605589516385,1.3251612300713356,0.6188479309193435,0.12356372452871608,-1.526310728326128,-1.1341581302088213,0.8077320457535483,0.25434876555855557,64299,17.8,0
0.00233424749214466,0.10067168042665374,-0.8571950049137425,-1.4288646401204588,0.44420074589186187,-0.19812942028723957,-1.0310982238742539,-0.7250259470192656,152043,27.19,0
1.1394895500501816,0.05824583189383293,1.64268739920044,0.25224989621184213,1.9676915358924758,2.048999842149948,-0.8975911651249607,-0.6467062554404048,122667,30.36,0
0.010104551055929837,1.1241323862320856,0.9368004830208964,-0.8927063153854309,0.3163477058465088,0.6580514258052779,-0.6731031618491319,0.9034402784012313,60710,119.29,0
0.5801898943628923,-0.613278680051173,-0.21303369728371535,0.5468173612955511,0.44678969035773974,-1.4210329201414396,-1.4119123009581829,-0.9961168710660973,65623,45.97,0
0.7051998259303807,-1.1102612280728559,-0.9059544254260731,0.33876066878623984,-0.8749830351946719,1.3009090495130633,-1.0532986941930647,-0.11940585493352887,132460,36.96,0
-2.2763487067438724,0.032971136409000165,-0.789105102146942,1.5406280047316037,-1.2871647702370277,2.1611240187932155,1.2922705553829672,0.11358726791314167,33421,47.73,0
-0.2552640702962539,-0.26140702215941436,0.02154164143851543,0.08454187870361275,-0.5484793023097686,-0.7719542312115294,-0.5391632697909189,-0.15530242670110872,117532,28.74,0
-0.08642760612581264,0.043570607285189404,0.6263217736885798,-0.2368531210434284,0.8375827880151391,0.1517233333543425,1.0139640779631696,-1.4144035057065922,147692,12.55,0
-0.9906407396830541,0.5560893880782793,1.1917578634474713,3.294768788202572,0.3689182851451894,1.1288792568735944,0.21693431414804185,0.7061705087170956,39241,33.84,0
1.0777585841183233,0.11998438383813205,0.7409003258682187,1.0051132244250869,0.39227475487539126,-0.8966117234382827,0.4046040350430019,1.4878043483205123,45769,44.18,0
-0.6191246947354285,-1.5507771457231903,1.5986760276393515,0.23270345205298829,0.4914357661724,0.8617069780326444,-1.700752193853906,-0.26568578034535245,38371,22.58,0
0.2396605292827974,1.534061209870414,-0.9614222015656878,-0.7189427701617253,0.13958147863627957,1.5699993745307737,-0.4246134170066385,-0.7162270303480159,62311,13.5,0
0.9983152608970064,-0.5123703972498225,0.1143054801936096,0.9797725399644908,0.9543426865369775,-0.12640822197067608,-0.24477063188062068,0.4417941011654494,82202,15.49,0
0.9015884492222208,-0.2656379293122753,0.2987553119881882,1.0694432755560228,-0.1902321072394553,-1.7600527801528132,-1.7473053686323792,-1.094666539179358,56195,2.83,0
0.7768261650596664,0.579177249127396,1.1681843015413933,0.05034805029480929,-0.51999219366002,0.43218307283610435,0.7809172537640613,-1.1576896269933232,50517,36.7,0
-0.3300397830132879,1.4041034352051018,-0.8599744155543277,1.8286621280294055,0.3685481057512981,-0.7913756920140128,0.045121967383527466,-1.46345965818056,39654,89.27,0
1.7224642997865156,-0.7969202062146638,0.982486167214108,0.8458257620256371,-0.15331760693428584,-0.008979858266701097,0.3322014174347458,0.2058660508161942,70783,64.08,0
-0.7162617760118649,0.8633712990494051,0.3571118783329063,0.16853672170996048,-0.9817087547284165,-1.0598528752752245,0.07426936678977837,-0.048558776496060954,79061,19.45,0
0.9740859056631052,-1.5078263537364875,0.36747708061408846,0.536694752534658,1.7451479854324352,-0.4023573831833199,1.3468638832708881,0.161339765747336,146077,45.52,0
-1.3702376783284342,-1.9370803998563824,-0.3970701930641612,0.629532918935238,1.2445981749467587,0.547962398976723,-0.9225854206279249,-0.9146088001876238,52184,51.89,0
-0.05818318145787698,-0.8877556860609402,1.190326201406391,0.3748612140850182,0.9698694043658503,0.5975816954735833,-2.657299335912278,0.9042496480744125,28072,8.17,0
0.11077571910868206,2.098511191533376,0.8795609130472485,0.9104237411327737,0.08754538297127755,-0.31152867490637814,-0.6103491511898423,0.18311836268733964,147086,17.19,0
0.9277694073528209,-0.8998355387059026,-0.5897558494081898,-0.18943969422701012,-0.018723897095895826,-0.016857254290084486,-0.7106241897241633,-0.1048024891423678,35290,34.83,0
0.6555794328509238,0.020030797521498816,0.06235919281508086,0.6682712184047681,-1.0964869005194846,-1.1427991427659427,2.08091386444133,1.1676963115112249,48313,100.16,0
0.2933728445692313,2.790748342898729,0.13081827325510498,0.20118536939744028,-0.01731748227851103,0.35585160915094666,-0.15623439385304017,0.6178554137565535,40586,48.86,0
-0.10155115277224355,0.7350970783524196,-1.2757998688647705,-0.6306386645888233,0.9945765158967794,-1.364199010224825,-0.7098413231405127,1.1429014895010883,128259,5.82,0
0.004292782648207183,1.4237047627235573,-2.281163837207155,-0.730932308595304,0.45910791649512317,-0.2276067569123024,-0.40040708426042626,1.6261182712901698,57320,29.38,0
-1.0451728066675965,-1.4118344915138914,-0.22785678972112586,0.6827085390928708,1.483637707550334,-0.46117672036651686,-0.16077862217315575,1.8826033839942888,71629,13.38,0
-0.20376990775976783,-1.1149509318170336,0.8386472233319417,-1.0919562296814336,1.432941877138931,0.2389859356726735,-0.15671584207218817,-0.013098092815379167,147662,50.2,0
-0.46020974044790797,0.13525333319457702,0.26272287602192024,-0.2437863174338131,-0.8424273679155861,1.2510178855938763,0.2980115818381754,0.7164916022032067,56996,87.75,0
2.241424444424919,0.15854432654132933,1.0132593365527287,-0.2798701366935501,0.4329733627219183,0.5165431922702162,-0.23911209391024582,0.2639734015247291,45819,20.42,0
0.6031158143611685,0.4975362451223757,-1.1335141698964375,-0.5981373920685938,-0.5833915234586919,0.6461202948037752,-0.7146303293543173,-0.12505679884580395,105616,68.95,0
-2.766188137780298,-0.07705956755337655,1.156572618518259,-0.4603327138698228,-0.44410861361908505,-0.4364059252825837,1.9627971137317244,0.22736082059558502,69836,35.4,0
-0.6787129615248737,-0.06004400225474319,-0.6551935272333286,0.9853507097991071,0.5908174570089497,-1.698436026787528,0.6921745273273362,-1.489007489903621,146551,122.56,0
0.7821156049763861,-0.2789919002886576,1.524284860747478,-0.9501449068564668,-0.5808206468277702,0.12766134984344943,1.3577845520580714,-0.713501774997195,57989,83.93,0
-0.22096654276187716,1.0665368622605038,-0.9698391048589343,1.5757493521734862,-1.1755546648475386,-0.4626364298215517,1.2601686715623215,2.2549876705088443,154595,85.98,0
3.1163480330180198,0.5549715291001369,0.14627001036183682,-0.38904507005696065,0.8766705352669774,-0.36660809475290124,-0.7742036111088738,-0.46868471165428055,142884,27.68,0
-1.4466888442006232,0.12885978623158073,-0.4576673948282502,-1.364788634111724,1.2787755198555542,-0.30622092175656973,-1.4906783905959011,-0.6447666473217833,41138,14.6,0
0.875441667283237,0.23264635677408474,1.520703940689394,-0.5061737580330335,0.6268792997338889,-0.5048870617629472,-0.47154509329322397,-2.068167402095143,149729,37.87,0
1.3856810032460274,0.9897725775172901,1.1251767007153035,-0.6282228669375015,0.7001980373807634,-2.5672872936686733,-0.41552881940626324,-0.5514108718989449,138010,10.8,0
-0.12020773479571227,0.8029656838075111,-0.14698542862172312,0.6029577859633884,0.7940915391664592,-0.19245288176091954,-0.11267650140146543,0.13880737873873936,51089,69.79,0
1.143861250045691,-0.5934924494185245,-0.9392552946357027,-0.5866795859683838,1.264513055170882,-0.46993118304748155,-0.7787392856551671,1.6013884416533062,63325,129.39,0
-0.018361817095647444,-0.49293315728106646,-0.20462648034815567,-1.7516266696292417,0.02646608961567541,-0.10752980780808609,-1.515388026479296,0.3412659454726392,41992,114.52,0
-1.6136077491301335,0.8643864142984428,0.915164186456984,0.25298664167600154,-1.344538950656809,-0.6488177055868719,-2.3256546416735837,-0.35768776475526287,143589,51.19,0
-0.04280395798856224,-0.7719434637189526,-0.02457295672053189,0.836117153189476,-0.822659506188728,0.1570248172347892,-1.810192155363967,-0.8083801467317573,107210,75.77,0
-1.8374330599438253,0.8700026940618596,1.8998144800129761,-0.5434948781943785,-0.03784208766733485,1.5724180882648413,-1.7944125967297835,0.5036537842651662,166266,38.46,0
0.5652644484649944,-0.16312523582466365,0.816194010545027,-1.5426266530934836,0.2461792472295546,0.008788501895562049,-1.223544369382497,-0.34963428066385827,38862,44.22,0
-0.525032558008852,-1.9300567298402869,0.295722293378892,-0.38330607423433033,0.6798632546300614,0.04084007757290579,0.6458939644046955,2.519034917761651,58346,119.98,0
-0.6915304090883179,0.011240233861028608,0.770106578353353,-0.7263688127204645,-0.3589550393492094,-0.5580191754917718,0.4521693765582542,0.34955765418418955,129504,49.51,0
-1.5705593815186447,-2.0193142202822654,-0.931445219810686,-1.0245255981343,0.07172290373691734,0.38783762326857546,0.004282550102019741,-0.11166316373753055,58134,8.23,0
0.5423843462923756,0.7032167455106323,-0.8922004580536295,-0.12655034485846617,-1.8021316094765216,-0.43906645172859154,-0.236023398857503,0.16262229963007435,127845,208.44,0
-0.3567582391842619,-0.545615091149155,0.4785685658262142,-1.6042316949519322,-0.7626356063765112,-0.16204045906229825,-0.7882297370232847,0.2539761588561609,141559,33.96,0
-0.1796037580888943,-0.7638905921682415,0.9680189897663312,0.14937805120063563,-0.6234476141388351,0.8572695421891772,-0.5273406755294405,-0.8748909457796051,129950,131.78,0
-0.13180803800094829,0.026062415435817863,-0.29643061292756234,0.13288931916345958,1.2362297555780097,-0.5091633598785812,-0.6060816257500802,0.3195743516197212,123086,193.91,0
-0.6186383912702405,-0.7596448221760597,-0.9368658697295069,1.0288391218655006,1.4318619404439652,1.9123596419164914,0.9347932236883948,-2.3136536581089513,147932,7.09,0
-1.3863240807784079,1.4483994232518627,-0.9344404570202748,0.7248346986695466,0.7321872924638225,0.39990265472797654,-0.23739037392648654,-0.3627357681889285,59389,21.9,0
1.3270147972263218,0.3792959583026451,-1.509751844935605,2.168798148009808,-0.24045672490856368,0.08390652129100123,1.0318146861832909,-0.20602236709338081,21906,45.25,0
-0.3311169587046795,-0.4351306900317832,0.9944984014120328,1.5620123769592555,-1.1138701214589335,1.1781410759591413,-0.11047350416309443,0.9181901120202064,130189,19.31,0
0.40264641847663174,1.60904778550253,-1.6913708228202795,0.5717838902489225,1.2178635150022223,-1.2705595069383429,-0.1794125499929276,0.2757755205987887,132215,7.42,0
0.6863673142238954,0.5257158894638888,0.09965595109484077,0.8871258782480289,1.0439150850435848,-0.13160735732123524,1.6683093157241102,-1.0872467997930577,129386,56.82,0
0.26872139437193016,-0.3310923111239177,-0.23843873623169146,0.6775424065583061,-0.7803172607724657,0.45657982113628653,0.46612161924986334,-0.775594762489478,130880,36.53,0
0.2992643633625774,0.16564762605109917,0.028019547162730273,1.0311207504628443,2.0739799987417955,0.9994333931050157,0.6724148143868409,1.0828273702661504,126487,93.98,0
-0.29745492986462474,0.5554115258492787,0.7465416529872753,-0.5646851171447034,0.9026206787326274,-1.2713718510665313,0.5037573134162038,0.5537517287087829,128805,29.95,0
0.28116960195838203,-0.06003744482813837,0.3446773570856145,-0.26137298876130965,0.25902161829865566,-0.7958005807793809,-0.5539827739923715,-0.051438543321164265,66176,20.6,0
2.388738330850374,2.0288343997242335,-0.07710779810810123,0.5695252552982347,0.6022870338926759,0.594664926543751,0.6848715139038664,0.756408100023193,118736,32.78,0
-0.37953234355337917,0.033828082740444874,-0.4218060809737116,0.19812133153009046,0.9652058867367916,1.0594687959801121,0.9776047702045654,-0.6154375708146617,68159,1.86,0
-0.8446214651010399,-0.1868153704650658,-0.6459105588325199,-1.3502180969120867,-1.540820838239643,0.2324286038002629,0.7150431070145676,-0.7011642221636102,76925,24.5,0
-0.7250786458872012,-0.2576741986603154,1.2178036523521185,0.890020609302802,0.1363165328949963,-1.0347574796325896,0.5867846392387319,-0.2882329121097101,146476,19.12,0
2.2702249624550155,-2.0443619830523003,-0.20841818947621027,1.7599881533321804,-0.3407592790043091,1.1736808607555722,-0.9807560828816956,-0.6612258363608996,45680,3.64,0
-1.6385410630424868,2.3493808492810553,-0.5259775816057125,4.891220401361938,1.2382233730008356,0.0971162648075744,-0.35100696708831786,-2.520596737065212,100061,443.48,1
-0.47627302276737804,0.8058934603321255,0.21221912837602613,0.3588285326452703,-0.8186210871641832,-0.2123489140343474,-1.0966375086388196,-1.2225973479885914,129170,12.88,0
0.9209365237878463,0.7428435143740163,-0.6064268873384934,1.5108796466348924,0.06361081910128226,0.3305890604662547,-0.6622422346515238,-0.736847788132389,153854,2.1,0
0.14635224670957592,-0.6568958964969668,-0.9012527001687192,-1.9467598354598628,1.8770022433954425,-1.0971950316380301,-1.821592612356869,1.6946417602320107,103845,59.21,0
-1.4351455928700212,0.3835404689576883,0.33796181661337843,-0.06866985450094097,1.3301333079378432,0.5099747407083967,1.570295513321641,-2.4596671470716576,40328,127.42,0
0.23501846968562548,-1.5739673030388006,0.796712560021292,-0.4563559273521088,1.2384714183393877,0.3997648905175969,-0.23503767692050673,1.2749079447504033,54159,51.05,0
0.2818650491711575,1.4483281387108378,0.35207955370693533,-0.17902796588550668,-0.7850440673775239,-0.8325312876007627,0.7811351042807543,-0.2877957239393374,141787,126.47,0
-0.1335896669003642,0.8746674972771028,-0.96746112160168,-1.92899405301583,1.1460277143092417,-1.312649255290208,0.92185037042883,0.14123276247086622,64570,48.82,0
0.3000735046672947,-0.5169282608621684,-0.738144068839076,0.22427828109070927,-0.9267390378003573,-0.4268805676707039,-0.5313454903849577,2.4260467839819433,140107,100.54,0
1.6998330137637852,3.4896476094098703,-0.31731233288599736,-0.3863782404371976,-1.6382959142023927,-1.6499153920277536,-0.8572519004509404,-0.44500348253773475,56420,29.53,0
1.3078093293580548,-1.4341183975528777,0.4492577560788731,0.5471794809536353,-0.29129178663612193,0.6221351865315605,-0.18803751483960232,0.7952768100390041,55562,81.79,0
0.26587890548810433,-1.147398115828347,-1.4430078278286844,1.8104758657701332,-1.3821519397216522,-0.6366824837233288,-0.02037145790291696,-2.0824007059021814,140590,1.79,0
-1.542905916430457,1.4888234065525099,1.0015732432904914,0.3140356648928301,-2.84691935088947,-0.3382614529341441,1.9126292260983657,0.47701146657114507,157005,39.5,0
0.5678703623375408,0.8091143329550596,-0.10906419583791718,0.12269806874485811,0.12036976627681863,-1.2333694817101266,-0.07333400222239998,0.24189379463840782,46070,45.14,0
0.5425504194667361,0.7598415910251017,-0.1715988192928658,0.25539001395239175,-0.00625549512670774,-0.6502438572743189,0.328233974214244,-0.7054183479219049,40136,112.0,0
1.0865475053353093,1.278105515715721,-1.8437650396033447,-1.9653706586658257,-0.4846603077438663,0.4745738380413656,-0.37462587730009245,-0.19975731124565704,153971,61.08,0
-0.4151432062275096,0.878350973555174,0.5933920193305219,0.34628703854941273,-0.12141669663590306,0.9875783832143038,0.6343595192908289,-1.459913746235491,138812,69.62,0
-0.9219939021599475,0.13817726481206005,0.7631358416507277,-0.14133492579830162,0.24425766747543023,1.0018763842730547,-0.9545961756992686,0.17779127177116533,43574,48.01,0
0.08327786700026973,-0.8522661909803393,0.40601933967979664,-0.42993201418066335,0.3176096345450723,0.6039212068414063,1.9071034133448856,0.47087742836615704,60368,29.54,0
1.1459404226025305,-1.3699556620469897,1.5769303192952826,-0.022575369904033048,-1.0386781665039493,0.8407585893371537,0.5081505616764663,0.41571378683290666,138306,14.48,0
0.889563675057157,0.10691421276993877,-0.13685192852986058,-0.22556247838096438,-0.4001376378530022,-0.24193362930049625,1.3875896801940337,-1.7642225586347025,145321,31.74,0
-0.5197772682535587,-0.17322484326322593,-1.151579177797465,0.9469184737353108,0.15855321728211086,-0.42540410954929025,-0.30833021995069865,-0.009021880573374906,139663,35.4,0
-0.7752694619753632,2.1470984705430554,-0.26050775328163955,0.8990096064679136,-1.0926284944280082,0.7212779118743922,-0.7172063638014581,-1.393146084046777,45283,11.39,0
-0.7389766845937729,-0.7452172837276045,0.013988115887712862,2.121315929734298,1.2854023401596286,1.0980235492601698,-1.3719413505485563,0.14510379388362948,127825,189.55,0
0.6556527467898757,0.8513220780419217,-1.6564788068539793,1.6769642777043654,1.187093255437758,-1.0461305400378227,1.4520928219006812,1.91095210095876,145022,36.18,0
-0.2703753708003552,0.516814952030189,0.7399352865699343,-0.3704082785529956,1.999663601134363,-0.5703290551384997,0.018016763321688806,-1.622325924918163,49574,33.77,0
0.6991883786529121,0.08675888582924589,0.504653440534112,0.19759538225999923,1.0508385454367086,-0.2791394381123184,-0.3325791068855909,1.178068240281266,48319,69.47,0
0.2173557941119708,-1.7677208646053852,1.0622968819112963,-0.6448953238382149,0.30284483926723055,0.4884741510318143,-0.5539640453607017,-0.798260928865737,151263,7.17,0
-0.1471281994866689,-0.14376482982319452,-1.3564904709114587,-0.524540605744346,1.6681387227003148,-0.5569401497269761,-0.3445528450564312,0.23323134354486824,41537,22.55,0
1.2109790885537954,0.8932208965905577,-0.1030505568430583,2.744883763436378,0.23608081723398489,-1.4831287180314727,0.6930275814098769,1.0923904615133004,117015,55.74,0
-0.5028168114348751,-0.5073638399920278,-1.6499193554429952,-0.1230162170899825,2.1650147377779896,-2.502545724922949,-2.224186459580011,0.05748148392994192,138605,43.27,0
1.5825329035420392,0.4354068432349463,0.49532997123797984,0.4058651906757535,-1.6003632083550927,-1.5120296871209038,0.5981045954289331,0.7102303173291972,140393,32.86,0
-1.5409110345761,0.8624595706832601,-0.016925360062132133,-1.7592428208018804,1.431823830485541,1.9632517053263625,0.30119066010534645,0.4270832747850396,68816,26.41,0
0.6277017664358089,-1.0352451030549035,2.7346121791828772,-1.4039316191987166,0.39325273440512815,-1.7130994234911923,-2.172233457019003,0.23208080388840882,133941,19.16,0
-0.2226203012928689,-0.16994805125933865,-0.3967659903165779,0.5382178117506523,0.28734015749656094,0.9796468642954557,-0.11119735389192996,1.2599986078764804,148213,125.95,0
-0.14950386604346233,-1.855838633223472,1.546764758859813,0.2520228282191018,0.1783868724911428,0.22508151058362016,-1.8842585808102013,0.8968857900164349,157827,63.12,0
-0.24925945353565676,0.5542145773353822,0.14400159860051107,-3.0115170297965044,-1.029160894944958,-0.36348228927255455,-0.650424134950882,-0.20284240610949456,144879,33.49,0
-0.40560776855304514,-1.195957140365753,-0.7817766044299014,0.9893963651399512,-0.9607724946584025,1.1985851801753986,-0.20152935000314823,-1.7935510763802687,44435,88.5,0
-0.8455197243616107,1.0790080077520154,0.7629670600100316,2.6497525162875464,-0.6233002646096351,-2.236653551028492,-1.8909070105856916,-0.2061035033115166,55728,92.86,0
0.2077997827576764,0.8231710105585494,-0.13080610876552373,-0.5666049539441838,0.11967904986594737,-0.205023466771399,-1.070681609193382,-2.3803802241468044,44374,29.59,0
-2.491704285088563,1.0702078210054886,-0.03574669172284337,-1.8225612664959643,0.6011955497379203,-0.3460998520212975,-0.3502236446660728,0.5269183427657358,60348,212.3,0
-0.9303475169440543,-1.9167937745454071,-0.7458940228953925,0.5734480783388831,1.0018687521198386,-0.956396344590414,0.5208602350477702,0.35142076879295836,58237,59.14,0
-0.6133865042135246,1.5716207904882062,1.2586333405031742,0.008479777436482074,0.06160938637731035,-0.8460417197294041,-0.6373394013771815,-1.1353963408262207,116489,35.7,0
-0.11447062098488715,-0.47246533890313686,0.14188753308478902,0.15582445619193952,1.2687603855263652,-0.6108094048888454,-0.11108386934003987,1.6478369003263997,61669,76.33,0
-0.25039088407859167,0.0933045347897627,-0.7944012086398788,-0.10220881330062143,0.9498845395324536,-0.5438848934061631,-0.3669375048745982,-1.1685652041160768,38199,1.93,0
-0.786250951185374,1.126909684703219,0.67707208884533,-0.015687459758462027,-0.13679182482424398,0.31661088485229333,0.38219921192012235,1.2611455222174035,59503,8.58,0
1.8935531411818436,0.5218207249502249,0.4958798289313351,-1.8915145217239222,1.2854896436250673,-1.038461602786839,-0.03635387128408412,-0.7041913444726992,74292,17.36,0
0.46895307749900134,0.7364232704410211,0.2793821131893332,0.1952155100157702,0.5231585112954728,-0.7524809856944117,-0.6309890418409916,0.4625905226769539,70486,238.59,0
-1.72383445100243,1.1764522011048124,0.48470175022428375,0.7696302903444611,0.251069560976945,-0.8053575966500807,-0.31684321911156244,-0.5005395085832681,104186,48.11,0
-0.9458622060320331,-1.3968268089029212,-1.1613216099874735,-0.812158366879187,2.021956153595149,-0.8033123783225156,-0.5217709255908219,-0.2343103308969935,153980,100.44,0
-0.0759376371707834,0.5216414117302741,0.6197561240663594,0.11729186796425152,-0.3900291866578486,1.1061329954666246,-1.7153192688490282,1.30179276664542,137711,97.36,0
-0.9528239661171313,0.8277389887818016,0.2410654012350828,-1.4598149207340623,-0.36147653153871095,0.14465139154044984,0.30015797644704756,1.0331771413689799,114485,7.46,0
0.014667372685599258,-0.6717136568774156,0.578809109784556,-2.2041733854125187,-1.662199495723507,-0.596758318019291,0.5188439229401117,0.22159801813674082,44312,47.87,0
-0.4373589958363501,-1.6602588094063724,-0.5121672247377044,-0.9709273003792803,-0.42094303520425447,1.5193015234489577,1.432412305882499,-0.26085119239245047,149160,30.5,0
-0.04150659407009333,-0.2686974230328262,-1.586935264145139,0.6476867185108032,0.8526789563321066,-1.1503304334716815,-1.1512475875975778,0.35176720169185216,50379,3.47,0
-1.2063527618181018,2.757725954602999,0.15648603882961526,-0.24309887933819999,0.16858596771481743,-1.4756878692166442,0.23405488426840085,-0.7931050236445718,45206,30.26,0
-0.5174571950804094,0.7694281045202713,-2.3947719930737597,-0.08248661122830968,1.3709559344858788,0.32701235828269937,-1.5336858334078363,2.4275702999638202,66254,7.07,0
0.5827858540321198,2.014194322354516,-1.149914414500833,-0.23093733744925501,1.3527081646970955,-0.4153992328349966,0.33238948905545945,0.6392940877220978,42174,26.65,0
-0.7161200239944692,0.5652765679538522,-0.7872417635982557,0.10908178730315976,-0.04889590601737045,-0.6187852084677103,-0.3149343750576112,-0.643470079955464,38688,91.87,0
-1.9445655907071975,0.903975266533829,0.6170975781620696,1.5579662209952843,0.38071296012208705,-1.506496957289635,0.1519280778415598,0.18440296602234224,62421,45.82,0
0.7840896324124739,0.44817732718093745,-0.01295434828290414,0.5873557717532321,-2.021536284703223,1.4755796296880372,-0.13255731964008563,-0.7349673486767199,52161,60.37,0
-1.285521538905022,1.6646241001299642,-0.05227032124933677,-0.11325758530007418,0.3336730652212124,0.406496821028469,-0.6853123866911897,0.2364729810237871,152921,2.53,0
1.1574907312024982,-0.3448460335875565,-0.9840314172504463,0.5212773722162125,-0.15213588679357515,0.24991899402434054,0.7111257601086451,-0.5791240421355486,144240,131.42,0
1.117196164341796,-0.011743152021564887,-0.13209497695624803,0.339507768372794,1.6355002972234984,-0.6051852775304685,1.0394249952586816,-0.8175862116629818,56462,68.3,0
0.8891430275673704,1.1917511255579984,-1.4251690613784223,-0.12638905361647146,0.3296308281952898,0.720314425174431,0.5265829791630156,-0.8510776176758198,42444,183.68,0
1.1431321070127851,0.8395380907605915,0.4449663219675768,-0.40575187676865054,1.1056475867588516,0.8348705013643479,-0.24595705136739915,-1.917491134790412,133094,46.48,0
-1.3364935140440128,1.227970943055365,-1.2030051948597167,2.5159282896144184,0.6622027454040935,-2.2170903800627295,1.2169336386008252,-0.46209353482900384,39742,63.46,0
1.1866651930127499,1.0477801300897203,-1.0250255632951026,0.4263009144475635,0.4614858526635109,1.7676121937292786,0.7928565152153644,-0.6270502704234734,133231,7.29,0
1.9165032067183303,0.24203206460620047,-1.7692700822987766,0.22959336928257906,0.17440874856108765,0.6049138271835687,2.6369468365793396,-0.5365706858945376,66580,65.32,0
-0.6478663502827561,-0.663365493156185,0.2990043630020602,1.17796932762242,-1.093860825742101,-0.8286300925654805,0.2730450407874882,-1.4399239364429703,55585,15.65,0
-2.668109740383045,-0.24280647346959372,-1.232289057543133,0.3131514454163819,1.4140757954421868,0.27574936560039187,-0.07427304034485137,-0.5201120536283088,160610,28.45,0
-0.6984683861879015,0.5369241427209965,-0.27490686575695167,1.9443424248075885,0.24717881678503698,-0.8719787646078538,-0.9926127004807073,1.6666916152778857,137064,109.4,0
0.11669856322580324,0.7509916217780057,-0.1612166055924357,-0.47443040864975816,-1.3596195472716661,1.6813349111565896,-0.022411863793875927,-0.4521430175905827,134375,20.23,0
0.20578143777242455,-2.116146239986127,0.4370449951288117,-0.4723443664530787,-0.06267376250895734,-1.1688719805411683,-0.10226078706942304,1.679199664937084,162741,11.22,0
-0.4311196118354267,-0.45777528655866717,1.0166347609738913,-0.20817951940460028,0.22784871949665128,0.9594940161521518,0.7325778590957543,0.2912593095041641,48140,50.24,0
0.32182531690305866,0.7382769297595176,0.05778692255120951,-1.7405680221379598,-0.9078707185012147,0.3674109330134797,-1.5981448473704678,2.532939708888838,142787,6.56,0
-0.06236290358699814,0.005979165119640644,0.7449605020598109,-0.21136613769576523,-0.2452756754396417,-0.3530857277739499,0.24438990216649084,0.5417277067815929,59413,10.0,0
0.47733145642319164,1.0313160619334916,0.7432521056230499,-0.0713906357151618,-0.002662187982655652,1.285693270572076,0.581920189438312,1.755181004032714,151798,16.21,0
-0.5899572407132415,-0.6611672154991697,-0.804898451803074,2.0971146418260345,-0.6306266596307407,1.0921054397584757,0.16373562008086287,-0.3553717615301998,128208,35.95,0
0.05543162062247801,0.8594422345792445,2.0277983081515254,-0.9033489868217847,-0.6980338618326907,0.0859935135008984,0.31337689344272374,-0.5342305584107867,52347,52.45,0
1.294306841586699,0.22443584018444024,0.20164515308832143,-1.4286051173443923,-0.6860730917882604,0.18400166944295385,-0.6743343305729491,1.4519697761212649,54409,29.3,0
-0.46429371765015387,-0.7016145511515355,0.23183441454276477,0.6130268648028797,0.7863622702468117,-0.08146992267017157,-0.21005426989511491,0.8541283077125921,61514,26.97,0
0.8246118918944878,-1.0262521028457736,0.17872558704137873,-0.7440885884548817,1.272325727453191,-1.0261413579041632,-1.757674116513481,-0.5868492842653994,140834,105.47,0
-0.6595915038863804,0.17727015250844574,0.10044449685978103,0.6116357854983389,1.244147403639742,0.028666540368652703,0.06773039361612657,1.1128842530120984,37102,56.78,0
-1.0246668185919239,-2.380093285291376,-0.25566436531289205,-0.9179815653380345,-0.4363477566161217,-2.0468394754142314,-0.3207679773372678,0.37235420561846644,52304,72.06,0
1.314220585264144,0.33883513526701114,-0.5299547266707065,-1.5713425742226215,0.8745466192015411,0.11743656960918189,-0.39402474224177564,-0.5411597452250768,127959,48.44,0
1.565472896741901,0.5911984899696527,0.11769459051769166,-1.0272305860107176,0.7406220795643924,-0.36248549180193806,-1.0114418938244474,0.722575140173243,31613,10.47,0
0.2685323189287194,-1.181056275629766,-1.7901523661966843,1.264294587115343,-0.06362406685235351,-0.8658042625918827,-0.7196651691755729,1.298344096105355,48836,113.11,0
0.42823494801635187,-0.19226081222583638,-0.42620890025907093,-1.4461027280185585,-0.08092556095859624,0.20512930073540334,-1.3703374640003054,1.0811274741199504,85762,4.2,0
1.5302259798257085,0.9266044053924978,-1.2923688530915083,1.107840860588388,0.3262957093474423,0.4541486278418283,2.4955792278548445,0.24658715743754112,64123,23.79,0
-1.6983798596450652,-0.28892201256274863,1.5291861234707007,-0.27544846536480916,0.09647282113420927,1.602610771879153,-0.14282304795941597,0.259006159256651,52834,6.95,0
-0.802291759439247,-0.8457187997995367,0.07434583692665198,0.21981695672620566,0.6794772644271136,-0.7269556212753336,1.518076104634662,0.5105553765734492,139743,97.65,0
-0.048503738881541046,0.6850285116024386,-1.1608753835345478,-0.6192083098733188,-1.1382653130914655,-0.7195594881298769,-0.3474135430478375,-1.2479772382679153,120973,40.39,0
0.15550226682904103,1.601103195075975,-0.18704423472664133,0.4722707451579004,0.2778694659933112,-0.081181246086054,0.8585742724022308,0.7481928656348664,34688,100.66,0
0.7120866908232284,-1.0920198815100792,0.2643978357949209,-0.31378400152615615,-1.0014569984883395,0.46655576863854786,1.362183987649751,-0.5952589205695472,61973,2.91,0
0.41920953525240867,-0.8577521941784454,0.9194100960186868,-1.8362378636160253,-0.1309167330290219,0.1344724379186453,1.1121073053035333,-1.4402431004514702,139846,61.76,0
-0.10709166596234368,0.4533494357699631,-1.4602987128991458,-0.7051013286576789,0.03297556749766598,-1.2602511289205744,0.39231870634580895,1.7237940278329875,39223,44.81,0
0.2798730314768611,1.4691937319712376,0.0005227782536350267,-0.1677715263343671,-1.5150295317046616,0.6397903574428867,-0.6560919809257143,-0.8606301523168409,36411,14.58,0
0.8565701137640472,0.9592674586726858,1.184700008269008,0.7098259885272638,-1.5854006369390417,0.49764481186339266,1.3769771255488261,-0.802819172916993,67859,20.71,0
0.216752569552891,0.3227157903784113,0.6109495561174697,-1.9670692451158982,-0.8750902267909169,1.4526844927183618,-1.1019812520516565,-0.7676450217688875,49405,55.28,0
-1.7457611223265659,1.5462886885825673,-0.3583616734304793,0.477852229831926,-1.1063710221857357,0.046349621718587475,0.50649653706255,0.08707129982568206,31735,58.99,0
-2.172356844699857,-0.9926851210694203,1.9554644446154932,-1.2288574848286715,-0.872039953570166,-0.7876693117004367,-0.5411287207969354,-0.019298359192072217,117458,1.95,0
-0.6784838209778663,0.5109440912254752,1.9370767369821569,-0.17492566228965598,-0.6409139483941941,0.09100439554275078,1.4912976375915024,0.5163310650994681,65901,169.77,0
0.5792129424360255,-0.9320368655873537,-0.17972636478580264,-0.35837809823226846,-1.2323125260226988,1.0937656474284883,-0.4043653256803252,-0.17554791863099908,161822,12.16,0
0.7056764063623899,-0.08168499010983353,1.0928986180299936,-0.6677613873910428,-0.8594691695737506,-0.1952963590031349,-0.1508655213896411,-0.8957239716896581,39040,19.4,0
2.172963926678247,1.3164175555987203,-0.1940812539737181,-0.42298523984677994,-0.03440788692591355,-0.7518761017504167,-0.22627359247912285,0.8209815874219656,148987,70.97,0
1.6001489317840796,-2.6702775464381614,-0.8113859400254679,0.24691339806735413,0.41802098666552523,-1.1770811017090523,-0.038521558081879674,0.01285306915560368,50282,35.52,0
1.0754134821544417,0.4518925713857754,1.0580527820016339,0.6942886254996541,0.0007684920721747997,0.09509267512097408,0.5379329052955572,-0.22318758075126302,70900,36.96,0
-0.4168601707117526,-0.41072888997746465,1.1047763680558182,2.021714986154262,-0.8722740951353968,-0.16920973832562736,0.21678207171360697,-0.9804528959686019,121720,22.01,0
-0.37990291232555723,-1.085513022674733,-1.8659362252559817,-0.31224379779611117,-0.6772866967530925,-0.20663098880251304,-0.5852251823413607,-1.0744321285875014,79631,16.53,0
1.1708665899338933,-0.7003925718068056,-0.07122360502853667,-2.0907917079175693,-0.6872486084709567,0.6348126948438366,0.47492222977623033,0.43642200149151894,74661,27.46,0
1.0747579284755795,-0.8085664227695495,0.8248542846368827,-0.6403178899598609,0.18938925585734243,-0.813881063416992,0.19614960565382805,2.27758806132199,43188,82.32,0
0.8307571709013057,0.5422910241858707,0.2978660058140575,-0.6667236839087579,0.8507370485590988,-0.6968842027998349,-0.2919133219387593,-0.8616532129042705,139478,121.83,0
-0.5682055742081584,-0.9237022554878763,1.355614377373964,0.7924135352849436,-0.789141819804924,0.06409320282321493,-1.3918927300953639,-0.4778938340167973,38656,66.68,0
-0.484833187016143,0.1641250672625595,-0.45592721187519997,1.0773642933156529,-0.7374476933562758,-0.8222692123223794,-0.7580836681326285,0.1770328227603528,124503,112.02,0
-1.9255290765985202,-0.9031206196229989,-0.3645278113117445,0.9575940645151664,-0.06995826676050151,-1.5133245798728518,0.0979752170640909,-0.45252585595720035,129164,45.79,0
-0.4503149195797453,0.38384766030332435,1.602925556137629,1.1531673006883945,0.3644269526142977,0.9360488611748049,-0.4234734117480865,-0.6298799021126296,150485,9.22,0
-0.34036115758350893,0.8250094747659392,0.960686230691646,-1.988633229582207,-1.2897876866609967,1.1992125415975634,0.47498907718038735,0.18175230782212465,41618,205.3,0
0.5187846455784433,-1.6410081961979222,0.6385795591670874,-0.4856854436871016,2.209466789802954,-0.30049738935540643,0.19453705809943997,0.14471957467845872,143147,42.53,0
-1.234475437568455,0.665172116819818,0.8179587840774201,0.9180920315144305,0.007269833344320656,-1.156071630649999,-0.7149089189917941,0.5986418637940408,39107,46.38,0
-0.2338392154025494,1.1347147783600553,1.5221593573539332,1.4980708365056445,1.1507284376473899,2.075428852538187,0.45536127307056407,0.4699388998158728,42946,10.39,0
-1.1650919900191739,0.3971447904801207,-0.007022733199157341,1.8058393309556298,1.258801404077131,-0.10071650551539083,-0.028313064977350266,-1.136573980880068,58300,15.01,0
-0.760651829016339,-1.1972388392996314,2.0595428218659446,0.1875297603029304,0.9383503130243317,0.20949624772827988,1.0503174060369804,0.07917846297497264,67772,6.21,0
0.47239550951664644,-0.9812892195649797,0.17084745245859206,0.7421061750501907,-0.7263961576667599,-1.0798413238410987,-0.08944393318294085,1.550308659476166,138245,6.48,0
-0.373277325237172,-1.5718854266391313,0.10445918547440662,0.38483300286835387,0.6434533119000633,1.5737755823380535,0.06350937596691547,-1.1526211620143818,42235,54.48,0
-0.21754509866343177,-0.43693788556501895,1.2399826514443972,-0.3119619170428646,0.49073221434771075,0.24605159047975825,-1.2372897612513647,-1.0872122438443816,148995,44.01,0
0.5110841022189655,0.06924158573420543,-0.11292238591849917,-0.641255454642761,-0.5128693873895583,1.1885016384434408,-1.0168567573806147,0.05361439691571757,139494,24.6,0
-0.031991096536398415,-1.076939252665135,-1.4306993716118372,0.10518365956392356,-1.1235103453834479,-0.29554480125901383,-1.9045245195686462,0.35441226171086265,143219,39.25,0
0.5620721671812241,-0.04169063232594463,0.5592710027474893,0.9175598104530225,-1.2577629585617285,1.096313912250664,-0.05781160271659436,1.4581998588132654,46845,37.06,0
-0.7937623561225059,1.2551573545761385,0.4270156844843581,0.18917140511628602,0.387814930043519,0.6037639040200237,0.6182687654642024,-0.8170068430346321,72938,39.33,0
-2.9982071584904135,-0.40471705118231993,2.766497489123994,1.2709411935773276,-0.9921847276391071,-0.514685383424769,-0.5210292768318966,1.3985322446780686,35291,58.65,0
-0.7782094653198977,0.1870790165356641,0.7907615427170663,-0.2389297812278815,-1.9430539080866776,-0.5285736823679213,-1.160405269580228,0.5617248575447243,144367,48.43,0
0.7020504838600158,1.6851671320478099,0.22734486471158466,-0.6644311950343323,-1.0083631615496809,1.4602281797389625,1.6971114804731318,-0.44847523098891556,129594,95.03,0
-0.8720447837669989,-0.4858480641962549,0.7960933282373293,-1.108840316510399,-0.5028880191155224,1.0565024037150348,-0.5860882971225088,0.028735578583817197,50438,44.82,0
-0.2180348652584187,-0.21043261620486342,2.030628031814223,0.2525563677161317,0.32745857091635683,0.062179376566069255,-1.4968285624708924,-0.17728934099075325,141398,60.67,0
-0.9528589185752819,0.7870010148738621,1.151489992406439,-1.8217532411701218,1.47353826693768,1.1229122087162564,-1.053348875999905,1.161312785444086,128918,76.5,0
-1.3229762501826992,0.8861745128713493,0.3159186002178483,-0.6141058137917638,0.0549802542786626,0.12917398378931033,1.177608219477032,-1.2162941816228117,65501,46.71,0
-1.6771488774994348,-1.0192841150098697,0.5640910993814007,2.172438621558828,-0.7112168334479686,2.4357318594418893,0.131956147396246,-1.96725566380081,169181,56.73,0
2.2594321350986166,1.5004280297346428,-0.1694919708072041,1.284803699871247,-0.5724848065451609,0.9545186119264573,-1.3789187098739666,0.3564902917835151,49522,102.72,0
0.15163477940817363,-0.9425754319909965,-0.7633569134830759,-1.8491844262661106,0.7872676660296659,0.2121639462900121,0.28926376021656436,-0.025166187405987618,138838,10.78,0
1.4367653760543493,1.570598715702115,-0.5083712215677125,2.0883588518907135,-0.27527051541435205,-0.2623295022852786,0.7130549868835803,0.34787292389939445,145915,22.65,0
1.4831397841259273,1.1765124623086014,-0.13363485915985918,-0.10702698742013013,-0.6582583061752676,-0.2452151009571865,-0.799291587452493,-0.06441424866774542,123860,27.56,0
-0.7556817884906187,0.11053146719869421,0.3555452178999193,-0.04624145594161316,-0.9225917504341027,0.46865671072922943,-1.6181200192932206,0.4064119226452679,143288,65.79,0
-0.9748431347814521,0.8006775676246267,1.1241578703019885,2.3758285960804164,0.7742086942798294,-0.6492829705183297,-0.417172620195776,-2.7134668992052617,95287,241.39,1
0.795748074688015,0.09493438426117082,1.290167096881478,-1.011711000013937,0.427858109288231,-0.5528802172976763,0.8922588929159428,-0.017629686861542936,53775,33.36,0
-0.9134777895807449,-0.0679543684224076,1.0014873092820282,-0.5023264695360324,0.41111468826661535,-0.08758257143280362,-0.903912253357971,1.40917119848684,45439,85.43,0
-0.049429040207482726,0.5076500985507231,-1.1036947701542872,0.7864785189607976,0.37145905395101597,0.08524997629284713,-0.17891184212026082,0.23105805323198284,151159,2.94,0
-0.3100481575684606,0.8899250502511665,0.013460964976476022,1.1509495807663341,0.4932752848379085,-1.2766813984967598,-0.7469420898002969,-0.4544515410068138,49667,27.28,0
0.889372088260413,1.2326702017814657,-0.22518602192551282,0.16456292936558237,0.6693013023026104,-1.1472668426306034,1.0342432932295218,1.3633340187740628,154778,40.92,0
-0.7241998869596619,-0.20804883221626627,0.7277471454115385,0.8232376852713587,-2.987287093945956,-0.6081816374939857,-0.5451908688937624,-0.043111635262210284,34712,54.34,0
-1.2099842592888688,-0.5572645582815271,-0.39854405372585106,1.129223666184021,-1.5089632828095934,1.0571031713916106,0.7896967198454862,2.242267449818157,58361,13.65,0
1.277280136392108,1.043691783547174,2.6195081966806053,1.153243750410713,0.12294491211394723,0.061256618806067475,1.735724162082895,0.32146721632981745,62950,72.29,0
0.061278043088645415,-1.0478672072542499,0.8275610343098732,1.3708395835192864,-0.33942888866705323,-0.03633093962980757,-0.807843101989764,-0.33123714425785716,148595,30.06,0
-1.5991421051070394,-1.2160959049742,0.657761203944672,1.5347775976944225,0.05523249851304364,-0.7026217584139672,-3.404486485931853,1.7038626169752848,75092,11.57,0
-0.17665088971407902,0.07157541699031217,1.3019439523367056,0.5981554288580608,0.3956430674394954,-0.7387159574762245,2.1370490998095417,-1.8383184879677352,63598,5.73,0
-1.0035049571355426,0.7892776199642229,-0.23699067338327098,0.6455000051562324,-0.785070191039866,0.8549273943948039,-0.5451506403094556,-0.27381699741966137,149420,17.45,0
-0.38614202373853346,-0.05429371752190458,0.1714731904476285,-0.4240004902682071,0.9429364077572585,-0.3278430410499731,-0.9798512387665809,0.5952355459830837,145463,34.7,0
1.0613443717528315,0.20122493102096117,2.468584893662669,0.2312763357615428,-0.43575277922749583,1.5119468308694872,-0.21068613770371605,-0.5996014488866775,73592,34.44,0
-0.7389512646388021,0.6959797788855258,-0.002164192753733,-0.13660139582686795,1.4093326071308507,-0.4464148010047224,1.0276449137069796,-0.27406050152157313,138738,19.92,0
0.20677295092171974,0.055511859552255335,0.873005119314093,0.9305889865580274,0.03589139003679363,-1.7365677341319292,-0.9792335046756597,0.7806234135090662,64911,2.97,0
-0.8909064044174912,-0.1940704844861863,1.5899196226186967,-0.6731196909745443,0.6553631212748573,-0.9767652934412705,-0.22440713636115683,-0.034376267512949386,120264,53.09,0
-0.6988097933886642,0.19915282992188413,0.1487310517137654,1.6656744188482193,0.28066588345115945,-1.3960989699880255,0.7525714953865288,0.17099774841153997,154034,65.27,0
-1.2822119030289674,0.431261371140035,0.09810777494123614,1.3500939233452363,0.5950826926233389,-1.297961656465402,-0.46205947077830695,-2.1104364863810936,138510,65.4,0
-1.4066318740320338,0.8437599628684784,0.0107888127289259,-0.8798609034173346,-1.6035310391159396,2.181078578824122,2.3052443734521595,-1.079064855035123,69185,13.85,0
-0.20984211000905195,0.01590761982389131,0.02453558675076115,-0.2687459905037352,-1.6232176949497985,-2.1550069168997035,0.7588292682758264,-0.18092202765987037,67803,66.55,0
0.08068713633081838,0.16815452153148266,-0.6359920448387054,1.6890907904110706,-0.8900314875291431,0.929177376874887,0.8129048806801721,2.403242338887389,35382,39.5,0
-0.8940985330124812,-0.47926909262823963,0.7009791296707187,0.876709626892928,-1.660402819293569,-0.695957025788982,0.7961829643967598,-1.2648613634186077,123507,43.43,0
0.392117915554187,0.8810793262529909,-0.7442747098740682,1.4234379234442338,-0.24125311871540903,-2.0487540284471115,-0.3894901037506373,0.5766803472442661,137779,32.04,0
-0.2870858663221182,-0.48523912503814143,-0.3997933544875725,-0.718633930052811,0.7737454171487219,-1.338229370477771,0.10205115731285117,0.24970880640742232,88643,38.96,0
0.9909328491049462,0.9449269960527593,0.054048139819834744,-0.6982104762422492,-0.1673044218339797,0.11662454001126092,-0.6740265472699329,1.6298691547510749,152748,62.31,0
0.2008998569215236,0.3233212470421781,2.116807270532586,-0.2622695669411927,-0.4710085428096335,-0.17454396454890916,2.367733106526023,0.15858803998240717,119017,16.2,0
-1.6500147822380906,1.6280572097965396,-0.8488369201824051,0.3008003612279226,-0.6654937466908433,0.31000114179036026,0.017869801640405466,1.1375050459938023,46039,3.7,0
0.5876918668528253,-0.8915993752020086,0.21469724970387297,1.0250873085736634,-0.8709476705336259,-1.3405349475036916,-0.7612959029780283,-0.870021317496713,140172,7.65,0
-0.03766318488847828,-0.10933974310098496,-0.9872626696658258,0.014336946592081873,-1.9908483626012297,0.2879095068363323,0.7490847068222838,-1.4487327556319372,154144,37.59,0
-1.011313323867983,-0.7091731272167465,0.2915825272079147,-0.4748870083506293,-0.13014668271343496,-0.04295655477810624,3.1478661113245225,0.712645697258235,63300,26.94,0
1.0789912372341806,0.47742316968950027,-0.23610294815963395,1.7491246480873415,-0.4172288089131072,0.05758044910658219,0.1192646528704345,0.8470042214256667,123808,30.21,0
-0.01104504924029418,-1.7671680020281333,0.4050552103951921,1.518758050139862,1.564811284641573,-1.0910032567376764,-1.1871833771523435,0.7812968795168235,48144,25.76,0
1.0008568572005276,0.9959490847605165,-1.1069941085484958,-1.085328621610617,0.7000039303832946,-0.3202184114085181,-0.9899777061742012,-1.6045081011264277,58495,7.59,0
0.0788911377631423,0.6756578710866232,-2.10685572769888,-0.059131050359578614,0.31720223715584606,1.7896306966397193,-1.1115754156117073,-1.1468596719603845,56478,84.63,0
-0.25427840834558174,-0.44446692912428465,-0.2513084311622445,-0.25264837087595193,-1.7674963247264037,1.729297670059134,-0.11268669651033993,0.01454489567150533,161700,29.04,0
1.5396346677812376,-1.2833919769583346,-0.08617765678353949,-0.8744055630644767,1.6954875051353218,2.4057542736621467,0.20986921710529222,0.49264796952469264,154345,9.29,0
-0.02013545649106862,-1.0976658146698486,1.468812473572025,-0.31077134044327254,-1.723215309226154,-0.8242292033728156,-1.958076688049661,-0.7782486555971312,125973,11.41,0
-0.3028072378232204,-0.7976070461504208,-0.46399172352089363,0.4458215778764862,-0.08600093003257334,-1.2788051970527192,-0.15581463961487377,0.40705954238266495,134149,3.74,0
0.792277363955616,-0.34506089308047905,-0.5473743536961188,0.31610818970396626,-0.5015641447430498,-3.27678377933527,-0.28075561899457957,-0.8605740227293358,44839,36.18,0
-1.4798553430192238,0.1986435513874016,2.2082504289968408,-0.7132320106245545,-0.6870450659553086,-0.20049376535647676,1.5697275392410768,-1.6524045853927698,66871,112.8,0
-1.198806507523397,0.9085640914120365,-0.09122864618283683,-1.419671568639922,1.4761371668353056,1.473679116608832,0.19244246857557917,0.022472790896279522,137990,5.13,0
0.9771223084965038,-0.3879019135131578,1.9192163961170259,0.7307143080996454,-1.2852851112428745,1.4070578975471166,0.7752462547898445,-0.467204996269618,53410,65.55,0
0.480882653933827,0.698164421750891,-0.3051622999429823,0.6837091504024939,0.4546889519536365,0.6948161429230939,-1.0300758824810878,1.2760988288178194,126082,73.64,0
1.3330827258783655,1.258026736761186,0.32942218633563486,-1.967421669348742,-1.4495136028755125,0.9696993600447235,-0.6295322093122055,1.0431382128071245,85678,40.85,0
0.5186612274319621,0.4190737988509906,0.4473683912768297,0.8738664979218692,0.8056047821256013,0.7256465773442489,-0.5246291052690485,-0.8689067041506451,153695,100.51,0
2.0376524975723016,-0.3974410946176139,2.0506786733272984,-0.07625629631593005,0.5638532050609941,0.959716177831136,1.0325174732007807,0.3390647084520556,42958,36.19,0
1.0935660999739156,1.9658049271119566,-1.6542680804679752,0.25818434026575304,0.0478813903870203,1.0114080083640147,0.49636975617957446,0.8290993374835406,47953,2.89,0
1.3954255062000651,-1.1855551171382204,0.4038085256984915,-0.4228456983827655,-0.477206022184578,-0.9286441554651748,2.5655622202043546,-0.24873936544775344,49871,37.77,0
0.0016002900986909316,1.717514928741884,-1.0525445631042083,0.47094687238593574,-1.053962330798173,-0.41163987269191477,1.132413093868646,-2.0333632233050167,65976,63.24,0
0.9939840905447994,0.18997644127482605,1.2738053552809596,-2.2503894932578596,-0.5198068281517645,-0.7406879627284342,-0.253947248475693,-1.0319977049296458,48815,10.47,0
1.307022264114787,-1.2405290658895236,0.33324561734818325,0.964518581136095,0.7678534562018082,-0.15932774283231033,-0.21710210711335431,0.8243312893468417,58912,61.17,0
-0.11803360011152218,0.6139741134196337,-2.8803714396059865,0.9099672341752603,-1.4655441619198482,-0.21838731040859818,-0.10905619546544534,-2.727878958751334,61944,56.74,0
-0.35975027620018146,0.9481345833173714,-2.1853439215208628,-0.26460307748890394,0.7281459780361283,-0.7944190034801693,-0.05458048163458176,0.04980974636464704,135312,79.32,0
0.3235660791022956,-0.11858127016198416,0.19311008656126952,-0.9123550834324898,-1.2010436643028892,-0.049951331559354994,-1.686602964904578,0.8599746660335893,43016,44.81,0
-0.573195807468886,1.1565280859800942,-0.16362745408401935,-0.34996441550588114,0.26154229042581373,-2.00580622161407,1.2135529453935023,0.7848997197486183,118565,70.25,0
-0.3897133235118464,-1.5866333790316514,-1.1867711117685276,-0.01982168622764162,0.8384836178840634,-0.4176694455192048,0.07521679877204913,0.8773678105650119,161358,23.59,0
-0.1674626849310439,-0.13005613643714392,0.9474275723138452,-0.5262396743670368,-1.024371863687437,0.4689233958878529,0.021642961342174444,1.481316515058742,34355,36.02,0
2.9939050679346657,-0.475470321019185,-0.6298253995293323,-1.3470917597063503,-0.8211914106918087,-1.5278347284597893,-1.3049738308852368,0.002246107031253011,107854,35.02,0
-0.7938815451983209,1.1998553355219186,-1.0936480333605114,-0.3580345427567648,1.6782365603832814,0.16098056037732192,0.19559742870109828,-0.10119697162161273,147828,88.33,0
-0.7448772437373951,1.0768531989502246,-1.2323820034826902,-0.7820632812396648,-1.3371319506794825,-2.408098781648478,0.5090893310575455,0.03230140103754173,144514,18.03,0
0.20461469298127857,-1.631638638695203,-2.1649149730976944,-0.7509482932764018,1.0322497697160027,0.5936443595392836,0.8461678714163661,0.09521486418110381,164596,21.61,0
-0.9872212934320279,1.3222805504945006,0.21152727293344598,0.12314878164920293,1.5447758854888347,0.8347962610901312,-0.3682700601826258,-1.5704670720510823,111019,17.34,0
-0.2860331305695146,0.13386939173181056,1.3015410333900574,-0.8446623290020688,-0.34062926852484704,0.14079553020706587,0.7613946575648367,-1.109283644262149,131110,19.41,0
0.044383319707742785,-1.3030227333934343,-1.1776646333387406,1.1392293597772343,0.28409621100952964,-0.35159317635068493,-0.4348150524133848,0.6971494580200001,143118,22.98,0
-0.6588904304869913,-0.615488470330259,-0.12798112160267308,-1.5158609927156654,0.530516545365262,-1.4332251926843564,-0.4112171600470193,0.7417912868059439,15971,56.66,0
-0.33230216733719936,0.26785411949951893,0.048256072362565704,-0.28616284841840106,0.2688462962091247,1.4298024579253763,0.4578418507196053,1.1730164245484074,103108,100.31,0
1.1485430150232032,-0.7766351599419932,2.8473738528450068,0.4034462900122984,-0.02187313754468159,1.938942130635714,-2.283035622295226,-0.2862218478597265,118995,33.99,0
0.2858839208652992,1.4962146506259353,1.366275489462013,0.21396061383558362,0.7277073002629877,0.45706723130558036,1.5285260552566722,0.20843565373784848,55307,19.65,0
-0.5974579980655979,1.4231753252506247,-0.7572348228194266,0.5882971276598016,-0.004087098501943441,-0.6572459191521357,1.317476654871791,-1.05299635418232,40505,34.62,0
-0.7616133672807998,-0.028970516886381498,0.3039834836254652,0.4727971238841712,0.9513230437775612,-1.6760723684967156,0.9702071054685926,0.8187401498195498,149863,4.21,0
-0.38347843261692277,0.2154894965889095,0.3811449841624287,-0.7890674671891644,-0.4024852348590736,0.4630567324228266,1.8384759401285735,-1.2572327625809503,58609,41.85,0
1.1224997968594315,-0.782124078988419,0.1740227716243513,1.4824136509407193,1.590495740975375,0.225090329170826,-0.5316220945888382,1.0352327547045455,71172,227.36,0
0.4016529237196372,1.721104096603201,-0.7982622082391274,-0.8396772461761868,-1.024282616095902,-0.3379879252858817,1.2653786409860053,-1.1143035846315326,146005,6.52,0
-0.3838032198614706,0.2059943036666278,-0.7562216874110345,1.063863464077885,0.04209273412478242,1.403770260315929,1.4110710623455225,-1.2816182421056763,168090,48.16,0
0.15199510207901729,-0.8346527233733336,0.6533895262270262,1.089039635500845,-1.7531663952976762,-0.819850974077027,-1.2315729280491567,1.7849316996979976,54952,109.66,0
-1.3547874322999793,0.5247567035535852,-1.0257824217710318,0.744764088542523,0.7062056361176571,-0.2968108949889015,0.2855379526408346,-0.29177131526822725,142573,59.94,0
0.7433014456690276,-0.1818134894787469,1.5683726600945145,0.3912256133152604,0.04068543470322244,-0.26144591883388696,-0.8701964329788778,0.8666055311411068,39657,3.24,0
-0.005287430485535406,-2.7137783950564103,0.3325653561696426,2.5684180336896354,0.9182061265199473,-1.9561136149549219,-0.4053975640786944,-0.19529340781933383,64637,113.93,0
-0.605716916648595,0.5381739465275096,-0.4873205361087919,-1.8411117324200659,-0.07645955083947616,1.2607253490553065,-0.33469496850826597,0.8332245281449644,162688,51.79,0
-1.0090688548495064,0.7444432413047772,1.0070535544737147,-0.039252662822034635,0.7907779113801797,-2.2312328929524994,0.42806232711134967,-1.45922635584095,64305,116.16,0
-1.4788970415048184,0.7267062769741962,-1.3086791115045566,0.36530307475015705,1.007770763671187,-1.0307078448888414,-0.6563312775701408,-0.15357238017174393,51354,54.88,0
-0.03165310929018862,-0.3468008567249493,-0.20967455865951104,-0.4039796415829191,-1.2905831653795958,-0.02297963911996511,-0.12555533555047266,-1.0089620796041867,45232,65.45,0
-5.3089840471982015,3.472488434655835,-0.07710960823382366,5.908004529077071,0.6282501984246327,0.3825982694044866,-0.8571228084613532,-2.7816331453787617,92527,448.05,1
-0.6721412733897842,-0.24308016897727405,-0.4953671777646991,-0.5010588804930958,-0.7982871671857356,1.654858434987831,0.7084473049486499,0.9560099376296091,46514,19.33,0
2.12517424763496,-0.921200094258401,0.523467228651114,-0.5368073360970408,-1.0173395232634879,0.06410564798730249,-0.868905506128622,0.5180005349190249,84235,36.95,0
1.2490528141689259,0.314910247137827,0.7196573380488229,-0.8086980818972535,-2.308983808007579,1.7439800161991104,0.16865749517180723,0.36363964397466214,122825,37.05,0
0.4946046885718085,1.5195250327211822,1.9385711004493829,-0.19171136965887972,1.5380992900021757,0.3034134014400655,0.3315634861158068,0.3953487006149237,166219,148.04,0
1.1340802960689875,0.9675318526039591,0.879987515299927,-0.6854355594395208,-0.4956604139187791,-0.8564195729613694,-0.3201930196346475,0.3827463149482212,147419,16.28,0
-0.095944506211593,1.1731521176823794,-0.9136062071809657,-0.8846486201322629,-0.78799791025996,0.12665903155703578,-0.15228111444270692,0.2865600696269515,47064,25.06,0
0.21344607598919835,1.7531945585119801,0.15558821386487437,0.5767630368056954,-0.9486279287838232,0.9848406649977343,-1.0769129773961408,0.26877864198349144,127741,30.56,0
1.6990607523969676,0.10264510297377231,0.8612234150998442,0.450257691189742,0.6941188538511088,-0.7773887684381586,0.2011890594004428,-0.06556392602974538,55986,158.66,0
-0.004319613723689217,-0.3386374823139177,-0.4547025907143782,0.62843760260301,0.4523730728589527,1.8654684653882436,-1.0245782082524253,-1.0006543501230918,63502,9.98,0
-0.9377793476344694,-1.7540689752901926,1.0924947525413211,0.2948343021026958,-0.1972470122305827,-1.6654283457428407,-0.3153275846163273,0.19222660488362056,48530,4.84,0
0.5711119171019156,1.2057208209682897,-0.7568806529501331,-0.36982890919586475,0.6354652611059752,0.7207704376564242,-0.5209609387301187,-0.6869807222637341,50559,37.2,0
-0.22194613642934027,-0.016593190138719606,-0.6216846629125732,-0.6306287475002735,-0.07194522522107176,-0.703765585547222,0.8924708638061739,0.30212618931633667,15766,274.9,0
-1.003344441047913,0.2651350362156853,0.7548120930493879,1.1034460564780086,-0.37368085568445075,-1.8495792819668748,0.05175984882750344,1.374491867446513,70053,46.99,0
0.1901479921252132,-1.6748679428926916,-1.063100153303999,-0.7187664131915567,-1.098685142409619,-0.1643459558964511,-0.9285688118003078,0.8662652183210665,68892,18.98,0
-1.974011955045982,-0.6691427506673333,-2.4809745673016015,-1.132876867847411,0.5451694612222437,0.18016214656648327,0.021404045400808237,1.1805262912317216,31091,7.67,0
-0.044779223554883764,0.18789179974112238,-0.9055814964467445,1.3700994866880023,-0.741205034638168,-0.40860821388401597,-0.3036935961063179,-3.0709889462277067,50198,25.88,0
-0.922262090055008,-0.6459985165183396,-0.7324296081475894,1.3205868829934813,-1.357285612838952,0.31389126338623136,-1.2739661854065583,0.49602345083622773,70881,69.51,0
-0.1438789640887838,-1.3438591014173284,-2.819800046532119,0.18179543979187712,-0.19874999329118861,-1.7059156902526054,-1.427021574820491,-0.26257519368053667,98945,64.19,0
0.503237403877222,0.45022163322274883,-0.43761802428654,0.939303383562338,-0.6198526283571891,0.6319871331739438,-0.03478006986894213,-0.28358716021938346,45146,8.02,0
1.9689817107991647,2.7920598747843237,-0.8834616950825707,-1.0714168799615282,0.040778665785044764,-2.2730089168923766,0.048299193935381846,2.007186216985941,109831,86.98,0
-1.514893499076297,0.3845668539420678,-0.26089226948679867,0.061097635289098715,-0.7871235503202662,0.480815773189125,-0.8239174072841009,0.07876622963734135,24720,5.35,0
0.5078794585911948,-1.2190099282619862,-0.5211914929337368,-1.6542748784139896,-0.777892655258619,-0.11437430359369352,1.6368304971053425,2.4917189395352093,135191,45.26,0
0.3590280010442123,0.11899304620601815,1.4931121992031113,-0.048007595534566926,0.8122835625302536,-0.7826787478912695,1.295009952175391,1.3803704906207237,166653,10.58,0
-0.9655773160120962,0.06100162766823187,-0.42084592972683055,0.27203470496367316,-1.323078556970002,-1.04952800948064,-1.393104836392252,-1.1504392179875975,40767,80.89,0
0.8423158597693433,0.9623918373901361,-0.9133189375396136,-0.5132899404254276,1.5165635453943205,1.0398269341784514,-1.4146852600295394,0.33525201326638343,137670,39.02,0
1.0584480526616422,-0.44750408214757015,-0.8637401707217105,0.9466565424494552,-0.7885931079847751,0.12571631683539317,1.2831217158792125,1.182803751370458,58464,21.58,0
-0.8057292957202405,0.9873105583764764,-1.129298366755425,0.8490560478830202,-0.26049697551133205,-1.584807643550946,0.42634276196723764,1.1865065897295326,134181,84.92,0
-1.0169935367119773,-0.9798181238587038,-0.5977377164962742,0.8281776314992024,-0.038782185805905596,1.1417143543646975,0.8069115054019316,-0.9916059004571481,72113,87.67,0
-1.058626185589747,-0.5192806720848727,0.8528891556381992,-0.9712733567879562,1.490869877043675,-0.9869666704946912,-1.1696120271768258,0.04651887528182232,129970,22.6,0
-0.6949640767214214,-0.988042262250959,0.1857107904158947,-1.4697894926351487,1.2028723612267171,0.9135805762143632,1.3595481664914555,-0.5272261106046283,52607,100.31,0
1.6847066314661698,-0.2098916627923187,-0.2452918869969466,0.7281157300603522,-0.31025707955379334,0.09598605681805941,0.571294192417184,-1.225375888378084,32305,34.7,0
-1.087799072413326,2.281228091401298,2.1291239025104995,-0.08553661632496694,-0.7781329362422925,-0.9422080791718273,0.4016213226919614,1.9346990356436131,23618,66.56,0
0.010064124992488934,1.3057909898658187,0.5078573152039892,-1.3966820798006963,-0.030345574329492087,0.8366727127447819,2.45749511051724,0.18541009421160418,134910,82.31,0
-1.0260908885504056,0.5455029173549144,-0.8448006587847874,-0.3970429415802741,2.0315948764306495,0.604512397290908,-0.8203086606408461,0.73210708581407,71125,3.39,0
-0.4981271602150922,-0.6764278860792328,0.6996362769517311,-0.8615331681829262,1.8405651181061153,-0.2616674882456412,0.9306886339120374,-0.20006740560382155,148963,71.55,0
-0.8051319883859205,-0.25981653389290366,-0.29444944702490183,0.5506149637757695,0.30784383291718953,-0.17659369379737352,-0.36994417856372275,0.3149101318319002,157264,41.13,0
-0.49829965850930213,0.9235104690067162,-1.7096268859464308,-0.5094324081258231,0.023355548065274342,-0.41024833270638555,-1.5182232048794178,0.9349674780255253,52038,39.38,0
-0.3407842716340556,-0.12715335859332594,0.684195874700232,0.6035492664224472,0.06539169367968953,1.085717709832663,-1.1646701198186635,0.9842251503425167,158236,64.46,0
0.4667643429409529,0.8006812873702599,0.6192709677555677,-1.381472298014441,-0.2812278132220064,-0.24004281917191647,1.3772577573199272,1.4651106183230733,67836,75.79,0
1.0460954150311486,-0.08789435804993358,-0.09982611264845484,-0.2303307847303069,0.190048732394075,0.8069484967679722,0.7772946753422697,0.49126604258014844,57688,21.79,0
0.08198313873718953,0.9487362744277312,-0.07831511029616775,-1.0386544135280786,1.1648866285390431,1.3890346755481984,0.3685796987868984,-0.98179235027287,45681,20.1,0
-0.15649669658811755,-1.2302172134785654,0.24888852314446733,-0.8065856774717746,2.2388328948848106,-0.5476546022872474,1.0257894298342158,1.5284837965498062,139117,122.66,0
-0.44434314132028907,0.2979033663239351,-1.3133070786186722,-0.716075901992217,0.9862320735263328,0.18834432636587475,2.1017300876586846,0.2676804458393133,145413,11.32,0
0.4481222517902248,0.5068765781250394,-0.5820050958852023,-0.5313748066309494,0.40528524023091667,1.7482642300112812,1.5823840283915775,0.35848010391115914,64553,42.32,0
-0.8777288488418113,-0.03843056076158956,-0.08676980933351232,1.4133148334034842,0.42937407540625566,0.4244945105469875,0.17438566553243479,0.27509325299977194,50283,10.78,0
0.20364574699238272,0.46248194827463357,-0.21566335045851215,0.5048237424354047,0.4741204131352768,1.214834172197896,0.8062617990641703,0.1546231664914941,66680,42.12,0
-0.41437145849664675,1.423479582434549,1.1526718508091924,2.3160830467035494,1.072876695191463,0.2449846527233868,0.6197617682389093,-1.0116507952756495,42396,13.75,0
0.19646875102926079,-0.9077566874743674,-0.6556053068461208,-0.5051207853795951,1.4471458278702671,0.5137683344017713,0.841858822708537,-1.8068227978401867,122745,22.47,0
-0.3987386946413775,-1.115672166074201,-0.9227196052745015,0.06841968078810651,-0.28215198503529504,0.04176899186092278,-0.2465679557857979,1.7179900781625423,147649,9.03,0
0.4631224145169881,0.896008086065963,-1.0414747797664978,0.5794829483276746,-1.1644604193033832,0.7109085660903843,-1.1029644730835066,1.2425343876081891,52344,27.06,0
-2.0504803721228244,1.3071734694181256,-1.1764324062587688,-1.0788445546315133,0.35380978019478376,0.3672814070453839,-0.5571549260687367,0.8292450573172894,19385,61.08,0
-0.5615731560429537,0.6571982828397226,0.08059288598063183,-0.17907399232725432,-0.043993674302532544,0.3940335049674712,-0.6882074598312597,-0.48186051498714544,94381,19.41,0
-0.36210958306159013,2.4634958629544514,0.09233371703212509,1.7879719072017175,0.8195669747218387,-2.5317839885438933,-0.5131642750176401,-0.07262569548993326,47099,16.99,0
-0.8215759409206211,-0.26773137316407275,1.3041243863279979,1.203151223058464,1.2470747516086254,1.0136767051953395,1.9141018075137324,0.20742236304162884,56960,50.38,0
-1.6671251290876992,-0.6222462522177966,-1.6311268757841164,-0.7778389298814684,0.01982758393870853,-1.2996228692204645,0.7867885998312973,-0.5061684555147573,77263,7.96,0
-0.28938855669567987,-1.03153822195621,-1.0565596018560588,0.10514220062067675,-0.722955799475722,-0.23021626801351616,-1.241418582359424,0.5078849014625344,46721,111.18,0
0.24472066237091306,0.18645704249327086,-0.05753903527988313,1.250785339062316,-0.21923445440355427,-0.7109901613896752,0.5204358280295998,-0.08542197573713013,125037,39.21,0
0.3286307879911466,0.6421669827612659,-0.026267003106472075,0.7869728287893385,1.286881310361468,-0.09302206463139204,1.2231443589631334,-0.9523510285431152,57701,53.49,0
-0.669888656312675,-0.17031584250799384,0.27517674629345545,-1.0301406967996292,-0.4543978940896205,1.4557453018330382,1.1359652502160158,-0.9907850957299263,2573,7.04,0
-0.8045159355384919,0.37050353601545044,1.449799144942004,1.659213251786893,-0.2933632708808101,-1.07936248640706,-0.2628648975502117,1.711492426654694,140195,37.06,0
0.8090182247210163,0.6130731592410917,0.8688216424092361,-0.855643085829593,0.5663209036543637,0.45287944975428823,1.323003438075895,-3.6195420980037047,34365,6.4,0
1.477966422348258,0.26054429416008673,-0.13333273546498936,0.2704009660221528,0.5144086825181913,0.3243556553790566,0.22845198642123898,-0.9973363402740583,135738,5.27,0
0.8207090933154355,0.9966484195262605,-0.6659090471237125,0.4988663175621038,-0.8932042295019431,0.7850741994082531,-0.13535921345504345,-0.7394262330892182,128882,9.85,0
1.0463286156962754,-1.0959924344178027,0.6319264122951593,-0.8075658147271331,-0.04415809479126799,-1.5246540564912776,0.7853767093802351,-0.15004027240982856,149833,31.1,0
0.7312478099951657,1.574469089697874,0.29225137511617855,-0.5095186144407089,-0.8297805579098811,-0.0019744958509404723,-0.03827136812711168,-2.1583619722046428,39434,39.12,0
-0.12142353779429031,0.9166647444441245,0.20956573940189588,-0.6083513003773753,-0.04795305328545191,0.5970921619170594,0.7010440394688587,0.20774325939489613,29997,17.65,0
0.341633635390885,-1.1726352466796317,-0.4974038896797018,2.416145580111269,0.9477289771643154,-0.2311014860146519,-1.2594664050534579,-1.8999858393151419,57594,2.23,0
-1.888213452142727,0.1846887721338701,0.14564174254359627,1.3422999647003018,0.13675701145500552,-0.09923652592589541,0.3151498329080307,-0.5272578380021835,141239,73.44,0
0.39082921819937216,-1.432740007430867,-0.9810787823929151,-0.34779736035438075,-2.2948626955305667,0.7079061176601448,-0.48880533660708564,0.2885704752219924,150468,121.64,0
-0.9143731597230815,-1.3072749465211728,-0.5174811419315314,0.752714345822903,-0.022985363223240927,1.1021531062723433,0.9488623129728698,-0.7498880546030106,64727,13.79,0
-0.22134816838867843,0.5519693633849005,-0.09989757926648388,1.08504181797306,1.233242982485753,1.198300439267942,-0.551876051185797,-0.5621175920759395,132081,67.32,0
-0.7248838625214434,0.15360624065227407,0.23164072178645617,1.833035607258537,1.4306450578684862,0.7942400867012512,-0.6494580326366245,0.2817497331384047,25635,265.42,0
0.0980338645813982,-1.7412246033514307,1.496343963383503,-0.10978325769364139,0.5360203040689588,-0.6346892419485618,0.44704437332167013,0.6662209663899865,112199,58.7,0
-0.16786706198111284,0.25864116920232705,0.25627962729143833,-0.7692285984720855,-0.2439077424589,-0.77709315346917,1.3833297485483524,-2.2238530623712354,149947,24.05,0
-0.23142383577160672,-0.16405720820950548,-0.24527466876541776,-0.25857520707082055,-0.3506240105517248,-1.3243782191004905,1.4622000840464575,1.4056060244573318,50700,13.09,0
1.2542998525446527,-0.282446280241114,0.8169199092313784,-0.943270974421299,-1.6156743024490388,-0.745987568012165,1.3454787008404823,0.577190133312492,155043,37.94,0
-1.0131601006204425,0.35389094021419243,-0.5779204294253065,1.6467110468075932,1.119013989030705,-0.5341441497478677,-2.3741362038255165,0.11838031606942333,98133,96.02,0
0.7417821466468216,1.7978868990521055,-1.2350010246728098,0.5668878735376816,-0.16833355043145587,2.5686361394551276,0.8819666734842938,-0.26287571351071837,127821,16.33,0
0.2693857408922945,-0.6122411248559178,-0.15512813054643254,0.16042703358080773,-1.6986906338530832,-1.1404910543593736,-1.092756492699453,0.4976743610439895,59920,29.55,0
1.9314997888715968,1.066788785210139,-0.3647532531251519,0.27712776350867846,-0.8012581691532651,0.1628303241899626,-0.8276267123420387,-0.6894738299277234,56042,133.37,0
-0.38377016042081763,1.6983800676257481,-1.2616850670251685,-0.6956990380461262,-1.3878691096785134,-0.3669808568233983,1.0041092365836957,-0.22308364361239888,143559,9.7,0
1.1750053235787046,-2.2227862474413085,-1.3019981428118588,2.165995135836517,-1.7518155771961055,-0.4376359939465013,-0.6488167802038726,-2.294046388238873,116614,63.09,0
-0.2189222734120121,-0.3104110382599766,1.28679100245301,0.014319507797229505,0.15637719199261638,-1.1564402736314159,0.7307945903136984,0.42810739345163473,38799,2.38,0
1.4044093387835221,-0.6551404667766785,1.5759199150802259,0.6363077441327248,-0.25300222681306284,-1.2847557179840838,0.33682603320518345,-0.04754727102754554,79524,68.42,0
0.4770673437093948,0.7106968339888026,0.9349095836332435,-0.20163104021858924,1.281723539594864,-1.4224580693036881,-1.129488142842377,0.48066050341510047,43832,84.85,0
1.2978844539573071,-0.1844496733531008,0.6126977170240864,0.591076235420115,-0.11042952073576444,-1.5047132730263943,-0.8274152140858166,0.7119749404149304,161937,87.11,0
0.15615683089724114,-0.3943931021675813,1.1294218894285828,0.557152744540783,-1.0756082476060034,0.36398060384964687,0.3629843997381095,1.0073841279577875,156193,235.68,0
1.1586874272609624,1.3154695990924636,-1.946762726654488,1.3933379371746046,-1.5695454425178244,0.27311332508673025,-2.0899439184379096,1.0155900027518692,27910,13.79,0
-0.18122466623230388,-0.3128459546296706,1.8270825307726926,-2.1924228382392457,0.36483057984276357,0.01702595997479192,-0.4221140997819177,0.2882305234409022,42991,44.27,0
0.3369664991546355,-0.9097198444561027,1.1887481402498932,0.0606612692340581,-0.742793976135728,0.42864714846303137,0.9558316519030654,0.31756127785667393,46716,20.98,0
-4.370780997995201,3.7150931298121015,-0.5948500196183331,2.5009591229853774,-0.8779923203735973,0.3086431109337618,-0.538319052872058,-0.7119083082154685,172237,1.0,1
-0.040331543597826224,-0.03155499995066295,0.511893244861761,-1.8588618040055669,1.2033619835581906,-1.8969873104990196,1.135915929265988,0.4340122162887452,47092,15.59,0
-0.10371291899224043,-0.14234256414661467,0.08355358524401581,-1.3489548043426323,0.6602944476793567,-0.9853673440880708,-0.3538501935617767,0.03318104121039646,115199,3.68,0
0.1565737489967365,0.877631471260267,0.8164903425759307,0.8214824391716363,-0.2756707504917144,-0.2826252795480116,-0.2073438265359958,-0.49406428586035417,142762,53.18,0
0.5193313898255505,-0.9117424436577712,1.0898590768532348,0.9723652228451584,-0.2988292793775073,-0.5639556095765369,-1.2634373244910846,-1.1647191419160472,134027,45.74,0
-0.4887530637727683,0.9084127908081175,-1.4109731352851684,-0.1755902366945623,0.7868880137776569,-1.217872568549816,-0.136959466201888,-0.16805866414140125,37668,39.0,0
0.052812202494263556,0.3516375673328582,-0.07801128822630118,0.6270286659192188,0.00032872366813150114,-2.8658299342265896,-0.9605035349648755,1.4324072576377531,109648,17.81,0
-0.7060589887612834,-0.8017900546219586,-0.021596921950878915,0.6982216281857747,-0.41185222425903956,0.5010958847730504,0.9700523871255957,-0.010544495507590497,119204,62.85,0
-0.22971559344511477,-0.6645818159304667,-1.6130781536758105,-0.4447625813337491,-0.23683145896557267,-0.21472739379050806,-0.11258146453394723,-2.2936972502275563,57303,61.52,0
1.4385706846590103,1.2556343748140675,-1.253377906686275,0.8984686446455306,-1.4382276464433355,-0.836726667056974,-1.0708552463217806,0.7380538061977432,43004,30.23,0
1.4369008236978873,0.05550297734418139,1.6662039864886182,-0.9199326011957091,0.52806087237202,-0.7389508119142079,-0.15612663879164212,-1.3323271735938402,53838,1.68,0
-0.8514515798502055,1.4094980979850957,0.19529665595685236,-1.4769688615746857,-0.49730722022471474,0.9390519244075611,-0.85287820987419,-0.9549853534635654,119840,15.87,0
0.15790359281830255,-0.12253099374123047,0.09736756030410017,-0.023913009270178615,-1.4518060141937041,0.14788356428206728,-0.8746368585087322,0.20652291384025107,56284,63.13,0
0.7159124642502951,-0.2561787961987284,1.128243853383209,0.5173645778405016,0.39376282503299637,-0.7937595206786632,0.07019287113357324,0.7555981955580108,126666,57.94,0
0.7499197918502536,-0.7270962715069241,1.0213279302000078,0.8495703396170047,1.1155904715659788,1.0238338962339093,1.9326474722666385,0.5074532959363072,150659,210.56,0
0.45393474419668606,-0.9812220934894116,-0.13808347165069612,1.3626774157921726,-1.174962126813713,-1.2533656762439653,-0.7900588425795002,2.387675315449777,147938,72.52,0
2.0950506070663057,0.587153766832767,-0.953154820223897,-0.9669167496137651,0.6377324449490915,0.8793253830200521,1.858552411625337,1.156359120559627,141978,4.71,0
-0.11199191463478315,0.7888970604642729,-0.015447092357421074,1.2540354493151413,0.29508351224696616,0.77330587312418,0.7167116015358904,1.4071139586739796,65254,39.08,0
-0.6206088421320175,-1.131355877651909,-1.15537654949297,0.24915245847302597,-2.544517182301781,-0.5103234626993076,-0.9686695016832657,-0.057251567746186574,3972,99.67,0
0.1747107327585474,-0.15570133146750337,0.488069922184174,-0.08577062087132668,-1.0639853219121502,0.24560856061515476,0.1856061628575985,0.01726325765466288,140601,5.57,0
1.0650855965154253,-1.7156633468929383,2.097642321240189,0.40980504680096347,-1.1054579147516785,0.22863727001558692,0.6867709178905875,-0.48888208746321704,54585,3.02,0
-0.20694265952511098,-0.5883973472357426,1.1711618481218093,1.0385605581135338,-0.051595886695763676,0.5175309627246585,0.6437137296826219,2.1752668788798832,55487,28.36,0
-0.20399214199160456,-0.8078001402941781,-1.6685228463907964,1.1523527580717836,0.6841165509829463,0.3567047586511974,0.648876605460992,1.2366948496854253,47687,38.23,0
-1.166784011636973,0.48331525140240184,-1.450298652231408,-0.08967813622614215,-0.5670896123895226,-0.7157445302384678,1.1009365849732322,-1.0740704325566688,143801,22.92,0
-0.6241397846931521,-0.3635417963485797,-1.5924438420485312,-0.1035826112295476,-0.44578641611171954,-0.062505069855955,0.8997508708177484,0.30347928390381684,56039,233.04,0
0.3509995917697252,0.55396892568194,0.33762153050386134,-0.02668113383841335,-0.9905749882082076,-0.11180928233577364,-1.8658857479785826,0.4875580051653644,156762,46.03,0
0.003765192921094363,0.5936430625864056,-0.4046294671205223,-0.7125939812219163,0.06691186683146255,0.467646303811111,-0.009633234581542041,1.8929024579513867,31903,29.04,0
-0.07051869299831703,0.18496192708549483,-1.1052340683795763,0.858860697014663,0.21190033541756872,0.5244765096507347,0.6799686647978321,2.4257629980549185,43948,102.52,0
-0.4592261105352324,-1.706489127679997,1.3176976819723825,-0.7977414984564859,1.2735407305469741,0.6972281793958297,0.28715950949617813,-0.0409166103546503,52028,26.2,0
-0.3168564131420692,-2.4318519399599183,1.3408996019688921,0.43200023052785114,-1.2507322884010401,0.370877903455671,0.20006183306625508,1.3110883441523247,62983,70.2,0
0.61985858519431,0.10463667341252465,1.1765339923524958,-2.1215423351147153,0.8247968150470852,-2.174626318230609,-0.6266685561142114,0.7304589756528234,41834,35.67,0
0.4089399369195717,-0.9773384063677255,0.07659950585737534,-0.006822978148699728,0.5348460475524828,-1.0684619473136496,0.9254864804778089,-2.890122453054197,139210,44.55,0
0.018001590590386005,1.463446309757374,1.1639167682711786,0.6875534584954869,0.9103035963769524,-0.03743872616698321,0.948161853489166,-0.1523018215145934,110027,155.35,0
-0.9636560275624995,-0.30645832682935026,-0.9122099018042182,0.7201674382073684,-0.2777353888664926,0.934970358025097,-0.2829038616022471,0.7170790290656974,44785,8.79,0
-0.841611577887965,1.2126070532914888,1.0419498938411955,1.667066148357472,1.3513305471076535,1.0589160358952834,-0.7512417207677052,0.65902862649258,130284,90.57,0
-0.17466257074191122,-0.0009702598400190204,1.014228714041373,0.5284941544012095,1.6481134879661918,0.6764867121084341,0.25865940430287326,-0.49213413468457073,158768,2.13,0
0.38911495434451604,0.43104563832533926,1.845339877174641,0.9959989643864737,-0.11678633986612308,-0.40394699351913865,-0.6801300148897855,-0.45978281176458946,125824,81.23,0
0.6675224006934214,-0.48410010377848545,-1.9275278247405399,0.6540207067412719,0.3227738388477753,0.9674980638174202,0.08409346127968315,2.4198903511556504,84639,6.61,0
-0.5352565043459787,0.297202667967532,1.2410975398237594,1.8376506071242478,0.48962548993457117,-0.5950639413436138,0.9693687406421202,-1.5109847952125421,65031,29.4,0
0.7271073735155452,1.5075674538069848,2.3613010227878575,0.025567818794591177,0.6162438096985431,-0.6115805703465956,-0.8873987088908116,-1.6858236362126073,56651,36.96,0
-0.000623176899871723,-1.3973132971889952,0.3892787315217377,0.7319562774900421,0.348985033294006,-0.20150889736848634,0.5903439118771275,0.23662352181409577,59695,36.79,0
0.4303070519692193,-1.6540563056332669,-1.1553676051924804,-0.37643681196459466,0.1037542328834521,-0.7616694815223946,0.2835332159087708,-0.5233075666240563,125671,28.6,0
0.5253345186576145,1.2141053309790966,0.09558746591787572,-0.9031484735142554,-0.05242938699152785,-0.9672257347016394,-0.502808721084607,0.3853739692814738,144613,20.94,0
0.41478028883819845,1.5689449551832566,-1.3619197717673195,0.399195611254287,1.2909707492525146,0.6156410745396291,0.33202460207993795,0.5403627172551217,47658,53.61,0
-1.6947505248528592,1.810534841351558,-0.9067927155209334,0.26294077876109573,-0.9488789445761757,3.77748997612812,0.14942137069267467,-0.6146877925374229,130635,13.31,0
0.16999604147217434,0.06116488315665739,1.587225753825556,-0.9681310092523677,-1.0406595794171818,-0.908793467195573,0.3453222574703249,0.05343175265543497,122532,73.46,0
-1.3289683564502022,-0.7675706478861412,0.12910574042228698,-0.8715063590800407,1.2863148690981667,-1.0458163185834688,-0.6047807860317715,0.8497309956221186,123062,47.52,0
-0.6628840017580324,-0.07885122871536702,0.6689246720235412,0.21130226209907305,0.7859953420780464,-0.006584901928737488,0.818079653113804,-0.30892288774790855,56642,84.67,0
-1.1963968132969558,-0.7645247468154729,0.1901344783643719,0.04348889368533632,-0.7544488031293985,0.17616343937783766,1.1581871546177318,0.05564794305153445,49604,53.21,0
0.763906115115755,2.3186361455856903,1.099402136397429,-0.18506892447392834,0.34954317574885135,1.133349498663249,-0.09653475992636701,0.5584137625391673,71828,35.11,0
0.13845703861398054,-0.225906424775555,-0.1513825677355871,1.5642813694308688,0.09571420709270953,0.5497511461771262,0.4739921275988617,0.2180785729448001,127969,13.54,0
-0.2661927947000407,-0.15189170528911575,0.26704547023449804,-2.119932071030424,-0.1614392729105887,0.46931411454535055,-0.08493697488208515,-0.28941265643077585,40104,71.22,0
0.801144509143694,-1.3860835570301215,-0.9706301712397732,-0.9403781948567044,0.3830549243600665,0.525852901140747,-0.8822412826425028,0.4284003870882928,58139,2.37,0
0.19627625742978883,0.7054357467408582,-0.9180264422595715,1.2418411551582156,-0.5963393477491515,-0.760235216803198,-1.7806202871464176,0.26879942587475,125014,22.37,0
0.8211067539633902,2.085327800717563,-1.6837276933113343,0.7309593663135436,1.0643735818970168,0.4517422157590722,-1.3503178098315267,0.25325862226729384,151709,67.73,0
0.2922835491473586,-1.4311206794061546,-0.7994866684017155,0.6604757604660975,-0.23193708750900865,-0.8695967026601985,1.2157409882520154,0.3087620597087254,129554,60.98,0
-1.0962592742623543,-1.1931075981837675,-0.8539529683154105,-2.4291063532855874,-0.22758902769451578,0.6497833191499514,0.2459864621848263,-0.37804792868035936,46348,62.99,0
-0.4544948082740418,-0.6782601510170385,0.7091963390938627,-0.9402725207262186,-1.4727216635064109,-0.9503616822842258,1.4401632843452936,-0.5804286550495991,135286,30.36,0
0.09500576593824374,-0.6923126169717498,0.7172434606840445,0.21590907401445647,-1.672731364163467,0.2947669488713626,1.7151111167020967,-0.1527913390166114,57819,44.55,0
0.6410334961088529,0.658946637999563,-0.9713063214772985,0.9167143143948583,-0.08555907201421552,0.0832339154329449,-1.3156355724993027,-1.2852732593959424,135239,10.45,0
1.0250593926252292,-0.09086768085739949,-1.1203981119008073,0.9523204023308188,-2.105580831204928,-1.5757242629982147,2.129155862409928,0.1463059745402124,141451,68.13,0
-1.2474980720058162,-0.005730239406494193,-2.234362823186886,-0.9521658577918439,-0.23153433600889511,-0.7659255326944483,-0.3349255705408661,0.28550339122255247,146945,20.77,0
1.385956912695749,-0.22358852086256426,-0.4563558512976354,1.510528594372151,-0.19187116032465745,-0.07208246696003798,0.4851711953872952,0.6442930025685438,28510,2.3,0
-0.1935850767035002,-1.3857866564051906,0.08589594564948416,-0.37880447408405254,-0.8647049285599683,-1.7801367478958465,-0.7917777765180062,-0.18059969476112828,167385,21.1,0
-0.6027293487803754,1.3424074146459246,-0.07467471010404506,-1.3802817263790528,-0.26381528299564994,1.1246654557934046,-0.8700521195089783,-1.561694506799495,41737,20.39,0
1.6283726661846143,-0.4049950631084379,-0.9200038439787906,1.2468004288037897,-1.5876334993771493,0.06423065021120866,-0.6800736199957746,0.606245583989073,74659,79.48,0
0.305688053424423,-0.7191378629104167,2.4469797088451535,-0.5138704678359602,1.5243983395076335,0.36598177970564444,-1.0329641121254982,-1.48182895717741,50292,109.13,0
0.2990312353775464,1.1148650741210326,-0.8073874478948168,-2.0643542123709713,-0.4019978054182741,0.8140689101851362,1.338187546711778,-0.6026408903422645,122744,50.01,0
-0.7914462781195728,-1.3585956693694345,0.9744794898149292,2.137103224046334,-0.4102152967441877,-1.8018528073773772,1.5512977869912485,-0.889187221280699,147752,28.87,0
-1.5081435589422487,-0.4050481742120308,-1.6144584500181622,-1.0410147149012337,-0.6112780984258034,-0.2707317099162857,0.3533560507336402,0.7017652482376401,61438,11.86,0
0.5504734465910978,-0.6087563460167199,-1.379738639655971,0.28913055635731016,0.33760210128486684,0.4353291496551277,0.45017099864848087,0.42286036715484554,65695,81.96,0
-0.04503586902643703,-1.527926934030883,0.1965078801296687,0.3085070504943777,-0.0030008532534668187,-0.03684589771331989,0.9421938229169484,-0.15404515153751167,147271,150.7,0
-1.6435062844882267,0.4297907257672019,-0.8406157818114738,1.9914906616219616,-0.009186722084718239,-0.19609381090859254,1.5190065863804083,1.2085809090430115,11407,4.31,0
0.002384174157035986,0.14610720311835204,-1.7367716673060574,0.47355096891061726,0.0493547773511246,-2.670832157687745,-0.8558702819124414,-0.7895223833167812,59493,2.91,0
1.0997392171229299,0.21860492211260504,-0.3464420702492803,-0.08301290494362026,0.14762654906205658,-0.38754125472536616,0.3219237629316539,-0.5056328964768184,65134,7.04,0
0.6950751080610457,0.17481734991455514,1.513559210992294,-0.8649459744745971,-0.2330426630219333,1.0659934359656962,-0.9156209051196368,1.0307494163525688,155397,20.64,0
-0.9287661602998989,-0.5612225364476682,0.6031525267991301,0.3115945929281678,-0.7621261590455147,1.0770321280921011,-1.1086109478920856,-0.5224833467303333,65070,116.23,0
-0.49045060161708165,0.027714685555839957,-0.6903061758479233,-1.3152697721611506,-0.6346858018032945,-0.2825697910420186,-0.10526079957994038,-0.5964287460436514,97619,12.0,0
-1.0736192517113603,-0.30332521534691,-1.6405688669682532,-0.9310008554407949,-0.3201284512639716,-0.25309937479855726,0.9164169779172757,0.821851746517181,109958,141.52,0
0.23464299200492514,-0.19311231176413504,0.42682134783831294,-1.124735859521162,-1.5243840579495052,0.6681930988506292,0.8257658566857069,-0.8412203833097454,56416,68.47,0
1.0431569904424538,-0.13298784178270312,1.355983938274237,-0.05463425504853037,0.139404713858681,-0.1280927531568601,-0.17743125866686524,-0.07109087441774685,39512,111.86,0
-1.4548240134453456,2.393057807432366,2.2683157308541295,-1.701767901220665,-1.5143151627463607,-0.5122981026038843,1.1071297146067134,0.6251963354967265,134140,45.87,0
-0.8654303305198421,-0.0034814477074669183,-0.5198897749573944,0.5970450280653958,0.2455596594917614,1.8536426945792763,-0.2918341047721134,1.9309709037563128,107258,3.46,0
-0.742058629539597,-0.08982636829985184,-0.7630470511247682,1.4143631395379919,-1.0825744339076548,-1.0081486660013108,0.06793043342601428,-1.1670821311111277,164236,56.06,0
0.5969809306267065,-0.15283274987031953,-1.272620580982833,-0.4710435676328277,-1.5136321923549891,-0.4901656502040073,-0.9718283065958225,0.31092758187767466,69478,15.49,0
0.019562315452243646,-0.8052695482975325,0.49622606565813854,0.7921809780374763,-0.3342279761698407,0.4113921759466968,-0.4800225868398668,-1.7420113904787051,48126,77.71,0
-0.2259233598985263,-0.005238546391732276,-1.2041772697679547,0.0845785755895087,1.6260870847719722,0.42639219779797266,2.2300841406761114,0.5297464666749454,31430,207.5,0
-1.609053751436337,0.3741286524354697,0.16552258511136855,0.5650780455326779,-0.9550285379714056,-0.6990268077477451,0.9884959699784608,1.0309769978001706,90678,41.53,0
-0.9615886473756089,-0.5341300664163301,-0.20863304238805255,-0.24234966248529272,-0.8269753338636444,0.5866902165538467,-0.061060034599068974,0.21752508164952852,33387,177.1,0
-1.8312586378117337,-0.6951026620765272,0.7093673945834129,0.39576180425807006,0.15968796121003587,1.4842990909183178,0.30452974933012356,-0.5771548375561611,134150,10.05,0
0.4894678090248247,1.3877020946386085,-1.1388758468756992,-0.1493337252898789,0.11335017582949332,0.19340294655922602,0.07420057737922293,-0.03666394057438371,142141,50.42,0
1.325008415040945,1.1703639901696528,0.3595033911541852,-0.1405208266792237,-0.017886393970536037,1.527589195953661,-0.8415979652038246,0.4661507173983512,139684,35.05,0
-1.8022935880914683,0.28800157815704625,0.5750942236724284,-0.3364082200955769,2.4861793836548407,-0.47715844421789483,-0.6254595995792619,0.44377295864373467,112718,11.69,0
-2.0268435600783112,-2.386962512396891,-0.16933311925996614,-0.9980150601758414,-0.48559442823376925,1.4373654557831081,0.5167589873799469,-0.013818224460045408,50379,26.44,0
-1.4717346231414614,-1.5589884492808643,0.8024411940177971,1.3124307513001066,1.7143526950000292,0.8066254628576988,-0.13416419743204944,0.09588052608234324,71020,16.11,0
0.17597808900561476,-1.5066441222537537,-0.7348740666403528,-0.8430385264380745,-0.4634083344985053,0.11197676608075031,0.30628765064639657,-2.3679392654336255,152669,14.71,0
-1.3432754656024626,-0.6271151258390896,-0.5251545685480037,-0.37637887366684747,0.9035708455644584,1.4819336305172603,0.9700415995548561,2.4782926464335775,147565,24.14,0
1.489580084758466,-1.462368528470791,-0.984543984303426,-1.5562338893126808,-0.9252223065948284,-1.636018327359986,0.10818787854789104,-0.8928883269092323,141478,12.11,0
0.6124842102978152,-1.8900392636050203,-1.4457999022463426,-0.669228389697547,-0.2849934417508762,0.6014773275666383,-1.0142181770395167,1.317711726208887,57355,114.15,0
-0.7015031691673075,-0.9654904335328867,0.7979223988069204,0.7129005475938257,0.08130485995001856,-0.6778139810943514,-0.881154074853033,-0.6156228655161685,136161,33.73,0
0.15309736370952454,0.6780476622262605,0.4069271513487329,-0.8395764658218267,-0.5784151292320896,-1.1209533870724313,-1.2284203522494033,0.03448246532393126,19418,71.27,0
0.44750729229583835,1.0484363157296008,-1.267003993467794,-1.52551800382772,0.84547457958272,-0.6466026658807033,0.7464756601362561,1.711151468597531,54289,28.74,0
-0.07404767418586326,0.8888158156776133,-0.2610242137334429,-0.29017553939790663,-1.2535245487700224,-0.5294424436870959,0.24497690164503388,-0.5878859834269099,51652,21.28,0
-0.18060531719234085,-0.8045158852914841,1.425027911669431,1.0141644877635565,0.443420050686932,1.3568021601969253,0.47443518218912434,-0.3031004905443506,126414,20.29,0
0.866667972710888,-1.552057420833088,2.012702003274775,-0.26068895753618293,0.37219113166017515,-1.0283191044212305,1.0413959156385686,0.233851074905884,133293,73.67,0
-1.0316331886516883,0.5998570357206638,-0.3260433490922656,0.3177614259144631,-2.6148328012218207,0.6900234774085708,-0.5920048762976348,-1.0052580917948395,95560,31.14,0
-1.0577218158944102,0.9173936617671699,-1.176130063115247,1.344567184572063,-0.8489621870395251,1.3997680386718916,-0.8242523887865132,-2.362634916715719,89177,21.21,0
0.5030430729300687,1.1538503286751487,-1.5256057812375408,-0.17075610395341734,-0.9193833883602578,0.5473289608244607,-0.30732577924764165,0.8146621175453816,141074,28.26,0
-0.06367233118124566,-1.0812925874059522,-0.4672260805863436,0.024271273364256385,-0.938255986298988,-1.300232648112902,-1.2246521213550066,0.6156741453384391,68836,72.78,0
1.3187013557682354,0.5099516667426873,-0.030578532411292016,2.0612454684605774,0.8232475017125183,0.5547322169891947,-0.6826060722180601,-1.1466430836672743,64705,16.52,0
1.1574771270866617,0.6616269948379886,0.1392973241256974,-0.7392727673300735,0.2724742960964822,-0.5103000349233029,1.1046165654402151,-1.2873851521510717,62921,96.29,0
0.4966233119694473,0.9826502471123822,0.8894135604139836,-0.5519412664239335,0.8711815285904906,1.0317966614850234,0.31072092333422824,0.13647660791200458,46705,206.74,0
0.45566094096078064,-0.6534223787482349,-0.7475148235000917,0.16655025760340794,0.2602565636236518,0.8712843018855585,-0.26136191679311443,-0.10578146487814596,81937,71.01,0
0.042683916697649246,0.23985786755252853,-0.09339912363941687,-0.41913289763778894,-0.14771317435002804,0.305129853797735,0.6206684153913268,2.7364447661344182,56639,37.7,0
-0.12974561840678214,2.8892266547507153,-0.4624870310253116,-0.0893765461906576,0.21815459842078405,0.2731550441553249,1.0431645166676666,1.9212547448902826,62882,83.11,0
-2.0881408032680624,0.13741534816662102,-0.451383447825011,-0.3147302326467557,-0.37093575298319087,-1.8306019225686045,2.563775372330827,-0.6938095791961822,115783,14.97,0
0.40659391293881797,0.6693918197274806,0.5178290546920915,0.8290195638708655,-0.9328118064103031,0.1900858233931888,1.0074186779447727,1.1157209628287266,49092,16.81,0
-0.3825468151370136,-0.9379904718585524,0.4427213922066657,-0.18115429106513675,1.7730780059286768,-0.670426588369926,-1.0396030667268645,0.2967397631334794,32876,2.42,0
-0.35162445006356874,-0.08859742879342436,-0.495214188900822,1.0155002672566504,0.48305243410380566,-1.522602919131543,0.9011798655114219,0.5904023582183862,36835,5.12,0
-0.9358601243220269,0.18368584047782305,1.7952998499742554,1.1640884672478229,0.6101631021813781,0.9941969198371566,0.5163843535359429,0.22870921745755982,126373,27.22,0
0.342399349995849,1.0825103927622437,-1.5473356864655803,0.8327488885850196,-0.3371069725385019,0.3368430229165376,-0.9190197910689418,-0.9805463271163027,39700,103.21,0
0.7808237382213008,-0.17114888851899596,-0.16512868043737916,-0.056346707091878126,0.5641543678758697,-0.8190228525040167,0.560385861285075,0.1127118785912505,131320,184.9,0
1.1388441955670172,0.584468636528773,1.8691466973360094,-0.6425663523439302,0.7949858675289933,0.4012397233056292,-0.7545590200313839,0.9567260850464652,27915,25.3,0
-0.5281982385575966,1.9601742859913796,0.5547825213178135,1.1762967582743005,-0.6048265525295793,-0.8425373669722094,0.52142168750878,0.08389376324072735,40417,7.37,0
-0.8170060074639116,0.6389743917776214,-1.4739119963281588,0.7808075600869208,0.5296891081501497,2.0554157406451323,1.8030124437669164,-0.7979215887038205,59052,20.78,0
-0.5408719337955787,-1.603635619067949,-0.5196381375391759,-0.2657541289917294,0.5701430451663813,-1.1879578340948467,0.6426198040322313,-1.2046573302742045,126543,39.13,0
0.5601805946419994,-1.3410629185022043,0.802050798745937,-0.6777812957224372,0.44790847806652906,-0.9180347085799313,-0.18046606314813946,-0.06769678047648515,60940,119.66,0
-0.8998951101966419,0.12266835850388248,0.5699599675524344,-0.3703875574639123,0.8606765054114242,-0.8567604220241312,1.5623544204169286,-0.3147356733103721,136396,74.73,0
-0.6379100458798016,-1.1955365827568385,1.663008799827479,1.1468696729868453,0.24339178005686352,-0.11024642755911838,0.8925043744913601,-1.0015099950086042,56231,55.67,0
0.3508125447617444,-0.3170115963039382,0.5364826679839999,-1.0476688835075363,0.23375000909849744,-0.9534926779120234,-2.001022705380958,-1.4105209723313414,124461,23.12,0
0.09885345132280321,-1.6094182526400143,0.9149527589082515,0.6657298385121133,-0.15343101000930126,-0.2900482465090856,-0.11057082292878055,1.561794592651808,5828,3.21,0
2.397103598867367,1.296023768716349,-2.0569961393503458,2.520783372894506,0.6640085992939947,-0.2646788306983342,1.4763887095906,-2.553124804720991,139967,14.55,0
0.02737247869320873,0.3216893700802989,0.9149082035567687,-1.138854967307,0.47438303898169265,-1.970911088659686,0.862356164470016,-0.3847560032107115,82960,190.52,0
-0.6059139716243815,-1.109872978488819,-0.739270870623477,-0.7897694532153167,-0.5097835166710376,-0.251436752473494,0.11468115925651041,-0.8455233915853783,149939,59.39,0
-0.8564609105871785,0.6484564959587702,-0.2967240129935167,0.05877595092145416,1.4088553081678725,-0.5411934825506218,1.1427849929859886,-0.3421971342212584,157795,23.29,0
0.10379032017232058,-0.7839139321077652,0.26585844321199104,-0.24323921472729046,-0.6570561973455599,0.11529017698344701,0.8875284721626011,-1.519099722665058,145208,7.1,0
0.855743443556822,-0.35939703589379485,-1.6178728457544937,0.03254010128724651,-0.8511516934635965,-0.2493477004934708,-0.19210455654989575,0.845482284145223,144309,39.62,0
-0.8612728703928975,-1.7481878472406622,1.1692196043476297,-0.18016619384139337,0.7480869472432111,-0.3091434841489421,0.5427958505501123,2.326189058863616,136052,2.82,0
0.2545033263183586,0.3867727269880238,-1.2934149626438847,0.4105636346998406,0.7042901513259018,-1.530756380621681,-0.2694735026445033,-0.3075198787906491,120957,181.73,0
-1.1374375978982871,-0.2790697626307946,1.0204171042758499,0.6302631921393548,-1.067317262253217,1.1774498490358725,-0.33060532393348474,-1.0727239712568517,133813,35.67,0
-0.4485512631549293,0.6263950496936282,-1.5810759011726632,-0.6416311415032268,0.38793259315894624,0.6310375731823286,0.7485606973228963,-0.06887222262839292,34031,9.71,0
-1.601440052477868,-0.6651943684645465,0.8635893559200984,-0.6519497788555446,-0.041082239274284706,0.1281404230120102,0.31609675546062715,1.5645751121996672,145817,7.59,0
0.3019073715335394,-0.3256632213160001,-0.4681576748475779,-1.9003008344173675,1.4658451589835841,-0.3832646883357892,1.474971431581151,-0.09624754594503522,123722,49.7,0
-0.4761830908294774,0.24629291981450555,-0.9761230202446771,0.9055533340413967,-0.8055712587634938,1.6662184062068108,-1.346156823063033,-0.3048175767714185,129176,6.09,0
-0.05138634876077526,0.06315898092739342,-0.9237327001380672,0.20221816839128218,0.9447098594186951,-0.24061278002207293,1.5804399376622695,0.903066165684259,19373,66.04,0
-0.18467900856019348,-0.8905470784917315,0.5207672613793343,1.0663414263445505,-1.0838239352756998,0.7184953503893395,0.28819566917861184,-0.11060936905197921,136792,13.78,0
0.18820208842281722,1.8350049552611885,-0.374661562507252,-1.0948903856770922,1.5993508708140063,0.6045303061799301,1.393802351143269,0.8813644317524277,140904,54.28,0
0.9235668296835473,0.9471789930820095,-0.31416997312314,1.0873525591224313,-0.1625916895925469,-0.42877950921619246,0.08619229141517691,-1.4094633732674011,48451,58.01,0
-0.5038292785851718,-0.14206641362575345,-1.0809064022972348,2.3250685817919767,-0.7351761285088744,0.6527957835644723,-1.28564246083918,-0.25445846357591556,48077,6.77,0
1.5828092713363926,1.2498152878598012,0.13769562787397982,1.6588500470173637,2.302859433167354,0.18127779894355706,-0.9905643493123883,1.3119365767016014,92118,40.45,0
-2.256643046318989,0.20808486425573608,-0.4037273326619602,0.810279120301311,-0.27999306880781855,-0.5760504607606073,0.9358800728775721,1.278986415660654,59734,8.14,0
-2.1712598863330697,-0.3444996127920073,0.1344083177832034,-1.000704475846368,-0.07559600901760259,1.1140773658507868,0.08920107043815123,-0.7385687365197625,35272,21.57,0
0.8756587780480651,-0.6715570267228398,0.09556573185377724,-1.9708683229526507,0.7042147019139049,-0.8462670218672196,-0.3559507195127225,-0.10988575139774204,78283,151.96,0
0.5517911190550536,0.06111730269761683,1.1804283572479357,0.1779210100791577,-0.6382929251113144,-1.8579760248927368,-1.780103237122918,-0.23801962011695701,157049,100.09,0
-2.2346725088567534,0.16623942385030702,-0.03930276577701433,-0.6390807138509774,-0.49893246278230674,0.5191473007237983,-1.8840938135279106,1.2807805569703996,134841,86.49,0
0.39251491808002564,-0.31562378300665983,-2.2955650441516853,-0.03843581734672485,-1.241529374368818,1.2714890648841282,1.2784062939240168,-0.8359976884415627,159152,63.62,0
-0.27664090930542495,-0.5710793027684546,-1.360115713423864,-0.00859491539426787,1.2453533120556632,-0.12380952482787257,-0.5017990264337873,-0.7572358488882398,133271,77.31,0
0.8107661294645466,-0.5053709598950633,-0.4793371492894499,0.5214286810986274,-0.9383146967261886,-0.12068414101154831,0.18694414733816103,-0.39041937997244563,161235,46.33,0
0.6214924412460225,0.6924286554874821,-2.4321171123557908,0.5299224195988913,-0.07902673719877122,0.4356330166871184,-0.48129790816646234,1.4544323963099108,60135,112.58,0
-0.9896952395176519,-0.6289804092048148,0.5323947223602453,0.5363612026353547,3.408050705845994,-0.30867957190051903,0.09136966439671572,1.931733004669761,151418,106.13,0
-0.48700055589077146,0.3038877592858257,1.2793526763660894,-0.3993263833797075,1.21972587292093,-0.11565343298540094,0.33892938479967777,-0.11710405608922823,148940,5.72,0
-0.43424365833952616,-1.226120589990021,0.6502983286661091,-0.5022785153356242,1.0638771944630885,0.8758769005013488,0.7063054789610856,-0.7769866082144622,59802,5.08,0
-1.5405648471699953,-1.0153750936338888,-1.361595637494555,1.6139728961165494,-1.0691842616617775,0.5873623377346844,0.4871151585370705,-1.4657157213148404,152714,26.77,0
-0.6271633534245972,0.19016562933390152,-1.8153595446618547,-0.5229135055032638,4.015577587568882,-1.5411028050824367,-0.38029244040818166,0.28810817569539,64972,47.59,0
0.37399189718965514,-0.45665949945719814,0.13107567090983643,-0.9549438903603723,-0.11360785593882658,-0.9484347823765741,0.5120742696801868,-0.2789475067880877,119425,37.14,0
0.5785853082125527,-2.3836212600507434,1.137453907923797,-1.7128076130966914,-0.48416050526859233,1.3899850432724044,-2.233605245995567,-0.0868038020675589,140720,102.93,0
-0.7971678583239015,-1.1277953002826995,0.4905616021347358,-0.07142214550230727,-0.34688747321586216,-1.355325367600197,1.317170386033056,0.2516379537047984,70805,43.82,0
-0.3357569972543998,-1.43794707822637,-1.2847196787072912,0.019908071839124162,-0.28940228870609325,0.13170798321650928,-1.328637152955969,0.3832248878794881,63382,80.99,0
-0.08308800314950383,-1.2030760107564613,-0.4873689446800402,0.16127459380310194,-0.5387411578546822,0.292168651847224,-0.13520951313015353,-0.14292023225737802,47968,80.49,0
0.24088560019550218,-0.5535820109362976,0.10861135804182094,-1.1765479739412434,0.7796750143719668,0.12463934394784838,-1.0018987506741357,0.35972292514357795,42174,81.09,0
-0.7779691636196633,0.8498565017378237,1.1413282628968906,1.3595966254836545,-1.4435428374975543,0.7227104989853911,0.6469899448872997,-0.4150706082877433,141726,42.05,0
0.173594816444725,-0.44831327504372454,-0.7808804109046579,-1.0947801900189507,0.5965138147719378,-0.6578858506873694,1.1959762233609808,1.5891672432416373,140179,185.54,0
-1.3852792761495434,-2.2683765890810235,1.2477951333243353,-1.7534828074989222,1.098952490692836,-1.4191153488724682,0.6410897387207227,-0.7397923769493204,126888,36.52,0
-0.20709681153663623,1.3269940334879096,-0.956623632107696,-0.3556773472480454,-0.21570397772861039,1.950914171273827,-0.30593985378884925,-1.8854421728240518,124071,181.32,0
2.006966498107907,0.08400478748145165,0.48807307381157994,-0.554162958651255,-0.822393824799093,0.7638142057397639,1.195638802099669,-0.9937670401660683,125276,1.84,0
0.8843368777137245,-0.20329100677449097,2.4353308057618435,-0.05666651702497275,0.015323181353039464,0.33246024251246037,-0.42072285214743493,1.384122976893811,49405,52.7,0
-0.10928838450262579,-1.288790996710457,-0.1211476627775129,-1.0657418566779662,1.4033648833051102,-0.14762841804836316,-1.1391807645224268,-1.05101794475283,66463,65.67,0
1.522696973515837,-0.1864599430161923,0.1490311263440168,-0.31871610879204393,0.5197392453656917,1.0331737607434923,-1.1910931621995946,-0.70616220682207,75820,23.84,0
-0.6065667262392622,0.5683900166935717,0.43798542235555277,-0.9249230203786495,1.6245849793808549,-0.7000702516112512,-0.8352470621876973,-1.1608584019964325,57527,75.93,0
-0.008700474217072448,0.1750031493596938,-0.658912210679532,-0.6621303616466295,-0.8559795494497051,-0.5402764049154657,-0.9941263385090796,1.1130520662789434,53015,6.49,0
-1.1194340052362721,-1.834185840771083,0.15956821781565017,-0.8222502796666334,-0.2182168030638116,1.0248428772384521,0.5650003172991891,0.5581370014269681,47635,10.3,0
0.14017779282533163,1.9794304046319755,1.8213352854535978,-0.9241070847029174,-1.3914568365021531,0.3510169210571343,0.7129994507829288,0.7193346254938805,161959,39.97,0
0.07759846984107813,0.36984069075304565,-0.7662030903453688,-1.148276834394577,-1.154616824354365,-1.198926071463697,0.3586747060511434,2.013698349534853,136874,4.78,0
-1.1450029482625237,0.5893522400232133,-0.34827543774282926,1.1729786718672706,0.306800768428188,-0.8953971409301126,-0.9457798547986705,-1.8767610606257386,52680,5.04,0
0.930037197223281,-1.0485724682482491,0.20767478048424776,0.477662138095501,-1.076931746256939,0.7060941340718802,2.4297560258036457,1.3652260676801675,90165,8.96,0
-1.4949782387626431,0.9731986969018226,-2.010657325280877,-0.8490612961262416,-0.4317743279329833,2.1434843878526117,-0.10079716865163538,0.31646249880928584,50777,36.86,0
0.619745189361392,0.08449659425665561,0.35239236207840746,0.11843364606229889,1.0493655970176463,-0.556254964143223,-0.4429908994405326,0.6894329817648569,74986,38.72,0
0.08895827748441346,0.9251955701286678,1.1375254116246398,-0.6796876991236342,0.11034845518126885,-0.7441806264614472,0.0230481290192027,-0.6343054211580423,158297,25.9,0
-1.948639717064872,0.5493684067168111,0.6217997497991662,-0.13339316151681835,-0.3503182225740149,-1.0814704385107858,0.33237349579373326,-1.6421833549680238,49479,11.56,0
0.20469585913677396,1.0709996607916195,0.7837820407584202,2.004698609344382,0.25941246073775687,1.452635333476702,0.09511996898559305,-0.1194984581539616,145128,84.34,0
1.3550555185550113,-0.7492000233201684,0.6237249382252461,0.35174242836635594,-0.38684282791662244,0.2793890204719731,0.0373883072796486,0.7421724871663239,49751,3.13,0
0.6294212470834306,-0.006310363664730578,1.440599892079389,0.8291414805583857,-0.34590472220400376,-0.04954601779552097,1.2938846414336787,1.433214850447274,54264,54.11,0
1.3619780358924758,0.567779666721561,0.11655245836773115,-2.9014021990377965,0.3836594883156338,-0.08725442501173378,-1.0730147863862958,-0.06710353479706199,37003,87.66,0
-0.40661894506453433,0.6119036661702267,0.080601799015813,0.3894400177170319,-0.3240334108451713,-0.3656113189940691,-0.7344400000857142,0.7089682397369979,135038,65.81,0
1.0599993420345382,1.4299883285629795,0.2373124765888611,-1.4011217533344462,-0.47003086227413904,1.1705159275516719,0.822112164426151,-1.0337184259334702,133444,144.46,0
0.4218232861742496,-2.263094540589073,2.04525862507221,1.2494372807460705,-1.5937953901893809,0.30504568636554646,-0.24155410045358058,0.15502186714025215,57572,17.42,0
0.4540350958756309,1.7168459305521968,-1.0382307304919214,0.7758975489914652,0.5472504430673867,-0.23045290172181426,-0.22598734951128918,0.923178305622918,140037,8.77,0
0.5885494654165118,-0.963011153546463,0.7194026287636303,1.7084299329741544,-0.07227681360088177,0.4028077054164936,0.8253810052152363,-0.16682139481482025,50929,19.01,0
-0.5593494798043172,-1.2976255371808256,0.7847740305269084,0.9674163511946909,-0.38713757665058196,-0.5006813998088716,-0.698273796231372,-0.4503654144104354,53107,34.36,0
-0.86160286982359,-0.09937865682882698,-0.7973560118206172,0.2521145560345647,0.5257944397663744,2.299318545632966,-0.931359667759277,1.32615314293943,140491,5.15,0
-1.3375412276845933,0.2437142886649801,-0.8692304761865953,1.5694575612109847,1.8147664467436453,1.542463147143427,-0.9208964251540327,0.6563938365917632,136940,50.54,0
1.2805886515098586,-0.285979524303491,0.7840926056698645,-0.17393200475067314,-0.3848473253121096,0.42903115706677153,-0.46677194413858153,-0.6273530986434562,58614,65.91,0
1.047721513366406,-0.0436018408644324,-1.4101437091261866,0.6840206307305157,0.5278150759262772,0.21702392733453021,0.7732002167157405,-0.368580588740128,52528,15.22,0
-1.043642451317968,-0.4181995040455589,1.0904731679783315,-0.5727231446676828,-3.0675679052146356,-0.6552251665230566,-0.33314899703979195,-0.3550730503493899,53074,22.59,0
0.4059039074912256,-0.12281677654758526,0.5028573552529232,0.10435641266922732,0.26278405327329146,-1.7887786134097827,0.22606467859913312,1.0424755948501037,65268,30.54,0
-0.4625983328395942,1.8662730762681676,-0.7542681612914635,-0.12678330663866985,2.15073068849605,0.4286371027612596,0.8596300943629369,-0.642324717499428,167824,227.16,0
1.4105803987732242,-0.7091398766342952,-0.16883219817952008,0.6256003295579746,0.31784095752490377,0.5599642402758171,0.5335366393000435,0.5248666105286669,104327,28.58,0
0.5994445248268956,0.495005745754151,-1.8630039475308429,0.4288445484125269,1.1791038701339815,0.9886747995748207,0.3771498386252876,0.1480521375853986,151465,30.83,0
-0.09812351479334705,-1.7922601534430354,-0.6539282123408054,2.3104894641520115,0.6002835688955223,0.6841005402151132,-0.49506598450569805,-0.10211627880549702,54890,58.26,0
1.12064383772712,-1.3443134631369473,0.6022606327135062,-0.35756612275877214,0.8473772637043029,0.3689690849508507,-0.4176715999873412,-0.09375738149296191,145514,163.56,0
-2.445501818777408,1.0427734290537183,0.6489268148335212,-0.08696733966185365,-0.8986518055575433,-0.21352064547127908,-1.72966945566746,0.11450500428267311,27026,7.82,0
-0.26331776171002075,-0.3984633461339107,0.4892880395795887,-1.8931864022127036,-0.19134974835630528,0.987057182020705,-0.18480432550280562,0.007012679347772802,61434,49.62,0
0.7052834899766558,0.7319262453856865,-0.08857025731884294,-0.13859424920308436,0.0008206283430316763,0.560270477118585,1.1211554231851428,-0.33687345270658386,74920,18.12,0
-0.7820325307227537,1.2341081459693235,-1.0188440016226032,0.015742043728397413,0.45905454675314394,0.6763974131161492,-0.6742882344131461,0.5463303308965042,136983,6.52,0
-0.7767754904485318,0.16852298459508547,1.6244582607906681,0.31209259665437933,0.9829156729259871,0.22139788871662439,-0.07099387987882448,-1.8412304588217907,124065,86.14,0
0.32656143033812945,1.2824920372746025,0.3766353761798157,-0.25215685083557865,0.8307939231033094,1.0001008972055816,-0.3033469188198543,-0.14595299782903404,5987,44.6,0
0.04529044729486691,-0.4940926662760314,-0.6213834467477355,0.8491543040802064,-0.2404251346503542,0.3622350395549847,-0.28806388987016773,1.1739456577013931,148167,142.29,0
-0.5001728963344029,-0.966791392143745,-1.200896915316309,0.3183437485672687,-0.7293804269874766,1.5952569046545833,0.14285198258438137,0.49450855724379483,42667,3.93,0
-1.743141611705264,-1.1150495740284185,-1.109677126049779,-0.28616807676614336,-0.8411058835078666,0.6228865064845825,-0.28547157705138326,0.8747900923969386,10939,39.3,0
0.887315709963142,0.9991087453710152,0.9165652227744854,0.04969759300267658,-0.9747994493933962,-0.31861317113880944,0.023194115226810665,1.546182362620166,41702,29.02,0
-2.1717897779299458,0.6237286420648555,-0.5369565585966835,-2.031516515587131,-1.4043117947169172,0.10914568481212247,-0.6873144943830085,-0.8126030093629041,28038,47.01,0
-3.6271320651801364,3.283827901978621,0.6185485935626389,3.743659778125512,-0.2332361883490549,-0.13259221543009592,0.509375784332922,-2.8729895153010787,100044,1.0,1
-0.21613375733764045,-0.7296255742245161,0.8591717726737769,0.290784992124041,1.443800714439614,1.1679695222734725,0.3004482839259974,-0.7220111875796321,135760,64.34,0
-1.056376933724575,-0.7429485292895363,-0.8358998448289297,0.6413431487042155,-0.3873750091504811,-0.2538217965108646,-1.8351471917961568,0.9882457432798246,27216,157.59,0
0.16324071979047453,-0.48462243196962657,1.0320470013704224,-1.5796027909225994,1.2115942276594733,2.020502819187027,0.580669294577903,-1.1627960696376092,25354,6.58,0
0.5847421138296525,1.2964824003794249,0.3477000694374117,-0.16597827671448354,-1.8132677198081766,-0.0672074553891799,-0.7572159955020733,-0.5941390935081277,42542,50.5,0
-0.2729317488715198,1.1531470408515592,0.3654836175818708,-2.0247049742915477,-0.26075308314271844,-0.9579428620696152,0.8327959517701663,0.8880586507902017,50211,15.44,0
0.2674270295974748,-0.13157034208652155,1.4503620284890586,0.6319117536302533,0.11566495588273362,0.908564506863392,0.12856159561763905,1.116689641377125,79733,21.7,0
-2.454257736119428,0.36005534926138993,0.6039999885462077,0.5009194426660396,-0.2814469186233805,1.9641413489560264,0.5109866551210646,-0.41785672016313397,48272,26.65,0
0.846853693399184,0.6836197510505335,0.43261564955955617,-1.1046460168216612,-0.6510802724623264,0.2815747161325989,0.5461267413725744,-1.0456378672053173,69968,47.41,0
1.0347915138684596,1.451212646095795,0.41009703044257567,0.013051119874597268,1.0204551733602334,1.3421574458821433,-0.4657449897758282,-0.6347113670723771,50262,59.71,0
-1.4468225608014342,-1.1392944681783004,1.027303913911907,-0.7443872310126664,0.2462010276815912,-0.6930429516901676,-0.4626094085639798,-0.254900196648574,138375,62.7,0
0.23170607652740505,2.9958082334703207,1.282663504495288,0.8155769434703426,-0.4414264169643914,0.3738794813507823,0.477112671344076,-0.030838409608574407,145526,3.58,0
1.139731063786046,-1.5070489168193049,0.2625148866642362,0.07584535994468508,1.0889519658617786,-2.496939520450224,0.16974443552118787,-1.202113719311884,158770,12.16,0
-0.7769307185314624,-1.490029521556236,-0.921942594359967,-0.15991849870321942,1.3887905156920495,-0.4847038750968383,-1.4580635117825076,0.013038795664282767,144967,71.96,0
-0.784191909782542,1.2541594601571036,1.0072199973405744,-1.3718984199001882,0.7624667851941349,0.1701834391008173,0.23583492080535307,1.5555463071561142,67123,25.03,0
-0.7016634418272092,-2.545179026262459,1.0594008981788623,0.14438108398419333,-1.7403028619097403,-1.9132886811862186,-0.32205339201170485,-0.08246815403248918,60176,51.74,0
0.5178736499737164,-0.018218637610737227,0.1368231447053084,-1.1268028116167328,-0.41823002801145037,1.2620896267949249,0.4713674511992049,0.27904980286787584,146078,80.91,0
0.004425263428978111,-0.7629613250447648,1.5178998965531134,0.1467102459546241,-0.1552857721641302,0.05428427921608247,-0.6356225553810174,0.513642735018667,52743,12.2,0
-0.3660543085880708,-1.3990335234895999,-0.11666333088103126,-0.30820263475491483,0.18446691873209575,0.1682970306283031,0.9622229352798737,-0.502034343538774,142612,15.37,0
-0.3635943349263792,0.4477592456772903,0.25036176833695123,2.2169313565903024,-1.3785815503132692,0.2009265199206635,-0.4208059990422844,0.1245621231029474,46010,18.29,0
-0.5219255788528742,-0.679491937832169,-1.8596215538011787,-0.7619833021261706,-1.772863024428604,0.9335796218348111,1.0128751316555278,-0.2987892731725994,110077,23.8,0
-0.06303383623933068,-0.4225728962871125,-1.0159909252466763,0.7594630494550672,-0.2662146640146367,-1.780255725350949,0.0007647317816611873,0.019292150902305988,145407,30.51,0
-0.6255754443000665,0.7781177320106274,-0.8069907059196089,1.6473458040039297,-0.07998315398866533,-0.4308104435729651,-1.1737175865244867,0.1685950859550743,161503,71.51,0
-0.8999852593797201,1.003975000450791,1.7418830150256857,1.1668177599254037,-0.9817447655352954,0.5194510829701859,-0.9645387889718393,-0.8255071316261093,48346,17.36,0
-2.1303627708517454,1.7849827566808207,0.9979443634392972,0.1827131547940168,-0.4458793362268278,-0.36793812694029926,0.20246281841925354,0.18477356828625602,39493,75.57,0
-1.2591851483497862,-0.10391964640171426,-0.8176860793114287,-1.3979265458226404,0.038697818211871404,-0.9046192503999592,-0.33080499295534427,0.4222748889923524,38093,148.97,0
0.15883642876895818,-0.026365993827086525,-0.017862328397310376,-0.022347013246344458,1.104352796247235,0.034754328981578896,1.0174956563288131,-0.4403443634415144,27835,11.12,0
-2.5820591707634684,0.2145789262421487,-1.2844508622826205,0.3713790976173894,-0.26164355290069913,-1.0176392518337791,-0.7374053455801753,-0.7866299715542499,75979,37.73,0
0.30799607763084813,0.02875789105230488,0.32852869122605033,0.7177750263365555,-0.8882572390129613,-0.8891284998107913,0.2153683774944933,0.9646379134149315,127394,11.31,0
0.7101077460467076,-0.08757758482390676,-1.4273584371119512,-0.1787674201482074,-0.9486662238433999,-0.46362783997579016,0.08653244108015462,0.9900571107877593,68513,30.38,0
-0.6630006043353696,-1.5786641343825658,0.10705608499841902,0.01725354363364474,0.1877846184229967,-0.29991324656953067,-0.35584552928023966,0.8043338326396567,152966,28.31,0
0.8794516592358315,-0.6170608690341034,-0.9048178764165716,0.32753987189888306,0.9648503800386754,-1.2517124541912894,0.06323305868961018,-0.5187911382892219,147805,79.15,0
0.034379695425355315,-1.6213230027992545,-0.2798456496038361,1.6887478375881548,-1.8134514725239217,-0.2448520377129117,-0.5612798801075063,0.32674935433328095,55279,22.15,0
1.3493237795386412,0.573141286588014,-0.7098902401494246,-0.5850455595426111,-0.4583189327681007,-0.9984562312405588,2.8473316840496308,-0.71596222362339,47881,22.68,0
-0.9269497191993369,1.6828504795575807,-0.535738462730263,-0.6537563095861183,-0.06502829323295171,0.03192451724892769,-2.252410484148763,0.14098843161742622,151467,63.22,0
0.8561961694114114,1.7859150505740506,0.9237685116987104,-0.14199313350066947,-1.0141682361430138,1.397244481558056,0.6258846821769303,0.799801511831561,165990,53.99,0
0.04721793491655743,-1.9246482911788885,-2.4572005625656024,-0.5581328590346507,-0.8424217180679446,-0.4431525852786453,-0.20694014466338995,1.2963369711336716,134237,12.32,0
1.0506160890088896,-0.3428415621095283,-0.8611342431460113,0.8887785582838602,1.7195241141305628,0.1477845434118551,-0.8829073871423011,-0.005845600407175505,142653,141.87,0
-1.2567680144595086,-0.7774176421991921,-0.3777659733923902,-0.24223934567906757,-0.05447091709771166,-0.02490268636281973,0.6740247108298125,-1.762816222176216,75159,58.67,0
1.9766581331674054,-1.082343709838975,-0.3893512525503516,0.5030817318170461,-0.07944133590588154,-0.32503427503438553,0.013530658450042978,1.0254109266309137,138648,5.41,0
-0.2630313840357415,2.053547718542742,-0.28982226012365553,-0.386472403633482,0.7411969664286123,0.12040987784626409,-0.22212133742533816,2.165827039881135,50948,59.88,0
0.24355015967440619,0.23113762499968973,-0.3134396626938514,-0.5244964951971859,0.6087910030568547,0.3884913509085979,0.1722287125242783,-0.5643327406695412,34945,6.21,0
1.614297858189814,1.1950848896339825,-0.6852002302885737,-0.7063403777659979,-0.8778463780197555,-0.15065389859154632,-1.9132745175965902,1.3654578944989981,68806,28.63,0
0.7251026746338665,0.1292377620985098,0.9885291448497685,0.8467022110072218,-1.6699265932988796,-0.602000444845622,0.7496263894368789,0.5585670797703945,64780,14.55,0
0.27298536714256255,1.0467742612787205,-1.1000625882411998,-0.4422142860251749,-1.098839801543903,0.5478962318033183,1.2218332060949655,-0.309662772553346,49108,17.99,0
0.48727854784748587,0.41425882728786273,-1.8162486695799338,-0.9868562416629861,-0.4394236514692972,1.14420450620216,-1.0305423497332271,-0.2679571828468366,63081,57.83,0
-0.27459224600217386,-2.048312448407743,-0.7158768175955735,-1.3943856864332775,0.1222179371914565,0.11622228981326325,1.1861639977190568,1.8298058082363127,128270,34.25,0
-1.8182008283477074,-0.7559054248131174,1.3933804250532045,1.0696970282250169,0.0319945106965471,0.3360550759914503,-0.6464728401236596,1.3856287420208038,51009,161.84,0
0.8448629037751898,0.14701175086615675,0.5851320392637632,-1.0172549002237248,-0.3620983942919553,-0.06493122827130599,1.0991722973503169,-0.5487467773601188,60207,20.22,0
0.92963718302185,0.9376760352396777,1.323637277036939,-2.287747458122683,0.20508375236758045,0.6585410662074567,1.2015626201533316,0.6018978456230794,41921,29.55,0
-1.5649618288092981,0.6797843587148624,0.8694978754266415,-0.5852821023557607,-1.154596068457755,0.8700353546917452,-0.12570654351974647,-2.006921384500158,115405,5.08,0
-0.16469795285797176,-1.0076298191401671,1.409593442071619,0.8393166420278838,-0.8445293775525152,0.32234163540617217,1.0790226402753753,-0.9038897435760297,17629,3.02,0
-0.17621240910024064,0.502511684437542,-0.06167210034686946,-0.14069066888440973,-0.6679693917664473,-0.2695896389417261,-1.5296690262193857,1.1976687498774463,144935,9.27,0
0.3765179781009477,1.4898273451730222,0.847815919455776,1.2849244782753018,-2.1993382757465763,-0.8333384988645018,-1.1178215548083499,0.5586183929439074,140480,16.09,0
0.8247683101284644,-0.1851221526924232,-0.8249678920792157,-0.16941624460425023,0.20260907625909577,-1.383046788042975,0.9285912614998475,0.7015637877195762,126986,44.07,0
0.07469128423228319,-1.0201493809567364,-1.357556946455415,1.6939846337775444,0.8872964225375415,-0.606222548585636,-0.16147281701833482,-0.31728491585888396,83774,81.08,0
-1.8008188453344853,1.960956079200743,-1.3383326552689199,-0.8102911117626201,-1.0307581911539767,0.20656279526708196,-0.8480869852677734,1.0782155281314207,43238,77.13,0
2.0089465111901315,2.173327671575556,-1.2707032796455788,-0.30223237181668305,0.1994909986240912,0.5564545027571425,0.2007979139785592,-0.9481139684501937,155987,54.23,0
-1.0832761475891712,-0.3159408508458155,0.6284231502440458,-0.05385684118451689,-0.5780356749745817,0.5923247282052154,0.6844737091697553,-0.17392081259851633,148991,68.57,0
1.3638251736003766,0.00625654097073757,-0.9746863187175773,2.0013179568661594,1.3177766977259247,-0.17951678623153824,0.9967977661275882,0.12306236652628441,137957,41.22,0
1.167026690633779,1.4975608075470437,0.35355678165713594,-1.2906122377629918,0.09689811852783257,-1.3670635950003,2.484745045695931,0.28716794414069463,29080,22.6,0
-0.24162000195465158,1.5797388459107615,0.2185457013348766,-0.6829825082760399,-2.0371683456073573,-0.37204488290242393,-0.43974225166042313,0.38452699891372805,67121,9.5,0
1.076379094973433,0.5331480612532247,1.8225560328713364,0.2649594993492538,-0.9373276277283905,1.261793665314341,0.6414383568702494,0.4752961531392416,61604,18.96,0
-0.6155548336977341,-1.017072451027927,1.2492726141834793,-0.05722822602620605,-0.998126015092417,-1.497092598631732,-0.6884182762894664,-0.39432125908374105,148227,47.69,0
1.1352274751808982,0.38201378306331185,-1.1665890322439882,-0.10785550620657045,-0.7855789174058082,0.4662125146334942,-0.6841308011168489,-0.5549982528136304,138435,22.38,0
-1.0465417634884095,0.6732277928405004,-0.9431002291140468,1.3539434166911788,-0.2830117029354501,0.3471216417182322,-2.8176328625763696,0.8944733640163116,63323,13.96,0
-0.1766568360105962,-0.2744508753420638,-2.294393771286865,-0.09604197402572814,-0.5709483003170158,-1.8935773370813556,-0.9533563239544931,-1.3106118171721413,18712,92.1,0
1.2082289457314537,-0.44398157317745873,-1.0042560252970691,-0.12446642202760788,-0.09345667004737099,-0.2587579100084367,0.4488653781640554,-0.6441274923609385,145893,8.59,0
1.7780377726452856,-2.441660361188673,0.6256174317358046,0.856460687831434,-1.266758996698604,1.8249653724854862,0.02234551364215061,-0.12469139123201843,143909,122.33,0
-0.3441981372532307,1.1758756932599348,1.0289444223503905,-0.238805678946441,-0.6065846477620005,-0.5583722670790192,0.02695230519765087,0.3222017469895048,82948,25.18,0
-0.8783327991137353,1.927688056490815,-0.9026286254062197,0.30638280074245927,0.34535686073450617,0.010004445747878203,0.7813434393694474,-0.9305707077566631,140198,9.86,0
-0.4413946097521544,-0.8003597699252337,-1.6464055694911706,-0.37623333600957254,1.4270594039503268,0.4572237652474753,0.8190775947922624,1.3226978677382755,151909,129.03,0
-0.3821698433964658,-1.1219528651920456,-0.5580825833473518,0.5004502326611844,-1.6278588603264033,-0.6275762290653812,-0.18705398272913204,-1.3762659716258654,141343,13.56,0
1.3457442011457874,-0.5680691712882255,0.0293300854363712,0.18540007216022764,1.9002615667213925,-0.19128545065177502,-0.05375659968765435,-1.3990530874043818,41449,5.81,0
0.42512696086333174,0.3705994109968327,1.835322136187321,2.3235934546633072,1.0615735917392373,0.7041251203902738,0.5325123530335995,-0.7313994853236765,149179,87.02,0
-1.3051139866980248,-0.5229912736219701,0.027898314691621882,0.8006813556621357,0.1683672664874121,-0.006414301777532301,1.030382213811973,-0.3377235980936757,148029,13.73,0
0.04382914768530759,-0.7947756691685385,-0.37131201465296415,-0.6785460618082994,0.6982175508037494,-0.4972441395492524,0.5302070141050813,-0.5268289726252063,89418,83.65,0
0.38635031342739795,0.26182293450421334,0.35382593524071687,-2.075548494706947,-1.350675971433337,1.1625214498488576,0.07390186759904273,-1.8935028677672354,145046,44.61,0
-2.2576836164053145,-0.036778046317475506,1.7303629615720189,0.15054703356368992,0.49187605784483485,1.058697515444836,0.5686151213778888,-0.35876746648139546,23446,77.48,0
0.5565222027675126,-0.09341301419356415,1.1362074350830051,-0.03674056071010108,-0.07067762177790295,-0.4987873226760207,0.7558408478748394,0.41633898139525216,132225,9.64,0
1.9978791928845603,-1.307093335024203,0.5740177992464057,1.4143368401981453,-2.614241888728173,0.2326200916515547,0.8862316040771917,1.1161008191318589,168823,72.69,0
-1.3679411132050887,0.1801912282279021,-0.4206525672145211,0.8360844976888051,-0.9852135373957361,-1.20579126143964,-0.6333338703406819,0.5197831464991396,140007,87.95,0
-0.1299047314984712,-0.6803677664898552,-0.8248395207257326,0.39204258191853336,-0.46982008950291654,-0.1879293768007396,0.19816848318225402,0.06368945260736163,63901,135.31,0
0.573283862845763,1.1863115482516167,-1.5237436821072903,-1.2138849564483563,-0.8718011604182617,0.3641000761060149,-0.4572846565996953,1.1282331943734116,138546,4.96,0
0.5760034500128405,1.8108732335944926,-0.438068918780994,-0.12790190849850178,-0.01923508911892533,-2.3154453373656176,-0.554906869988666,-0.48984742313183643,120899,21.45,0
0.32881365304226085,0.4725455175524111,-0.7484219693469809,-0.3044375767552746,-0.8115319212995957,0.40765760210381713,0.0033274195831950867,-1.8821688290795302,136331,52.68,0
0.2268964384518553,1.6577247210480743,-2.7955471821374878,-1.4369753148596145,0.7832808940078864,0.8088908290494923,-0.8292535482186733,0.816970500413588,130862,6.19,0
0.026111250477639764,1.6454765376526759,-0.389804184433736,-0.6451343473358471,0.1110487294805067,-1.58303916033718,0.3263718012475038,-1.6659036566349676,37598,23.33,0
0.4195653159883031,-0.5867888074710782,-0.7976653690474433,1.4470703017347137,-0.4329859088131957,-1.4518736168731694,0.19286967649813178,0.8945914825692303,109311,45.58,0
1.7931686442479746,-1.1869438315341163,1.138143961639758,0.10014732945860066,-1.8552270653242517,1.921718791077919,-1.730969034962882,-1.0201628447275617,112576,26.26,0
-0.3720009405150993,-1.420153802093573,0.021414064494879037,-0.985533841599192,0.9218900548156326,1.0691294360742993,-0.25707846413382146,1.5761259574106552,119917,29.12,0
-1.1096989703470332,0.35083947442464103,-0.7168080980752114,0.9950527466570456,0.287435751696084,-1.4250143355638836,0.7610866056087316,-0.16241108601822737,128772,73.63,0
1.2838379785448588,-0.6328608688409213,-0.1124617887292421,0.7908840400101671,-1.1564684311706688,-0.31172471829386755,0.6506821191173602,1.9120819320002633,157444,13.41,0
-0.003604518113449724,0.175065046793389,0.04043983951099896,-1.5207475248088895,0.5751351036511284,0.8113055056977589,1.3426532450114794,1.8470672178884158,61455,18.54,0
0.2190282833444238,0.23705577060732744,-0.5301181833185916,0.18243802936605708,1.1414269636174807,-0.8867788098948447,0.6730890376774892,-1.364155040804066,46653,15.17,0
1.5212036166515062,1.7438278442077244,1.1094427289097628,0.5000837085871893,-0.12316294932748702,0.18890857031471914,-0.7562914342697644,0.15743134318654015,135685,4.3,0
-0.21657772199696318,0.6836317772763905,-0.09451561516136976,0.4472008914426251,0.6161306405912093,0.6349885954967257,-0.7437977550755864,2.4187673598441735,142869,33.3,0
-0.2828234304762658,1.5215721651013632,-0.5988698500356013,-0.5301174181336509,-0.10458596407970579,0.661887198650856,0.5614777762234244,-1.9188300970842695,78231,27.1,0
-3.375558843142716,2.3085332490404533,0.5377378943889815,1.123349184394479,-0.7225167412471409,-0.9338708445910422,-0.5302419147469246,2.00014566610668,49012,155.17,0
-0.7077734262108247,-0.23209580991776665,-1.102814726726111,-0.8628311672850578,1.1103872763087794,-0.3668999992863213,-0.45876529029558655,-0.8270512209167787,30918,49.54,0
0.7258801431531997,0.11919209601900296,-1.9675388528710929,-1.3589905636090616,-0.07996988792715383,-1.6731987969546984,2.6852176258346474,1.2977413762009906,52456,136.6,0
0.5172734841628681,-0.5435215959497625,-1.0933902014065489,-0.5184710882796603,0.8144250912631545,0.5799793631777661,-2.23700732598914,-0.6943553875331919,55128,24.67,0
0.9580935361888516,3.1310517846152046,-1.1100566826487495,0.4138595373440466,0.3911154287105932,-0.23705525383393142,-0.6694299695908987,-0.7211812365198528,150271,23.42,0
-0.4029171477656389,-0.11538448905284965,-1.371693232294449,1.3761760396023233,0.5411515135505596,0.168586552348317,-0.6774103625303546,0.12888313596361514,126528,17.21,0
-0.32803530481887266,0.7984368278836503,0.25949272103084603,-0.9727491043467843,1.1603583474564951,-0.45610151571644547,1.8587744285726526,-0.7632431986607814,52860,24.12,0
0.09785615371914815,1.708691538093944,-0.1056496404649442,-0.7557030035596204,-0.27222338423095116,0.12869040231616133,-0.16546367642398113,-0.5628291493608575,164686,6.76,0
1.480230324704056,-0.20918667773363783,0.16695952445269754,-0.5764508023212198,-0.17076348835672836,1.597995305173882,-0.27002187029742203,-0.41763997819188964,50193,12.65,0
0.8373208184586205,-1.3567263616527607,-1.746561737324623,-1.8891590446648738,0.43276592324138075,0.14121184341973608,0.35962924962432685,0.9357401063622266,53329,4.04,0
0.5523808395395985,0.4231891194004569,-0.010642721084319892,-0.3775855531024312,0.9273314279710998,-1.139648217961467,0.40358184024640276,-1.5506838838044252,46343,39.68,0
0.2986311828493014,-0.4691501771384863,1.2720731428449952,-0.7467371762168787,-0.43468218538618003,0.37504850158052666,0.8762650541432274,0.3909698427318416,135197,53.06,0
0.640224234587981,2.053056128664934,0.41885060013264064,-1.1600902643029953,0.9783962978791763,-0.5454672431808335,-0.6143976633651347,-0.9025506697853566,114804,76.15,0
-2.256413898350012,0.5781983077870861,-1.226380271756487,-0.45888347590577067,-2.8296823039074646,0.5656617105651747,-0.7402360104949621,-0.4998103420224061,129046,22.41,0
0.34234688122556756,-0.8533610471297108,-1.164319407670386,-1.139744360802288,0.3970056236452086,-1.3218297126147847,0.5459404392006428,1.7772430803636048,25342,17.3,0
0.5834485063484707,-1.018815815488747,-0.12893778549746168,0.780695327520996,0.10886371072702926,-0.3507520256861384,0.23375328139197726,-1.364020488666864,54096,19.66,0
1.8618102747487555,1.2296485833648432,-1.2818421611576,1.4110203672724826,-0.12646644675893204,-0.27765476763832864,-0.42047418651301566,-0.35057288224800476,142500,4.48,0
1.269678241010128,0.9375060366456974,-0.45784225494186676,-0.6282634730827698,0.4990954079243434,-0.9516343203148528,1.1366578761342607,-2.3810999156571997,60782,47.69,0
-0.8433418293973327,-0.2258958337622229,-0.48091000429941116,-1.0404648388770816,1.1728707438555968,-0.8014404041490554,0.5620740062449835,0.6682386082394608,147277,4.85,0
1.7841819653137487,1.6323615440343924,-0.6889673128064364,0.6946768411108678,-1.974559082924005,0.3393357930258131,0.31385724577411966,-0.9930044649963177,144928,30.87,0
1.6216344573240369,-0.012378422195551742,-0.03772731414980013,-0.34381108158244617,-0.8310493127120488,0.03926669913498211,0.8067678049948888,-0.02809699201070683,59267,33.22,0
-1.5330131113204595,1.3833962226134822,-0.7000681700193767,-2.6724831036520977,-0.3258960087720073,1.2286667474227126,-0.3074718299857303,-1.7752217372096184,47183,45.26,0
-0.7010937793478413,0.37364428562041385,-1.6511421730843276,-0.3463539800628073,0.37296859603217747,1.7825552002052467,-1.2726223542342805,-1.1926183312057155,58249,48.35,0
0.20726875313021484,0.48514309564823804,0.7080211958677365,1.9830425583505231,0.8637819031668581,-1.4804439250227162,-1.0838621380563884,-0.2746467915329495,65303,77.95,0
-0.9007127460182014,2.0299698907598787,-0.8120443855063851,-0.36642428904153646,0.21592029568629253,0.42870629973688645,-0.5452341950875511,-0.2079041095214012,129710,53.31,0
-1.1566361919413006,0.3880949927216057,0.18685579778186162,0.9635721034584281,-0.08982836261719614,-0.9739404226483664,-0.4516447564596906,1.8342984482070974,120311,48.64,0
-0.8886092095345559,0.22661236063389914,0.7623703177188282,0.7938944401076808,-0.8843340434769551,-0.5977330027389742,-0.5531921580017164,1.0191101544696024,132445,38.98,0
0.8987252431186376,0.791046075834093,-1.7728347852985868,1.176305321768407,0.3592749213850074,-0.2290440373089135,-0.07810167629318523,0.25785182313584176,62098,6.48,0
1.0462819676795874,-1.3027135039121667,1.6960036388835134,-0.04052958163583357,0.5362149303585515,-0.4418937949948772,-0.45563264021280936,-0.9218358976156701,50575,2.82,0
-1.2736858040568348,0.14145339709474164,0.7588528748712475,-0.10768066909411023,0.6255024250463252,0.6525091553665207,0.560058647324185,-0.18847815665245307,44165,87.09,0
0.279571993673306,-3.1969027844075475,-1.0414893554149134,1.1370922384900157,-1.3436783173632507,-0.12105087795872624,-1.096161649471815,1.3054047145151966,32181,35.23,0
-0.0956012293789227,0.6474693119832601,-2.7424248817093986,0.13145158783699543,-0.33623910591121886,0.07140078868516184,-1.1579249522310102,-0.18276091941849068,50741,28.5,0
-0.6552508348371414,0.45026198113007293,-1.0085120795025382,-0.34279841292988117,-0.21500576236036192,-0.9018211163662492,-0.6417374555916384,0.2800576400929027,134430,36.98,0
0.43427816066120717,-1.3891019799191424,0.883046322462991,0.5430405441725561,1.6732075106392454,-0.8327369035849782,-0.5849761029581865,-1.7841826471992501,172800,35.97,0
1.634631834909587,0.4150866578544383,0.03161924530426891,-0.8399909368235391,-1.5022731620656051,0.8635582457245051,0.027990295807072494,0.6245289100686552,159958,5.25,0
-0.056141789286628364,0.6666030957228817,-0.22253288266768662,-0.03721385637361559,0.14345786108280043,-0.3818140333690551,1.5495543970306493,1.842910963016902,147978,17.55,0
-0.8570153216232207,1.122231846402132,0.614454000458403,-0.3960346357767449,-0.7485540285002504,0.20941105917774552,1.0849504072069465,0.8129086822595539,57974,36.84,0
0.891989739726579,-0.15523989741856356,-0.49630301090974205,-0.1968035283764985,0.9955708261119545,1.6260351440186542,-0.8531628732525738,-2.2967502119409,153949,210.5,0
-0.19763800625307526,-0.2532459471742025,-0.08659437663819446,-0.6279767328966177,0.3626279925145258,1.293426818020839,-1.2689930591075735,0.4507156200324405,168690,19.67,0
0.8847570251116775,-0.5971058066062817,1.304445275106985,-1.2424440764739204,0.13204678286250765,0.5538830154001746,0.6622168587417092,-0.5167100513874642,61239,106.1,0
-0.14653620852114463,-0.739526559660585,0.8871342791547473,1.213540569054641,-0.5844488575066139,-0.4743991613703914,0.6836678612285583,0.167285452454499,143042,6.96,0
0.2631909745697459,-0.14463799478756567,-0.9024383611615057,1.7590220152037213,-0.9057337111173013,1.6542305182799522,0.34144262276440296,-0.6015839795487117,138974,58.7,0
-0.25120281285935886,0.08273792225487876,1.2503091888975149,-0.33865918778936765,1.4731587573144636,-1.6054336663358353,-0.39275143795352224,-1.365144502345953,115488,191.82,0
0.7944675007883284,1.1380936173540683,0.13368600333060054,-0.3790641977809409,0.5610613754756312,-0.026383971378865598,1.5492199269101596,1.5343704448156597,113324,50.72,0
0.09491730473450329,-0.8970436244097185,1.7842952071910474,0.33265586239129885,0.8365031544451565,-0.41306982545286475,-0.42225113716524315,0.11238139900269492,122178,15.99,0
-0.5318919353374066,0.756907721993194,-1.1038404260171149,-0.5743805091186861,1.225723201905533,0.025277013148469495,-1.0568141808153906,0.07872821703620124,129423,115.46,0
0.28979079212100317,-0.38300742167604507,0.49136685092442667,-2.155753088385028,1.1768522736225928,-0.048177946445179004,0.434149044362062,-0.7861644015707087,160846,51.6,0
-0.8379478881977105,-1.4469454966499755,-0.6060428859788046,-2.1413288754134934,1.0895213799498717,0.672814999746588,0.18395389675998014,0.8991415232379597,67052,11.46,0
-1.5526013342260498,-0.8312441292418496,-0.9504682918623621,-0.022315345710390067,1.319618186796008,0.814101923000546,-1.0172977963952268,1.2150039065032623,137963,5.36,0
2.2758021771458234,2.418299240071677,-1.3421990187723514,1.0337044199097092,-0.9441656967919909,0.3752328632778823,0.4888213358658141,0.8612223002663345,139185,21.37,0
-0.8990971326111976,-0.26312452696043603,-0.0065804533130177445,1.230357722628503,0.484325437702705,-0.6575902822898048,-0.9196953187613095,0.6547472191614669,137774,94.32,0
-0.532960601735936,-0.7795320134179516,-0.3388190375890879,-0.25324339344778524,1.1862035697100186,-1.7451679475555295,0.5758303674909726,1.4607191975751108,152662,4.93,0
-0.8291995982433273,-0.34654478730743576,-0.018858181954208936,0.7798845278331696,1.3968764843555297,-1.8583406473543225,-0.31954276538974585,-0.658928926326322,45091,9.85,0
2.1144119406902906,-1.2888241393940127,-0.6807593933921241,0.8720143354845803,-0.6329003319326709,0.2903690483665658,0.10257731562834461,-2.3428942141622495,145900,23.85,0
-0.020856111561143437,0.4429807482001637,0.7181787951786809,0.7357751900383704,1.4497195853612284,-0.012588778647906937,-0.5658672319748156,-0.3579630232291837,168124,81.54,0
0.19744197623386037,-1.1194522185932698,0.7494605396908269,1.8476691021185552,-0.7990297240388818,0.3252652041761747,-2.194671679382774,-0.3681076650607013,36839,8.89,0
0.5111748227104678,-1.2287437628553441,-0.7357155397671844,0.4500561263589758,-0.34728231001055804,0.3725404481876609,-0.4767820343354581,0.4214966581830076,167071,32.73,0
-0.6691175242215833,-1.4793311351627194,0.04489849241015656,0.510206090311774,-1.3395535419747526,-0.3001723056494265,1.5385160507053068,-1.3547687189429973,134354,31.63,0
2.0420831412707177,-0.05297426454133948,0.44840096310033145,-1.4840520258555456,-0.83502672142621,-0.6957571813445877,-0.5336428865333617,1.016875000188552,145186,43.74,0
-1.2388682825738393,-1.3649269809680389,0.3998735875292586,0.7218569916101722,0.12426873778132808,-0.05656563471631277,-0.3391060727100875,0.4926320755519737,46287,24.76,0
-0.8678917753617486,1.4628209661489824,-1.0563001624718127,1.917701744730258,0.08325441553593323,-0.18457292477614085,-2.08629169370893,1.665990549947968,124362,60.06,0
-0.12799582732144416,0.9600510955088818,-0.5452126988920508,-0.6737237545846069,-0.19729500914785236,0.6629693376089645,-0.7991382213959284,-1.183036358806746,150228,8.7,0
0.31573956357079386,-2.419756416236269,0.7804667886468013,-0.05949496648047176,0.6162829123272068,0.5007933512270392,0.31593100782932415,-0.39717987743452765,95179,192.14,0
0.03464843675968635,-0.38249466006302923,0.49232306391234126,2.4065258685822086,-2.3905578050202423,0.3994491421961073,2.2047856091211497,-0.5097878468704842,55056,29.03,0
0.28008599198688305,-0.13802840027903032,1.9712755922511376,-0.46456350895620363,-0.7270372391814588,-0.8817116470392923,2.2619259609940174,0.14741900674359143,55737,31.29,0
-0.08645742057300403,-0.5553682568228798,-0.04104785170187289,0.25538336538533213,0.7543139687865577,1.299500767006587,0.04854854468103579,-1.661590238341676,52291,6.05,0
-0.09080604764035007,-0.4229994511754002,-0.8398421775857382,0.9342540020924235,-0.020408572033173103,2.2454730543148007,-1.039984550383295,2.0063520982549727,49794,34.46,0
-0.6082384332376899,0.9347734439106482,0.5262449476308334,-0.07697504862101459,0.08296606863183595,-0.4245147445112534,0.849340904059049,0.7925417862603313,87083,54.98,0
-2.5708548950331225,-0.3755282598020564,-0.2734258196126437,-0.4740411404377241,1.2064926184712497,0.41305403178613803,2.4658511788338564,0.534118811938557,62346,8.77,0
0.6730937241992831,0.06125074715436401,1.4949790135541157,-1.9533247308551869,-0.3399685048591044,0.7333751863632832,1.1426622829157422,0.7738725049127297,71324,65.22,0
0.08210772314660457,1.9496480047197302,1.2625540014873646,0.524479533708525,0.4089409475804728,0.03889971881219538,0.1507646863583885,-0.09499172120552898,34757,22.99,0
-0.5262248714934283,1.044281860824724,0.46131287449552233,-0.22930414602057947,0.5070480907550198,0.9153996812704581,-1.3801389399844406,0.4930753746785447,18824,2.77,0
0.5383993576395518,-1.121100293031954,0.9492557324628451,0.8988003548828686,0.9273728639132314,-0.3103215872333545,-2.2350151203919655,1.6012807134839484,131012,56.92,0
-0.6933300023137564,0.7224091679624486,-0.2802174123142433,0.560784869127428,-0.03611607551891809,-0.7966556097979897,-0.6931119574583672,-1.6857491774960969,149899,67.23,0
0.12909128529324637,1.30874181439611,2.3804054960073366,-1.262364911706873,-1.1281703668142826,-0.524410111862203,0.16450447990260794,-0.6482144732564495,43893,33.55,0
1.2275185787018732,1.641571376017267,0.15561408873866864,-0.30259873704473533,-0.6004524069145315,-0.5378739842701409,-1.60193089875307,0.6407137955321769,25697,88.7,0
-0.016094437156061972,-2.208753389507562,-0.46405062626332033,-0.47034770790953173,0.4506078354157196,-0.5249963268482449,-1.6216014229044902,0.24384367249350644,61597,49.19,0
0.5357031545742523,0.26020378937641425,0.11577424605554125,-0.8836169076746739,-1.0864501741488903,0.9499854173875839,1.6936067070365732,0.5499603250880295,146240,24.87,0
1.0263380504222128,-0.8413963393324232,-0.725786370144451,0.16844588597208987,1.1637763061612525,-0.29561853320875037,-0.19041187378955987,-1.9823984186677817,21669,93.66,0
0.15443156638499997,-0.4602988354770038,0.6657408445496406,0.3341714694145195,-0.8589727476964873,-0.9387610133972927,0.8471900166381375,-2.3155818784526043,107001,35.75,0
1.4488218177872538,0.5162858974073742,1.574491300465195,1.4613719875076132,1.1786959847192626,-1.884330018952845,-0.2367438476519242,-0.6936967170887008,142110,6.12,0
0.9173182278766948,0.0015093991782153475,-1.284129532581842,1.658931254979496,-0.3647905816135046,-0.6715108447416982,-0.04912272262259028,0.37513607217556344,123610,41.98,0
0.5972420907518813,1.6533901164606613,-1.0366364513781783,0.7502745084934752,-0.10729900430378937,1.1425447262462796,1.625647936627077,0.19612250538824302,64594,71.75,0
0.3097584842380697,0.08732485448212002,-0.011026139324065017,1.1553722866103862,2.0540792057373447,0.00029906622863039463,0.8881806231368455,0.04075333606863285,119676,12.12,0
0.2538793972182057,0.6317448070862072,0.059001497102083626,-1.1082323627606778,0.7828727246523963,0.268355824622907,0.8888154609240404,-0.6648912141491211,84351,35.3,0
0.582118167343812,0.25207676236825405,0.13917125169424696,-0.08088991859700861,-0.5693938722294869,1.0969040564235228,0.08596093692362151,0.574173142113013,60964,20.55,0
-0.11451920329155672,-1.149101952596802,-0.14088162250669609,0.4566659726899563,1.4137430047628436,1.6442437428975856,-0.5676847280756565,-0.6279460814439954,120225,114.84,0
1.2820797404437103,-0.3506997480358557,0.42316698185470547,0.11761026682661346,0.2683995406914741,-1.5675851678994954,1.0544140101497705,-2.305279086726335,124687,13.74,0
-0.33145245265927126,-1.1871452663280024,-1.353055931048948,-1.2783876378669614,-0.2883490597517738,-0.8111009606728922,-0.3838104620127987,1.3275106943532096,26257,6.67,0
2.4652471219607603,-0.5881047152716845,-2.9899041040617744,0.5173446316378743,-0.13553244104697368,-1.4427574879309417,-0.25288050245217375,-0.06716705942774852,30234,64.09,0
-0.5858133052425042,-0.17953174822057114,1.0544510746789264,0.4316259860584671,-0.8333923779421146,1.834718224496187,-0.9073798555877602,-0.7373280510197849,2025,210.91,0
-0.1524092253615815,-0.3676171843321574,-0.3613913042348319,-0.14915835559267052,0.13114990878009172,0.5422440124867027,0.37590540586628546,-0.43188053317294456,59474,86.65,0
0.9291577239022567,0.1283811001973027,-1.300799263194699,0.979500734192805,-0.3977060380161431,-0.40850587188734466,2.660225839898347,-0.23464877163023293,78720,60.3,0
-0.6874898440710366,0.5778894187055545,1.1186316426778282,-0.2716843690532537,2.020802388952641,-0.5404470346821356,-0.35743767154310674,-0.15747028205998248,59345,23.63,0
2.3517499698598967,0.1374038293091988,-0.4142618547103739,0.548735831492293,2.087720481677295,-0.9686448863721446,-0.6718962452415039,-0.7272505557323016,45857,175.59,0
-1.6596173508051615,0.09605043714712716,0.4842250883273503,0.22254775222043163,-0.4047125489300302,0.45783633746765673,0.18362415193460738,-1.991838730766402,43888,23.31,0
0.7516958329789503,-0.8065954388560819,0.23296815905769874,0.2726200028553474,0.7886533914860655,-0.62503258333286,-1.5651765795771992,-0.5807789388891164,61064,19.37,0
-0.5268458339016268,1.0642412951735265,-0.02764129760354811,-0.6925449561889402,-0.025213046997475976,-0.14129889580556862,-0.1833849837729115,0.6770887603403851,72203,83.0,0
-0.9244883771132699,-0.2601324168037729,-0.0355469211015544,-0.7028236456517628,1.1882733963330556,1.3314809098029632,-0.12951216879438188,0.4988606901576812,72415,96.4,0
-0.5488314136683494,-1.3354775107755636,-1.362895867700045,0.24269091780204405,1.8203814229143838,-0.1425996715459596,0.7599062242749125,0.3114134257339598,172800,48.71,0
-0.42233579114315273,-1.6420802000335948,-1.2385203716442386,2.0291082493894903,1.1259629449620432,-0.24014726553947655,0.5221399827444676,-0.9505228450295818,154618,20.07,0
2.1026498690518487,0.5732563715787151,1.3681154180497124,1.1419506102101102,-0.7066016667211676,0.3242013953637316,0.49390390383342625,-1.1664111519951825,126963,55.33,0
0.19471832475386672,-0.7797545286079981,2.1052010893138458,2.6963453736586858,-0.015506105629704513,-0.9914404962750546,-0.25111746667322227,-1.127320057015827,143101,9.24,0
-0.4335440197434825,0.9676448454057958,0.4601370041450058,-0.16224655385545697,0.09874246858326963,0.8440898448390518,0.9386930018700465,-0.3422399199725578,56878,24.14,0
-0.3515203940429889,0.6691323385816358,-0.4557162241418562,-1.4002977226524675,-0.12241578046016438,-0.276201275120046,1.786841059104194,0.4406888603185496,118720,65.22,0
1.1803382928279138,-2.6664147397024127,1.5184601801579314,-0.11795954741281175,-1.3753613451614177,-0.05118266447546519,-0.8266439041065766,1.652321154644339,118954,95.1,0
-1.5160985818001365,-0.37193894006746886,0.8301549592649,0.8830936491984772,-2.9550259487769304,2.707944141783535,-0.32222817278141624,0.2784453374190063,135213,23.11,0
0.978116170635349,-0.693715363596052,-1.661402647229374,0.13910804225637652,0.6925139140891541,0.2668802185337454,1.1580471627659856,-1.7123184391006765,153280,46.19,0
1.7823424369795549,2.0140961571307057,0.6796661294072277,-0.021698333751000894,-0.4323518539987325,-0.2814922929884694,-0.7745872402649747,0.6517229406000529,131254,41.74,0
-1.3790256583092413,0.3759495176534959,1.1768066139707574,-0.438707218000938,-0.6418934193243387,-0.6449241205665298,0.2883458278261588,1.414606547331182,92421,84.83,0
0.19494622536120126,-0.3571775340481359,1.4467417370178535,-0.009890229208234288,1.2310220506905587,0.8782186066351834,-1.0899028288968664,-0.8869320085649508,141158,24.38,0
0.05618151678074117,0.4751055784198079,0.19492639126912756,0.48076852983170315,0.42179704058209344,1.717394551251721,0.2917802210326831,-0.9537718321627254,33720,73.75,0
0.8254521507811602,0.28719327787279425,0.4374746644216136,-0.4463327971520985,0.3762977791910654,-0.1990496153407668,0.9491235890461854,0.6956595442991098,33312,50.05,0
0.7519995285823454,-0.4564247325115009,1.491954941655716,1.8199848644790972,0.9103639516779449,0.40692958892884556,-0.8540968831727593,0.6856590107015685,143265,23.33,0
-1.3473251100913775,-0.6889174648857465,1.4464316636439098,0.6349844056345282,1.7904256233640405,0.301017130352459,1.3570135215758277,-0.3581873229810099,90854,55.65,0
2.1302360839987773,-3.034834489187242,0.43717093019617564,0.5570441477831877,-2.137798908653415,0.5192398977180829,-2.0173418718503853,-0.7240731961501999,62139,32.56,0
1.9693455460415397,-0.7004448737178965,2.391344960639201,1.6192756481675328,-0.08965282789863484,-1.2198494117054783,0.03848359450735666,1.3171035244044693,46872,157.99,0
0.11655764347360421,-1.3575868394976531,0.9854470716097847,0.755886174815476,-1.5006651100192505,0.12584839080548607,0.8152830776430676,-0.5995706273004704,120470,34.66,0
-0.8834940869141408,-0.8197217615375335,0.6842739744515063,-0.8402089744981762,-0.541093284124823,0.9970086019619141,0.8431290081480877,-0.4775756826037009,155339,108.73,0
-0.35499040046018,-1.658736251841615,0.45082098762308,-0.8825602107374185,-0.8211319604881048,1.3552361767718226,-0.6873364439212735,0.7524865538119101,137755,56.69,0
1.2510329684557555,-1.1729056357417236,-1.3099830361559428,1.5209347285857213,-0.6331322097304,0.19743114156823624,0.2950445672486496,-0.7873156222315935,38195,26.36,0
1.9223458376666447,1.2496303141701446,-1.6615526084419563,-0.2532098482065603,1.6082831585970836,0.6627012713306347,0.08907337827973262,-2.3252325239478,77477,22.92,0
-0.19986025886834843,-0.6092868002066556,-0.9145861598209781,-2.7276154651584847,-0.11508761627443266,-1.143050175120014,-0.8761440322706797,-0.30053701105197567,136627,87.34,0
1.0865719049305225,1.600129099440466,0.27744658261079375,1.489503363617231,0.14186329820713017,-0.3035340067177484,-1.5431168548111496,-1.0032894910956942,34930,4.65,0
-0.2745882455510398,1.3074946412317412,2.199188037889086,0.863356514604708,-1.7315569899670584,0.6168130787385951,1.3487876228401647,-2.063938429603112,148854,9.17,0
1.5299979810812656,0.36807394657107784,-0.4839240117725786,0.3934430472833983,1.1508019570579198,0.08208825049054352,-0.7375824425574512,-1.7875529941443247,135582,12.39,0
1.0194699250294874,-0.3266334019375888,0.6134157022483732,-0.5615575147736843,0.30354364700293107,-0.48154425786104943,0.819137814070018,-1.2643676561550858,52863,10.98,0
-1.24877288696177,1.698325571402284,1.1577924036241463,-1.3023436480332742,0.3960722564144511,0.8125951866741056,2.0633830161197295,-0.4748492681853472,109939,68.54,0
0.10556239673808898,-0.3080379076410163,-0.2986877984162514,0.3190195180651765,1.0131034272295656,0.5043991965754544,-0.7144720063859485,-1.5989273659421095,31884,8.16,0
-2.2820917467798063,-0.725132240521119,0.03375115345803975,-1.3112017993118033,2.203790836770964,-0.7172704742282623,-0.7976870582806972,-0.6935712455901809,139682,6.21,0
0.9307871107471012,-0.45949455477625706,-2.0997466123216766,-1.2991027688175265,-0.5011808347940768,-0.7167357527723011,0.01274724096172373,0.4585353213531674,162090,22.58,0
-0.7605111421647441,-0.2042009650459952,-0.14866152668840904,-0.47035276335084825,-1.0011070698989901,0.5280491659242356,1.245578679811865,0.37507154664522874,133132,43.25,0
-0.18464577472750135,1.5408236368772492,1.0820483396561287,-0.4279552066166704,0.5457384801076463,-0.7919490558426204,-0.3359524310534044,0.6094609534816466,43764,15.52,0
0.9357642504878696,0.5786466724920492,0.680295585216023,1.3163631599630732,0.005650537992428699,-0.17869144664325376,0.4839032114665921,0.10006206669111874,112970,51.04,0
0.2190833153632252,0.8104862476292712,0.10810126312516541,-0.4440135952568882,0.2596361653183601,-0.5064881748116418,1.1123510774232184,-0.36207734255891316,66890,54.49,0
-0.3804967127052133,0.1813599726089324,0.25546735136745974,0.07097131245037942,-0.7495720998940111,0.8282603363746683,0.1812876546055732,-0.6656219898565755,171231,14.05,0
0.010036442479719819,-0.8128778458413798,0.7388879801042674,-1.565910374701939,-1.7648660431933616,-0.6544545025638145,-0.7252021229385833,-0.5709368320199486,128155,26.95,0
0.3818751771815286,1.2937679234012505,0.16104384076366418,-0.0371742349848348,0.12544451927625772,-0.6995311882544853,-1.243450801924478,-0.9845076887256973,147535,90.51,0
1.3200772539379715,2.0109374835833944,-0.3954282827363184,-0.08755320491507097,0.4542346385125669,-1.2149775634966065,-2.1442115662544223,-1.3345424652988882,112247,2.09,0
0.08862746276840082,0.5479027930001471,0.06334792764511184,-1.2323435923307713,-0.4836725998536152,-2.44164858749056,0.0038659348320997764,-1.41589273706644,87355,73.52,0
-0.9494918905880337,-0.6723142658132499,-0.3807235091108082,-0.9289035614129358,0.10591197389831508,-0.5730048692797525,-0.42853544773877383,-1.1327767195995355,5093,11.53,0
-3.360924624680278,1.294515545906768,-0.6510091493539849,2.783104764155625,-0.6304532426479936,2.428783989637315,0.7048979399245477,-1.620796287641853,171916,1167.45,1
-0.021604897393416346,-0.5364034910230189,0.34657306779231895,0.6229286263720306,0.38142691296829023,0.8110194658253493,0.10045230931323762,-0.9955875029247702,42800,106.17,0
0.29753893802397086,1.2247635790626354,0.761558732117613,1.5165218223678032,-0.9080798884193191,0.897372701848969,-0.7725013969171382,1.6689342561317557,53580,35.94,0
0.6692174869335251,0.33382040441327554,-0.09767093748007007,-0.5384475952467263,1.5875588917559542,1.7176878132800422,0.10761496488575929,-0.6837311960467091,59644,45.7,0
-0.9100717563689603,-0.7546549668889936,0.307852774423666,0.8090612209649455,0.31787156782644804,2.8863288812175214,1.2485874792165037,0.7353755549544853,123736,96.64,0
-0.5648301494743337,0.012195649900496517,0.35726513642755503,-0.20184606657360457,0.991793388150859,0.3411841017207137,0.8741899442119067,1.2564876876332116,129068,18.25,0
-2.347395646413385,0.02676439775223908,0.3078534436267028,-1.4812357116409642,0.22077121842169808,0.9149506585392493,-0.22387475118136693,0.6565393821360263,114635,60.51,0
0.9228435779049217,-0.7419221950253907,-0.12499210887365457,-0.7325878708687279,0.7700854051402871,-0.5795965020758072,0.647632773493849,0.4788118537721389,37154,5.66,0
0.17796752109290162,0.3589818399675309,1.8184713018763077,1.1071218186170126,-0.35032777731499454,-0.8522777363628355,-1.9163301241465354,0.4503531980792746,51375,36.01,0
0.2271782297216455,-1.1538908345198176,-0.09841608859481728,-0.1312452403441337,-0.323479995255614,-1.530556586195073,-0.00031178075796579007,-0.6185674079062269,120574,85.2,0
-0.2397322031579848,0.7748197548403734,-1.357144781402336,0.3817516195282061,0.9247959078176096,-0.3271948111325354,-0.6213516681713444,-0.6139651761046968,75225,211.98,0
-1.5790308905560857,-1.4684266014009257,0.20702050939082917,-0.6174686729974613,0.35667344205192825,-0.3420055915646587,-0.18555840346604682,0.7801063150990825,135624,82.51,0
1.28194596693449,0.2351201357399307,-0.17166711498457787,-1.223561861246523,1.1513286590161473,0.07497213575189834,0.0782891544863514,-0.8461284964293391,78530,132.31,0
-0.7733934408619441,-1.2898171337260176,0.8104513678732886,0.1790159726090269,0.5112757415807598,0.43004183655984995,-0.24506270635175723,-1.5594035897024712,141612,19.06,0
0.07266605214203282,-0.13273429506058104,-0.021977594548941944,-0.6989061328775642,-0.09939161412625391,0.04526856048850597,0.04001277282081985,0.11155114028878556,35864,11.94,0
1.018174442838346,-1.1830766843092233,0.9845706916384246,0.7125870083839215,-0.5310323596109858,0.7579370200416324,-0.7921409983431607,0.40564851278524255,135397,6.81,0
0.6744654244910979,-0.8930786006049823,-0.3298838851601831,0.28398781971254555,-1.6550168940722543,-0.08674444724533177,0.525545680190085,-0.7443711598045819,57075,26.35,0
-0.015432719684975858,0.9686490064537576,-0.27911453112993967,-0.8312240544639494,-2.1883722921684576,1.3362840635003845,0.2387283283560764,0.5460577375638241,134392,49.54,0
-1.0366385890707797,0.8733150992921703,0.6700385791921505,-0.3625491299145216,0.9829145106124676,-2.0864689900994637,-0.34182275993477557,-0.5226093712188038,146000,29.67,0
0.2027818683807691,-0.5618978302055627,-0.09844380806988903,2.033800049569428,0.5093559305345263,0.22518789756840368,1.4119620059496611,-2.5647078051498915,80072,23.15,0
0.6186302640470464,0.08666305923466916,-0.30713026585612063,0.6902058433599029,0.5504370825283288,-0.27955160521265704,1.5244115074862226,-1.5417575122738822,82786,5.63,0
-0.24936783834808848,-1.1300003760924564,-0.6339879499669326,0.878412979507654,-1.2532080412418714,1.772723101755885,0.08507113919863317,-1.5863350751318903,48454,34.9,0
0.4740796009486188,1.177171382097027,-0.5876918054380966,1.2751339426220947,-0.4129955752022856,0.18214209062638406,0.19064464381703963,1.5307463864333115,115885,27.01,0
-2.040735254223455,0.9580164413133434,1.5101756971191156,1.1443344798770434,0.2919700247203078,-0.5936904954401079,2.167895636068299,1.0717391521782345,67881,69.45,0
0.22413810153903438,-0.03746988941503044,0.26477278299039114,-1.8081173204200738,-0.23349635122676596,0.8241633168494836,-0.43181730966359355,-0.8621634159040397,47857,65.19,0
-0.9224323131894809,-0.5417468245737203,0.05166824910060968,-1.56109966624707,-0.9928192963252266,0.38735188537995446,-1.265013297916495,-0.04520979708834094,68092,3.6,0
1.3708014815850107,1.2176440924858842,-0.9423480846788468,-0.387493992927473,2.1079120973696077,0.8801789564535437,-0.04935238558920484,1.14253333048923,68212,84.26,0
1.332655195722782,-0.39182298632143564,0.44168520316602206,0.24654410372291993,-0.006335223857658368,0.32366084439010007,0.6019715009878547,0.5503188694251407,133470,2.61,0
-1.0491046458767084,0.4222831295033616,0.44947183759510256,1.4605252934756352,-0.22846905732234488,0.7014091946752973,0.047062613184142364,0.29959823275961106,62908,29.06,0
-1.3292173526108868,0.5871795690174798,1.4757750655055626,-0.7734901312285224,0.6846711770762893,-0.36488136677570365,-0.5164084876280468,-0.7331319247248258,73390,38.81,0
0.1280087620841867,0.36815494040804525,-1.5744719761094244,0.24418456562688076,0.2031417642294935,0.4367501281537285,0.1157411869973744,0.3517030810931023,152659,58.01,0
0.4800269994039371,-0.6213427053642643,0.107567707306824,-0.848489928325443,-0.16702639260598132,-0.05453923262740382,2.3641414682675777,-1.3071019012163383,134906,5.62,0
-0.5171712769561332,0.14745924039754665,0.039990647464107375,-1.9503589928936267,-1.4917216884536304,-0.9528604968058533,0.06445508322799433,1.0738418279516018,135928,2.46,0
-0.43260122430206127,-1.8358746469926686,-0.2114831291778997,-1.4234275242365828,-0.4614644407585139,-2.7934138048141053,0.017055886349138842,0.4337344280236293,45003,101.75,0
1.0938655734135374,0.9876741804520931,-1.3992557969655937,0.7087830466582424,0.29280556413218756,0.009302786390400615,-0.08384074367003162,-1.9044020150917453,32655,29.92,0
0.03492913375477898,-1.014962413228682,0.47856454040038177,0.02140532153797481,-1.2954792654238505,0.9463355628647137,-0.5143412605706125,-0.3586199493630518,142489,2.95,0
0.8356228445521514,-0.7467899810039311,-0.8703374793845873,0.010843255677798891,1.0662422811871797,1.9555854965676116,-0.410175568277822,-1.3019864421944305,51928,63.9,0
1.3046130481810982,0.5514638957726993,1.4604206135533107,0.3240107748770533,-0.26214602034468437,0.284889937242156,0.8433610304623691,-1.6121328093253315,62970,8.54,0
-1.0336088569434467,0.5479894893255806,-0.0981571578138971,2.1224834106870887,-1.5340901699509348,-0.8706191375516203,0.012025584791942455,0.6650113624326469,55084,63.3,0
0.47314090541592796,1.6145647607569273,1.1834520272223101,0.8141751033515644,-0.2945293034155334,-0.36071371952951303,0.841476519466711,0.45284724708981894,61365,4.09,0
-0.011378077733031698,-0.6535051230867315,0.40507526030243035,0.9505292581593787,-0.16989273759763035,-0.42948536835965156,-1.2601546013120648,0.21783580132077365,138708,20.82,0
-0.08983396532289771,1.908336817046162,0.06606134432478361,-1.6095051276579868,-0.43080792555224523,1.945174424077782,-0.8952518594688363,-0.4405493078923024,138718,4.41,0
-0.9510552644897303,-0.17420477097713544,0.8030342636939594,1.0828529541768297,-1.604412983711113,-1.4171115737327455,0.46996622942362193,-0.6377412466771826,122929,23.18,0
0.32428362482254725,0.13043955865550175,-0.43407387903562705,-0.22344727593936864,-0.6518187151163334,0.11587674255328372,-1.7538854067587886,0.3154615322724144,153993,55.57,0
0.15772801379608323,0.313839508523037,0.02019934033834886,0.10236161129238554,0.0060735678806887365,-0.5760174364027226,-0.7078014780901437,-1.1492181494779115,55430,19.79,0
0.3971513704009905,1.0170556705846325,0.658586344656636,-0.6138234237205725,1.5423489533626462,0.12482834328481325,0.6791829549066385,0.8405780420884758,58019,78.67,0
-0.3932363596671669,1.2041277404634543,-1.528341582162881,0.5591949907086667,-1.1157803568259743,1.109227535934208,-0.43223285233237513,0.5262360018519999,59969,6.22,0
1.6608549116041296,-0.43730622618779175,0.09899805762479688,0.16924826174266294,-1.1602170570327905,-0.19291717253005522,-0.17660171886594317,1.3768376228188624,153311,16.44,0
-1.0586419707854662,-1.7949799017233223,-1.108948952704328,-0.6393198297925317,1.072406086496827,2.029252061158681,-0.9094429466888794,-0.08419239103838097,69430,31.39,0
0.6781660236250351,0.3097776672662222,0.6607268452282582,0.5031399667312998,-0.753035853451385,0.6699636281381883,-0.6430040735848185,1.0537757981927927,45591,63.94,0
0.44099268813815407,0.6231784864309536,1.9867104155026418,2.9616599485933954,1.2362300256134025,0.2604932168576579,0.6382415993670852,0.4340274938306062,48275,44.46,0
-0.763826568136936,0.27563296788373315,-2.0763670303170194,-0.2746908074173299,-0.36444100310552613,0.36156286855618697,0.050407579212079945,-0.9545058485177996,142269,6.25,0
-2.2053448366806605,1.087209461771397,0.15328034721060685,-1.9213384816302201,0.304082646032703,0.09496148915312223,0.5228932094290569,0.802013602729971,56633,31.43,0
-1.3130953430245775,0.8050762097944908,0.09795875219194032,-0.9121985124472741,0.42380039983880186,0.10388496767037299,-0.6117370696987039,1.9034716427639438,113277,19.51,0
1.5713243804533803,0.009954349043195445,1.0297834219780846,0.4114528252010149,0.4766267037434475,-0.01369436990718454,-0.4319958297203456,1.299966616404053,142258,3.1,0
0.21283260712534693,-0.5696328035424871,0.9240967134422856,1.2968796713609954,-0.6745280779152143,0.5463388555557811,0.6391569570392404,0.12620050557729662,48971,122.65,0
-0.1773564595718337,-1.0464027031022436,-0.030292485184934687,-0.9232207379842395,-0.2143755097301631,-1.7244782621598558,0.036202973499143906,-0.8822101751055152,56394,50.36,0
-1.5113008715976217,-1.468815206629401,-1.091965840285991,1.693418819678781,-1.4958343871089952,1.4781679522315574,-1.0541772395272015,-1.3551629954442066,73491,21.98,0
1.242830043861861,-2.8256606898846677,0.520230284215758,0.5154712310121666,-0.45706386530089466,-2.001197507482435,0.45499536933324924,-0.447095986375384,147893,24.55,0
0.012589601172241486,1.6870455258695118,0.3206625943954925,-0.08920572782303798,0.7242637388809542,-0.8841558081919275,0.10095196138947897,0.6344297651488165,60513,9.06,0
1.4247871490509236,2.2328930966868956,1.708348680523788,0.6295704369174475,-1.401677026498809,0.8020907051381198,-1.577732919048793,0.3316798390961635,60070,50.97,0
-0.07085916343043974,0.9352615649754317,0.7951657775365581,1.3337513154370604,-0.24705532939514388,0.14299095718410818,-0.2501933846739631,-1.111886596473876,69354,32.3,0
0.6513841605059241,1.882865749640369,0.917710524560253,-1.9267095965809427,-0.39837213707773766,-1.6178451497568869,-0.6388206348223144,-0.37136212933189056,150273,10.83,0
-0.35927411336406795,-0.6580439237534242,1.0275967859487591,0.4940673364796565,1.0311561801619373,-0.6178737764221163,-1.131478763875061,1.3290786739890195,84028,56.57,0
-0.21518343650817895,0.351244151670364,-0.0015859262733926738,-1.1065637959263668,0.6865432151763621,-0.6243521492599413,-0.34255466658630035,-1.5135813647665468,139649,63.33,0
-0.7792152009102554,0.4697662659008324,-0.15722867607825566,1.6398042551716747,0.865489642170139,1.3374956861310514,0.6149340233786094,-0.49099573669339514,64850,69.68,0
-0.1327207504204727,1.912618558478195,0.3848444928929182,-1.276057323039128,-0.865954106286216,0.09394944178841741,1.2578596381425438,0.6611130006408505,53806,43.9,0
0.7434503187263338,0.8437136810280769,1.813264509946156,0.06556694552974972,0.732477804939842,0.5314080673127789,-0.7143814511280615,-1.3658455553900561,109714,97.49,0
1.050281993397764,0.10789969826743621,-0.017741834514377944,-1.0715789405176976,-0.22337033778687312,-0.01951543940406494,-2.054754692432885,-0.8902193420638422,41244,97.75,0
-0.6564591714218575,0.8321826097715004,-0.7508092171142485,0.26789918281502145,-0.0010369770179853312,-0.31540788294669375,-1.3680928493465472,-0.17081568680331713,121638,38.55,0
-1.392060331343369,0.5840526331233631,-0.44172325907900517,0.007983141144912895,0.08630122909875232,0.9563647441460412,-0.5126489861302508,1.5887581696770754,128504,45.95,0
-0.2458586875975805,-0.19790640934315554,-0.2669198390851565,-1.1709280754026186,0.47493644507804944,-0.31409225163845816,0.032999648779896196,0.07948414154540304,138870,62.31,0
2.936194489791256,1.305534003206364,0.08566708492606677,-0.18118678374728647,0.6229959204181222,-0.6129485015827316,-0.22805945707149558,-1.9515487400986646,120436,8.92,0
0.8454424374787118,1.2596292285010375,-0.42475855594909173,1.154256406919051,1.683263637802671,-1.326489191221376,-0.4872646751065797,-0.1081452857333419,31000,11.61,0
-0.6721205355094652,-0.7148623139738445,-0.7160062013837587,-0.38116981748888146,0.9508100914026137,-1.1211437327974334,-0.6469744506124253,-0.5196885701760797,103528,82.37,0
-1.2458245631239084,-1.5850594349340394,1.0016454196603577,-1.0415266674799433,-1.1311234867604978,-0.5149845243650389,0.9962580717807346,-0.36772394057126495,148941,29.93,0
0.6068492485540589,0.7977689213047717,-0.03302374637691856,0.047681367386169,-0.5767636673049116,0.16987942513442464,1.9814787708644557,1.0096967202535028,106465,61.44,0
0.9332205155802827,-0.6113656473643301,1.4390803611260128,0.1662437949792915,0.0641017720484653,-1.789701272552644,0.6578891343618591,0.09505707799052146,74502,5.04,0
1.4403559451573686,1.1048182329599532,-0.07482344641216339,-2.156101758148346,0.39277819273203196,0.36967215465874187,-0.9335936059468981,0.830696394508142,148841,25.6,0
-0.3391466359308873,-1.613844232109252,-0.04581424291059651,0.6354956616736759,0.09892633603723659,-0.8026532220639115,-0.45865800602651785,0.7655473233588275,49646,97.78,0
1.8015878778332226,1.5467267815741932,0.8376131246705084,0.5748397511979125,2.0660354501249985,-0.5566921394097767,-0.253301715571545,1.4126259866395097,100314,65.31,0
0.4798283715194892,-0.27151118310388506,0.6320484771210559,0.5622889179004108,-1.3066080266531346,0.31097634501422283,1.1822403898584486,0.9837917519532065,129408,40.9,0
1.154162780421457,0.21914533865734734,-0.4600643894655564,0.7349989987664513,-0.44185108950097624,0.10528354744163662,-0.3817802326421663,0.26663261246274955,47996,34.99,0
-0.8646190939550066,0.46146747722029846,0.3954037500543673,0.4012115071239687,2.04903411526285,-0.2124967112014711,2.7320358999303194,1.1214307109384298,121264,6.23,0
1.8069135411663348,1.6287421989600666,-1.0547781553425637,-1.5961379832843572,-2.0528558713038705,-0.9729554438417851,-0.5557316609510009,0.4023028834410809,62700,60.61,0
0.3123910834563593,1.4880012364932294,-1.4476328648651364,0.5907032384711953,0.7575454888321285,0.48487434622055064,-1.2006490098118503,0.3174486110750837,122153,62.43,0
-0.858667293448665,1.6803499538682414,-1.3374403318258017,0.39855335149157034,1.594472614737505,1.0054133002314873,1.521450157169277,1.669951282978696,172800,15.1,0
0.37359062630240514,-0.7877918522616021,1.3335866860590582,-0.04782169196996863,-0.4233720428673857,-0.767674582534928,0.07326183216989275,0.6215203457866668,133151,13.99,0
-0.681243948494123,0.017995461854860437,0.8903353149820696,0.1644181871250766,0.673159335294313,0.6586218087487499,-0.42484098276342286,-1.0206677299017983,77118,136.13,0
0.674668278189803,0.18602135955501617,0.49220792630338595,1.5330292338495246,0.41086949513377546,-0.03355243428972337,0.45817094933220165,0.8156561591418223,155364,11.3,0
0.54537558677868,-0.6038181582207843,-0.3929066177061567,0.07284160463566662,-1.7582160032045422,-0.40770543623022304,-0.1106190785488152,1.7645351240781617,55271,52.32,0
0.7125109369360493,-0.8042399218697374,-0.14838815736484165,-1.201870542440658,0.5679225718943226,0.46210623428902364,1.4157269385420195,0.7368285086119946,53839,4.34,0
1.0385707066452254,0.6733196516290222,0.37582769266638755,-0.6583364923516433,-0.4033547842337956,2.0726009570572272,0.38518193335217515,-0.528710560819601,136141,5.37,0
0.21975756660517362,1.8491797193763289,0.4106227773713496,-0.9186188822507785,-0.48631552437169884,0.43449503848237797,1.31259795777342,0.4019551549673502,44352,26.96,0
1.9039243205357854,-0.7258012198716824,-0.4839981365903255,-0.7618308124236399,0.41115377067598524,-0.3322085697703106,-0.4552143476355789,2.1385892780232414,63997,37.29,0
-0.2752051654085539,1.1108389648836827,-0.2627063817449152,0.024034520185425103,0.39112816558134683,-0.9600860539999243,-1.3588880820388403,0.2797859158726353,49606,3.64,0
-0.830494058490083,-0.2969289042462054,-1.1528602647348956,0.509682342847901,-0.2560030074650692,-0.29135962475747695,-0.8006800346520218,0.4172996651324673,71897,57.03,0
0.2658305246318299,1.9507857035460328,-0.004165415825622835,1.067610720102078,0.6465610996280237,-0.589422222777757,0.3482931726795381,-0.16441881423051805,62891,27.46,0
1.6344718983073303,0.5945400074189489,1.0026385322962081,-1.6440456361548499,-0.9940829944985712,1.184156479322327,0.12578246803964552,-1.0396417387001684,158583,112.7,0
1.940348264235985,-1.0469282871184755,0.13764301665942075,-0.4536110356830724,0.28440113485090357,-0.5352584289171357,-1.7339183823427333,0.6417318637805496,118154,54.75,0
0.4698399223516051,-0.4649890156641468,-0.21760984522651372,-1.0176146391382983,-1.0077060875558013,-0.5200560044612075,0.1309085504445101,0.19800090430387743,19829,11.76,0
-0.7344126237659614,-0.704935955846811,-0.6279783202330084,-0.2903500349861788,-0.6078273303653104,0.1598881551915338,-0.313637173179736,-0.7065734741877533,142562,121.48,0
0.09066013311417374,-1.9708008160932078,0.06205826470539632,0.6482465433674083,0.17420134235907095,-0.39385053612312304,0.041153126403164396,-0.07549237144633661,38379,17.35,0
-0.09517861909886688,-1.652663397046005,0.34431995085906913,0.013533560687097884,0.1922235545830191,-0.4973610380077347,0.025398092089794995,-2.168779144146772,152412,12.41,0
-0.3820614873547184,-1.2396844358680121,0.9608916750154606,-0.0709694698460463,-1.7591221951140201,0.5073768827634214,0.04085672131381844,1.6998196379523638,147266,71.82,0
-0.6823227785683137,0.33474402682229554,1.8969290449692906,-0.10530909933414562,0.01700158298701464,-1.5321480320494418,0.10775250334940593,0.6654810515915741,64212,49.46,0
-1.5600438082747774,-0.11858064026152865,0.8068430637033425,-0.13160517876210734,-0.08981623021368716,-1.2983262737123216,-2.101616318771143,0.34205184106602554,143578,46.48,0
-0.8666786213532843,-0.7594573199836635,-0.7954994046001439,0.32830717562133405,1.550636238255454,-1.396729446763195,-0.34100666379425365,-0.16405323275606953,147490,36.19,0
-0.18525796828312216,0.013357262424754704,2.3908290752859767,0.9211514580014958,-0.28551231474810584,0.3699320070485449,0.5509768802949291,0.8215281183856231,158996,20.9,0
-0.047789632786682704,-0.11146100758178112,-0.8864148716734289,0.4397855131384423,0.40139339611613956,-0.29414256957527635,-0.012734156097016527,2.052948439459977,34887,18.79,0
0.019113056270074064,0.30296191691269214,1.201591074898285,0.24734614024958101,-2.5815690557852835,-0.1991180358312974,1.5691033779939534,1.1420830026644924,53205,14.14,0
-1.3942759721669151,0.5668549587450205,-0.9855894015516428,-0.010422596179275526,-2.130481743502493,-0.648591782163676,-0.1262432706204188,0.5613136341635035,122371,67.66,0
0.5795642944642145,-0.745143649308345,0.687256214628081,0.6945312598224783,-2.6605961085140057,-0.06866221374193433,0.2001248156687314,0.7480819007849948,150620,22.73,0
-1.9008681052100456,-0.24304371644965392,-1.6221108055078972,0.25705422672112826,0.8710412311490083,-0.8092405833857074,-0.4236128907660596,-0.1486824784041567,51781,6.73,0
0.18663810314277643,-0.4099769046306029,-1.009349767949633,-0.7134814418575092,0.8797891164565839,1.153039472409667,0.6949003567306098,-0.029179184065090534,129610,22.36,0
1.129622968592282,-0.8532309281219426,-0.8624913362594758,-0.5619887977691027,1.1191491882177054,-0.6714021744829869,1.9635001375281322,0.12571369626267936,49519,66.83,0
1.6923808784619938,1.1784468853753214,-0.5805898008472249,0.8688833600885858,-0.0432226736887327,0.34374928497275403,-0.9808593282705529,-1.3206835510444115,122003,19.67,0
2.769114496647759,2.2825960528907765,-0.8172735236720339,-0.25970550624504823,-0.8986787616347309,-1.8756586288002737,1.706814751588489,-0.1497610851585922,131068,8.78,0
-0.6072104429957799,0.5628109699500876,-1.1286963336068758,0.564301351141907,1.7517962170705998,0.8226153699736483,1.1966177360048202,-0.3781936851072912,27857,51.35,0
-0.854637991514105,1.3359699903868376,-0.6631003634534273,-0.6539154159094946,-0.9012719176632664,-1.0882616386509967,-0.5464760143304203,-0.5959563194483009,116478,88.59,0
1.895367654099805,-0.4003861099801894,1.4537960520722502,0.625776514830617,-0.14842887645064787,0.965939554859702,-0.7347458774539152,-0.29095686434046114,170845,38.88,0
-1.1052689770267907,0.23883841454454713,1.2669859609009806,-0.5011512070183547,-0.8857639384125955,-0.17344501351448452,-0.20913388346084813,-0.3212736333562638,90845,153.68,0
-1.5799809239943792,-1.2038584213928043,0.0709250307028196,0.6577609085446663,-0.9103976836191963,0.5890860749745981,0.8164123976571149,0.3296182343981416,128696,36.73,0
0.31986393708089766,0.9980615154763643,-1.3730388323596754,-1.046373281993827,-0.34359738492837333,0.5337580112475122,-0.940972322519671,-0.3860644556339441,37312,11.99,0
-0.9314456116460563,1.3316458454278763,0.666701819593133,0.9889042823400429,-1.882863603407323,0.956575808725981,0.025071188315589483,0.8276296430857008,116758,83.55,0
-1.0938758852802368,-0.47952703998332624,-0.7017324838175452,-0.25727489014295285,1.057763695670583,-1.4727608328976456,-0.5836394264251722,-0.39448600958242896,160954,120.28,0
0.1201602469349939,1.1072071016420464,-0.3404509002289002,-0.950284736249839,1.0912636534948261,0.11101470028205597,2.007831655599205,0.5187195237867986,41071,45.37,0
-0.18098247794339253,0.3713069185677303,-1.3134540190555344,-0.25983722000107284,-0.3421231696459643,-0.4244053229308657,0.8144241552427022,0.10426895714306594,75806,81.22,0
-0.21929632652044434,1.8001330404027867,-0.2347324517230257,0.7926228932994547,-0.14318756002605482,0.0073127791423647625,0.778399871180435,-0.4024408328434304,37164,10.6,0
1.0568296091987137,0.31378037316111457,-0.1651288141675722,-0.6472868124331714,-0.721082716712601,0.3108307240138969,-2.8774620334201506,-0.5570564628912819,131335,22.24,0
0.32946174782298493,0.9942661357839931,-0.7581243357040363,1.3112127287580826,-1.6026582706837638,0.6618896035170411,0.16776031847117723,-0.9629104014319679,121213,8.66,0
0.072642275007448,0.1448272358591896,-0.5926282428072309,-1.80367135310113,0.2737102199179464,-0.0010502773224405912,0.1923469667298092,-0.42150739750330957,48015,2.84,0
-0.020203908762842077,-0.4980409777484647,0.12862942964193116,-2.068455008353524,-1.2673165960540063,0.44872988950665094,-0.13322005650708416,1.5045158627843784,126712,105.24,0
1.709951900852418,-1.3461585247510854,-1.2720533694921494,0.9593905266362096,-0.9213513323788286,-0.739200259267674,-0.44307660295255796,1.1254719619042568,63190,55.02,0
0.5877994973921299,-1.3070530635602322,1.7578488451965872,1.516088726806931,0.5468931684981736,-0.582183878425827,-1.0678106323764516,-2.5727664014569522,44115,6.87,0
1.3100562153731727,-1.6675689759482688,-1.4183029081738565,-0.08352567618569602,0.18593029505716607,-0.9412931361365815,0.18074021532834086,-0.7409566670561635,157846,7.29,0
-0.28738674336061776,-1.8294758570519976,1.2035608827675934,-0.8477600667482007,0.3475442336661628,-0.5242611772362317,-0.49422840434419113,-0.8631202929810896,82094,21.51,0
-0.17857233678998077,0.9041679146146248,-0.9012948924202907,0.20842152702220731,0.20335983595301022,-0.031456964681352784,0.3221086793948148,0.9060926237765612,168171,31.9,0
-2.0672402806590027,-0.9711891066054478,0.2065696801445694,-0.07417963984338605,0.9618628306510899,-1.485655499492098,-1.4661115798740532,0.7623044655803054,102306,12.02,0
-0.3206916823736813,-1.067518251556361,-0.7660781673976041,-1.6683489397190119,0.38593012305419,-1.1527108095367837,-0.12081378535831612,-0.4907736208665116,114468,73.2,0
-1.6116895845554704,0.3605988992629755,0.6903029280919347,0.8217021225148194,-0.30338126813725386,-1.2482218897904178,1.4995140293927778,-0.4455442533670452,50200,41.09,0
1.8493393189456226,-0.5727007971764988,1.0776401829362852,-0.45837348475224154,-0.8191725402792875,-0.46893041946146075,-0.4102268434912896,0.5637253271703994,45889,35.77,0
1.855635684112075,-2.0244694961669625,1.4144844412582522,0.011794419729435759,-0.7551708411563337,-0.5342724683441019,-0.49816088277580645,1.500077642103384,60718,86.3,0
-2.266935715454149,0.9501715386017936,-1.0000267205602102,0.10626156067016408,1.4048800806781325,-0.30880384827867013,-0.20471950621822432,0.9346560317976221,163473,25.17,0
-1.0646677514966658,-0.2697995596852307,0.9634558717204744,0.5898776160510291,0.8523375820580139,-0.6084937685206474,0.9252721640059354,-1.0947292923119474,148610,47.66,0
-0.1888444550033698,-0.1444408360783805,0.4732027780727616,-1.2924203443622115,0.8596129393798341,1.2449811128143873,-0.6600494905053718,-0.03659142513378376,29753,2.75,0
-0.949953524793763,0.4231978267779836,2.3766166571755125,-0.7868327110666181,-0.7095594521495487,-0.12237298479157305,0.7563189406358226,0.5657160088032129,51967,16.37,0
0.7040318031080619,0.16197113133082497,0.4587699177505579,1.3607301534136718,0.20252799567364477,0.8196615288463438,-2.199591957805854,0.32427504594954315,48738,19.82,0
-1.1079354827820118,-0.5473966650918181,1.2607659477243827,0.3862263782787283,-1.0158517472312683,-0.08073469554436408,-1.6987212044266033,-0.20101613583033465,154242,223.43,0
1.3665685826662735,1.4873435339774235,-0.2129353150233234,0.3274180769210636,-0.45828230942279574,1.8392285289024406,-0.38844214077191186,-0.782060919834995,50636,53.12,0
1.3491444742476182,-0.0602732717779427,-1.0549456435706173,0.20810674590511025,0.209473897843027,-0.1887478325133724,1.859114804641165,0.24412702088608149,31586,6.67,0
-1.362373781926844,-1.2663396027675355,-0.9471701743698899,0.9743095609087863,0.5479038937499666,1.0674161880564201,-1.0584596317349053,-1.9930448949392139,79648,16.96,0
-1.0472740400910394,-0.3419458118312522,0.2028933792661254,-0.27900802150803067,0.33295020049012247,-0.5753908793371463,-0.6803345111790656,-0.18234036328361974,138935,178.27,0
0.5946622246182872,-1.731646372159855,0.3647388147045891,1.2998224443381121,1.6829115233950462,0.628425424800066,-0.08149703227075807,0.9772721016330739,164610,173.71,0
0.39607752796858386,-1.212079295109567,0.14388562665174215,-0.5841510598010923,1.9922734717416066,0.6931615178029368,0.4025194432442333,0.6496059135003164,122261,10.81,0
0.2779167959189828,-0.8483128963106845,-0.09542540759167957,0.8369284352133449,1.3696410053828696,1.5869521108796756,1.8002285381302925,-1.3303952330879645,140550,35.14,0
-0.2896071100107641,-0.18568895173503236,-0.33607896334677007,-0.7191114363365751,-0.6716953577808804,0.7277334985919344,-0.5798789348216229,0.1614137027544375,26303,32.34,0
0.05157459095266477,0.5134324114993294,-0.6620509555982982,-0.2806157612343353,1.1231900074410524,0.13632743204568418,0.28545949268138004,1.0011119697361803,34723,39.0,0
-0.030594284413972144,0.14994811758475096,-0.04004314728491762,-0.6088964888973598,-0.7327933890115963,1.08060663917773,1.8821795686388911,0.27080090683591745,78412,1.85,0
-0.1883658466196552,-0.1154828963916312,-0.26603725114374654,-0.6638895056131665,0.7470673189738315,0.942695667499274,1.0490007010654008,0.33010801011515206,125269,20.61,0
0.24618023383831225,-0.6445283106356816,0.9585903186942275,-0.29589012159399175,-1.8808388009804358,0.1507666641911813,0.8073741438163111,1.438030886920464,147539,15.46,0
-0.3397478621808091,-1.1844380678030872,0.32236826902943033,-0.04328560487960969,0.46330867118861435,0.6904749348373335,0.3199316921378321,0.5281967236673127,132166,32.24,0
-0.7762054596508466,0.6920085126081793,1.1785032959997523,-1.2082980633767364,-1.642908508631847,1.6443941140004834,0.23142628983469038,-0.5353351523461923,60204,59.66,0
-0.31963955050876364,-0.0655083219194917,-0.9789094466560552,0.2307110072766469,0.6950678287131262,-0.9162077749053583,-0.89373242494944,-0.4955940765874636,42155,14.07,0
-1.4954062500370302,-0.19864063130190368,-0.8740032655390574,1.4827810851814196,2.517516957735271,-0.3112237044975417,0.848619661626,1.2697502942140177,56362,71.66,0
-1.009345034213711,-0.22602706411762008,-0.10449747819677886,-0.2806915776438352,-0.38767234166190107,1.364517048672585,0.30171515174622265,0.24418924651852703,154575,16.41,0
-1.542445083515727,-0.06008556737978037,-1.3837935308890936,1.2258790482242037,-2.1099078362694663,-0.28294497536435914,0.5594082342054149,0.3588856151710838,50869,20.85,0
1.1986833047179284,0.6652174276204478,-0.29382287516805666,2.713266845469296,1.0148875850859707,-1.1505835571379723,-0.1295109921225439,0.2267552355854602,52643,18.15,0
1.5517029929977706,-0.7835793053616179,0.43731177832472085,-0.6021139162286057,-1.6929077124447374,0.35837197808086263,1.929327986322298,-0.05384107306194828,45235,34.92,0
1.4399804137432521,1.1694398079671657,0.20018539923300321,-0.48604708090420556,-0.2532796627489028,0.08633318679369228,2.1077484087165135,1.0242916827186488,39766,164.55,0
0.11457186016712088,0.6130237287307928,-0.49738886543981115,-0.1192591542364694,0.33154374797859615,-0.12900642706778837,0.15635928799410412,-1.1904247627777083,162582,31.23,0
-0.0719516812285325,0.4961797657413876,-1.161672015194444,0.34931379745369,0.8891459188165428,-0.500238091799737,1.970959168340643,-0.7426264511718177,124754,39.97,0
1.0071126923324882,0.2847631252449511,0.3647878677900808,0.07165452317341776,-1.3644943755529613,1.0708729691829213,-0.446663968729996,0.8326005160239851,110227,47.81,0
-1.3636763817424824,-0.2157483667512822,-0.7287921503824148,0.6074740513132898,-1.2542155562735635,-0.19873444049962882,-0.2418052073691182,0.35478971040131213,138190,47.63,0
-0.6059441628470909,0.03923805481997368,0.08368981997688686,-0.3489217264410125,1.0659097871516237,-0.8643077150294702,0.11533979039383678,1.7835000132962895,51132,14.41,0
0.30354543883134116,-0.7159362327828015,1.526104321729615,0.7818633025076417,-1.744648066784945,-0.19380485378852874,-1.1568358310560711,1.4719071827548464,43460,37.4,0
-0.9948904163038866,-1.2108824046326427,0.8976783818878081,0.10492640460420227,-0.4772848557461142,0.602542472371717,2.117323700210516,0.25796894837579193,51943,14.61,0
-1.2849439830258615,-1.352550426306098,0.21800470218309495,1.6982503163506306,1.2949104310021597,-0.29363973057648207,0.21154950040214843,0.9131977481359224,139721,60.72,0
0.6312112231699204,0.09378642661837694,-0.24326265190664015,0.36458051210069764,-0.43712855701900205,0.1455056555924607,-0.3016962853467723,-2.078362960969055,118509,30.23,0
-0.23482979342391355,-1.523459674793467,-0.5286326622955074,1.6627674451978527,1.7758422743543154,0.6739184729792327,0.44118467847458515,-0.6292506569421282,157196,31.93,0
-1.0056221605270812,0.6960076575125617,-0.8259515223559756,-0.5151279010281712,0.042710875400821184,0.824224236236397,-0.04400403012602271,0.4134525485524437,132526,23.39,0
-0.3917036282215854,0.15400004474893358,0.2013818879914222,1.7428909748500203,-0.511882471313872,-0.6111662643737285,-0.09319781292089803,-0.9160621197753724,131468,55.75,0
-0.5049644485414957,-0.5441253314456943,-0.8046593122973089,-0.8480880834096289,0.6548402523941542,-3.0291592453160363,0.5882674603314766,-0.2760400959918368,102314,11.31,0
-0.48832767680027656,-0.5134109244564404,0.12147311217226026,-0.5815222787187041,-2.0198088751700762,1.1853146765987381,0.5064209447780279,0.14908184178491468,142108,35.8,0
-0.2993956891122991,-0.7425202937454141,0.4965019938670379,-1.1679878243430941,-1.092444774840381,0.6049887412234697,1.8473655027009637,-1.4187048922761345,49547,27.52,0
-0.14867908887143086,-0.9445294576993009,0.9014020901613844,-1.763723876486993,0.7812571909962575,1.1440926945412941,2.336746454024997,-0.7541921187951445,40227,43.51,0
-0.6462984690799007,-1.3146663822718339,0.9494426755632127,3.337381912482306,-1.6202197923049237,1.0202318013707172,-0.1712216187462609,0.3171557124296368,42103,44.03,0
-0.612229045688959,-0.8769987031792739,-2.0626640072755107,0.18026647147262553,-0.1690641899673176,0.10874569748853173,-0.10153202829908632,0.7589107564055975,126738,49.15,0
2.241960063570164,-2.5370383268528904,0.14194397403001416,-0.025806886085635042,-0.6188632918041952,0.9895275593614965,-0.32070876906844314,1.4408589489517416,135340,37.92,0
1.2890137249239713,0.529274624733727,1.0769576852000795,0.846427504692569,0.15289284916099033,-0.7261701837274942,0.40406893297715113,1.5582599491759128,138209,31.47,0
0.5990334172837148,-0.30743808109017506,-1.2044202325260338,1.8872785622056851,-1.3394619789177664,1.6812587597831745,-0.0652490560011619,1.2474396287007097,59861,5.89,0
-0.24753326765505312,0.5149306308437108,0.3314364574947298,-0.7095848288365785,-0.12875684306757657,-1.4969372832353511,-1.571449616586446,-1.1808030816471176,79650,13.26,0
-0.032835250649769616,-1.1033421217799904,-1.631205527191668,-0.8968077770590376,1.066836955641918,0.4844988581727025,0.23030416975636636,0.38144870096370254,44959,25.05,0
-1.1296575179322468,1.7175388123218742,-1.6806892462667453,-0.7404683656693649,1.9709833491416453,-1.4849715547444502,-0.5917547387265698,-0.7782187509529639,20074,30.47,0
0.3074308238094754,-0.8925129133354807,1.192601516450518,0.42403480150247885,0.5445386952263446,-0.07174999861247364,-0.32872394874318955,-0.7220244508240578,154373,126.97,0
-1.364975447937789,-0.964921008421229,-1.0566606441907747,-2.3305312612755844,-1.1910782737884185,-0.8310225171001897,-1.4336018853995254,1.4883274216372016,28752,84.16,0
-0.23266677896790933,1.7235040723541215,2.059980809122737,1.1477301949171927,-0.6687568015755534,-0.4252156222593451,-0.7793563586541433,-0.237535822175904,59424,13.15,0
-0.44811329550262297,-0.41497244623003254,0.28521300576143915,1.0331068538608694,0.2432582835435419,-0.02788468223658272,0.23713757698760984,-1.7958986514077622,129827,217.59,0
-0.5989019356444178,1.0804661600712349,1.46934473848053,-0.861586647113201,0.1782854252936085,0.3540768037813694,0.7288844307948015,0.8017827820725919,115609,4.65,0
-1.543594188442038,-0.06757092778864765,0.09479495967607107,-0.24747600804098666,-1.8208879754571394,0.2907958072297566,-1.2676402966468037,0.889217016047867,125212,5.24,0
-0.7372105050230907,-0.9160164881330618,1.41899549488178,0.3833199311900129,0.9443078764421402,-0.4796277420889739,0.5039412570575976,-0.34858529068550026,127421,78.51,0
0.6209385718923827,-1.426627767944321,-0.6567437848371752,1.4979392176285202,0.525872108171044,-0.11543431273196439,0.32897222852636815,0.01248849115807649,73218,27.06,0
-0.26440677547356206,-0.04558332132016147,0.29107391049575265,0.2878617653035958,-1.0688695059930324,-0.2643229287292741,0.23724444748548215,-0.88089438771263,59328,26.83,0
0.32269656286148585,0.028435250620336097,1.0596357241268703,2.120343040970604,-1.15572837906554,1.0008936513551863,-0.442349095051345,0.8548253297710801,132720,10.78,0
-2.1780716920131042,-0.0708125038310483,0.9974155264508344,-0.0685963812662849,2.0699368643565434,-0.7223143563980726,-0.4895181261225552,-0.6705269917120887,151158,71.71,0
-0.13932494446794,-0.9251839743808031,-1.5202163608646575,-0.8396213077049707,1.7581305073149558,-0.10334288332112311,-0.7604618351332493,-0.08844990437522522,172016,51.48,0
0.6889426370994626,-0.3440927280373196,0.11730933492101994,-1.1726915901595942,0.12988562466435957,-0.4904858793859938,2.0917534363926493,-0.7012021000696782,32775,4.69,0
0.09284043881334271,-0.763272126423614,0.3009817906034246,1.6136399302157878,0.1912887417818355,0.42194084394574993,0.4541121173168861,-0.6103560530531668,44439,18.42,0
-1.5155662049054828,-0.6580466836474141,-2.249034566596531,2.70398249755476,1.2991455783638985,-1.3195030421767049,-0.5898165315788343,0.22500728668494507,57076,9.69,0
-0.25650299926526604,-1.5329133960957049,0.15532711128133148,1.0944732128436507,-0.7670375267488184,-0.6681451797676539,1.3054525763177172,1.6324898963736874,154701,17.0,0
-0.17932996688266972,-0.8256140803014054,0.531543744504293,-2.10780852163246,-0.4821983771391807,0.3099544273467764,2.0985091195798558,-1.3656729349985453,139065,40.47,0
1.4804649663509866,-0.49183639540582613,-1.5680720738630813,-0.16902069801321842,-0.5637538531431389,-1.4218815971778893,0.6218700724910032,0.0008338917062271256,156321,2.29,0
1.2838039804691137,-1.1127351783891595,0.22574308668376522,0.5722820372709055,0.798400393367405,0.9598845164674327,0.7241760340556378,1.1945167634746832,124887,77.84,0
0.8070296146935652,0.7655520022730328,-0.10096415962458799,-0.8997729272635432,-0.2254392207863228,-0.7097544824012594,-2.6333112005394974,-0.23603201125487866,22504,37.15,0
-0.8173175287006482,0.26382332708762274,-0.8177905776750556,1.1465273154954632,0.4562434684535765,1.2670775283268538,-1.0808888493582638,-1.3757417132624483,44755,36.39,0
-1.382476152812704,0.09215928427309951,-0.3500119193827244,0.3509719645689613,0.6212919140317216,-1.6815325917617712,0.3018772726757433,-0.9127324580189119,172800,4.56,0
-0.4040026605932531,-1.6461780437171643,0.013128618177702509,2.2435203729965183,0.22927295412675203,-0.21859654631753653,-2.824373288829641,-1.106122433593503,53271,3.33,0
0.5451997809533241,0.28362368347154915,-0.4244459582005437,-0.6331881229702231,0.8040775472128148,-0.705306586956424,-1.6673586315895872,0.1438969527506137,65037,25.67,0
2.8230620306295235,0.4479692551424953,-0.06207958838635396,-0.3368283129330889,-0.15279299942871985,1.4950977145155901,0.33580158232023316,0.8703040527030829,37063,51.92,0
2.0266847783646984,0.029615397056040875,-1.0327848483437738,0.4473960361520945,-0.11767227989585784,-0.938974620453591,-0.8806339165510237,0.1041764234795534,30122,50.2,0
-0.15705352330702865,-0.33734508721859563,-0.31207370399962775,-0.5072372461717617,-0.7006874440087819,1.1369640210350302,1.0487682169323136,0.7278908011624353,60261,23.58,0
0.43626730156943627,-1.345047872131159,1.2300311445839818,1.0741650400035525,0.22471874455592186,0.18404657871869992,-0.007583246222278361,-0.026541886211761324,43205,21.95,0
2.391827719642015,-1.5511200738755966,-0.5860533644959968,0.6124477252166005,-0.9934498420327081,-0.2718748319094538,0.17587726191913447,-0.7128210148442343,43281,10.15,0
1.2000455531706102,-0.27124473751674977,2.559899259768538,-0.6026916869903975,-0.3807958538356352,0.7444454732331406,0.7615828521273778,0.4226237175671739,131741,17.85,0
-0.7872112100418541,-0.8512453315100035,-0.4079437478514817,1.1617492382562413,-0.8369194018992511,-0.6003795341704863,0.17397294353016196,-0.05664905176941217,53625,89.98,0
0.5018679368358924,1.2540693356235542,1.4275663591549317,-1.5119973131083508,-0.2245316377680574,-0.6102353071116318,-0.10632092381281848,1.410461826357984,40831,31.58,0
1.3232464962039894,-1.3243851523960337,-0.7713305791077119,-0.877174770221164,1.0110098203573292,-0.6326784533149897,0.3070547362447543,-1.4149706169293315,55095,17.4,0
1.349535241057869,-0.47313201702946506,0.1210776015016838,-1.1189145845213389,-0.3606031501820175,1.0163115605480888,0.38516486527590105,-0.7512856829232372,120177,19.41,0
-0.4151234715370238,-0.28870541476427714,0.7163891379515696,0.11668529182333974,0.42175654612775826,-0.7459503436493445,-1.7582980880968264,-0.5300180969716489,42097,65.7,0
0.7466430775166576,-0.20629329598986737,0.8041269734539096,-1.0626700908368865,-0.9034310944593489,0.9421054703690607,-0.07024005097808525,-0.24654945493027114,120047,126.1,0
0.4535724473345734,1.5498058934200973,-1.6904989488382234,-0.07602220455660161,2.20059446095343,-0.39029914380804615,1.0137278992804586,0.8706240608526813,121653,103.68,0
0.24720339962663224,1.7692977462631747,-0.4569525571435672,0.2597377466574619,-1.8420337457856046,0.2528944168422004,0.21656930617088582,0.11647407729198958,132913,151.27,0
0.8014941876295353,-0.3702755723824354,1.8056671746072988,-0.5024785906937406,-0.8588226968065185,0.30488490738437274,0.8800643858085628,2.128694793052634,111115,65.87,0
0.9947903583865707,0.8822474591552294,1.0800110259472744,0.6986236090257387,-0.6696446279157141,-0.042302106479992344,1.3495680662954384,-1.3489252144932555,21440,17.89,0
0.45267917616006303,-0.43044733867642976,0.06983160829428585,1.1015546500565505,0.9200138055422513,0.9091983490293388,-0.30366577891320257,-0.5228941622933254,166193,16.38,0
-0.35589190024320444,0.17343467776560417,1.0881029939593332,-1.933168593099353,-0.3368376616501494,-2.2658229506513976,-1.6037108514213694,1.3174635611044974,41800,109.63,0
0.9239322440179008,-0.54548453585351,-0.19873955543579142,-0.16784163651288508,0.5272144840151144,-0.24237332812407242,0.45847986047768347,-0.25579197722717456,142228,130.81,0
-0.836851563487394,0.9639448490796676,-0.9203904278356327,0.16695961439579357,0.4497284755061113,-1.2391280239022682,0.9570368301362232,-0.19823793965256276,119787,14.66,0
-0.5928878691505072,0.7176152856728044,0.12168192650992747,1.1287340209433498,-0.05129411093247612,0.0687717469896919,0.1799111320301828,0.4175748462345023,52385,69.37,0
0.8222903847124098,1.340134671062992,-1.7305586555183294,-0.6695702093051386,1.1455053929099566,-0.852012992660009,0.7982120357002755,0.5735603842430856,43324,34.83,0
-0.38837837435133415,-1.1264064695385974,0.6278589760828536,1.102665630836418,0.9962250925053017,0.37089699751426813,-1.9758536678820289,0.7694405764091727,38553,3.72,0
1.5368106423414785,0.5917713733668883,-0.9664310899110674,0.7055428122562479,0.9404791208727555,1.0814637435332477,0.28142689171865,0.17099155764796833,75017,39.83,0
0.09781586326686083,-1.778511313403234,-0.12800866787843224,-0.03920329539509694,-0.24130529763939335,-0.16553058033840481,-0.12925885006090587,0.3098302043560331,66235,21.73,0
0.6128637132305407,-1.6933748371455994,-0.012998443030855735,-0.356543410255019,-1.3112149927671077,1.6914424061406161,0.1673757038380528,-0.6526884296536537,144787,78.03,0
-1.2809495690795758,-0.06713788813139746,1.0004269881194074,-0.20795404827050892,-0.192455176767814,0.8998877172009936,-0.02676747829523694,1.0344101965042545,152351,80.42,0
0.1737976077468722,0.2282502884562134,-0.22811527952479402,1.247522824709503,0.4852924671514477,1.5131121538991341,1.0542961460736011,-0.3851990372930205,56187,38.11,0
-2.2957765947596305,0.8087455372707886,-1.3570362629540413,-1.5354725015368127,-0.4922562002755464,0.1250647326943002,1.4587194946682378,-2.0372078784215994,138329,79.21,0
-0.7301959773420049,0.5517799615697839,0.7350345214134631,0.2990162411521912,0.43797156630121703,0.7503505154978524,-0.736039506445663,0.3253549846652043,37761,18.66,0
-0.9313469868346742,0.11331057830322679,-0.5583460082905469,-1.3915762317972649,0.8030470836745683,-0.2563214004993908,-2.9852628822427696,0.25352148035261374,127934,13.63,0
0.35623312286764025,0.05616725646711806,-0.2518927508324297,1.2678987951708858,-1.7704339025362246,0.29407296281894457,-0.0666113560055051,-1.2525161922076724,39916,38.23,0
0.35391518639881825,-0.9314635128832204,0.5305851421714444,-2.172311806071998,-1.200312000788809,1.7455642427699276,-0.16969756419623278,0.7179296280835362,128661,12.94,0
0.01781292268083246,0.4851389993319725,-0.291870521179968,0.753075565832127,1.2507886953628862,-0.6228263745532341,0.39157170388508683,0.24617043036257155,72336,157.68,0
0.7585357401050976,1.2550102168635007,-0.4108334265721668,0.23152783030047383,-0.66758289705895,0.41670781964097137,0.46012429163816976,-0.16679395237954375,139524,8.94,0
0.03716726562968594,0.9354246128229486,-0.8204140778999041,0.1273926175542019,-1.0251422255166194,-0.4019125267741908,2.624550103648439,1.3415262711902554,75243,8.9,0
0.8004156180927703,-0.9450831786371053,0.7239514945676043,-0.5047936665640087,-0.23644540743686857,-0.6351899917219013,-0.1504216276119614,0.5759616463750136,71415,67.99,0
0.3817893891683507,-0.8039192551326393,0.24384710848773453,1.160509796143434,-0.6863401856869137,-0.36817716017793317,-0.42059397596562076,2.2784742374389166,160704,117.16,0
-1.804172654594719,-1.210715799577454,-1.355375884325145,-0.37837757472725114,0.031241122977947525,-1.1910818316848417,-0.17267733702932922,0.6842044071306663,131241,20.57,0
0.3023477962307084,2.032938592746133,0.7988160519257722,-0.3740590355974225,-1.693438818512106,-1.313331219637682,0.6566221382491745,0.22084282508078565,137160,13.51,0
-1.0622712693450138,2.017488518597287,-1.42058944098977,-0.498473556984149,1.1990837397052172,-1.1494154736946978,0.09101846347162929,0.6268430611820571,62272,122.76,0
0.2492267183939754,-1.8535410775145302,0.7405107012669875,-0.13160057377310483,-0.9539528999183187,1.0185060511715454,-0.7438161797125488,0.8085530787863773,62861,2.94,0
-0.0749083180046381,-0.39560065437421976,-0.11727997835556611,-0.038597985282595976,0.5805302187099411,-0.19450009791225084,0.6064757606230561,-1.596919203007002,75597,19.3,0
-0.135854897092692,-0.3485174659598175,-0.52305623892149,0.7143781072870856,-0.37313186244124735,-0.021724996044236722,0.1857513678576868,-0.7245216811545522,73979,27.44,0
-0.4516926603235413,-0.9828019392809652,-0.8698811713532599,-2.6092667008912684,0.7061190190588958,-0.23738802384621796,-1.2286956985646191,1.3871509224730345,130924,70.18,0
1.4681062680661983,1.0954362826790291,-1.3104990159324559,-0.05183856397937658,-0.30286819457178726,-0.6465996275392881,2.153021388967867,-0.5267678056840817,136399,1.65,0
0.12172199094026374,-0.07586309299336713,0.13994739132384915,-0.33024952232940086,-1.0013555776051477,2.0591481927525077,-0.4063242279690111,-1.522477652210444,54879,52.5,0
-1.153966190889869,-1.2498039072751423,-0.25078506603645556,1.8955024193925007,2.541641059840153,0.4885221794282672,-0.23819804026761085,0.15631269781593382,59089,14.92,0
0.4858344244121921,-0.799111924560637,1.1548665470807686,0.12817519067067903,0.974609111422171,-1.3009334307640588,0.10975340127556972,-0.46059347032672304,152193,20.94,0
-0.2742731402743024,-0.32388224088105777,1.7888664942840682,-1.5865276436576432,-1.5659687963468298,0.7815181527137038,-1.219735606326348,-2.0035304194121597,149717,50.38,0
0.6012751811297552,-0.36712099348696847,-0.8122284967914727,0.5509796543035121,0.1939913289490852,-1.1959299587973575,-0.5152036293576422,0.7454097586955774,65655,58.84,0
0.9436308178168978,2.2119981995341362,-0.3903840994102916,-1.307614840188023,1.5043080027023767,0.17180449071600387,-0.8930573046829074,1.8723208407197205,127079,24.0,0
-0.6386898406438029,0.4544055593214179,0.15675738517963128,0.5722653729016526,-0.4589573337942803,0.6286310017788237,0.8384680520915719,0.7142993841007695,105467,76.7,0
-1.7771080213875565,1.387010395010795,-0.797860568861729,0.5148941080659255,-0.47889622967824036,-1.5743633573235716,0.1784675674570625,0.947796278832903,68012,2.29,0
-2.5625781336725226,-1.5092060390249122,-1.7249704871232439,0.30210890140164076,-1.086989287455378,1.0437961888148233,-1.0942467953170916,0.17663160354932228,122740,33.99,0
-0.5103023536090685,1.825946622232388,-0.32943864913802356,-1.4711346017679943,0.6148527058730229,-0.03553505901413089,0.4495162123265234,0.06565070534651404,158147,33.22,0
-0.4373908888517595,-0.7722125753385581,1.4286946164732075,0.780358849196099,0.0377482591988032,-0.562149729099303,-0.78977125441499,0.1224751610484041,52763,29.44,0
0.7215264311289796,0.0805704675003293,-0.3868170229930355,0.955126523899075,-0.526167248591328,-0.5764648992387994,2.526082952921034,0.37870195990775973,47650,73.38,0
-0.29687694338181986,0.6985023164459168,-0.5130683046617224,0.034442388212760765,-0.5569292803965793,0.17041029033848917,0.08327462951479689,-0.7871845310212732,151370,16.61,0
-1.7237739743886418,-1.2186834288234856,-1.9380229112740919,-0.43802431613014503,-0.6246130052390514,0.16055509844974256,-0.4794779283682961,0.4509514668902857,111699,65.03,0
-0.05366084756177673,0.6856035482183858,0.1466372584241622,-3.1159489087001697,0.9181245966034564,1.2189414878978704,1.0717847351124632,0.45227960755954477,42405,8.51,0
0.08269163040121638,-1.7831002275870083,-0.6556466307162875,0.010105059202847539,2.1643936633251406,-0.725180882356598,-0.6102531601419365,0.4131571898552856,52842,227.21,0
-1.0152174391128763,1.3057089032153253,-2.4594747312114733,-0.6410085435384932,-0.14208025228912144,0.35300781263293396,-0.47780647420021344,-1.1257607399200642,71072,20.43,0
-0.22157742764299826,-0.3979591477013353,-0.2579889299558743,1.082935725477979,-0.5720869270053384,0.10672002090079001,-0.5130439837751508,-0.4284795406263962,57143,78.01,0
0.7572218346240285,0.6464101991461713,0.08944492431681815,0.1873648671890363,-0.1695759743787998,-1.7598457612553962,-0.06393610801886326,0.053872378337375106,149530,24.95,0
-1.8938062523355057,0.5457724270702097,-0.6238157736022603,-0.45613492661086713,0.9972602630203073,-1.552101799130862,0.0551638617446861,0.4478487326490578,72665,145.45,0
0.9231906868624048,0.21922521708033285,0.1904560316161514,-0.42877069759689423,-1.2601244321452036,0.24334496045203047,0.36762472882910874,-0.7169865596343117,112902,4.43,0
-0.3215284389357825,-0.20292120268477193,-0.7171690468535181,1.7700130108780925,0.4741480931438053,0.58504646048975,-0.10415031969537196,-1.1528240837099881,128349,5.0,0
0.9646826445728854,0.7571390330814158,-0.41704292126312376,-0.23325840879536047,0.4778466263256095,-1.355895808506476,-0.298220742727691,-0.002118511685510881,41197,59.02,0
1.2667634347781669,-1.621151019633688,0.8492291448993969,-0.7297078786751936,-1.0577229764155862,0.02624142103349576,0.2993235184437572,0.09204218534273993,166160,48.5,0
1.2756822450250436,-0.1804098551887218,-1.4426828880726559,-0.3176169133753296,0.5320823926656392,-0.7176581555626234,-1.8723293268343404,1.4698256189245404,41934,55.56,0
0.23428514610215595,0.24758848277055628,1.364857387585674,-1.800743056109478,-0.65525128961049,0.6387392794771305,-0.4962305604880284,0.28647008643351857,149156,11.72,0
1.3772676715268055,1.4389097894987928,-0.6320933732939041,-1.0037848309993436,1.0865961910661968,-0.5485172122117186,-0.7339097406772991,0.8163527275509269,3865,53.03,0
1.0549327568758635,-0.09727176347931417,-0.202242059368541,-0.5055999927678918,-1.2714531802354083,1.367371058207514,-0.20807029936541444,-0.5315370938393289,137117,13.42,0
-3.3303237516380126,3.590443044092753,-0.4483475146133144,4.734838064231981,1.31087733579614,-0.4189630461767747,2.275178233880427,-2.0548572444199777,6243,262.73,1
-0.9223010123129481,0.5933153489487858,0.1296389499022192,-2.276147747492649,0.8239406749418801,0.4881535297365991,0.2380866937816597,-0.6346128885072252,116387,76.2,0
-0.665091948081787,0.7317864863922184,0.10073524631751796,0.6062097760176023,-0.2896871727535511,0.18300995037398718,0.9387431750565721,-0.017171438588209225,144502,41.78,0
0.03334254678995877,0.19296115938523054,0.5163286684674586,-1.7341137984518864,-0.36093820827679307,-0.8547747945044146,0.7774242813385224,-0.43861202277626854,141066,20.4,0
0.8494623348848521,0.1889326320160865,0.4482587764710967,-0.624714843546162,0.666550897499745,0.1116045013928962,0.4303994423691618,0.36376866985654427,136655,8.32,0
0.5827212325457178,-0.6571381280842327,0.44015444811412335,-0.3564350499753079,1.3664896542780702,-0.6362593341365653,0.8045619485520603,-1.266371368644971,34260,49.03,0
-0.3783926926938018,0.8641143920499731,0.33432825353352447,-0.8635260630446725,0.04638355791654349,-1.3286435742272604,-0.8635221330147131,-1.6571763603015677,56637,137.25,0
1.3937155644181263,-1.6450972541397806,-0.4147493167088482,2.2749884135364646,-0.04996879081053281,-0.05688614954256105,1.179145716235675,1.2486557538896381,140030,7.39,0
1.2407319772736758,-0.6993293103686408,0.42064391124468936,-1.3391070824234175,1.0098534940790427,1.3103823016194398,1.037524842395457,1.036064430399516,137146,23.09,0
0.4237396768413433,0.31562233082838287,0.32663196225679314,-0.3487016354401247,-0.4652991634843355,-1.570125281645645,-0.10398329868709742,0.9175108270821316,138867,45.92,0
0.03894391656647618,0.9474110630291784,-0.6487306588039138,0.08287732150304437,2.069764416625021,0.24507383113097206,1.090382163840123,-0.47256677584744694,68297,2.9,0
-1.4509317840801823,0.5151195291091405,0.5515788667318559,0.9005758955652866,0.15098902520849833,-0.7501750339834308,-0.40454163694871526,1.177052936907225,157277,69.41,0
-1.059294083433389,-1.1285981014571282,0.7451511894358629,0.5979571853404636,0.25010436034643746,0.7911492799403604,-0.8055195963541745,-1.8436680224556867,45164,14.22,0
1.383447630216694,1.6032061409627332,1.1852634351379223,-0.3794194871241935,0.23380500037182653,-0.5622812010052974,0.2506446811583267,-0.1606817316471875,63820,30.66,0
0.8885941007919075,0.017479453791503084,-0.3784629274307648,1.6579969179276763,1.7230830307671023,-1.0091703608004736,0.2727218156039232,0.14369473277471106,156707,34.89,0
0.09212742857810191,1.0216620095392026,0.7518429391289669,-0.009394910739037848,0.02415931552524097,-0.21228238041837338,0.10884043754535178,-0.03255693617363334,38526,8.69,0
0.2385653323096193,0.17033104305768865,-1.1782735380514875,0.23024157868052747,-0.011581113124646068,-0.8301745500589337,0.6063240844799437,1.339089703047203,38191,39.7,0
0.3766944287842498,-0.1783546729893713,1.2263013456043423,0.5124533466882958,-0.007987987614115004,-0.07986590185200935,-0.36766183041417816,0.8430894982128295,71045,4.83,0
0.23919126995168458,0.686460459030022,-0.7421628472712444,0.11117181070433145,0.9092939001787012,1.1261649550766988,-1.3397535907526321,0.8085720133047145,158150,35.95,0
-1.742696701788964,0.9067156838508832,-0.811268733480996,-0.07291096782415907,1.3760064863638541,-1.0023521099305026,2.115613183331255,1.10566072778317,37924,5.92,0
-1.13156945929172,1.0338104350860065,1.3632432582414573,0.5077243841498703,0.35554250537486626,-2.137798854962697,0.5936394643756311,1.5884147904557355,53739,78.07,0
1.6351080813023282,-0.20113395071669096,-0.8942352257402351,-0.04370367285427768,-0.5722682268415976,-0.5383423538097774,-0.4962588828440228,0.008301395890137973,71916,38.38,0
0.6515246428447795,1.456322321559705,-0.016707104402025615,0.12526698088162522,-0.997994637694979,-0.6285656848442606,1.1823987635531492,0.012678824291532808,31532,37.05,0
0.7179891413082952,-1.5633074041774064,-0.1147700671445124,-0.016237301962710206,-0.2543592541723125,0.207458013598411,-2.1072982947370593,0.12808588820996464,46950,7.53,0
1.0716639795447496,1.3258207169727854,0.7158715028435898,0.170414268811586,-0.0361435972205378,-1.562234856650264,-1.3547416592922763,0.7504960325257349,61900,113.85,0
-0.12032899100801547,-1.5837188196641716,0.6193099147284382,-1.8671784011449264,1.065351199758869,-0.5276883976771911,-0.1189393297204874,0.5580359290921079,132343,10.03,0
1.0301398560825816,0.9168088958838817,-0.4126085743479162,0.7171100948669109,1.1890440542288008,0.9557564862616222,1.0778164403875683,-0.20302247797353354,54572,16.57,0
-0.22843950173141273,-1.4213748106351864,0.7137709169947649,-1.5296241819076537,0.022507349351006498,0.23391699233084018,0.6488987989654352,0.22734580352534528,144094,5.1,0
1.3139749588768896,0.7640724126301026,2.442341427687235,0.2358802141038132,0.7203886465786892,-0.0717922023775254,1.511889932921915,-0.05162897937512779,42198,64.18,0
0.36033130356455434,0.93617192116261,1.8108410685494916,-0.9759127406714881,1.1649919795891155,-0.37128100622667876,-1.228348208249015,1.3092417563462624,48301,37.17,0
-1.4400723136349376,-1.6184096901193339,-0.8594624034857153,-1.2144943909548154,0.3472266492936484,0.4351596545783089,0.171844570984276,0.37631165839944986,134156,87.99,0
-0.4145339407015539,1.7018944374152891,0.8247263799064221,0.9787111111740064,0.7473903585930887,-0.04994061428175437,1.197785937947242,-1.4678132924989218,122528,14.51,0
-0.7269610815935671,-0.256919287075124,-1.2747045479193548,-0.9149908743767935,-0.16739122412586824,0.3163961127908567,-1.4755162967133701,0.1923442449700657,67357,19.13,0
0.588622598188342,0.6611171701900941,-0.5635560594017924,0.9947550020877108,-0.03805298053395,-0.7431079042329524,-0.983121724558826,0.48821448324336225,48784,28.14,0
-1.7455149970181076,-0.0286509226693161,1.337183163956683,1.3241165513630009,-0.10048571235140451,0.12185605049484469,-0.15257153395546694,-0.5936560896501094,55340,58.57,0
-0.06261706161848517,-0.7121898030638588,0.37330508741676854,-0.9174992424127689,-0.13319182913855956,-0.47870365323977576,-1.5500417035957956,0.32956834899000653,69656,2.16,0
-0.6254358019996236,1.0294670082259965,-0.9605374335913761,0.39531805332085235,0.6747579975700542,-0.2606433360551251,0.15232988944879264,0.8317939252957322,18356,81.05,0
0.6661718697415306,0.36923681926130875,-1.5657723385715159,-0.1868558079981483,0.9222963886509871,-0.4422378586160198,0.360563001735545,-1.0033982385056137,43105,39.16,0
0.3685089440867657,0.7691684395149868,1.0668190255503776,-2.1238265779732215,1.0651241407397345,-1.2004063906542004,-0.9831508196809918,-0.21008502765336265,141062,9.69,0
0.2323100448623203,-0.7842571859706045,-1.0151125362813045,0.035248757398451916,-0.7235146976817955,2.018580324611521,-0.6177766161137611,-1.1919564866450747,27722,29.0,0
-0.08150388525769463,0.9281303794913812,-0.5594974217284707,0.369688114490857,-0.7695942450971183,-0.3450125624146844,0.5844170878195535,0.2748880171344688,172800,1.93,0
-0.2630161056303041,-0.9174762045877483,0.24204389431908882,0.6039966491166329,1.3206994506166292,-2.244986081764812,-0.4106425533770172,-0.5080087723197868,164078,36.92,0
0.7119002015803534,0.2377922957390441,-0.2901248990437027,0.8066841043934828,0.043844063382677954,1.284389842854527,-2.1148629300407786,-0.5057253007304666,139936,13.64,0
-0.9839521373941029,-0.23893607447308596,-0.7425952415896138,1.154655905388987,-0.6851984234608143,1.345605684250839,0.1363090256215077,0.41985655815878203,62756,113.7,0
-0.0795568432883474,0.20786357736964572,-0.8271372555425192,1.1079871687013783,-0.21216639580294497,1.169132509534248,1.5128856205203929,-0.2823119661051858,46132,13.39,0
0.9109540030534533,0.40432772616034107,-0.6392484517984667,0.3226899823041894,1.305955984797965,-0.8299311200940614,-1.3140811177492744,-1.0845459099011128,54387,41.4,0
-0.12020815340829648,0.7096271420368573,-0.2631327066777083,0.5248317447143475,-0.3843686746282931,-0.7058413095416951,1.1097284754345362,0.3123608726250532,163173,4.17,0
-0.5254240392791115,1.2126758129210697,-1.7024035398099533,-0.8378963588321309,2.048262711728085,-1.1426128151986692,1.251277024961427,-0.02597960338201959,50643,21.24,0
-0.4053346866152439,0.5572522104045328,-2.8131716469892774,-1.2730505070906624,0.052237581749636545,-0.7185921868261744,1.1738477803491825,0.8369449921177599,114772,45.72,0
-0.20793114090445108,1.0562271869849398,-1.0645240585748361,-0.12828325573663932,-0.06703912187845147,-1.3082776841404258,0.0450265417348682,0.11579926652065708,129982,13.77,0
1.622674509842715,-0.15201392101984756,-1.096890508781602,1.9179263655756746,-0.23696713340556058,0.1734748499868611,-0.5624947165386746,0.10072095812349395,131212,25.58,0
1.1554983657969193,0.6684672893904667,1.5403398292527426,0.6901563718592233,-1.5849681369591326,-1.4845541404919183,-1.060182860391957,-0.35269947900821713,151944,48.58,0
1.1691965814826846,-0.5077280718352157,-0.29394602849572565,2.113713644626159,-0.7449550849041908,-0.9355453943077168,-0.00524004274688034,2.4165344783733924,145858,61.39,0
0.5107098709589695,0.3780156477602202,0.42251814434160273,-2.232289356078517,-0.20992298972844026,-0.9665753971147637,-1.1106135266653414,-0.48787760068237834,34904,47.02,0
0.8058814971447373,-0.41750724459458954,1.6341321544647847,-0.6211448297616081,-0.8564231924849164,0.015461953417469572,-0.2705079492627416,-1.159811888917295,162480,18.76,0
-0.7892110993768142,-0.14960881649075577,0.72873871939638,-0.7432107368434728,1.2718175027098468,-1.6375964617963459,0.038172617268068317,0.07615897630425349,126111,47.3,0
0.07884845684997051,0.45136071903635927,0.16852020532161188,-0.9113508842588359,1.331210233065238,0.44946644649686546,-0.046710360758503953,-0.6264688720527836,61487,91.75,0
0.38964719148024834,-0.6226464213132572,1.2097118148213446,-0.8850012204301816,-0.6277528411616482,0.9033287038953455,-0.6152805326328794,0.40634223137352005,31901,16.01,0
0.5944837999597274,-0.17041470022523622,0.6114762328484785,-0.5520830864541697,1.127981534494243,-0.7241546189534338,-0.24840901011914168,-0.8394143189937633,58753,53.85,0
-0.953077788299531,-0.4812022455572023,-2.2357599639472694,0.04542678696177788,1.1632813090750225,0.007025871342969912,0.5766880217815591,0.5500466343170657,70321,41.2,0
1.946788825991345,-1.0340233093241296,-0.8494700142104952,-0.1955014759324935,-0.11291977217467222,0.6020393299459316,-0.6734286318730868,-1.9885931072763374,38685,101.87,0
-2.181732230301142,-0.17644091735297546,0.10001049934180474,0.6988849347846179,0.46736527148514,0.6146474157096987,-0.04107052998367497,2.1274992771025687,65812,54.56,0
0.10827939797544656,-0.4385510298617723,0.16826331218172635,-0.6238942965163795,0.5272094182836847,-0.33583287004940465,-0.18841239255818545,-1.0068656085379961,131963,48.19,0
-1.1979448246058317,1.8131660756448482,-0.6519934091684249,1.1517939230026701,-0.20470165075034505,1.8502950425096314,0.29771841563177986,1.8847390947312266,115883,59.16,0
0.25613025025636427,2.417220488779412,1.4267100889486282,1.1910049484653709,-0.3692493989166,-0.7512427442184589,0.7622226771684495,1.2606836666913737,40911,15.26,0
0.1807111559457698,0.04325524019173205,-0.018143730353910207,-0.8019349237743483,-1.0104243864236224,-0.34473097462135205,-0.7853559912063197,-0.012476050611647693,57704,58.2,0
-0.7873490867805057,0.7433652305059327,1.4638381687287345,0.89181243169469,-0.8114370827653712,0.6681546299723155,-0.255951792586667,1.129432317813106,137431,8.46,0
-0.4583967355796612,-0.897651394565641,0.6729160306609925,0.38388781854656207,-0.7337086672358848,0.15424503492418096,0.6754952854542731,0.30367870741979186,53434,100.81,0
2.3883125148704045,-0.22993543336592584,-2.7412122319176313,0.1671120713101344,0.47287578405480524,-0.22998705150149223,-0.9101888117340344,0.8978227439900389,56058,48.17,0
1.148671098145644,-1.3881970190663901,-0.09806084584278955,-0.2842299828627126,-0.40730008345343943,-0.5357852303840954,-0.13474166901362325,-2.4019596896908366,62406,94.72,0
0.0682535683050613,0.3031294530691815,-0.34461394751966035,-1.0167362681301717,0.45317284834634414,1.1214870325811224,0.626806400418837,0.5979270800242522,40834,30.23,0
-1.3430500162355141,-0.47393716330892405,2.0036254971891756,-0.20360690527867017,1.0818876363265617,-1.0571409047652978,-1.4871490136829975,1.4052291746601318,59143,43.96,0
-2.0160993037240322,0.18220351315618263,0.28136076285134076,-1.6682213276467575,1.472496860729589,-2.647707307552343,0.5795152883895641,-1.5309673347621304,136674,3.84,0
-0.5263072356749081,-1.3972142459245906,-0.6488213635517954,-1.2104825899419085,0.7189700393221041,1.480194519239204,0.2216396548893205,-0.6738995484092392,87142,100.19,0
1.50109226522626,-1.3747486643249136,0.032616338429886066,-0.27711275626836707,1.8952900428475508,0.7123085217676228,-1.2950285218949038,-1.841417073605012,146932,12.99,0
-1.3380529005349184,1.7654092134731805,-0.0008555995700376844,0.8246072919220278,-0.9574868582445993,0.7117343679998122,0.7965943027229403,0.9408692382732966,79208,4.97,0
-0.2989933481727581,-0.060988186421360266,-1.3121641298553959,1.8804628501481804,0.22253584113948924,0.658827244793202,-1.498824913895362,-0.6422684913108627,114116,36.17,0
-2.0081998107660075,0.6558628245023654,-0.9100940390980373,0.774206089861576,0.7523113686385284,0.19257950213937158,0.9043069312626079,-0.4903114683832891,44274,102.49,0
0.4619817108954856,1.4513090463002989,0.8059009431107838,0.08987912040214814,-0.007968024861214118,0.31341205266384853,0.7667121161322208,-0.744311787757107,136859,26.92,0
2.278336899957568,-1.2025631360276268,0.4594612998204094,0.20963008391828628,0.5304674904525988,-0.4501804227316995,0.5441076535168716,-1.3796822591261741,62031,67.78,0
1.7521044461853779,-0.9915465858092688,1.4616356882140775,-0.9538748722322484,-0.39530341555931936,0.38722306791821093,1.177870082842069,-0.39365447841166196,154606,28.5,0
0.39940643185931857,2.2997808229864214,-1.6393357979454637,1.943406573241179,1.5090941380375456,-0.17770815913186472,-0.49765887306319256,-1.3470790637693153,132880,8.09,0
0.38315973944459447,-1.0728263628056736,-0.05292498513909003,-0.38466984945827687,-0.15377200489070722,0.7902944818256349,1.0777128984944861,2.4465002187214906,138096,63.97,0
-0.8064463666273127,-0.08437047942272259,3.470366830407929,-0.2935074948510393,0.5630216449053173,0.8343491442655473,0.19231057115015163,-0.401966384864127,122221,31.31,0
0.783151140342495,0.5260532532626558,-0.7642317171041063,-0.608754246118337,-0.350450969547262,-0.41447154621382515,0.625374255887157,-0.39483752264999417,130988,132.99,0
-0.17044085308160511,-1.0489625473731707,-0.5682029164241381,0.07860647868111045,1.5724337908764905,-0.044633707332639806,-1.7253447557142496,1.0060643301642032,153826,93.7,0
-1.25093560014589,0.8070522841199115,0.053408273608238924,0.5808940145952198,-0.675389587114752,-0.6468826776392441,-0.5793611106052452,0.7312213698470996,62542,23.07,0
-1.098350179234325,-0.5881051480036826,0.7349099403006897,0.7940283759656163,-1.4025860231651714,0.30903170429020155,-0.06929438762888683,1.0510724284440394,135051,23.27,0
-0.26896652134464205,-0.09601315056500097,-0.8261196665176447,-0.5437334518235517,-1.9888515999240137,-2.161299811880606,0.01375862525883553,1.5923902917209338,114068,27.53,0
0.0033515927025600366,-1.3714082140515467,0.25713854315369217,-0.38485469387421173,-1.119948086403327,-1.1195968819119537,-0.11005065544130734,0.6267857962548791,48795,25.0,0
-1.5566131543746244,0.21323925292030857,1.0148308774077393,0.04387320901629515,-2.5716775746744522,-0.4569280928635677,-0.8935806138132218,1.779743021084757,50835,1.51,0
0.5031516788923461,1.787833691893409,-0.37270625810350266,0.04004816731708327,0.21157206509735108,0.13954349352279868,0.25114767657916937,-0.3208989978054828,137878,64.1,0
-1.0682468116613224,-1.6620098292026777,-0.4587893056672366,-1.3861710184454632,0.534131444716199,0.8792300898701425,1.760575306120357,0.04737070159115442,33860,19.92,0
-0.5276242617945722,0.9196338414134884,-1.6342091164041956,0.23318228511716765,0.4823763605888763,1.2229584967972897,-0.4227821713254149,2.7902313997811348,169103,83.36,0
-0.820867267409795,-1.1060684529617113,1.3190761913682747,0.6474075265997693,1.0370622897644273,0.0037664035082537583,0.2256709659631877,-0.1783643972134808,141923,12.04,0
-0.03956983884379657,0.29241854743511353,-0.11631971586511303,0.1569265012539441,0.3568336475858602,-0.673239898132942,-1.4681824910869772,-1.0355633515434248,127228,70.8,0
-0.5627771949795489,1.0055112275160325,-0.943247553426598,0.5847860849845318,1.1001508800167241,0.49475364610473344,-1.2042344627828172,0.11409563862178941,72522,43.5,0
-0.6308542885000343,0.28170800399949747,0.8859443236003517,0.30775055620623276,0.561398746391748,-0.7597462710585984,0.30453739851595774,-0.7545935690334009,128662,3.4,0
0.515588993539191,0.5876457758531441,-0.23693543506652123,2.594628912718267,1.9460863914840623,0.33813239834572123,-1.3161315965585834,-1.0002870320770814,46077,58.67,0
-0.7469458409261024,-1.4506905531018504,-0.6286228165629552,0.16848457166525754,-0.7430306260117617,-1.625110262691299,-1.2153647780315213,3.006580180746723,160879,139.64,0
2.093079219896125,1.1384885663955453,-0.15157286818427132,2.6672961273516758,-0.6303348033890366,-0.3924417668825462,-0.40453102826020615,-0.06399059506240608,143662,71.12,0
0.86364170384037,0.2148721801676469,0.21512823249715363,0.2438761829340144,-0.08124795947395605,-0.06377285698959755,-0.27015641624537445,0.2990130378582203,105226,21.29,0
-0.6606884399750713,-1.8009043446643953,-0.5440375398494379,0.24934141504062307,0.4025768428926594,0.19889120239226496,-0.695531396146805,0.5944321497319027,69067,27.52,0
-1.1887829636528608,0.378306847869947,-0.2894973981056518,1.6073511336413946,0.9121258629719259,0.3408947495826711,-0.7555524967621841,-1.3512584421834006,82710,8.21,0
2.7289293752068415,0.9651389949380472,-1.2580044094397214,-1.6783998581119832,-1.665909543211305,0.5949609355955138,0.9623706244959842,-2.6121441413647974,77064,47.89,0
-1.4480941090810704,0.764241089912356,0.7470757422361197,1.1889171482316518,0.47241453107700754,0.5965214815838114,-1.0326003090956788,0.42195935138153334,47437,22.79,0
-0.5053879166370269,0.6977833900455738,-1.5951157223675254,0.8987646687396638,1.2989303257321374,-0.23023512493250767,-0.8185902332490166,-1.0776008874647178,57231,8.81,0
-1.228120340074191,-0.062417849158373125,0.6811801333529522,1.7449174627747135,-0.08867378366285052,0.0489732731980227,1.1925199800399207,-1.1588145250874216,34047,115.33,0
-2.001736131354037,-0.4794804554303609,-1.1833941744295695,0.690094797602683,-0.7856072811244635,-1.564894919035778,-1.788388927204346,0.4493766390248095,56945,166.8,0
0.7404290172488911,0.6768739827196097,0.29382380251284385,1.1763815266804634,-1.7245356827633525,0.052574156382776224,-0.7089949602150631,1.9843638826691903,64765,91.01,0
-1.6830946064215206,0.08333665343953263,-1.8107633211412677,-0.39402548846142843,0.32991342981080585,-0.3519540651060097,1.7623955693901898,-0.2910702099125264,138795,39.03,0
1.53620212668683,-1.410196983368182,1.8730240622804093,-0.17885564223471703,1.1345585039392976,1.982269266618255,0.8100082244226129,2.281379208158661,71562,17.85,0
0.26430980213018973,-1.1689913581687024,0.38216268136080717,2.173759407717909,-0.2042334860648611,-0.09489130469109,1.4165082975506988,1.259487925425993,136543,43.82,0
1.6486062796037204,0.028514200200044918,-0.6403277575038079,-0.09539008468576773,0.2377224009203557,-0.9047692542358331,-0.712364642561135,-0.42289517933957677,101558,36.74,0
0.6180514628381729,0.11976998154074835,-1.0108055705118018,0.20048900501679653,-0.7134700492892669,1.6554330809031192,-0.8434854962770777,-0.47007371980795604,149001,4.94,0
1.6534979115506607,-0.03918702075101654,-0.5000981630877018,-1.1588140214143121,0.5623529137228302,0.2558874823262223,-0.9756468137461776,0.14008954542615829,58535,29.1,0
1.7689243790114788,-0.2466358530269694,-0.5184799465127898,0.9571057538558676,-1.7111023706488653,-0.1109610809710438,-0.06565722721709456,0.5153203106163854,172784,69.47,0
0.8185370524351505,1.3954404905875524,-0.24304406264474712,1.4054286815359291,0.1588646731198175,-1.0186537813026597,-0.7099652740337309,-1.4434144362585513,47436,33.06,0
0.39738875978146154,-0.8541342967824115,-0.33782388035528976,1.3264405652168996,-0.0052987294202601525,0.37523126331094325,1.2596179891688926,-0.008316163020389464,164616,51.49,0
0.7959802711080827,1.1901271021684912,2.1422091470777516,-0.33431503073473473,-0.8667101559763385,-0.7679007249368095,0.4519317760194321,-0.20078581868176906,162382,154.56,0
1.274390402209455,-1.61903685282194,0.17241538862603684,-1.3609851281047673,-1.9559837768380233,-0.49425853094812516,0.01886917489017399,1.272222959559049,61770,8.88,0
-0.529197659071448,-0.7872221296404074,0.7462271622912312,-1.5616218732338785,-0.7352075558555196,-1.0277602509423998,-0.09682974696492935,-0.44397165052967513,53147,52.85,0
0.6201172839096873,-0.9699328413603685,-0.04800240819024659,-0.5952764232937054,0.8474074168313996,-0.07733723501642445,-0.6481821339623858,0.38176114487253515,143825,10.24,0
0.5819938044171737,0.48936498527543776,1.1238932901712488,-1.1579956366942243,1.0736102952456577,-0.8791639454365066,2.34064329118308,-0.8884719666699248,158062,10.18,0
0.18013288350239057,-0.2961475531589268,0.8751031414454193,-0.7473247717801145,0.7285746342303752,0.9611361748505146,0.5367536420224053,-0.9417462948176695,117010,100.43,0
1.1067746252602664,0.7366107642068844,-1.4845299264555774,-0.12686678003788668,-0.7157048327215019,1.088837765398461,0.44756917808902563,-1.104604954155374,69015,15.4,0
-0.4467774296361395,1.2696292205834045,-0.34313311305969985,-0.36072481995861383,0.13176187600038997,1.0922907020247334,-0.043022322964259174,-0.5582410564333905,126474,19.25,0
1.0679596745340911,0.7513474611501303,-0.05272508423498128,-1.473964180376095,0.2126424823268253,-0.3539424825269719,0.5548823050956851,0.6466033975037647,39911,20.99,0
-0.9419263994752007,-1.0321583509686236,-0.6340563563886122,0.42231518589144934,0.12846233461437462,1.524215531596387,-1.5232266422529024,-0.8808511812465207,117301,28.37,0
-0.6469530541180206,-0.3251592339758745,1.5559537240668089,0.27683914813024113,1.2335506973690682,0.2853040054883148,-0.18023570501649122,-1.0425125371315882,56911,91.5,0
-0.13736308189209265,-0.4088515571607817,1.6043342012469881,-1.4200428667461893,0.6856453024794908,0.870257927822584,-0.7380640164141549,0.6061229339211954,79424,75.81,0
-1.1511010272274749,-1.0238060679645076,0.9426999743689194,1.784793282522281,-0.36409221076940074,-1.2616892984904,-1.1900919972468207,1.036209231483165,55350,26.69,0
-1.2202119209380877,0.9284313052697122,-0.8539027033048113,-1.164847050796709,1.4023448524141264,0.09394767943912846,-1.9041936436882452,-0.012787657981532639,66534,45.61,0
0.20410322555505422,-0.32259395595460716,0.5860552708695042,0.05227941824208186,-1.0003233279535162,0.39482274134286943,-0.6965523131478767,-0.03536478105091657,39426,11.65,0
0.8783402008367074,0.13789344856567115,-0.8655872694354197,-1.6906936817482507,0.6594786186106492,0.9728049913938697,-0.2028325926543981,0.373171332254428,40683,57.81,0
0.8598164326166786,-0.2165482285741214,-1.3582488836236373,-0.2936472371881688,-0.0484965376441555,0.39529552446213784,-0.5611021081459157,-1.201173743126926,59480,1.83,0
-0.5770672846449787,0.14632040362257806,-1.7002326833811914,0.4531661125116759,-0.673787011291081,-2.176040714133324,0.01651401179922236,1.5481147473885226,50278,17.62,0
-1.74726967117657,-0.4063314844743677,1.8567105101944055,-0.43917037738757214,-1.0077077851708385,-0.37544386897608917,1.171904888636294,-1.1489460514539334,128980,18.89,0
-0.9231637797389002,1.5183543175457233,1.7454777437196378,2.5932551460832993,0.40038223340711926,-1.0900906960816756,1.3390059979211761,-0.26416810625591164,154460,129.49,0
0.24318837093601597,0.6697406256622814,-0.5326221049644234,-0.45779898758061843,-1.4733162360235148,-1.2282875635949844,-1.2381276388959541,-0.36339889181443175,134009,105.84,0
-1.7801739117340372,-1.1686286828570198,-0.08972018910044884,-1.2941520124676045,-1.1666935391899966,-0.4110586047583252,-2.1845269375881022,-1.4008949591767739,35744,127.27,0
-1.438230413137147,-0.2561992803311974,0.9238625711591292,-1.3311593184926405,0.8186236834904836,-2.0187197232791982,-1.18959583783011,-0.31478685328559447,129755,31.62,0
-0.8655450632058416,0.7031123213866448,-0.2418507183074389,0.17817677969780313,0.6735991427699466,-0.03580761954669626,-0.6880124791545575,-0.4461086308118886,157012,43.23,0
-0.08574710475818038,0.29887900447077015,0.4512915420326329,-0.9748027835793848,-0.5260766462106742,0.46236079258158996,-0.1401846151223671,0.7922385081290927,161900,24.1,0
0.03719327862066938,-1.3866957742675619,0.6403199554944988,-0.7208662498331265,0.8018504822507189,-1.0019998181759349,0.2420656213543121,0.03906451073402389,114529,25.93,0
-0.2854185374451998,1.6151826477573763,-0.3201176239686978,0.16906650818005248,-0.7076776361981097,-0.03594704262513334,-0.7294497371282723,-0.030260670364072022,165797,71.24,0
1.029103052433046,-1.8135142851696564,1.6252227452879815,2.256814402525205,-0.16320015758696935,-1.0277183560500989,-0.5777371342342039,0.9751145211207066,16616,66.75,0
-0.40117690543454726,0.7759430787368385,-0.10510987311309057,-0.8043743958018357,1.7290472561926302,1.5719679853876172,-0.1856795921842839,0.3726386387632,34875,32.7,0
-0.14761918907226215,-1.2476781445414424,-0.3824286029580213,0.7887843341043501,0.05563748690207932,-0.9670765834582735,-1.4993422217159988,-0.33519956304041176,161378,43.85,0
0.8819975854650839,0.416172021601468,0.165573786978252,1.0147423010912036,0.34084321178940297,-2.009854681894805,-1.353419801857378,-0.8555674997900581,135150,14.53,0
1.3955103882186328,-0.7421721930540489,0.5287983641607672,0.2669602417893005,-1.445041370579585,1.0289719099688264,-0.01598195822382116,1.5076440077917255,136127,26.73,0
2.147533132779986,-0.5022926700770772,0.8689265622845058,-0.4943960680827652,-1.0295928602564584,1.2227260100852637,-0.04914978753855528,1.2839983334151266,149097,89.63,0
-0.6919031030875575,-1.316981008796495,1.1162341993677722,-0.0616315452001936,1.2397825958624724,-0.6652178794901562,1.1087013882881465,1.4074966312073809,64522,93.88,0
-2.0823914518589652,-1.8208970876333541,-0.6869569693649116,-0.9482016345555666,0.827911120233773,1.8705539498254076,0.7756443577939263,0.9069218628244643,62764,9.95,0
-1.5923727788616056,1.4421342627087936,0.18420844265114247,-0.889656483546141,1.1451880569815647,1.1627853918188706,0.0037324092913725926,2.2754087236928893,5691,34.91,0
0.7989369140950777,0.29686101355991673,-0.7891121942942956,1.0197685329974013,-1.9026659370642653,2.1525730335278936,1.8852019589797915,1.7251422754907302,150794,5.43,0
-1.4379807181595075,-1.0812707038708222,-1.2970962682035159,-1.1295301069318466,2.642125985212408,0.5307580273801343,-1.848058572092012,-1.5720479066213242,160395,7.02,0
0.8672206962914901,0.6972258912326597,0.16609053926664036,-0.8337603463990415,-0.9832721520211475,-0.3381245212471974,0.6152554600694721,-0.6505522097639834,68465,57.67,0
1.4286399456288703,-0.2678464157803018,0.27765279251022523,-1.611482771875573,-0.07635165819076954,-0.8812798813350062,-0.5069639536957192,-0.5658609208476936,80226,24.36,0
-0.4857942629951013,1.477167910804731,-0.16797084244974703,0.47856554870758095,0.7459253870549784,0.05340064872560884,-0.09061722659234468,1.5571259713653112,158910,16.42,0
-0.8520554632341055,-0.3677128270133706,-0.0672736080289046,-0.04446110620957235,-1.0733941219203937,0.06801166670941174,-0.8248978681600031,1.1966481015602497,147028,63.32,0
-0.6700886183697651,0.013588901529294801,0.5389082757916838,-0.9712680239033719,-0.8475959549238933,-0.9209216990743176,-2.8968135057234186,-0.06513902362903805,53357,53.16,0
-0.32682934551661674,-1.0875140136176797,1.0198338123847552,0.4845230229456296,0.6754472964345897,0.8882573990374616,-0.8696103367439861,-0.32441790215599525,118916,11.82,0
0.5818994401832946,0.27101628024055385,0.37971742685301374,-0.40720763851718617,-1.997981401209035,0.1933266188006049,0.6899245059628129,0.28582767359033606,39487,16.98,0
-0.11739278199668843,0.25224056560015873,0.8299418337228155,2.658349478048173,1.224528865359689,-1.059372916242788,2.722800168170142,0.050859698580304195,61114,68.11,0
2.0643241912263774,1.500243280444373,-1.0867400716293774,-0.40927984174032844,-0.2863215745349355,0.5231569377735036,0.1988780118987021,-0.6812985386562329,28738,4.34,0
-0.5334400629107956,1.3156338546824982,0.19495485104907023,1.3347051322410928,-0.6055799727560004,-0.24829932089340598,0.21493001280696775,-0.19468830011139254,57359,69.33,0
1.1889516118851997,1.1545187938448846,0.536141066736355,0.3034787117376605,0.3875825754989024,1.1689774493809615,1.3752142059768193,0.5471781439362066,65555,13.61,0
0.19162495984172806,-0.08254730719819015,0.05644157801488785,-0.8492085759372918,-0.5652600330976304,-1.5056412936737675,0.8420384454893182,-0.10387732733072556,25711,25.27,0
1.2842374297404335,1.0259494373909341,1.3362718157915976,-1.200499619209716,1.7347093242332572,-1.881513564224173,-1.2520903068708173,0.1781829875868747,99538,118.33,0
1.7777699125511832,1.3278863510169858,0.005203736080683101,-0.6241993654686318,-0.5628136527705868,0.03280525465681599,-0.7108018045726374,0.9054556701432167,36971,83.54,0
-0.4644856545951161,2.3873457803135727,0.7619241505929096,-2.5289814953944774,1.8406321422867025,0.4037079715529269,1.5400415446752036,0.27776268121502606,143774,59.41,0
0.631658260047055,0.21066174924098827,-0.5631839417413823,1.7711317994949993,0.7034852119751306,-0.8241445698880934,-1.565656895701352,-1.0167388526100565,141208,58.65,0
-0.03573230889507129,1.4636196617913402,-0.40432698391566774,0.4341911517507766,-0.15610905030015942,-0.9768333936529813,-0.5721645703815184,-0.756581612569172,49795,13.98,0
0.9228101475483717,0.2773375624002388,-0.16818624794052145,-0.3427192320531327,-0.15860365282623043,-0.15378218799771093,-0.07783891314464296,-1.2919165216980697,156715,34.26,0
0.1344793547559967,0.8400618165876081,-0.011082129455556566,-1.8397475720574736,0.26496238842130804,1.1117934399738472,-0.8630970835685482,-2.1065937374893147,139584,104.13,0
-0.11630567794665207,0.29529021708232406,0.6014490429814424,-1.2157468122186865,-0.4322571977901745,-1.1632939666004938,-0.33678657375982485,0.2651158067617392,53785,49.04,0
0.6492544997712605,-0.04731389199931435,1.0593425433607495,-0.23739712676564328,0.4605658786015438,-1.5817432128345434,2.2424311574609384,-0.22757931935184353,117715,88.59,0
0.39343924887919657,-1.377135258457748,-0.9246251244466472,0.07347497140823404,-0.45248441557851843,-0.03999943332221674,0.8282751207988619,-0.17155212232915434,139702,49.33,0
-0.11883078687770636,1.6026557664248922,-0.05579009064118596,-0.10512020082406023,-0.913451963127936,-0.5770933010392593,-0.7061420369186349,-1.765684583764386,149793,102.54,0
-1.0697743968707762,0.8044124855023866,-0.1589703761243024,0.532575500597384,-1.2207799321756712,1.2987624822646517,0.48956736854829364,0.40446436288432464,139556,33.68,0
-0.668488479884408,-0.4796242845124562,0.9640123513812151,-0.9623523300126562,1.9188424222559943,-1.01705279472882,-2.0469511565394005,-0.6580720660206716,70743,58.04,0
-0.39577454979180476,-0.44471014881945653,1.1567698874433845,-0.7695609852242871,-0.09830292689648013,-0.4873886297395573,-0.9907420830588062,0.4979303958556314,151672,319.64,0
-1.1354255405753246,0.13504335296370912,0.6523549290685877,0.35392735572680556,-0.8223396341474432,-0.571229539935257,-0.6883402892486052,0.5666351370150909,111491,3.87,0
1.7612257744591835,1.488789296467824,-0.3430878392087785,-0.4944892841129454,1.1404314359799583,-0.6043723507073192,0.6670266461718032,-1.1066837758311359,21991,6.98,0
0.5173758791795087,1.254256784680147,-0.5701026152634049,-0.6164442755875086,0.5113679313624813,-1.5870029916981552,-1.7175376875008876,0.3669695233232703,50894,12.6,0
1.0217534457821742,0.4988310613508292,-1.1863109586806309,-0.6316068478074904,0.08426839307487331,-0.1589824587038694,-0.5354385289559915,-0.17346418487566562,125280,44.7,0
-0.4081082375061723,-0.768100463669754,-1.3574951593550835,1.8438441323223753,3.185094482159845,0.2104791238361001,-0.330630564115611,1.7378835182179715,156848,73.9,0
-0.8058609552534246,0.7841950999855668,0.8159059889844836,0.6518337321690524,0.82979081410692,-0.9717275602551337,-0.5074351128366975,1.119866629935746,133857,8.45,0
-1.0738770088955083,-0.2307407774820671,-0.12389496075034888,0.7371987114228318,-0.47024956721471906,-0.8052684804929677,0.2931060459714431,0.08096901654098594,33589,27.0,0
-0.5335677004279848,-1.2367952485781566,-0.6925715866988381,0.6850831864504441,0.5847736306274073,1.0291481012324835,0.1421749970136571,-1.5091299586963478,138425,22.5,0
-1.4294597003250686,-0.45082341107713203,-0.9981603007398593,0.5988933435717095,-0.4888842346927854,0.7184084764269848,-1.5638018550369404,-0.8282828678231993,35488,14.14,0
1.8278047400140724,-0.7239336314141773,-0.5402846070166989,-0.6996483831147634,-0.3266653053236462,-0.476944267959898,0.8267956651998759,-2.745824987024926,103723,8.75,0
0.29179873064403733,-1.8578513161580439,-1.1142199404723079,-0.8651788158489997,0.2970847709910457,0.021464668600064192,-0.687102281640671,-0.7615477820258625,58424,110.71,0
-0.9331710490158907,-0.3740438130218085,1.3451773589282285,0.7042238539543089,0.4234801189088471,0.12129398777434247,-1.9034850323478523,-1.5800241138024593,104909,8.65,0
0.7883553728242078,1.6707987995768603,1.890274508769131,0.7742634758520723,-1.1462926738239838,0.3556916161164851,-0.34771478708798853,0.5018308207878645,71748,71.58,0
0.5378260213837499,0.2733432779048857,-0.9960294674027045,1.520131717651855,-1.1933121016032737,0.32918982774116035,0.024778144682397016,2.5272592146980046,49995,2.23,0
-0.4986742007377334,0.1737550051097301,0.24635148237718393,-0.9585604846461611,0.20747473163400312,-0.5259025688630562,-0.9563053984378308,-1.1138915824811932,155984,12.75,0
-3.081738786189274,1.5268438059926308,0.12198503221547068,2.984715138003465,1.4733398079205975,1.6644663051679596,-0.21772478325476813,-1.291555224018992,21238,442.18,1
-0.0656522043044881,-1.5329974252733127,0.05021211688746085,-1.504521483135466,-0.08844476954910102,-0.35157283610638645,-1.4423012365318288,-0.8845424962501295,64519,18.76,0
0.9733744493865836,1.7575048817717762,0.07367980926494352,2.1166786312738624,0.193670571880911,1.3176372766281867,-0.028800819699881648,0.8403499483518234,147147,80.74,0
0.4780064998573917,0.7570463161758262,0.570344046567259,0.8637957288350168,1.9692906237589798,-0.2072690855492268,-0.13417783589856216,0.7031011612121182,57390,42.51,0
-0.3901281909734498,-0.051145631821634376,1.3151253352250993,-1.0124939702036138,1.7508410716500276,-1.233817801774028,0.9546421221064131,-0.4757959447086059,60485,14.28,0
-0.31250474849896126,-0.5487561199189867,0.4169725629801534,-0.31221741908597206,0.6053733942869031,1.5700508974701124,-1.100172910904936,0.32281683812675177,140056,8.97,0
-0.8860526741041335,0.7578833986972328,1.8047822779084877,-0.23305519703631541,0.7432398571481106,0.9243563014862817,0.4107901581736643,0.9084706093267952,159398,6.09,0
0.6233653333771092,2.1122152001303935,-1.4134450094413031,1.0930075013191614,-0.1663935542420725,-0.31734120841790325,-0.2575680217015198,-2.091564360266138,136058,29.75,0
0.23641298209678027,-0.576405649002546,-1.0808575625560917,-0.7313462232083958,1.3365826377007834,-1.7267063084454617,1.1543525208548588,1.3653527245967476,128065,16.88,0
-0.9147123055691426,0.8565085964639181,1.2234100453616445,-0.9310216321661112,-0.8264064233892376,0.6699815113231086,0.9584414751527431,-0.3051758752689022,122407,58.02,0
-0.6158539472353884,1.8469569290655166,0.9918933534262863,0.06670395171330094,-1.5287957621511588,-0.3563484845583685,-0.7301067670602877,-1.717873048605251,41401,43.1,0
0.07194170248947031,-1.4561161061503614,-0.9229444161760884,-0.22176115521969292,0.11407643145171137,-0.47025600656092365,-1.7771355833812075,-0.6355523403633124,56300,115.89,0
1.6722664158606673,1.4210805930629675,-1.6487047206042909,1.2241138997264402,-0.03446307409296506,0.727486872241873,-0.3380985532282589,-0.9149787292541657,55523,59.09,0
0.991519063710251,1.0271774994732166,-0.160273212820086,1.0918441818276126,0.31547494971059764,-0.29269739855589355,-0.5610128470480462,0.9206716089058178,86543,23.78,0
-0.27723669854677996,-0.1366106534676014,-1.0734209422789178,-1.1736040996661792,0.0941154134992307,0.48441088120221254,-1.1848400604750189,0.47371502653892616,24192,9.16,0
1.0335209387355158,-0.46260575646459884,-1.3162822032219756,-1.3478472651893232,0.05832617818551752,-1.059976454789646,-0.009420970135385145,0.17335055686450776,50503,26.87,0
-0.4780441708839296,-0.7779752322371035,-1.189130801558776,0.4329659175148597,-0.17955108909337536,0.8249790644500962,-0.45054942058807257,0.6287820996303176,46656,100.71,0
-0.9302976837060165,-0.7777605909919979,-0.2568663594803652,0.5165384597554799,1.1748285105177256,0.6059573458272838,1.2408758179449524,-1.0563220838712344,159090,9.19,0
3.409734037550058,0.8988344862097389,-2.033075499215014,0.22229991193368448,1.0902931003313978,-1.4508489002147555,0.10493835952998185,-0.538053080056453,141250,55.79,0
-0.0986719333870818,0.8414324167727243,-0.30366427436997073,0.6022284349488773,0.5520252364909931,-0.13906514848428447,0.3528823147861195,-1.3426662632518216,138748,47.32,0
0.39357617379917365,0.8755257497423468,-1.9777174890085756,0.09195528662964923,-1.1078287429374072,-0.3949402014490282,0.43207346047077927,-0.22964062673175234,78489,52.49,0
-0.4719897478984054,-0.3471119123372877,0.8292814326594988,-0.05871295189853119,0.2995774771395496,-1.688888600811324,-1.7483006844850848,-0.9439367913686393,81835,26.03,0
0.5135521968628918,0.21673645419964271,1.7042274944929616,0.9270134448498357,1.112836743549456,-1.1288409140151705,1.1182243195810908,-0.1948963925084862,123476,31.58,0
-2.155523131877161,-1.6203119345415056,0.7580830094257232,-0.6665516497434043,-1.9615805428545177,-0.6240508751987934,0.5382503207488929,-1.1964353951895708,10222,33.99,0
-2.6700999790333615,1.0996748093942164,-2.0375240930224034,2.1739111516855587,-1.445414246976224,0.014076821331431039,0.23001673775495812,0.36485122092911765,141195,25.17,0
-1.1059771787150485,1.4958385998840622,0.9196073816291506,0.008919871847261928,-0.10310266362726443,-0.8815941702058119,-1.4760178893576077,-0.8809500123012943,144385,75.9,0
-0.07013519220423442,-0.005136558544625089,0.1635359890953594,0.25178041159054293,-1.155286751279084,-2.754220672391873,-0.2699705675228816,1.9607325948644978,67622,133.01,0
0.5231184871522506,-0.25051292081487675,0.46040522079284696,-0.3610994622982106,-0.11256238285063425,-0.20284838460376725,1.0948229524297788,-1.428510672088122,169506,84.7,0
-0.050669891049172265,-2.088851244973396,-0.9442321540852145,-0.07865579593542779,-1.1916630476163987,-0.020348717040682546,-0.29618190504999903,1.323565770420703,142912,25.84,0
-2.463886694684311,-1.9038895341252002,-0.3997279824149245,2.1201597078736754,0.0254406820750314,-1.1624189639290536,0.8220484403720753,1.6619297703472755,43643,66.99,0
0.04651350419577043,-2.241475444413391,0.7218103756566215,-1.0107574711457097,0.5954374586751027,0.5051163897392397,0.1373649926680508,-1.2517088910603582,51235,50.55,0
1.1641411097423053,-0.9872242340889065,-3.2082852239444373,1.9998283372843342,-0.4156751868925683,-0.9726582189106352,-0.11141394865103404,0.32066625608896654,111825,11.7,0
-0.4560170859929033,-0.030494976809966205,1.2145158798990676,0.5730322043507005,-0.3062078293801598,-1.2636603026967437,-1.956696290323039,0.2857977513777133,126429,27.76,0
1.0835779567265307,-0.6861592657857192,1.6320644579717685,1.2861570229709562,0.8853593455055304,1.0838659621889137,1.3145300597284129,-0.520182689995494,52282,33.07,0
0.5698017603842577,0.8272554334788269,-1.3722015999382535,1.0264564980663924,0.7732295556572114,1.5524828563397715,0.005381577851465367,-0.8347825376101413,80614,108.66,0
-0.4214809776565061,0.3857236375570304,-1.3781299299553713,0.8666833117354743,-1.628473857527454,1.1023741392039126,0.4967012552011479,1.950734640782982,27785,154.48,0
0.24766846569539702,-1.1678566854134977,0.2416230692232814,-0.4783912792576916,-0.5512886172170296,-0.6464861765304342,1.5112714424012628,-1.1797055745626162,66937,4.03,0
0.8086646002733884,-0.7685653783018872,1.3497407120261613,-0.6980275271582519,1.0362369478754943,0.22174228181392033,-1.3313718235964564,0.19872693571006708,65227,2.42,0
2.0883931140652114,-0.05837211176391386,-0.8668827818897784,0.5357536185011014,0.8352394999554006,0.9336952086611883,1.1441839370065652,0.9949217209293901,132919,41.02,0
-0.8664215698823531,-0.6751966693136414,0.6223557982088727,-1.01771636049522,0.5482277197510133,0.8274640850213348,0.6676398755133396,0.23362537365415853,42596,9.78,0
-2.1415531439656257,0.7740165103924886,-0.824578195136274,-1.0810788665795648,0.5849587980221828,0.6989792163228793,-1.106051684032112,-0.3352332055471639,48937,23.61,0
0.10875051384922015,-0.43553919413401393,1.0500924547564685,-1.1304816369655988,-0.9105555678055306,1.1115503984202464,1.5041227386956662,0.2789972900269766,33676,1.84,0
1.107982511053644,-0.5157374727634082,-1.0411847851742946,0.6608481338784317,-0.04235015603246924,0.5201670887293468,-0.11389685872120985,1.1566532095497886,143387,79.94,0
1.6348611666164226,-0.12006786026666219,1.0308799976787726,0.5600215153396962,-0.4966208656686623,0.4120104825765275,-0.7742561050627675,-0.8800028940083993,47518,14.99,0
0.8260229229617403,0.31527407094933296,0.7856842495727304,-0.5269812683238403,-0.2127825127220916,0.07417550124719736,0.14599036116128358,-2.3496718578093283,154705,43.77,0
-0.3083135632745289,1.5766685667716642,0.26400382927572874,-0.16569923522231306,2.413035321001472,-1.3241339576971223,-0.6937524166013367,-1.0948157427907002,56542,22.21,0
1.4327791757642911,-0.023796646840810846,-0.09825794385887146,-0.8772795849349105,0.2207104169365247,1.1200631341703589,-2.259841909739224,0.34318856313976104,23402,76.13,0
-0.1443119324167644,1.003636878369115,-2.65494744061676,0.24139996626790924,0.9456606628205836,-0.12100720324288335,-0.3821578620523226,0.2948435631526776,144960,29.23,0
-1.3017354179412879,0.10807362222172563,1.02617767292461,-0.4680541520081127,-1.2241084312273665,0.11915416800583252,1.5598331470181361,0.9927574665424418,24935,51.53,0
-1.0286139207653675,-1.8325822656977986,0.4313851184005227,-0.13917179601910046,1.040349620673238,0.8123433957204345,-0.04248315886883168,-1.4431782691335713,45169,129.56,0
-0.2785981935135685,1.3175548705658742,1.0975622504266707,-1.6211277178462484,-0.9473285223137352,0.6401133507918124,-1.7394074657461145,1.4193462322275132,135056,90.7,0
0.28560627058775817,1.9236906793102608,0.033504606398787676,-1.3263996384462469,1.2193597902627409,-0.04930526285620091,-0.15983666498412186,-1.1633315759849026,151803,7.14,0
0.5340916887886316,-1.8797694053711114,-1.0344148496173136,0.10936861718805914,-0.09617909496853334,-0.448228387091091,-1.3967537919399928,-0.5959791134862632,66641,11.12,0
-0.8851878960167492,-0.37873262985791784,2.010497563269636,-0.19862824294793538,0.49052049708694134,-1.0592776078714286,-0.3423592928499308,0.32505108383444736,144752,44.59,0
0.263639000841129,0.4205235612836212,0.6508368368858828,-1.2320412667608316,-0.006880933000533404,0.8212477942767271,-0.6402697053364846,0.30666064011898936,41800,25.36,0
-1.0155255346254368,1.1121456854365446,-1.1803047566372284,1.4446284466304904,-0.1616634345188339,0.4587655211699281,1.4493589716834743,0.5968937035016041,109264,25.02,0
0.2950333608152429,-0.9548236920217493,-0.7666867927609583,-0.36724459182085145,-1.3020592436415652,-1.9306707669498306,1.276972741426742,-0.6556376741562847,44987,35.07,0
0.6615907629148824,0.2612202554240038,-0.7049493780560905,-0.32327584145925653,-0.392685435543474,0.8500034825316485,-0.08137381971881134,-1.578140446161137,156067,156.05,0
0.8929909236010185,-0.2818411587193635,-0.7126020138053502,-1.0429582533064083,0.05505249900494301,0.460152598133824,0.9077248618743671,-0.38544821526781886,61104,59.65,0
-0.9987259287436792,-0.8184576733140416,1.1809594988541983,-0.9273002149251984,0.3422751414605762,1.2392553294634996,-1.181494255571218,-1.1066820248250582,142465,65.96,0
-0.20407453278885793,0.062343519956018,-1.5900777401244082,0.6889118217969987,-0.8708827208669946,0.4118117237279797,0.8072502021401189,1.3070539078034213,123274,87.58,0
-0.42690868711704577,1.339434166590949,1.151022378201074,-0.21364024682623683,0.15622789980902388,-0.9441866858866826,0.9300485752951438,0.8406013580168666,119962,47.29,0
0.6288061507847076,-0.1483321063012,-3.1202495468984583,0.996186671095305,-1.179557021683391,0.8518649257217694,0.49018927413981556,-0.19878598122853228,125768,100.06,0
0.3144292426413444,-0.3733658762033248,-0.48270159034774196,0.07089987222680232,-1.4180361962589472,0.3311118293595426,0.7046017568258796,-0.703922314996705,136607,31.82,0
-1.1561890250888627,1.6879337400591095,-0.511268366282817,0.2833980424874235,0.5987114400150688,1.4517359787690098,-0.5928936677954951,0.17716260583519494,151059,61.15,0
0.4696520791127051,1.023464059583065,-1.5246212461197872,0.009485277897019723,1.5559535740560544,-1.4816080439023998,1.4772333126593205,-0.8598045586099284,137974,13.61,0
-0.6845361426454917,-0.2885970544801196,-0.42428761348051314,-0.1282663154285292,1.0566463307233818,-2.1119682751857507,-0.5332696257318562,0.6317605869183273,129387,85.89,0
0.5362189251831837,0.5146363240666902,0.7757723996009324,-0.9507134406745065,0.8471311535231437,0.1545267784516916,1.1414978351339617,0.020468180008705164,44779,55.49,0
1.4014318552511704,1.4278363329808645,-1.2441856906587745,-0.33856212825972193,0.45832587156040044,0.08047568591664568,-0.57590707716895,-1.5570900405006,28390,15.2,0
1.0147100469870254,-1.2364090633099685,0.7741277514961679,0.08971358524210456,-0.03572072731851775,-0.5511604093495621,0.16468413655074587,-1.3756192732209869,141678,63.01,0
1.545954432072925,-0.6992319757377646,-0.5711446737074408,-2.3869000412569576,-1.6455140326145554,-0.5880412461492505,-0.3054953142666428,0.7193810383730597,40305,18.05,0
0.673647238622157,-0.9114641862744035,0.22280321057039992,-0.8332536868574625,1.1541591484672369,1.457374612715896,-1.728542695860623,0.5661563063373896,65295,18.86,0
1.5494649627952128,-1.0948463491562388,-1.63944671120283,0.20731957561040013,-1.4452869788427736,-0.2491876645874904,1.810960150825954,0.0034559612046456563,5723,76.96,0
-0.27380283473347994,-0.2850208592247846,0.6476486270436428,0.9474760645689778,-1.944769796850374,0.06546753183972158,2.1550738667656373,-0.623356696315004,82956,16.38,0
0.8909473066934134,-1.2768523814374269,-1.0950698516384592,-1.3151082238245586,0.18654106888644828,0.9230094817120237,-0.307814870678248,-0.646323096593717,143354,15.47,0
0.7373875093109462,0.773447600382574,0.8344374565283117,0.4351649729470782,-0.7537112540371185,0.6444252117298708,1.4899263536002787,0.4849441384748313,54372,34.06,0
-0.6324647387388163,0.023567462070347614,0.24249880830700157,-0.012683238751323768,-0.7806596922509186,0.971403903558569,-1.1646735469176939,1.21682453775127,142340,65.26,0
-1.1524576747849535,2.7572055750303175,-1.333387660602963,0.12231740589930856,2.9976965950317473,0.8823779290621057,-0.7002854898338613,1.2183572644694856,139440,39.97,0
-1.2519816103407682,-0.2990218994258239,1.4685778284679707,-0.03798366737694808,0.6241660842807322,2.3896879086219043,-0.45476918011691814,0.8504297404910414,48348,69.06,0
0.36112743663948,-0.5484630639094585,0.8458011890203355,0.20276126907626296,0.6316983467547398,-0.7281649001382979,-1.1289186126467559,0.8903493473142281,49937,32.92,0
0.9426928336467594,1.2213919937282143,-0.44655195370181644,-1.118875834866417,0.2138101476351535,0.37053983851897987,0.37631230694996326,1.5335528118966575,49620,55.23,0
0.10671195551176321,-1.1361412272880784,-0.6143019746093197,-0.19029778634721173,-1.1906308993383046,-0.979730999643072,-0.47979541647365975,0.34180519802812076,34603,29.5,0
0.43607821018927095,0.9229755213131823,0.5800807063156297,-0.5270031302928083,-1.4152707367708928,-1.8866191204229095,-0.8493521218639657,-0.7359677262489196,158554,22.43,0
-0.5299462047302571,-0.820355865019543,0.789799412264212,-0.5012935956948753,-0.7672907793403877,0.18092581286502857,1.0487779902738144,-2.1001635656146505,45090,27.49,0
0.2440657104931369,-0.08556184173385854,-0.07964197820578524,0.23016620357939316,0.8254141182487367,1.9647410016492728,0.528468304969544,0.37740758388993767,27821,93.45,0
0.541800827317001,1.5446746801162379,0.0688208645975308,-1.7903633068701383,0.4000686813402377,-0.2463180796032679,-0.04164241820118128,1.5860448567893932,152529,14.92,0
-0.6071639780667092,-0.3329631381119625,0.41251693403057377,-0.3758388932933958,2.1801857782220027,-1.218704619011522,1.0196655469345288,1.2301794492667322,7642,10.25,0
-0.5486904097999161,0.7097010363359505,-0.4198477150729877,-0.8207418637012132,-1.0740187849840637,-1.6566739647538187,-1.2404225174642518,-1.7734918538386188,137871,3.02,0
1.0525412645018433,1.719833182700558,0.06673566149986551,-0.04485735792319439,1.5692771387412126,-2.3595749665529984,-0.2847575214832377,-0.8163675490936784,51595,97.77,0
-0.9139433523080077,-1.5123032302235344,0.5548979270078646,-0.8069263194902846,-0.9243571318584792,0.6414197688667168,-0.14744890778052236,0.22757028281509753,27956,3.91,0
-0.22652779356340422,0.5260046704307684,-1.1369323309719466,0.21839255509289454,0.8841076936291696,-0.14397081903523254,-0.46474112788523225,-0.8666459008324837,61024,27.31,0
1.9484253341324134,-0.17976763432824605,0.21733684768254632,-1.6038669547973994,-0.5238126045090208,1.8871389599922743,0.46280645918185465,-0.028681658637313222,152354,42.37,0
0.24513021353005762,1.1032323861215487,0.66863583518759,-0.4622637830618063,1.3380659269790276,0.8694263781695669,0.9924641950780103,0.9599278700956456,47969,3.02,0
-0.06869780077495913,0.776107174205945,-0.8239706196925856,-0.056794931868898606,-0.5084396695377374,-0.42896236341096355,-1.8367969814948344,0.6604660422951086,143712,108.03,0
-2.2473472186981116,1.1944486670751788,0.3280712806266756,1.541530760569638,-0.29911177218329144,0.2648619552778255,-1.1698307083791726,-0.22813819056429066,108061,4.63,0
-0.2545567928697316,0.37521061844451,-0.6987964251267722,-0.22048311998787123,0.737308297057481,0.484838605269244,-1.7291275491339726,-1.137265242929425,165348,103.29,0
-1.449381855717041,-2.543236599360831,-0.9370435938621672,-1.9485123713450578,0.944241278146239,1.0615568724187328,-1.610726281131874,-1.0885649244796314,152870,39.66,0
0.9967415016472139,-1.3963985654547146,1.0379178685405663,0.22325305012312946,1.6230332949062931,0.7948308137922806,0.12989380845139337,0.13773109267775793,72902,2.97,0
0.5115029991322932,1.07066002828769,-1.4559855451036634,-0.40720196174469764,0.06323765706912303,-0.7655184968435811,0.9707845542771427,-0.5122488471822143,139649,160.5,0
-1.4525254463122808,-0.8071774512125034,0.8860273870113858,0.2942050199296082,-0.9290649408936263,-1.7063994104714486,0.21224348794614614,0.33569658215474196,134134,63.95,0
0.8850862694423858,-0.6703671987410365,-0.858201127760713,0.7740694267824603,1.0532763415267932,-0.6568484492244776,-1.1595426939151474,-1.7107178169782733,142430,18.47,0
-0.7505925563281818,0.25609595802008006,-1.0101482087941545,0.5164723370389294,1.7416105458181654,-1.2778416406806223,-1.3377918367299197,-1.51557972490964,66795,166.21,0
-0.19959147842244332,-0.3969576462323415,-1.465328511692141,-0.12718535957114432,-0.12763119737522816,-0.7907329749883001,0.8355650255660372,-0.10358458848768418,12338,95.49,0
-0.54643969634184,1.4322041470975233,1.4188874258977349,-0.8498829640604171,1.5045095694295996,1.6169894022053175,0.2929391370501789,-0.9309175314462261,59788,63.34,0
-1.1173733269710004,0.7553593749568626,-1.1877928708470822,-1.0075493710514278,-0.5134404929330656,0.4648429677555527,-0.5497413711585165,0.13291491589148124,130928,22.92,0
-0.8566470302184662,-1.0663371042790557,-0.2621440807345058,0.04724024762649521,-1.254939041535662,-0.36559312401286687,0.0799792519069255,0.4515915452456288,26623,69.36,0
-1.6629664709094942,0.1560534729374324,1.523224129337765,-0.967170186281092,-0.8047733514262204,0.30036185692847517,0.03689855384007172,0.2856269314974422,116701,56.95,0
-0.8772329104366287,0.3683272616093666,-0.7496327567938149,1.1572982598055128,0.7064377069327786,-0.6975090007935679,-0.2252642972346627,-1.1036190397456933,145575,232.19,0
0.9494956552807335,1.4411855668059204,-1.4429897287624562,0.2886656165459601,1.8579341453614433,-0.4719794377973724,0.6108464558758292,2.392903508064368,145161,67.51,0
-0.2878546512724602,-0.05013659384894797,-0.5415626384261221,-1.3397286567738529,0.9537995398718786,0.5731199011490096,-0.2654721774690736,-0.3218106460707105,149606,108.22,0
-1.322796752239192,1.4986923173282682,-1.469240580740372,0.9520877708182744,-1.4594948960263467,0.767439127001189,0.9721281319000936,1.151985565847456,139039,55.53,0
-2.060054950306531,-0.8665159110088873,0.6568495243296528,1.493264821887517,-1.1484146746365285,0.6096077271513874,-0.3096849162762836,-0.516206131356464,54464,12.27,0
-1.5025991997783663,3.402023919287968,0.18337984804072616,6.145918952584576,1.155881505169218,-1.1137007890956367,-0.33379449759297747,-3.990621618534119,91265,1204.2,1
-0.35368286932423004,-0.322961049232862,-0.7944619985471698,0.17222045380073123,0.22228522600139497,-1.4318814650185514,-0.38626859491343857,-0.5630622208541205,35429,74.25,0
1.4124530169064777,-1.4098624777773523,-0.23767618384367867,-0.4171430148976354,0.3007166608024312,-0.802263406983689,0.2575623498866144,-0.8609733337761809,140092,68.43,0
-0.451236745566911,-0.14999045077976747,-0.18610951475596346,-0.23103693566139877,0.9240979409662279,1.502697866344197,-1.2818521573795725,1.4794614334697658,145392,90.63,0
-1.1970776832387902,-0.9511703242731129,0.9403749264536301,0.21981275804456535,-1.2938561620666047,0.6856782771224691,0.3454545111875592,0.9516400623246152,27760,42.23,0
-0.7477830397187013,-1.0837664368374886,-1.8559847476631552,1.0917613641014539,-1.8860230068683301,1.8614602246792642,-0.5277873316105391,-0.27835531621919474,30163,8.9,0
-0.47482378421047405,0.7531941940567736,-0.05578622690702294,1.4601059062478023,-0.737015875785262,1.4387631124233622,0.9834764405625623,-0.4403966431119995,37576,25.21,0
0.8426896694709319,0.20157259371218714,-1.1805363899085966,-1.1239640986229844,0.036626387183536245,-1.6589548554738298,0.7923708241273464,-0.9278680145509082,127933,9.5,0
1.2357608819390562,0.6238873312555733,-0.41302716572265913,-1.5140820292360908,-0.23146383251895342,-1.145291020209936,1.0545940642878193,1.1113518669933116,148954,31.45,0
-0.007095859572590296,2.431672342531423,0.313883772123974,-1.9107704356721398,-0.3948939793937619,0.013395129720671672,-0.14057444122984536,-0.06843836882482655,142265,4.75,0
0.7333900824024678,0.10164679946968179,0.8411259476873286,-0.7796448671584154,-1.4741360252903823,-0.1515741158979018,0.4381971118284886,0.8595269876622876,57845,34.18,0
-0.3221450731901949,-0.6878169471832409,-1.7923796928568454,-1.2325352410422055,1.0597547979317254,-0.32595233933584733,0.41457989600898765,0.4568750260344613,32259,21.11,0
-1.5676090120517445,-1.0310823188108482,-0.32805067272293886,-0.4479754677695841,-1.4134822697944798,0.6765804201387406,0.31222345486365677,-0.6007925312432002,47151,4.73,0
0.6336985153625104,-0.49286782267190415,-0.9307543502498805,0.7765306072377874,-1.203124591748787,-0.16712686023920295,-1.2507301164587183,0.12394844658533295,157216,9.1,0
0.3286526124078189,-1.4739519250185793,1.400652448813693,-0.5196484051285446,-0.3747569689664438,0.8650372719866001,0.6112334183053157,1.9988627933509382,57947,39.13,0
1.2963218370755405,-0.38405914381663625,-0.4630729798518934,0.3073950339850136,1.1425125139880392,0.9390603469143204,1.0334468978466904,0.5267233426629505,118024,2.35,0
-0.5718616155932046,-0.8284815597870121,0.6567619783725123,-1.9306522347345203,-0.2854235209552161,-0.5189570826434774,-0.3041546491212015,-0.4883837695554094,132803,10.8,0
0.9590698104221155,0.028061816603546026,0.31574458998856125,2.7871389642071787,0.8786936728901794,0.02001680601648622,0.8032184691252773,-1.055541881327779,60016,23.86,0
0.7434765949114427,-1.0483024549002076,1.6704334875333875,-0.16294905738674453,-0.49671191961681715,-0.6378085938883524,0.29742467984410664,-1.5800741117173644,37092,3.6,0
1.7169791553105584,1.1196135161338037,1.7526994663902828,-0.6898099420321521,0.8069610561434842,0.7032484458087049,1.4683606531466296,0.011570591472661481,158020,3.24,0
-0.39164109045377865,0.018008825214061275,-0.09289451391718122,1.7652696693949463,-1.3861964253894494,-0.18734727324787787,-1.1077058987770787,-0.48307090347743403,117572,278.64,0
-1.597587969366292,-0.3201319621112302,0.11004405890732373,-0.9167124957525611,0.2555224367955003,-1.9687390705044758,0.5001316508223496,-0.4346275220145997,50144,40.82,0
-0.10174910567715606,0.7208224778835933,0.7761634180250044,-0.2891941848033326,-0.9586271141886765,1.5706783865028933,0.0893727662206937,-0.1786427286295293,42319,20.31,0
0.3272853461637792,0.43246446584494164,0.3039414673797327,-1.0598113427609108,0.632818165736924,1.7851597363433906,-1.55609957693395,0.08029422826362541,124921,104.1,0
0.863176499465901,0.3899405910201059,0.2879580039229022,-0.9985981600756904,-0.2395978175592318,-0.3672923373384061,0.5905381389134597,-2.107200229763329,152635,15.09,0
-0.5869629228824709,-0.5003618785291163,0.41489976105232246,-0.011696256452589465,1.1824048057845464,-0.209131998581238,-0.2941964063004636,-0.7632223030568,36874,54.56,0
0.5836498411837081,0.9073911031373957,-0.4382164323738624,0.31665015667655527,0.39448585855645596,-1.441285223722825,-0.11909625482373001,-0.6305552661946555,46480,88.34,0
-0.09378918838834874,-0.2893831347670742,-0.8451472527435062,0.3742479186332696,0.2113917363391902,-1.5726827692728509,-2.5112126684852654,-0.31299658214695447,143800,39.38,0
-1.3859186834912953,-0.4458228395134365,-1.8640468669922665,-0.8407298718828605,-0.6574570658806853,-0.7502138193787922,-0.430085848750148,-2.054286573437096,78518,53.73,0
-0.6787194832950301,1.1478077272955034,-0.29499775860759775,0.9785387580816517,2.4429672378867515,0.0005174887334036249,0.15811176965119153,-0.698129923728755,73178,39.61,0
0.8042110316696448,-0.18096352391090428,0.7143299024856388,0.9021997058040736,1.0191848538616466,0.08777675152119907,-1.163478928827099,-0.1679160596677682,42819,38.63,0
0.4594465489927443,-0.6937670704427106,1.6894730141149907,0.9211913987652616,0.47615400782328215,0.2510977397624499,-1.3774562709911862,0.8294406483836576,81265,80.44,0
1.3633764147283114,0.09853656269852921,-0.7434593648259913,0.6124461311513041,-1.05469591043921,-0.2903610352375887,0.40811468038246285,-0.7052611797416963,136700,8.73,0
-0.21545596588572052,0.7867629049946121,-0.7492191019250112,0.42951656695195,-0.5144655083506882,0.2149898102879928,-0.9597480393972975,1.1837868430122966,42868,37.6,0
2.200366546970888,1.3492523807808632,-0.44900968215035736,1.4684319181666252,1.3621850926191201,-1.7401262022432609,0.5939747708442348,1.2231108633840466,73019,41.27,0
1.0374034799111278,-0.5546414133728195,-0.3301895130586277,1.948234995333758,-1.317986587363662,0.09381892114058153,0.34805955532645233,-0.6162696710851978,144824,20.72,0
-1.421359364060231,0.7822187123989321,-1.5621590502765963,0.3922404495538328,1.1376925014845591,0.7289638856212398,-0.48301851035320187,0.7638455454214327,57330,50.26,0
-1.6808321088406666,0.3027073557633418,-0.06459226274479621,0.11532831768657514,0.09911050539971974,0.9559275919213427,0.5319131220177769,0.46836392048489395,124247,43.61,0
-1.427374967075064,0.5285450937889634,-1.518523795229399,-0.015510369813372431,-0.42026305469107744,0.22246486234247298,1.165553450492999,1.353650607880588,29201,2.4,0
0.7330567106101425,-0.1998891967201913,0.34278195940364775,-0.6116717989952333,0.42928382407939897,-1.9631538887974178,-0.5381749700530414,-0.6904848057350484,147223,127.68,0
0.15475722122507027,1.477624550623491,-0.10170078052515005,0.7708413025497073,0.6867819485599539,-0.5694245132595513,0.6070645659982297,0.11730449373018983,60903,30.32,0
-0.16439217167568815,1.4216885533096189,-0.7964958609735494,0.669811336179966,0.03779818195252608,-0.26251040991246166,-0.2774560648574521,1.3058331669385228,73954,29.0,0
0.018463897004285402,0.6463808975982105,0.12565654452494385,1.4446342379729178,-0.4311791601919143,0.04191033466720771,-0.6331646575823104,-0.8749902905649327,158615,35.52,0
-0.19290332224122972,0.9316727489811778,0.3381987928589838,0.7506292670900266,-0.6997197754280314,0.0866524082784697,0.8526563198301818,1.6431271446019045,32871,98.01,0
0.0925894471507929,-1.0283008935328097,0.11212266870028756,-0.29256970131169785,-0.2764216556899376,-1.5743559386998573,-0.23287941657851471,2.1430228215706517,112659,228.0,0
0.5952907621063714,1.3107209697537778,-0.7298962740793742,0.9534320198063481,-0.7536753670449282,-0.05490954122377237,-0.8348601611353348,0.35423143669739654,149985,73.5,0
-0.9094796139659705,-1.6089517293264544,0.7224080067382691,0.3071045764250518,0.06056830704670717,-1.327105855650484,-0.3567629393485015,-0.6166709114020366,142010,2.72,0
-0.3221280599349729,0.03235868618600829,-0.8653342057564862,-2.0259702207628876,0.5961498699194299,-2.026262846479321,-1.3684012398501206,0.057589274167492314,66717,75.23,0
0.18362662107886832,-0.35667894675313805,0.5970290368610646,0.06425611795489196,0.6368476487860473,0.9766574401624575,1.0565346322678233,-0.3821422345920565,146614,19.76,0
1.6710433225542847,-1.5964709476298091,-1.3472036359989223,0.4812284995970559,-1.0682702453541397,0.6187812356331595,-1.7102885737630669,-0.07154506267199397,140602,99.39,0
0.6495972494992013,1.3643351877441718,0.12948077891034412,2.6340252332216942,-0.8371525461252328,-0.7421897810239647,-0.7557682024868332,0.08709894621171559,27651,33.99,0
-1.591304726178969,0.04389251533894396,0.5899661341936419,1.8002690856065182,0.0668003181111249,1.5548433692119779,0.8384063024915814,0.8588038430433786,152275,22.13,0
-0.5882345361100775,-0.20151475374171174,-1.5746406178855779,0.9989933406838386,-0.27087147406740947,-2.1007104360722963,-0.9848415695003637,0.9575653800262061,49621,2.82,0
-0.418104469572192,0.14943586508308748,1.830104040519602,-0.12930238498704855,1.024536271607702,-0.19160546307250215,0.4154490247439272,0.1197823567629256,134320,65.31,0
-1.087699680004973,0.2589681872358173,-0.33488075205960594,0.04391144681053571,1.019534501527942,2.706500717463089,0.07797277368547396,-0.18818498156850552,134190,3.62,0
-0.07001777283631158,-1.112854111608385,0.2961214133294491,-0.1332275327976982,-0.6041038053268725,1.2431496023693263,-1.3530960010816662,1.9115688953842909,127822,7.83,0
0.4426854122342412,-0.47044152255632626,1.6192665679282532,0.4345007065651555,-0.4801604382860968,-1.3185469611933898,0.6870708574699367,-0.6403147097753247,47704,17.92,0
0.742890329541174,-0.9303115711456651,1.6577405500269589,-0.06542809442218743,-0.86941543155261,0.03215861956518158,0.7367754089031674,0.5204017627353577,68350,11.8,0
-0.04757849443608111,-1.991068302922198,-0.6591101431574579,0.781648593680662,-0.5648613533783249,-0.6644440276632378,0.06224436735767811,1.0933845517768621,42002,14.84,0
-1.263808775707268,-0.1790585111092706,-0.6787349134437749,-0.6512083076158791,-0.8124123034981601,-0.40013894068970784,-0.571852570674319,0.633307066130233,143706,72.97,0
-0.6920613828632347,0.45889134800188797,-1.769881002129229,-0.7879295597751228,0.6351798604694766,0.8759643920831514,1.3084786637584387,-0.11316112454813085,36119,33.33,0
0.30246370026109226,-0.4665467116030743,0.9313283571589965,-1.6034744703728168,1.752084918390347,0.6110280636544579,2.194324860377352,0.6330185452461474,148435,21.7,0
-0.3023552513126442,0.0019788180076371056,0.7224577375295662,0.19383853715483967,0.21519489017089477,-0.9231729152630268,-0.2937990753099973,0.1565204679684785,130773,67.33,0
0.221116456013394,-1.474577055435485,-0.24205683871087338,-0.8252802496151085,-0.7772210495467505,-0.32493273435194414,0.27421281821765603,0.9080484605061854,54299,28.03,0
-1.0065707261352002,1.3448656213646535,0.2981785069644043,-0.5123645579863683,-0.6553770686730311,0.7652085218651028,0.08587952464217677,-1.1220870964208167,147655,107.83,0
0.9406592336982577,0.04683859646267954,1.4408074778900448,-2.8314217604826566,0.5690358304083706,0.47865329397752765,-0.8681752445942627,0.34473907456571246,111901,162.76,0
0.5296866763145135,0.32119694208692684,-0.7587855883927003,0.9598778643642437,1.1488742083756454,0.2815613299344433,-0.39622832284546816,-0.3752693041198331,62459,106.45,0
-0.4596287322303562,-0.23507542098701714,-0.5202557940984731,2.3417320861068944,0.1254402653688393,0.22371158739325006,-0.5714348433025639,0.47315556754915067,29164,3.47,0
-0.24260820322425233,0.16345560331782402,-1.4268943020280636,-0.549032765631884,-2.0568038247882026,2.2789736244527212,-1.8918050218593092,-0.517570992702116,153941,160.98,0
0.397122017474261,1.7258456127494854,-0.06487316839773855,-0.34251626982684674,-0.6589808132375865,-0.634257204439005,1.7857089900676288,-1.064719317243286,48589,26.59,0
0.35389722666978135,-0.913145573073174,0.5721793837246472,0.5982208130885605,0.5917426543810811,0.33553565409693775,-0.29412227012536,-0.2116935895708967,56032,23.37,0
0.9467695460069344,-2.3307727820257185,1.575681897225293,0.7022043139226125,0.9561290412932573,-1.0208817019915095,0.7871490498965369,0.9020762444317644,160201,14.44,0
-1.5528720905086382,-0.7403498780224594,-0.6143711814353529,-0.2381220787784663,-0.38091293690778905,0.031970967537811576,-1.074638822390024,-0.8754039489826247,131064,3.7,0
-0.2987660793434533,0.32312353126931437,0.47902651961278636,-0.5295840893186263,-0.6682796672051728,0.6945891561603635,-0.07184998330568704,1.2300194427532405,28291,66.33,0
0.6112984431766493,-1.3379363298006917,-0.5015750867455815,-2.194162865135071,0.4213402883141452,0.6450758120195788,-0.7693115391543387,-1.0935412082393519,148620,55.47,0
1.5423709724388834,-0.006880400102028218,-0.7884156331940952,0.6780800073626503,-0.4399539922210124,-0.798447225501649,2.9021706348036407,-1.2087724589036493,71243,24.98,0
-1.194150808306201,-0.8052021008292449,-0.8105995695202437,0.0837729989333954,-1.896005888774553,0.3052118030793774,1.2662982636734552,-0.5080452538123723,158768,43.42,0
1.0227533286706472,1.342463772162648,1.1621538808555265,1.3656067662506852,-0.49954753554920805,-0.39013235211168124,-2.473445893668184,-1.065168065731695,66129,152.95,0
-0.43143897898355643,-1.602891765263958,1.0422478330483995,0.25321909055315567,2.0166124234609777,-0.4839833918632709,1.3370831775567942,0.07991510450788056,143492,42.39,0
-1.6193360076631125,2.7028331191627806,0.7459336686866075,0.8440816306912983,1.0403810541863285,1.1191383055112618,0.7954765224181162,0.028717132077571438,136817,21.52,0
-0.7162669418890676,0.38428868066582644,-0.01865679377762594,2.1003956109556703,-0.26516177223404164,-3.299410445554966,-2.0343390357733857,-1.1961266586802455,75846,83.45,0
0.0665584877135855,-0.784284327911793,-1.781039100052461,-0.42170318014247443,2.163243279515665,2.486828448209288,0.5420024335638005,-1.1135672838528068,55114,6.45,0
0.5790851789030145,-0.19517539826524147,0.6533454324527427,1.5616107805179695,-2.080489115117936,1.2060446718294164,1.4320615828510137,0.449134059572827,59110,46.85,0
-0.6977893180552892,-0.6340031459838398,-0.1519840388673853,0.5619490366045785,1.5690392840085041,0.23007947982634755,-0.3860340950594982,-0.24757057739276445,30016,47.59,0
-0.8192970624141723,-0.6793666524590211,-1.1107623829815847,-0.07902759874319971,0.48234937571892256,1.5457185579499801,1.0846297853735283,0.036540171363726046,134312,7.47,0
-0.741933259114132,-1.220720172386867,0.7689972664010317,1.5168380958098062,0.8572650300155625,-1.1845833592605894,0.178261791756626,-0.30947320451860194,128446,9.27,0
-0.1888923762694141,-0.0049014769304754294,-0.9621350557828677,1.8492046824691233,-0.6916948232763047,-0.26979318020727744,-0.6894983102069558,-0.6979916205382681,68612,65.47,0
0.8770308949869416,-1.139904720042242,-1.7163622792631066,-0.2772506768665567,-0.9659123728910106,0.467738747977797,0.7135184053196504,0.25612773925689364,47245,51.51,0
1.1812537447638027,0.9053248087607685,-0.02264963020743062,0.8959373945411511,-0.6407449785914296,-1.4617747188146308,0.2718884270448498,-0.37538145610048224,137936,3.85,0
1.27060554836499,-1.0112190527447753,-0.33523185720017723,-0.9584604848030147,-0.48846039892865917,-1.0257261292416733,1.6287082562362265,-0.3727820711136292,48911,7.67,0
-0.02975710107467705,-1.181445768625658,1.4261003607954001,-0.9289668502328439,-0.40500917134009173,-0.004269678952155366,0.5371570120432134,-0.2882321429898362,60085,10.87,0
-0.1193317907495331,2.398319095081008,-2.0222989118454664,-0.1604871838538982,-0.017427645998389606,-0.11092092226460229,-1.4447089349837758,-1.8543684369690774,77999,59.92,0
-0.08764441013541906,-0.013495811686846262,0.2251375425754161,-1.0491772178231749,-2.277721405935463,-0.10328818343115523,-0.22561837152864644,0.5700019412929034,47597,13.35,0
0.610270115805612,0.8234672586925212,-1.8129536648089717,-0.11270554261270818,-0.2218303906570328,-0.024991865221929383,-0.7178828536930542,0.16529840903104803,50784,26.44,0
2.587198242838767,1.360346155050598,0.25882789337202083,-0.6594603785245904,1.2741652805932968,0.6358903997329355,-0.2668405418206366,-0.5387596254909608,136003,84.44,0
-1.314048843156099,-0.798778722698252,-1.5791616134224458,1.15182256221938,-1.0026750756807397,-0.6542793759632473,-1.2900524924491579,-0.38542130616181514,68450,2.51,0
-0.2506906561965594,0.39034874889595167,-0.6538033597937238,-0.3709455018546202,0.5331036100347484,1.4457181121423268,-1.3245730745368822,0.5131472038994898,73715,123.48,0
-1.4761226049126905,-0.3581559259724111,1.005871968741621,0.1583601522341749,0.5084588361483869,-3.227071984266752,-0.2290168274382205,-1.0524874551169503,155864,11.67,0
-0.13626440248071742,0.9826281933616561,0.15152061450767118,-0.7151482737306938,1.2646647584164172,-0.025828348865067435,-3.3234193780819625,0.28056165267829186,58859,122.88,0
-0.8844629741612474,0.34922489465160417,-0.2084567158833202,0.5035875909239272,0.059453644932930726,0.027049306368040326,2.5525529031196807,2.929783515915425,48861,21.69,0
-0.2083275657939122,2.0244993192824183,0.6876626237950153,-0.9279036657590679,-0.3868863011382074,-1.069976954623892,-0.10739685144882034,-0.13974541446749617,148655,23.62,0
-0.16013228564958135,-1.206392163450729,0.8220418209145389,-1.66478347960597,-1.0976455588868745,0.006216529353824364,-0.028753111961987515,0.18821905869096145,54301,72.74,0
1.8033753153897722,0.7949585272801896,-1.5511185108571612,-0.0845614702664156,0.08756097332645396,1.0258649072351824,0.08327404080967064,0.016025554057826102,127658,52.91,0
-1.3518470745883477,-0.5183803393377983,-0.7752232952518521,0.23156735770701975,-0.35738604725893,-0.2980518948964358,-0.8371671411393847,-1.2281301248080765,122626,4.27,0
0.022189938606687668,1.363305800938278,0.7690683973394554,-0.18677880407860065,-0.7596591181946618,-0.841293741624213,0.9533548629223614,-0.36700279873585523,139594,56.67,0
1.1690333143691458,-0.8036526934419873,0.6016365297539024,1.077205995534282,1.5421351762689761,0.1256349080446897,-0.2699709583152301,-1.3828682292353969,130521,5.95,0
-0.3039593139516729,0.270824348954684,1.4366529760613467,-0.8955864857376723,0.292640995260964,0.25598157683199885,-1.986950215586691,2.5048360867434485,33716,40.16,0
-0.8411508791142853,0.7366430399659643,-1.1190463782488422,0.28986929354256397,0.05577551511008643,-0.9538052465586536,-0.7377210576914103,0.33393248703048656,137752,4.54,0
-0.15669655107992347,-0.23518669267437287,1.5852272689021514,0.3349326711407623,0.2564209095420982,0.3299466824886611,0.32358350588087403,-0.4431848686271412,107416,14.92,0
0.9121147771056591,0.3150902334695747,0.002271270365516016,-0.037477428026958505,-0.1449494504225805,-0.10192437697238589,1.6566137147072568,0.21457835371221973,138627,21.02,0
-2.5963715311178697,0.19920259263042747,-1.5631893457881603,1.144773062144286,-0.2910155538405239,0.07892460113312272,0.5196817748484917,0.10493593938573978,51959,2.69,0
0.7078432276110553,0.2507167599081427,0.5067599074138244,0.08580518861672408,-0.6948958775317209,-1.7268583103225623,-0.5295480127488017,-0.12162155476586851,149416,82.05,0
0.10741673474419491,-0.0686374964884846,-0.7935606250703567,-0.578436528404942,-1.3625299824104298,1.3889826651824457,-0.06831110040271167,0.7441593358279815,46716,18.52,0
1.5272908635762417,0.7710285558421235,-0.2872493427168253,0.5316430264526459,0.281827617866231,0.7017321481330672,-0.19669337046396504,-0.6942114855258456,53796,107.91,0
0.32664509938656044,0.10675396571610239,1.4701767229845155,1.7143268346770932,1.7923222516014836,-0.17606781180746645,0.1060804961562784,1.3782808137465814,40405,57.11,0
-0.6126065402657834,0.12476119133876987,0.39753402869705673,0.7545984239319935,-0.287736460733591,1.0121121187164135,0.4280144757658992,-1.6387936170798318,117265,157.84,0
-1.390647347101346,-0.5537482134948744,1.3980689296112114,0.7906338714092669,-0.12352791363463067,0.6052905586251669,0.8398799477209382,0.5180537787102046,60318,69.0,0
0.1517815684066938,-1.2896345078352776,-1.4427987011490615,-1.78309546463869,1.3714190019041985,1.2124509509434849,-0.0014525987778563727,-1.2149116447837478,166358,5.61,0
-0.4649395989145406,0.058514116622875846,0.9276579082142579,-2.0440272159258357,1.8639523956012172,-0.7694063496163102,-0.3854719354268761,-0.34950089500575054,47894,25.51,0
1.179916817663574,-0.8106121458500833,-0.03640980027726449,-0.13462054049622638,1.4745995808673038,1.7862949739564211,-1.3048780740769335,0.486482823440055,116942,58.73,0
-0.43086016075627837,0.6184244124770871,0.49762211755235336,-1.196912962747972,-0.4678452334317717,1.0944248656423168,-0.9797339275241835,-0.17236071632934327,56952,50.42,0
-2.064180354166821,-0.20750769661692092,-0.4733824013900871,1.4873769812391846,0.8958787293481767,0.993342779321468,0.7026360496403864,0.4391677347791449,56396,28.46,0
-0.4046507949019243,-0.6011709396132343,-1.1698457503400062,1.2572518290611312,-1.2934106867513153,0.45736757647899284,0.6945699232743848,-2.9164421847287985,147778,23.61,0
-0.33921311906995527,-0.8970953004816778,-0.34178037492148444,-0.5399295668892661,-0.04362647082574351,0.9873207116256772,-0.3137418348982358,-0.9874439340698364,39955,42.7,0
-1.0942242672129836,-1.7329347148342924,0.22284465731402764,0.35830808577755063,0.41150396443941106,1.070242114742493,0.8963135525322761,-1.2873704583890773,49988,22.19,0
-0.6597490930708099,0.4906193552610188,1.5990136853581272,-0.25600613037544173,-0.6079397400137662,1.7684162451511525,0.6835151973630701,0.9238558878178857,141752,44.69,0
-0.16369076310907998,-1.0718735209733135,0.8530678670993113,2.0689303564211263,-0.6445869371669741,1.2239323488661262,-0.860792203752028,-0.5319614573942383,134374,14.9,0
1.8270289958056278,-1.114344291894549,0.9398295847870427,-0.04716383431108454,1.3331894854903676,1.1817885232554703,-0.16433952546717165,-1.2047785826020496,153472,5.36,0
-1.0430317109894778,-0.8920148998789086,1.0488903340105236,1.0278593482704816,0.8150494811607769,0.020057437487451465,-0.07492822127595315,-1.170905004756851,22537,101.66,0
-0.07825521553347335,-1.0180445374050637,0.3739578630598228,-1.2230144614347815,-0.31244014178677765,1.9116989388605339,-0.07196565296958614,-0.9232417043709195,56474,6.77,0
-0.07371051413012551,0.2913631159837713,0.5321320078359945,0.14756729455489434,-0.2953573526881948,-0.7407446188890449,0.11232186863611165,-0.12255043091896291,43136,11.46,0
-0.957689379318892,0.6090052859500912,0.05727133689171035,-1.046553367158217,-0.9706740020565185,0.4797663490524348,1.0144747096831535,0.2826215903753316,49029,4.19,0
0.6415515284969318,1.3286102714202819,1.1748937953802054,-0.203868687326539,-0.5256439331064787,0.9711351867459542,-0.45350081384007357,0.9898596436798431,163768,84.61,0
0.6896774367771413,-0.13372025507583857,0.24203211964343035,-0.3601684416843297,-1.1301499231008585,2.0025833055299365,0.7841567504769598,0.27730189344114553,32096,21.06,0
0.9567792149990778,0.5441807702482649,0.1727680600220708,0.35204894077083954,-1.3182628792862847,-0.4801042742499893,-0.6822345417665,-1.5119434510151584,79606,170.12,0
-0.8448324027422186,-0.6502308083870907,-1.3778244686684065,0.2773699744723283,0.8343983606445288,-0.50498663442631,2.7375679599650278,-0.75850866974457,13248,26.56,0
-2.34840562880592,-1.1557412736009913,1.2378942012423588,0.39762409337237065,0.46399912904985174,0.9308848716851502,0.46785116932001547,0.1474690355829153,150288,24.88,0
1.3593120822519769,-0.24570857630288911,0.6802501451341555,-0.38608408913276343,0.07464832321027096,1.2734951344728642,-0.366820667927547,-3.0354345687292628,137205,33.33,0
-1.7483052875485898,0.8828815581977996,-1.2677092543325343,0.5149243104980606,-1.8288873770712508,0.6768058425557981,-0.0017297060340513675,1.040884760280672,129032,63.81,0
0.06056575688919952,-1.0183542875600848,-0.11707881041027665,0.3888237215173109,0.7828400298116547,-1.586238995016163,0.29544993261616215,-1.4727860701454607,61495,43.77,0
0.13037199100038258,-0.7058228858365033,0.18341107628285777,0.02212898958268691,-1.3787233202387748,1.6372271337052757,-0.6284205947292467,1.1049798469449592,153231,51.73,0
0.9748173392532091,1.2889463621090174,1.0672908510238595,-0.7284411783418497,0.0722064749045356,0.7008773684448069,-1.1675419084004592,0.9090186804041118,141210,17.4,0
-0.5311293743984679,-0.18520538016368104,0.5412715551823245,0.3382715582876124,0.034306304896117766,-0.6129696549643474,-1.7807670497015362,1.9207291049622441,66698,42.44,0
0.03262586307134541,-1.9151339601201762,-1.5960459950785273,-1.2838926495641454,0.010552943111091489,-0.5182944797966687,-0.37759325683179934,-0.2961781204168772,148751,7.93,0
-1.573903424198271,-0.7670499136936044,0.9475611856380832,1.3161911703164269,-2.0786569163582502,-1.205174520483723,-1.3922280129516678,-0.8676762879118334,32284,16.93,0
0.2769660828442787,0.571574358535113,0.72343906437379,-0.3702335301257001,0.5352353472373665,-1.5003629423045366,1.332101139411996,-0.6947422288579232,158500,58.94,0
1.427987920298438,0.6885722677983838,-0.8545456226451921,-1.0454549667071573,0.3236614888265974,0.09760418689314385,0.6227744629692797,-1.1552429913695974,124525,36.9,0
-1.7641707805162734,1.1895907651706676,1.4353794740577608,-0.2960375379268892,-0.9967923291189278,-1.2445479744713432,-0.3353323231117826,-1.126822033943134,163561,15.18,0
-0.001429821596039533,-0.8877960658192376,1.1357039974064773,-0.6534154245750157,-0.5560877386673667,0.19885892225830482,-2.005817017851308,0.5507365871179697,71162,55.55,0
-0.8577974726390025,0.9602467824654133,-1.3990352965905581,1.0645358472303923,-2.1556857596153813,-0.9049202568184825,-0.13988794267799,0.21765979446459033,144464,128.37,0
-1.7005050805381565,-0.7776485722284058,-2.172398364627394,-0.020041508553499624,1.6426005791640472,0.0320299300165147,0.03487774835812371,-0.3593612700807574,129825,14.07,0
-0.2240623947006912,-0.8021646861476422,-0.7165574448056344,-1.5472379795664268,-1.1187768074121722,0.5351006285348897,1.0230850185135958,0.00558064714429462,141092,22.21,0
0.309681983463364,-1.7953955844767477,0.2769498007749308,0.22275179917201737,-0.13295031241035304,1.7900370297739148,0.07709464119821616,0.5528684728413938,35569,12.53,0
-1.5087274706973186,-1.3567432290068953,-0.1218985334916686,0.13699104040512078,0.8750488249460842,-0.26739506705548716,-0.1827149528621866,0.8871993535606016,61468,35.32,0
-0.32437899127426617,1.421424743954631,0.6633118513083384,-0.27791926334624845,-0.46075468041483914,-0.6824214212155886,-1.2555573276627754,-0.8116042176881104,86346,46.73,0
-1.5917324021646075,1.5699350228471973,2.7837239081047915,0.329449963515175,-0.2893963055196741,1.438787991334818,-0.49606873745771796,0.05037417673974429,66474,33.25,0
-0.014497232258022684,-0.9450074164480402,-0.4502868471011738,0.01360407332085404,0.19857301167424676,-0.9030483767359115,0.7436220817737631,0.8071746823125959,143745,21.31,0
1.2384263227107626,0.700767326137413,-2.029021505071113,-0.46613051643330117,0.9594319097092565,1.1135270950424474,0.41364169441080456,0.1807295281423227,142411,90.2,0
-0.03836330690595214,1.252055091558079,-0.5708890002192526,0.9600376056717446,1.5920027369828416,-0.8139486218500639,0.3376567976939641,0.41655376162904734,136139,28.81,0
0.43882841423713514,-1.087659859414057,1.3691394496083176,0.3091420215828232,-1.802248655441171,-2.5517690292268043,0.49830392320902117,-0.6948783003318377,120821,22.31,0
1.3798015531879129,-0.6700596858653397,1.818627772035568,-0.7388764963556125,-1.6511304736310881,0.11236153574385471,1.476216518029734,0.6636247183212306,136549,14.1,0
-1.5114975390880696,-1.4028084894316535,1.0355806713053315,-1.074884437358507,0.9678094519693303,0.439294899850978,-1.339890143979575,0.17120800634556949,162333,53.44,0
0.8304630275052288,-0.6308644504066098,-1.805243542708399,0.0022381951845358303,-0.15201578805754648,-0.061747859354389784,-0.06290187304506678,-1.0060077970412618,51958,31.84,0
0.7303645292521455,-0.27903673405722407,1.1764015364136864,-0.8831310532587847,1.4432835324486173,0.21265508171988973,-0.07164041289092338,-1.4318006060395643,130359,19.16,0
-0.5066093920417097,0.12743838461279483,1.3943107554449614,0.47888642780259716,1.178216333173845,0.36443693769930086,-0.31914037011018004,-0.17717686293732915,131406,14.08,0
0.42135068230079614,-0.8583322660214932,-1.54559578966792,-0.289914362974125,0.23665456555291087,-1.0655743101860848,-0.9490136313405898,0.9904537454467832,165575,64.12,0
-0.6496230959099825,-0.8430913915331494,-1.149818203358126,-0.34937731935649186,-2.3583615734017456,-1.090144600613048,0.016890149623540553,0.08818763113986547,111962,59.49,0
-0.9820987502620537,0.15128212555007808,0.08224331923516334,0.7348104238884766,-0.31075006690883866,-0.2606293497856679,0.1125111807932549,1.125884777289951,138050,43.43,0
-0.5474009427622819,-2.000993165165428,-0.4926718386386751,-0.9482601586080457,0.6269816647968336,-0.7352143784025338,-0.3655126362807712,-2.1478501563257333,127081,6.92,0
-0.5210710015849357,0.547608688627933,-0.1666240627698746,1.62679831077552,2.194056535375819,-0.3061055965641688,-0.8469903639197439,-1.7632400167991082,103354,4.07,0
0.7023857243546086,-0.7642534049257304,-0.022333817718137108,-0.8737640927475011,-0.6542121157383459,0.4824182247247532,-0.9742095738891192,-0.45440651239148844,129818,36.56,0
-0.9775356934974807,-1.2074556814368047,1.850083344877236,-0.906252341483306,0.9985951094403411,-0.3558290788930478,0.5404761960191353,-0.0019169541299692222,155162,93.33,0
0.6611517280253905,1.2084592270632892,0.4276146864107293,0.1431446982470809,-0.7685158478824778,1.8617827006610115,-0.9224443173414255,-1.2551121291416982,59398,4.25,0
-1.613169707479282,1.1979791690300343,1.7276324241180276,1.1191244577632744,0.8696513957275637,0.5576210035028154,1.0590647470358372,-0.2619655540653791,168044,70.52,0
-1.6334134111323106,1.8324460422108688,-0.20427473956706352,1.054285418689905,-0.36274214157464146,-2.6901328418210797,-0.07281310842545748,-1.8416812084380634,121327,27.52,0
-1.4359266570767037,-0.2707534915556983,0.024562933096071212,-0.6504891945824361,0.577861214096289,-2.0618673939556698,1.831928089933372,-0.330136035287354,128150,9.5,0
1.145004207853182,1.3110063830042147,-2.0431260092664763e-05,1.0661302842736489,-0.9328708755941151,0.5636815126954248,-0.11259460945255258,-0.6819442361901367,36948,80.5,0
-0.1738253972978533,0.48551829171505995,0.637155946934535,0.25201830222712296,-1.365968118895177,-1.0668992628408112,-1.4894621733959412,1.094890509744328,87229,34.13,0
-0.012390403717181666,-0.6734224752957686,-0.1783255324930953,2.2949644864709535,0.32344522593645175,-1.1086345038500787,1.2432223801729032,1.3427994171895667,151264,93.03,0
-0.36769645505320325,0.45389559818348935,-0.591102624359426,0.4738784720498231,-1.6300507340785668,0.6386458271499253,0.2415096556983743,-0.8250821029389374,136163,48.45,0
0.17654223546752512,-0.14741374269239707,-1.1582026044040932,0.0855057858201024,0.30993868102108424,2.20812054073328,-0.0789419389589024,-0.3696634604821155,46671,39.66,0
0.24966467673269413,0.7874209728663444,0.10836228865772939,-0.6757575891012267,-2.66654135517486,1.3458362748132153,1.8484065983601754,0.7366668212243964,122346,67.26,0
-1.6485598835609496,0.37373477453572995,-0.4688148223852451,1.012349797254572,0.32978970719458384,1.790900881116404,1.1367480382451818,0.1318483172270748,129343,14.87,0
-1.6036437308725953,-0.6721149512375412,-0.04847417771047321,-0.9313989990059521,0.08738031255296189,0.6402749485134016,-0.7568111256825973,0.3275834721774964,54968,89.54,0
0.15861800485090533,2.860297391056707,0.24978239817185433,-0.4224039180501626,-0.1046988788352903,-0.20739605181175044,0.06931901985229082,-0.9114874251948596,31534,106.49,0
0.0522477430266892,-1.8365755694447576,-0.37677624008163446,-0.11023830766855151,1.2282057487552476,-0.3865443455075057,0.35578249160847913,-0.7259524907139717,40342,28.65,0
-1.179733234843473,2.131607099249963,0.172307580723728,-1.1412238104574672,0.7490471544836241,1.293626296587855,-1.024886957499313,-0.47180262011623125,146777,61.81,0
0.16994187491759277,0.5040272471616077,0.21497274266798236,0.2934996407169068,-1.0885491549713995,0.07566335651233778,0.6026507592352539,-0.051652398509889653,94049,4.03,0
0.6769853549718995,1.349063922972131,-0.7834283730794163,-0.26566054713245446,0.7937542385179143,-0.07281327784258333,-1.2636883809888364,0.33285017778290826,15281,27.91,0
0.5791253871425066,0.8127356647019062,1.1446614595996163,-0.035662653621835405,0.47517515689408685,0.7903916101860035,0.1818629132550231,1.3194413356711556,147503,38.75,0
-0.6007041353006921,-0.38106275316101756,-0.3413943742470701,1.2362367061087687,0.20803199688177396,-2.4589556197256996,0.09365887721495852,-0.973884186117414,6279,48.58,0
-0.8325623458232685,-1.5290090624920207,0.09284896896289162,0.6987407492694144,-1.2217290367809035,1.3227697105622596,-1.5726827827909056,0.8543728183119658,142639,92.91,0
0.19377229628235262,-0.12758950539970948,-1.871350029255265,0.3256473237899481,-0.7145714588424094,1.0512243802489618,-0.7623523716720163,0.32911144967323014,93055,30.22,0
-0.19215393550685142,2.2497840227814425,0.2924730422230902,-0.6610053958956067,1.0887936331305388,0.18850928443364504,1.294763431412261,1.9117578013098968,127850,28.57,0
2.522848229633043,-1.7867596168626982,2.00039848480763,0.7210491306557429,-1.6971807779520849,0.04044801034431038,0.40217388821128486,0.9113056144249753,50131,20.3,0
-0.559925837513242,-1.1601938689154594,-0.677085423451663,-1.5166579287172552,2.0634455377887395,-1.024623458538768,-0.2940541639195322,0.6924495930442146,146226,3.13,0
-0.2933214287637263,1.139173371788373,0.863221010295855,-1.686719195866278,0.6189282829857861,1.7728853175262618,-0.7620281901272428,-1.377393188569034,133121,9.64,0
0.5096838407462164,0.6078915092165353,1.1577634187371215,0.7537736383292195,-0.05072667649707912,0.35303638356506645,-0.06742899634275008,-0.7461437035383703,38672,49.2,0
-0.25742057768927434,1.8088565317228078,1.402622953327437,0.08245702989758452,-1.0143171809792118,0.8107593597556704,2.5261794491448644,1.3649923683502012,53848,181.32,0
-0.262666654416939,-1.2315154719608605,-1.7018938342502383,-1.7412895751587751,-0.7927251591167073,1.6470206220308485,2.6735097666640257,1.068664017869584,59299,8.1,0
1.9049998404102473,-0.5582369335841517,-0.186647937741589,-0.8452490036570655,-0.09622822848319072,0.6641168537444525,0.6102360060046633,1.6407522582727576,149440,3.09,0
-0.5951861949232378,1.4456070207804923,-0.751140382386483,0.48217477755136895,-1.0005797360742874,1.7155762971543433,1.2255419295396552,0.7486491360125581,148104,81.62,0
0.3483871837943352,0.24538687520602737,0.37240362997897003,1.5411316929739591,1.3096558841571642,-0.11371828608619479,-0.6239080304629298,1.270458782370373,82281,120.05,0
-0.4956115982272706,-0.41925326344292707,2.0985659045592424,-0.9657225906570324,-0.4288758382637355,0.5611077487342973,2.1809088193684736,-0.30104449544285555,58281,43.68,0
-0.5454567133349562,1.1164912029458642,-0.6575026133023959,-1.1334286749671707,-0.2976217996657186,-0.2466120585649493,-0.9847572437338585,-0.37927611071921563,161615,130.75,0
0.15489538643251938,0.7141974053763827,0.21403794472129267,0.2195261375028324,-0.9253356713630755,2.4538970952253205,-3.0755827889194802,-0.7255704816476649,46377,2.69,0
-1.4835722481992117,1.4672231497130366,1.0689401661654243,1.2825589396649273,-0.021553860750971165,-0.32072956310004025,-0.006705839785366929,1.6993226904255312,154372,31.34,0
-1.1884272089588124,0.4787591059248104,-0.45746031923220953,-0.7773543746409647,-0.5658131216174611,-0.36332045930561596,0.8327147219303266,0.4835358739356677,55664,76.33,0
-1.0590663585735065,0.09265430863070978,0.6520571493235099,-0.8300763643914172,-0.27487405549591154,-0.5087628646817622,1.7244938673542376,0.914899337003788,60199,79.33,0
-0.35163906939158657,-0.8075797778169846,-0.3541273638134449,0.37113430816246457,-1.2634489401570732,-0.9512365577611732,1.3499138826025006,-0.9068176124014743,74390,63.36,0
-0.09067369859010972,-0.6971121370299773,1.5779556250558142,1.6664917683916414,-0.07143298874365092,-0.5713519767967743,-1.7284530384221535,0.22515969346400055,62640,43.68,0
0.868221588532805,-1.2927564198436485,-0.09308927873538853,2.1594143713093117,-0.08771650645840447,1.4448355124267116,0.34728836677140706,0.5613686341043266,143307,51.32,0
2.147481793667097,-0.08396183700210595,0.2895054098202507,0.4345409296353224,0.931054772285358,0.08551590820811876,2.7670323714201657,-0.5732967840618952,150675,15.33,0
0.044072924164973916,0.10602304386656279,-0.5868690921564721,0.4129818609052646,-1.1122542639411446,0.30651065315676396,-1.5183274851927366,-1.193945699033482,144087,9.72,0
0.1349610569154279,0.13131683316005388,0.624600518224056,2.641030778662475,1.229310691907974,-0.36229010397795286,1.2155068050230795,-1.0537907973425453,144452,4.32,0
0.5853592400667383,0.6569044226843329,-0.44138050852339505,-0.20970572161881315,-0.2521389491112569,-1.5986991256485101,1.2866551405478472,-1.1191618343064476,6035,2.04,0
-1.4643448606078713,0.521509150585189,-0.10718186599916035,-1.0280742640972869,1.672815444050337,-0.9332334286461489,0.23361275361100334,-1.2405141364843246,63652,138.7,0
0.5930711132280979,-0.589031650398693,0.03260698276809068,-0.09841730370816769,-0.1502401888175545,-0.2543900306421997,-0.9654273428698082,0.9756188423425718,116392,5.7,0
1.122542795506654,-0.0739196939682966,-0.21856899833167284,-1.2745582388056698,-0.6259944698265318,-1.7943510532262297,1.0389328785167367,-1.3168410850971901,153211,94.68,0
1.0425592924634988,-0.9497286192295005,2.3734269079732035,-1.7584494735783396,-1.1002741853901858,2.1979326918210744,-1.7116111437516064,-0.24739557585889918,64499,81.91,0
-1.173701124941294,2.4933638465666355,-2.3796889515141126,0.7559227632878779,1.7614193718475553,-1.0319800719280143,1.2288774944505598,-0.5112555289332787,75812,19.38,0
0.4868276281111017,0.5140596808729196,-1.094670276054154,2.0486438191669487,-0.47534254253888053,-2.6596240879427966,-2.275696830927855,0.32507674318526925,68104,112.01,0
-0.43901917185633166,-1.4608474248394605,-1.1200929450968198,-0.8116013797721876,-1.1279602028979312,-1.1825226062890417,0.04386724649341607,0.6011431694298119,56107,12.42,0
-0.7325277198121316,0.7801316239135077,0.7065863087564661,-1.5572546726113887,0.1710995873048751,0.8771010025259578,1.200436866673032,0.6464489772378144,50117,62.04,0
-0.022606672146117474,0.4787412727681041,0.2719743107548141,-0.46689751836621235,0.7913348428768312,-1.3358975427007223,1.2303465493694208,1.1023200199418293,36189,19.2,0
0.3838946998444078,-1.0889876118721935,-1.9398859788059604,0.05567430649672625,0.38334213970512815,1.703973771732034,2.06318341931558,-0.27856809862348714,110243,15.77,0
0.9036582229708261,1.5036536036694734,-0.13054141231319868,0.591860213391057,-0.735130850948665,-0.09467227850521907,0.46344754549430045,-0.841113633496003,107653,20.29,0
-0.6520972703083052,-1.1372384188460032,-0.5130939374077016,1.8960383416246596,-0.6881631814862589,-1.849029178962677,0.15200021318729015,0.6406735277098089,36105,2.44,0
-0.23660978871411747,-0.4656845669294199,-0.46314212940423755,0.020582051698871586,-2.5578237262631816,1.4025779738826796,0.7629377078192788,0.16047988053509865,136649,97.69,0
-1.4000879843674685,0.38022562992875886,0.7589991339103851,-1.4325723237065533,0.8809830402409967,0.8817259407278182,-2.840842536862366,-1.1037256338910586,65492,2.52,0
0.21439164828688503,0.8443495872916004,0.08947552186419196,-0.31472630753852054,0.7989403953983882,0.15855818572933547,-2.135556828532329,-0.35028653939402,148761,103.92,0
-0.8293124395557757,1.245025635723315,-0.7914106743775817,-0.622904822813386,-0.4856954063711564,-1.8954725766269596,0.41270776722344166,0.520105082478144,137380,82.2,0
-2.0113984486400076,0.633022396495308,-0.526294342279468,1.0623195851087386,-1.0346636700484777,0.4462006992941518,-1.7702540104508557,0.5046333884396077,60191,24.12,0
0.23550389306795966,0.0756531671228011,1.9249191429159336,-0.2732394514332275,0.4869705291699666,-1.1999283801447103,-0.718658479030507,-0.621237373932591,134533,21.67,0
0.28626701517894115,0.5086115694764219,0.25883640606842534,0.9506245451701658,-1.495349626197055,-0.2526572157097547,0.434267269143753,0.25616301965282456,44351,32.37,0
0.15815125383091902,1.3200594234159144,-1.473922432282149,1.699665355407733,-1.918227088633336,0.3276537852726016,0.060372901339023344,-0.13133265965691895,108293,35.23,0
0.7532630976780018,-0.6633183194159428,-2.409586390141811,0.21918700154830648,-0.4821859181977997,0.8185824872952885,-0.6945540266757808,-0.17557247215078872,135990,43.63,0
-0.7629170239709068,0.3904968604816443,0.49659235119030115,-0.48351258853658513,1.189675198185023,1.4542000122758232,-1.8118279424555976,-1.4288779545288437,164185,112.96,0
0.8806343495248303,1.2653177076063253,0.430232962988477,-0.5442889762967646,0.3307543400065834,-0.5623103075586625,0.16207884958563462,1.4098049723649646,56644,116.37,0
0.08411591383420929,0.5204531486903461,-0.25153956872318656,-0.7636702844477498,-0.8117779830775812,-0.8456032257725713,-2.0020029238479764,0.05883095530679876,125749,29.91,0
2.1797223690485414,0.1033990222326726,-0.5690647013105284,-0.0007793378494379007,-1.572911078826519,1.0880853203481895,0.260729643946682,-0.24835221333150884,50237,2.02,0
1.523130007210715,-1.0011286652925795,0.7848947052772758,-0.8880270903243329,1.1431139588843624,-0.1338548288745113,-0.8796452101306241,-0.6577327992083711,68261,3.21,0
0.7176562903296481,-0.4163052745785527,-1.3567890283762778,0.5862408439925321,1.9646122498915382,0.25539910805492794,0.6413831774032035,-1.1653351635933518,129081,24.37,0
1.2082449887348437,0.46733082269254395,-0.35954362740277196,-0.5892685258555133,0.22544362541425264,-0.08551303553332905,-0.2418378249572131,0.00600076738473726,29081,95.28,0
-0.5574708206985736,-0.8165726410419223,-0.17138321237541634,1.5837097715872996,2.1993738920659105,0.9546332141744338,-0.09796171802406074,1.1200456849315086,45435,199.69,0
0.4635583208295639,-0.32563307142638215,0.296814226915065,-0.03201357509634998,-1.4184043220776095,1.300849539797611,-0.011455296721681689,-0.3676974472804976,149973,30.04,0
-0.6607331523918664,0.673271044960149,-0.0667026254657238,0.05752042296663656,0.8909705245069403,0.2844526576283307,0.01815076616077974,1.4356482854186674,77087,62.09,0
-1.4797595985105734,-0.607191200648025,-0.8886308085537503,-0.8566810424823642,-0.735870289596714,-1.0963369105166096,-2.3964602538524504,1.4115734920174088,137948,68.42,0
-1.1433497317594268,0.31261712346775994,0.6052510586909339,-0.8681750192726655,-0.028348422059595108,-0.6483486790087554,-0.21554187847022402,-1.1353992851868588,57157,21.86,0
0.7698241312706066,-0.47093319782633974,-0.3847000088575499,-1.0101667196162418,-0.2489711584511615,-0.9812987632552502,-0.5423190856848674,-2.4654939933130136,51563,32.51,0
1.35537430810176,-0.26258669531230633,-0.6235708457097872,0.5948062747511941,1.2392327717772267,-0.1710732235906202,-0.3946724273323463,-1.4358438636405106,131088,5.74,0
-0.028332072050046734,-0.6282591401943867,-1.1560613759850824,-0.13513519428385345,1.52264451404677,-0.7185706367975365,-1.4350119681926223,-1.0037083996906038,132215,2.26,0
0.7937394535945764,0.1568502201813695,0.7544104208805302,-0.6652525236681474,0.10704571169510975,0.2434493117268091,-1.440815158242757,1.1575266815687633,59507,12.89,0
1.1051109038041915,0.5270516892626117,0.3636426845226114,-0.4623721693028736,0.7751818291196713,1.2037105353950988,1.6068927004822113,-0.5452870705094125,58703,46.33,0
0.1639056103568167,0.007485936734855387,-1.0249888612379454,-0.4053304198128172,-1.967958113510384,-0.030413804261923336,-1.2459393224587663,2.468951857850532,28275,81.27,0
-1.5116266066287156,-0.11393291816141375,0.8714913620067528,-0.5323066196367503,1.0290340644538356,0.6130689632394651,0.435853827935899,-0.5627329305446037,62062,15.64,0
-0.31251339893659885,-1.558671070075632,0.042462887197531406,-0.4025524094262266,-1.3910708873931181,-0.6566850982796836,-0.03987530991985553,0.26942301635665056,145979,17.02,0
-1.0891184309187179,-1.1177350002634832,-0.4931636500888528,0.05077000463602375,0.1915319325754648,0.5538135225846997,-0.6975935089048892,-0.09003642152435012,133210,117.2,0
0.10274820630266901,-0.06210635319732739,1.1356124492660091,1.894309005833221,-1.6892682079674814,-0.5559221893609393,-2.218642728470649,0.498077429117878,136927,204.6,0
0.22701053246071756,-1.0308327252272793,0.685785731916634,0.056367964366067586,-1.0947443951704192,1.0348722659860625,0.23699306108848897,-0.22951473706066583,48385,95.33,0
0.5284311923571905,-0.5746923630129478,0.9190330206151444,0.6569902469041993,1.7190867738618865,-1.9979023363358186,0.30713533537597226,-0.6502506655687323,67151,150.05,0
0.6898022348977358,0.3412776541309345,0.3417423685006843,-0.40463571675509863,-0.3784717652265421,0.34025946397420254,-0.500518966345783,-0.8285242599595274,45632,60.58,0
-1.6223406408284906,-1.4338636526151392,-0.6892325721353322,0.26748740873384264,0.559199603440875,-1.0540868798292016,0.32423730126634465,0.9457291126502332,42502,77.01,0
1.8897768880133123,1.903634270566796,1.0210457067927523,0.9875130504844618,0.7543684220404183,-0.7392974363605449,0.29072874896373796,-0.5037804489447905,129845,72.1,0
0.7365762704626347,-0.16980319439240066,-0.4175660590141076,-1.3373228205706227,0.10190615108946523,-0.5468372892945869,2.08133607534918,-0.20531238783601435,154550,7.21,0
0.9894010636697103,0.9035713920356012,1.0153815223840665,-2.0827162606895335,-1.1719209327168651,-0.5144780974176624,-0.7959547802024568,-0.7201020157788871,137805,4.34,0
-0.48384518851883107,-0.0813678509667148,-0.19760335219079425,-0.66334263694764,0.14657967653509593,-0.5246767992851117,0.062236771560379045,-1.3807458687151861,133107,66.6,0
0.8535109882975511,0.6289196248239703,1.0094077386202676,-1.2380518546256698,-0.20419604297490337,-1.0711924908456971,-0.17816611336159532,0.4497077775113422,122630,3.95,0
0.1202408343239678,-0.041110732164029856,-0.03837193429432864,-0.5101193850409896,0.024825354160865475,-0.8507698083411803,-1.1878079070844885,-1.246547484159911,34618,125.06,0
-1.5396771367270177,-0.6824199835863197,0.06634069764100281,-0.07162824403370202,-0.7499893776697031,1.6715110503753923,1.0961505797238218,-0.4379024169585373,123902,67.79,0
1.1367937194288356,-1.3192382584563314,0.19351050534749034,-0.28013662385916344,-0.8791734031473475,0.14575448471006608,0.46905491215416045,-2.661867745013126,146293,67.3,0
-0.8405606690608852,-0.7486606211479161,0.442268522359608,0.5722353666922803,0.015291995295807182,-0.024819622246128183,-1.0661374021308438,-2.660522995393271,126936,42.79,0
-0.39020826540860476,-1.0870345895422158,0.11544848616950126,-0.0541907880977308,-0.780558537552541,-0.5731503907018507,-0.41304250398099146,-1.626248187705011,62340,3.56,0
0.05798655606418001,1.5508615693163603,-0.15254008565969374,0.26141537741259097,2.4626082672059804,-1.904912271863344,0.1917743768219307,1.1443645749139983,52552,109.63,0
1.6159716444970271,-0.9694371173665922,0.354100192026208,0.19898073187298948,-1.6725110388699203,-0.6044336990015093,-1.1330503709777686,0.7930848494925515,120281,28.55,0
0.37868697929740713,0.29464514548066306,-1.5174524680183061,-0.1936087175028655,-0.4869773998626061,1.2510339166182984,0.3781157291529169,1.8909742055488228,136291,13.19,0
0.671258798253038,2.066384065342961,0.6976833959822121,-1.6177869473774324,1.343406102536744,0.9201323030156501,0.8986886595102828,-1.3116437349387693,113805,24.06,0
0.6302372450043706,0.5073549560165616,0.142564197094287,0.09667666685058504,-1.1619968480625331,-1.1413401798695362,-0.8795846773496115,-2.0086347745074336,128215,154.19,0
-0.38561427687574545,-1.4352018761514058,0.6272058971648163,0.5362551470660816,0.7596961244396169,-1.1972197307275814,-1.5002413916826591,0.264939394902242,142613,13.7,0
0.37117502187757573,-0.13687122332176355,-1.395872049805238,0.5408574928973953,1.9206163438611006,1.835760618927384,-0.7174750255460284,0.40227084775400623,154213,59.02,0
-0.8948543600172281,0.3065299766416019,-1.6634123308933502,0.3605077504604925,-0.6600427181485307,-0.3817126281139746,-0.291153981503818,-2.218516572323437,143340,37.13,0
0.6660064141059328,0.20881735660542772,1.2481244897723196,0.04737443401531086,0.20238350198792382,-0.379136695114581,-1.0694351753515674,0.5569230165083673,133726,140.67,0
-0.42367502947941305,-0.670160736434927,-0.15497953987033058,-0.3207555805152699,-0.2786572004780372,0.4119593461042339,-0.540822184216582,1.5591568027027556,59820,43.71,0
1.960810692031859,0.9118299702326772,0.34684660318285254,1.4341414344192893,-1.4508607576020796,0.5610641962318194,0.10206800179265722,-0.20338064953122395,163240,16.59,0
0.846177301211969,-0.06534478971692108,-1.348855244497053,-0.7577579675739318,-0.08781138546579173,-0.7772569972948729,1.7285573179581866,0.1570928014787773,134309,36.4,0
0.17475746088193833,-0.02753919792731248,-1.4187919952886168,-1.3854195336012056,-0.5268775559595175,0.9180929192177245,-0.4258932421149047,-1.4764823046962416,130938,62.48,0
0.015482514549813184,1.300742004345744,-1.0946051429375772,-0.37324365758609657,0.29861946707825804,1.2559459654383198,0.2584695632726361,-0.7074400802225478,138573,17.71,0
0.8760186179152228,-0.19686514895580484,-0.3706300526210431,-1.0310920100270746,0.5120359356931021,-1.0684121272454685,0.3979692470452492,0.28325378309735355,83007,37.3,0
-0.8057400724852118,-1.2704916034105926,0.6611029897253783,0.8289423223215598,1.1073637815595392,-0.2902091150253257,-0.09135570913859596,0.8113563487003249,66024,60.71,0
2.1180673625589406,0.4267569903650957,-0.10141387364145628,-0.21902536784833662,-1.7059402497185996,-0.28572364587527216,-0.4586782547049063,-0.63617399323455,65144,44.39,0
-0.023142550629583352,-0.8635766076552128,2.6853934145781837,0.2960942633145198,1.2924481827184786,1.2006159486542147,1.9429901805686849,-0.90701598279588,149200,48.69,0
-0.9067389633036362,0.3746839514291556,-0.41676327722166,0.16784783607778286,0.9277678910381758,-0.441708370811123,0.6450997762008317,1.2223292055524015,50989,71.52,0
0.13375211919787877,-1.1320339134243624,0.4982231802952813,-0.3680863956858642,-1.0139549681573152,-0.7149692648228457,1.089773009402634,-1.027867497655486,77048,60.79,0
1.6904034430144184,0.9858039103443025,-0.6419809735454817,-0.8337091559586342,-1.8041227197116072,-2.0105781283618955,-0.6122657653113872,1.267004998622063,131890,4.43,0
0.19771537465791925,0.12892331254997774,1.969340336819593,0.5519363398830722,1.9240334998004929,-0.06950594997902164,-0.04841325921206709,-0.5054200350549426,31026,20.75,0
-0.8305790681481182,0.9312116687382725,-0.4242129595355222,0.20264531709830477,2.626310235781116,-2.2546038164172133,-0.12924521524026733,0.7079243501566491,76303,22.21,0
0.5246185155540974,0.3773247415497474,-0.7117508824487794,-2.050036663840382,-2.002974088934801,-0.3372884862164672,0.15302979230716213,1.6852241192036175,66586,39.01,0
-0.7679331465970476,0.04432151866678664,-0.6127970364611621,-0.2583149365735837,-1.3888433682294679,0.8752149751633859,-1.149279060702824,0.6081619294322382,54160,40.52,0
0.7164553793160368,-0.8318077936161518,0.3684036250303284,-1.0852670583970272,-0.1221853577687985,1.0756934280298593,0.8120380720416848,0.5684752117493578,75433,30.34,0
2.120034731628444,0.9836115136282442,-1.881944838410621,0.030587483408059588,-0.0642335448471973,-0.08905180699172016,-0.864250108457603,0.8018974655550206,39379,12.27,0
-1.5002857980239717,-1.52165714220929,-0.8471278357029567,1.2487117188070278,0.44526744845436245,-0.6346410442264889,-0.8005986784902199,-0.07942096116476208,137717,12.13,0
-0.3546774435728737,-1.3664632710364661,-0.5442654980966511,0.2078824286333278,0.7332484725630033,1.300309545788696,0.06290973059478448,-0.33383207446018304,158382,16.58,0
1.2322569131326109,1.110664099944154,0.616560367328895,0.3278244168925974,-1.4349022948602725,-0.5680804223722679,-0.7137639635362024,0.0715390794529613,117904,5.89,0
-0.07076645825709159,0.5116836405113467,1.2391593657850029,-1.0697285874047573,1.7729103175051502,-1.319331715916988,-0.0012248577929169484,0.6742201470171587,49659,3.02,0
0.7443355565176422,0.3347851817358656,0.878621093977072,-0.46249731329872457,0.7416073115065094,-0.3033171527506019,-0.36502033803227757,1.1736005017243338,35814,206.81,0
1.4784876511486336,-0.17994065538414408,-2.398034810453,-0.36650780077482936,2.011756445879286,0.2984759569068916,-0.8424305054311236,1.3341294680772102,149615,49.42,0
0.2886932376089913,0.29087925133029924,-0.44541632919645024,-0.8462129630755121,-0.09729792570135506,-0.25448815055570445,-0.4493799702883152,0.6290507262104081,120691,67.42,0
-0.789088675511887,0.1244950954306362,-1.1514746785015864,0.6619481726630806,0.04506921485319545,-2.0428709059209362,-0.018523540302303382,0.1415317122520896,152837,11.36,0
-0.2710610081026204,1.3590541562478977,0.9485542996542414,-0.6431357920283707,-1.0371946977668485,-0.41335029676045315,1.2271601762567586,-2.127309541174646,49867,148.75,0
-0.708225581826637,0.9402336914799568,-0.24700873838200696,1.0932193485865793,1.362813413130268,-0.9991494990099499,-2.1098946908085874,0.16545690621076375,162313,19.79,0
-0.13617517441769633,0.6536325023775269,-0.941008571771428,-0.3953009780695881,-0.20210750618101403,-0.5786229326099578,-0.0814022008047789,-0.8888500611862266,135829,18.86,0
0.17865747390723916,2.579395775065213,0.3473450653589019,0.5557358148020394,-1.8103721260899825,0.8122010764178491,2.4166264280292884,0.28653224050196185,159368,85.27,0
1.1689681944153154,0.39208264190503467,0.6259830412356666,0.043233875432462626,-0.5847853851422974,0.4449071707321111,-0.44880920393190976,-1.0265141471522448,124412,54.1,0
-0.6785476643596656,-0.39459211586878284,-1.0465859066374184,-1.206961361254689,0.389593483753936,-0.6965501885784681,-1.5249958916445088,0.9909568955522303,148841,41.1,0
-1.1394182211732269,-0.43843253696359735,-1.579716967905089,-1.0521827962445909,-0.2508468128216532,1.0842495499941747,0.6418004420200656,0.9895498705484363,138993,30.21,0
1.3568377110223453,-0.5589293222994332,-2.3031201001565442,0.09088598486827207,0.499160207164724,-0.5409302131466291,0.5482558609047373,0.0005033209646221093,42007,18.72,0
-0.08746967302804623,-1.4024364243992253,-2.669680366664121,-0.5959546770224795,-1.3814546015585398,-0.3550986825318197,0.30806035938715215,0.5091542966139893,63802,1.66,0
1.836572634028904,-0.95786539542868,1.9190005553026819,-0.15768544119221178,-0.34390849218098485,0.39923817625149016,-0.698613253811365,-1.8859152729904813,134776,68.31,0
-0.25130907578126543,0.1153681240377226,-0.1712017406326859,-1.1275539999853659,-0.7443842546969884,0.5182292662869762,0.3545760589286786,1.5928005191403862,166141,83.57,0
0.16938898316541598,1.274733007658071,-1.9245938786319685,0.6079155485728651,-0.18175317352578932,-1.505127877843057,-1.0810978479371895,1.5651014406085924,139964,62.17,0
-1.1706465497141316,-1.0437090725633014,-1.005700975777135,0.4156028847377367,-0.30117472422319325,0.983512860362471,0.46051227223791613,0.365179507070578,63341,110.75,0
1.3856673174619218,0.2540661021167806,0.5504117104456034,1.1329059131373864,0.5884761753990339,-0.9525163372427415,0.7209292725627207,0.25264062838600104,116472,42.62,0
0.7553580225638173,-0.2291977987635622,1.2188675214142333,0.23332872581908787,-1.0300938428737734,0.6697976825318456,-1.5595981345362069,-0.3070958903389087,48442,136.61,0
-1.5950243765547878,-0.8743595071805818,-2.896924637097998,0.4438360460406357,-0.06602544421137865,0.8607023554010904,0.7535601544000143,-0.48980747338125713,62610,40.08,0
-0.8978165993705571,1.2302663694654472,-0.13666221526945804,-0.713924320516145,2.1732815736599083,1.7613571599604,-0.28103799526005707,-0.7224624420984503,104712,1.56,0
-2.48047970991069,-0.5849439299742201,1.45197253273099,-1.628292999188474,-1.2383818044155561,-0.6365555322469002,-1.5978859081088648,1.5035624024908332,168981,4.71,0
-0.9804658237483009,-0.6780292009367669,-0.10137721903540607,-0.0175565591884333,-0.3338875866500058,0.5565626671005459,2.316782343902608,0.40484785670554274,50881,34.06,0
0.771618258765491,-1.5894275565254108,1.3495393499382646,-0.26781897710221525,0.7225748926676054,0.0991132086593242,1.0065449123907804,0.046711960609853644,112487,92.98,0
0.2848393011864897,-0.39998166000827745,0.9459521410358805,-0.34125602032129265,-0.19477464119991564,-0.6620532221907275,0.6038930123616106,2.209328354464066,34391,75.27,0
-0.07483576567329805,-0.9144619914712221,-0.5517426457515363,0.10972728830430939,-1.4935237650839297,-0.6034000328390805,-0.26338968781213823,-0.2998011976493202,148653,67.56,0
0.27161682126402514,-0.4063386184706798,-1.1380369411418825,-1.2083392395303019,-0.9134581673515179,0.33123954255412835,0.876722776388914,-1.1038359582693613,65405,35.11,0
0.677608602170622,-0.2664635602561824,1.116562374310581,-0.6459018357750625,-1.49100236894055,1.154844101020157,0.36722312483894126,1.2274298039607365,63272,4.81,0
-0.035609822158477814,-0.27192325412072255,-0.9963472460499055,-1.1650807058035135,2.6873124146604006,0.6286555640138654,1.081307992873334,0.6037526532008163,140621,27.93,0
2.107121458314908,-1.4798984079184998,0.5327766091780473,-0.8184435661954603,0.6909460529419491,0.33890393077610115,1.879605794079143,1.701540800320765,122042,13.62,0
-0.2439036405881119,0.5816715429609388,-0.1594023675784662,2.4102531852332847,0.013882667821793792,0.7014283634963061,1.1672641965852917,-0.6408475663874817,141695,25.9,0
-0.9817420332668001,-0.13487020749043388,-1.2002493311700966,0.5777932510287509,-0.6710871984030522,-0.43070057330631106,0.8967305626758713,0.5561051882043997,50274,17.15,0
-0.9097777569694702,1.0035973024755829,-1.1758706472642042,-0.39073870013766354,0.24627222768729676,2.4147598760663582,0.7176868888073908,-0.6619480905782065,129846,60.93,0
1.0799942782172118,1.3860458182259259,0.19323611863746,-0.06481283579292532,1.1962670398924238,-1.5275837901206748,-0.16889087138684558,-0.2576493774885912,133170,112.45,0
-0.8245145678029794,-0.7877492857884731,1.9150853741257774,-0.15133554335453714,-0.273458129706639,0.2914478160813398,-1.586497053072647,-0.39720754734771124,119726,79.21,0
1.3183197132190838,0.1292204607059928,0.5424741960188973,0.945067022705064,-2.429219429189656,-0.7193869564254508,-0.5896990176922603,0.6587904606524674,46164,50.07,0
-0.7492780374204742,0.4647504566436925,0.09234510234145692,1.2971090715084335,1.250917536293837,0.9261400245748345,-1.68665163746483,-0.1630494056414066,53728,27.95,0
0.20946489633634127,1.7119276452202596,1.3945620661294336,-0.5374048122326789,0.5007878389809278,-0.2959559134877735,0.918629097020483,1.5718708253057248,152195,73.17,0
-1.652537188677652,-0.28943739548217134,0.7788941118473425,0.5878351436896638,0.3837289833661217,-0.03516164031141796,0.03843727255339213,-0.5558573482328215,69528,204.86,0
-0.15540640930584368,0.3568733133178915,-0.2077956041721919,-0.04874409808453292,-0.16390291002517046,0.425536792696028,0.8189778579346002,-0.19246400347209391,77109,53.42,0
1.1934684285472081,-0.9071336497623553,0.21067741079213015,0.6495528894502819,0.14755258590743503,-0.6220434744420537,0.003092701675185356,0.5297299040236267,38616,51.66,0
1.8302551889382326,-1.7593949485770175,1.9506062771860113,-0.6536628470652709,0.24155067576713202,0.04405284475115701,-1.3382014801348996,0.5290093204097275,103334,12.8,0
-0.3799865044439756,-1.3174406248739186,-0.5590179607932382,0.39024560342622394,0.47117954824266817,0.08147754612895383,-0.46615545766653327,-0.1222676615449781,41900,9.17,0
-1.1167827624559346,-0.36917404899395867,1.1664018981097957,-2.1047350459831264,0.11393050490165299,-0.3385115435867625,0.6235311484878465,0.42023923451012396,81475,23.44,0
-1.6601015646536619,-1.3554667795439281,-0.6147450197724097,0.7537289334727766,-0.26736291867877554,-0.826735541473984,0.354937602952108,0.4064250999376683,63539,29.85,0
1.7325889435597563,-0.5793081410981639,0.264457777444623,-0.06512535691024236,1.194863671116437,1.2717090927207668,0.542396384639893,-0.5278050644142356,123290,11.3,0
0.22157236959155183,0.18790305103143068,-1.5649060617656831,0.6965297094145227,0.01270339355105158,-1.1969550775964852,1.0483992079995346,-0.16167891766557702,144852,13.84,0
-0.9950365195893506,0.9633229201938674,-0.9695317575450001,-1.3014106172374222,-1.0399861572162874,-0.610764664797588,-1.8903644977777394,-1.7266399644097705,123555,34.09,0
0.5499108066956205,-0.9550038938153542,-0.8467312694920914,-0.8972479124135103,-0.19091977849869401,-0.27886947540459933,0.5947210013160685,-0.1568729822499506,51666,218.07,0
0.45260934964476973,0.23922820057249836,1.382330080304381,1.1309387925618508,-0.9599136850395528,0.8873958319228887,1.1516206068141648,0.2782596986290418,139146,29.89,0
-0.7460071686959076,-0.5788006999564078,2.4570933751477155,0.35177100715540255,-2.3477341203394286,-0.5742371668410184,-0.21704342628394177,-1.238369342239929,32512,7.74,0
-0.674832513608634,1.7543903369111369,1.3317999622434342,1.648886706379008,1.1407154299003577,-0.6341503913374607,-0.5096210104210716,0.989255532042995,163235,59.83,0
-1.279323569881946,-0.0738782513166047,-1.6155686832575422,1.9496597523514017,1.9522322197953275,0.8854932673920671,-0.3694091223410694,-0.48360147194018865,155006,92.01,0
-2.0041577915170583,-0.9208690935650007,-1.1623032974823586,0.5209844324895413,0.03347390034277999,0.866606261614006,-0.4208782613830601,0.11309195796459388,116498,105.63,0
0.7933198958029748,0.2009438557283392,0.060966840630781054,-1.0298345187594522,-0.14906083629438116,-1.175325094171273,0.4055809817669004,0.33973898619780984,46688,9.36,0
-0.8937174527583296,-0.4556482054572405,-0.4041280008163776,0.12325226055396497,1.197420339454917,-0.4705325396512233,0.38801922321335697,-0.18422722236777303,119559,185.29,0
1.4344929653151268,-0.4766234575258353,-0.11133261536147682,-1.261635229561877,1.5593089299979752,0.12412617834843089,-1.3703580381032052,1.6537096882060958,127387,279.16,0
-0.8777272636867991,-2.3684344357120315,-0.5921274752413529,1.065579444485567,-0.6839683174460539,-0.9559326209051104,1.022884416568987,1.151279688627503,146104,12.92,0
1.8624831130456256,-1.006075295496682,0.5889069437178472,0.9782724169362964,-1.994315935771357,1.0044088363040755,0.35044314830778106,0.641137887285215,73211,98.79,0
0.7649923456034087,0.8120350668947103,1.5209996491393756,0.5737737724280197,-0.37006865223977525,-1.0143278886422185,-0.8131389817435494,-0.08882064942586936,36129,66.04,0
0.035830944414326875,1.328004885771481,-0.9573676317161598,-1.0797961458829073,-0.5136493036810069,-0.399564369060038,1.1510868603120104,0.2933430900455739,46832,77.1,0
-0.8150092257040792,-0.7862064724157742,-0.9312216440071817,-0.8962371884495971,-0.3444259759034252,0.7334722675905692,-1.2894149319016595,-0.8284831559352964,44027,7.65,0
0.659340964957789,0.7038051213637843,1.7234638821107728,-0.3054208529835494,-0.8312544222650903,-0.2348202944575834,-1.1052341966524624,-0.3452482665213084,56985,44.3,0
0.8748391991679016,-0.3566108141184041,-0.07600816462122584,0.3175419764875972,0.8149265451248067,2.0287790405804897,-0.5261415410265657,1.3639470327002352,77512,13.25,0
-0.47630463092371667,0.8580775561635977,0.9477998083849203,0.42128606545164343,0.20038674486598498,1.2758008491117045,-0.4893088446185846,0.5587702270363042,58755,80.88,0
-1.122672408648452,1.1555105149246205,-2.1394385216032656,0.07886164117432391,0.4437438136876196,-1.3846154012292495,0.4440638636436534,-0.4648274689139969,63790,58.06,0
-0.7225541124296513,-0.9622320872002204,-0.5003665843713873,-0.5259109403461858,-0.7255138419157128,1.561539022314437,-0.05418493435581529,-0.19896556643885563,134043,109.06,0
0.2634335679569436,1.442143878407722,-0.7597071785762792,0.487753804660354,0.3344727025826705,0.45528165891914685,-0.3104176356652938,0.76350094859715,73754,96.66,0
-0.7103107481262934,-0.41991432231524006,-0.2772875847536523,0.10500721489213552,-0.04411600767179164,-1.1284452559048697,0.59604215712279,-0.5734931562728595,25094,14.36,0
1.5266469647929843,-0.45068495113308804,0.25284825123092497,1.5982875604840379,-1.0672884134027065,-0.6246906322107701,-0.5394041144390472,-1.6745800318304551,155651,59.02,0
-0.13857829328736748,1.2805527430778523,1.1261886822791651,0.5446211293285214,-0.38522855675809364,0.7411716714682208,-0.5889939873217986,-0.6595561557525981,71235,123.87,0
-1.5510927873063676,-0.21337368217230315,-0.01849084903337612,0.37275069306087766,-0.5103753254770296,-1.1001740117550847,0.6457772565301174,-1.954116604431236,80231,71.05,0
-0.2314810695710949,0.06760029623244934,-0.641604951056615,1.9712825395142675,0.5386265831632292,-0.8043122644488854,-1.3660079161702607,-0.06300255095660524,142801,140.29,0
-0.9107398715894301,0.6954666411386154,-0.3406212506455759,1.3980309650348604,-0.96169161502585,-0.7107854986014653,-0.4977668243330497,0.5542958974564696,47494,67.39,0
2.0418540868630988,1.044597447378469,0.6520014558527486,1.295316761604936,1.680820167294172,1.5179142862230117,-0.07197860371738857,0.9022849998719265,62195,2.27,0
0.5575874056746811,0.9818237728833917,-0.43613689366180736,-0.5521200815885884,-0.6587776924022384,-0.37518506214532843,1.0062395567583795,-0.934741205241802,46397,14.9,0
0.6208076608404062,1.2160648364361837,0.9982391058303398,1.2567705974733345,-0.2980841033181589,-0.5168826360841203,-1.1361742365255116,-0.19534099645859268,35491,49.99,0
-1.118181142212857,0.7854446300551747,-1.273231628138199,0.5926779072618362,1.028640610073081,-0.32337584590447205,-0.6869234154593553,0.4751179533384053,145783,61.89,0
-0.3327601667090064,1.2466433062863491,1.2623437967402296,-0.1748204433974168,-0.5204967088634761,-0.6004150845169894,1.0343916222995617,-0.6650156131092885,76983,19.69,0
0.038064673937808165,-0.5111200617429545,-0.5566202631403184,-1.2232091045669016,1.3688227288626391,-0.3951552377835915,0.13457875270495576,0.49109408969726875,121036,35.81,0
0.009676962290266834,-0.4573119482154457,-0.36342124640086776,0.44290204745455436,-1.5566474150716871,-0.5040651897353369,0.37473880816252964,-0.5126558364569925,19977,46.69,0
-2.0951376546630898,-0.3268079384769257,-0.8389229046169131,-0.16408356962193588,-1.5199182054987015,-0.12319046676273847,-0.5749062465092536,1.9879214320505951,97939,4.76,0
-0.9703769379961199,0.6265238086797678,1.095137333883275,0.8026980958337703,-1.1457055683376725,-2.275861586591488,-0.23866014350807604,1.3765758927472251,156342,19.5,0
0.42883829780528115,-0.2828072651121267,-0.15772244506990077,0.8059371244868503,-0.9972512344570928,0.4667492341202872,1.9849209941538246,-0.9821138759143679,69358,31.41,0
0.3183048392976589,-0.740627977898297,0.7598868244222644,-0.4850621984882262,1.0344335984615913,0.30300170570082036,1.4799971180244789,0.36301392883144956,147213,62.02,0
0.16812886589060091,-2.0989737278400504,-0.2546785692690531,0.6952054027520002,1.022312474498187,-0.5247400475060665,-0.5353897829911223,-0.22992020933693333,69822,2.23,0
-0.5009233851781658,0.41372839523722593,1.2488141289326202,0.6303448127228297,-0.1702880548131213,-0.48759537910884765,-1.943662164080708,-0.23955404329154087,76888,165.63,0
-0.44543194519868395,-1.1709002772339807,1.6919369775301238,1.2387833916363524,-0.20601967607717434,-1.2492011699362442,0.5349262769540961,0.07763891792823978,138523,15.98,0
-0.19687274516305378,-0.6645732138166578,2.4194656822405447,-0.04183618971424044,-0.10668905166339439,0.28879285518669384,0.191455111124829,1.5927762143713924,164472,26.25,0
0.19506289947579672,1.0577400518798068,1.486552021333489,-0.012454367036384074,-1.1259190752819137,-0.051705163595695144,-0.16182057308433148,1.3177214471096161,22260,21.16,0
0.7057937451091258,-0.7468561487378443,-0.038187459616027,-1.3327428427588686,0.07276323674681306,-1.0077312784683412,0.5549601262539217,0.6964813098414335,73928,5.19,0
-1.0885233982841478,0.9746620980721671,-0.6177802297072131,-1.4664161803536182,-1.3736466595620442,0.9369294900831168,0.9193828897766397,0.12819151659294734,139239,25.64,0
1.226062033644951,0.3012478930185536,-1.4081283178505524,-1.2634485247478389,2.1542274081053523,-0.47686680272346976,-0.7960488500342344,1.1564564877672674,116556,98.51,0
0.8823664242424935,-0.08008824343685578,1.0492398719584197,-0.815012442845064,0.9454923287114765,-0.061645926802185634,0.042885599224399995,0.031772225936316775,47246,9.37,0
1.443641475179593,-1.0261763079634616,0.594794706576607,2.421465132961808,0.3124849981973039,-1.7787817299151834,-0.3258976178858741,2.174837707063181,51367,32.75,0
0.2747068627334077,-1.6956620233195636,-0.30833472952722357,-0.5307189996057852,0.5832716596564892,0.2201308037285313,1.4864713207249725,0.8222858438661951,80667,202.54,0
0.7024131269998759,-0.5279407225584639,-0.8880290897915581,-2.1509619419991983,1.5100961985717811,1.8267700001021903,1.2198247662051014,-0.2766286703121888,31951,123.78,0
-1.046377059275956,0.5887633688573388,2.456722577122338,-0.4715252309050629,-1.2284712667215807,0.05544499520581561,-1.38174953641048,-0.25873690182879444,67952,15.52,0
-0.06742312296742535,-1.0570701250983827,0.12125920691605845,1.5563972221608453,-0.01370002633843765,-0.4080005802704205,1.1182959322536583,-1.1518324413566423,126982,55.63,0
0.4215701259235129,1.267229957581224,-1.6242881386721841,-0.089651660031252,1.1871104501729601,0.9108887812295875,-1.544900042914613,-0.20492064326031884,30537,3.59,0
1.0943079896395371,-0.16451931446197146,-2.810868485158295,-0.47386548674010315,-2.3175698674084497,0.5159749612163815,-1.121079029763998,0.0473449478876124,49916,39.01,0
1.0361896550824798,-0.5507531810527515,-0.38503082179656106,-0.7749980617780639,-1.8799393593717433,-0.31064108162393034,-0.09740792272091828,0.3582027864579689,136453,24.96,0
0.15881433734870623,-1.4680352469798619,-0.640075360165657,1.4367258547933999,-0.6593470251232306,-0.13908655588167215,0.21110614505697814,-0.17189073242722303,126624,2.7,0
1.6724060321201581,0.6715419334514876,0.4345363395234831,1.2184322813768975,0.3303788177616823,-0.7041057461622038,-0.3895943705336476,0.7319427134575307,52473,11.08,0
-0.5274947466287238,0.5886532085032229,1.3300766246580122,0.1775748733108739,-1.4453950350662481,1.5726622676479307,1.6693630017327705,1.2398240528928368,128656,167.85,0
-0.7827592676193803,-0.9017571605108504,-0.01330399380962096,0.07736301367362154,0.27269389888227913,-1.3958945963597262,1.2938896058438014,-1.3527985214509015,84868,28.96,0
-2.2259192416760656,-0.5444896006693457,-0.2866405254201583,0.3123572573018997,-0.0638056993295312,-0.5236615918046289,-0.5890971119145776,-1.4391966995545158,123541,5.81,0
0.9504944394031395,0.3885122574601634,-1.3753587903005247,0.18536813233993474,0.0987293680619198,2.341147877464995,-1.7467858068437767,-1.250974509267248,138986,21.82,0
-0.8009705015449708,0.18941886551813444,0.14161091568772208,0.08985575524256213,-0.8975172094498055,0.12979141939258962,1.288300604596071,0.29455288030899945,67149,3.7,0
1.5827454581165692,0.06827940263085906,0.18844884360933378,-0.02817926032255652,-0.6490735352382434,0.5401815841358917,-0.19168564448235875,0.14077772955252768,51784,1.7,0
1.1685650420088254,0.04891109801747072,0.7067888371939568,0.5102643849253244,-0.20995053178224082,0.9605038550767908,-0.4825680087110775,-0.16796274132646088,31180,142.33,0
0.7397581839774379,2.682968275463645,-0.2758612024062202,-0.46361333780360325,0.8205262083872951,-0.8608830970835802,1.4961983548274973,0.41231019403353353,77468,287.66,0
-1.4355755689696186,-0.45880912993121403,0.6861989260654549,0.1102921778439388,-1.0984925539963306,1.1075222234202973,-0.09603859383161949,0.28270854841432264,25399,29.36,0
-0.1617474680463642,-1.3752602914676488,-0.14428707795215118,1.199846932564895,1.214078179854433,-0.8254755984644124,0.23948739380259407,0.07671473480738021,45933,19.07,0
0.8219488248257374,0.12466362266745842,0.28485476250314923,0.8138062088794258,0.8223833338108787,-0.7043015860295693,0.01212122309211662,-0.0858503850354019,130172,11.63,0
-0.14225353815148165,-0.7887859109308419,0.13239131556986788,-0.2986995176904705,0.11047701576370524,0.3195781613421431,-0.8163525359159204,-0.5760664508863922,71077,24.12,0
-0.9823519788494222,-0.7495137717600987,-0.8940818499158115,0.34993083998435953,0.4001388997132096,0.8756242197871619,0.32806287073597984,0.15880393130355044,29381,41.4,0
0.7087693886539704,-0.8579681188196702,-0.6329231962823392,-0.09305062769881221,-0.547425066949731,-1.6598370646557958,-0.6202077953045634,0.3993241674107058,32500,20.62,0
0.9457963462191479,0.3192857341569892,0.7406395895285339,1.2906717955753941,-0.35634585313125994,-0.7414119254889349,-0.10586272407516036,1.2676187370741911,66835,5.08,0
-0.4298727342120928,-1.1002517228009645,-0.09980671115393072,0.7453589747902679,0.13670532275726222,-0.053962660064733624,0.42556604588258284,0.3942895459611482,63889,56.41,0
0.1613108202029236,-1.1658650050848949,0.30258954523796966,0.6410689223900254,-0.02654772137084417,0.8815704761380926,0.16954695867870795,0.3040943271378514,126151,36.66,0
1.328988385081543,0.36400488253885416,-0.6441768555679441,-0.9200404962257642,-0.28853410918447614,-0.567828761418755,0.4952905553873956,-0.07674173081273157,139600,40.29,0
-0.8802656394770324,-0.1589216586226859,0.43898576996361655,0.26925057330729946,0.7379489077517801,-1.3740924970915869,-0.11654340595968071,-0.4702004474082574,32833,53.26,0
2.7211335436327935,0.45314249767082204,0.4318562007583626,-0.5976695927556444,0.6881533935806167,-0.20778279038583886,-1.0554638614246967,-0.3385826735348582,60586,49.71,0
-0.4727449186239438,1.6707926897111027,-1.0336163126831015,0.9580269800633103,0.3944778380152655,2.2410820968010476,0.2986036760434925,0.6870040649623242,107828,61.87,0
0.9318718717778929,0.30233868915390005,0.10830063603608439,1.9235822628018042,0.6964543838660965,-0.33849067477484407,1.1027046564649727,-0.23951872136650246,147107,40.07,0
1.7042972173195807,0.6176118559729652,-0.5319423754162755,0.2564016676870229,0.5984097704381225,-0.3292089435058074,-1.7244838186800844,0.9054598076991269,132167,3.34,0
-0.5280612340878725,0.34417067433291726,-0.48986542031006286,0.4280408784797573,2.3125106305850402,0.6601624423212223,-0.1886780658071297,0.2555644714192035,132066,24.16,0
0.5311215011709827,-0.2005043833100162,-1.262921491777678,0.7054293026098832,1.2162435914160612,-0.5469797734916517,1.1963902734118788,0.004033929107385228,148885,6.82,0
0.3688438238284008,-0.2682168559513947,-0.26699732896046857,-1.5161400544069406,1.4411010527182468,0.8867610495137974,0.2766606581386904,1.4328492261455354,64409,50.23,0
-0.5270206510000036,1.6753531736618639,-1.1240788020368873,0.3998029002929044,1.416785849633753,-1.7020155130924284,1.6366696503361196,1.689710987528343,19766,117.91,0
-1.0453544448451257,-1.8051005382315843,-0.6136632895961887,0.2729150742578794,0.399158299972329,1.7774504919623344,0.2785711303850602,0.01361640789802643,160203,26.53,0
-0.6390202216625587,-0.7743372894351556,1.7519733904649262,-0.0893893619394829,-1.0619231666368447,-0.11153332338035388,-1.2094844854896478,-0.21743871646335425,63562,9.81,0
-0.3428299609297368,-0.36468311697407846,-1.5514110756597728,-0.2558311149458504,1.6378806500493586,1.5285596938419483,0.11721529439666767,-0.218728400216553,56212,30.2,0
0.8881757470134929,-0.2773340202006641,-0.30681279609034245,-1.6258412685835972,0.8753302341145854,0.32237737229452007,-2.286002531993625,0.44501865990850775,45415,17.84,0
-0.49136681747418337,-0.32784375233805574,0.1685325953000732,1.420941308922298,-0.9208185422275602,0.470689431557678,-0.3996071081140166,1.242659493451986,42075,15.27,0
-1.2529629032797733,0.7859759881263506,-0.6834324908706737,-1.3357802705723116,0.7825422955252509,-1.1045924285292483,-1.3363683011583303,0.48469862727413,85389,7.45,0
-3.7632905740366143,3.3528311951663134,1.8389096870602302,3.6730590863752983,1.5516620135384793,0.8610294778584932,-1.4697079539461646,-0.736550223228696,85933,424.26,1
0.7772750945851221,0.7900403090734859,-0.4266314312240762,-0.26582499435040274,-0.345418997781439,0.2252572607361135,-2.1311622785786692,0.4824369079428556,54371,20.62,0
0.4108338077809825,1.4115117885397617,0.018099964323894817,-1.450418241232103,0.961085968241973,0.7395234840549056,0.0006268318364188177,-0.06228182390564911,76710,95.14,0
-0.6569186212807492,-0.21509515010080138,0.13915083905228381,0.6736718508782562,-0.8101770000495678,0.7911515261048111,0.6538465953103229,0.5206101308015065,161117,166.67,0
-0.32456866459546924,-1.9073054120491297,0.19522565016398208,0.3958010052174996,0.1846767292337134,0.5043114914764457,0.25811761597042004,0.7301521140622168,132951,58.09,0
1.099360036641668,1.4633365219799042,-0.9064426514683322,0.6379419232866225,1.1095272726912824,-0.432621199857437,0.5686955987866935,-1.1953935593729048,56892,6.85,0
-1.1878633612674159,-0.02737385257683141,-2.529797714478328,0.10156898463164311,0.9763093268570103,-0.5307487997028703,0.35409113018732863,-0.25253084036146656,40487,29.82,0
-0.5910296870870915,1.1295805328737183,-0.10855462162592926,-1.1241905157208945,0.3547810699315197,-0.08050986894451367,-0.022953179818889807,0.12575056003115576,149675,13.67,0
-0.912221834596125,1.940009409240935,0.6334747327755845,0.72661921405323,1.1294380500187358,-1.0466544193252418,-2.0382804050194543,-0.06286216285270983,141904,68.47,0
0.3255604071093235,-1.1366876164461543,-0.5236746880555153,-2.0503721163607103,-0.9187853088777681,-1.3416189757453971,0.013321019523264815,2.3561289626774022,52987,9.41,0
0.9949951218724415,-0.3017722771130864,-1.1693224300167833,0.5490626223333354,-0.12402656521531608,-0.2700705779173518,-0.4221072689180159,-0.011513105794569484,12694,20.83,0
-0.13968027722854298,0.49003157632924343,-0.8964100720732567,-0.5323683562266188,0.014010207969882206,-1.7391601946110635,-0.5064954824546604,0.7929507038463439,132881,33.47,0
-0.4721287696027456,-0.04434831479393082,0.9111358588625601,-0.9306330918442908,-2.7985910058946755,0.5377407493360621,0.9150084339237124,-1.5943327518114685,47982,32.35,0
0.09290961929271939,-0.9012978959687661,1.30432002082128,-0.3577958084397025,0.38741273586384506,0.5041791637643696,0.06928455729942284,-1.9425944590736954,73092,27.98,0
0.3287650899600857,-0.020314312473990764,-1.1279000327881588,0.05971034072842642,-0.9310856265210552,-1.2307380881751893,1.5617719722650525,-0.4354137016808592,122253,43.69,0
-0.27684647815948726,1.4194561832338413,2.1828252714756933,-0.0966004429357512,0.06244891681457326,-0.07133435651100466,0.1505235775605872,1.2356003807410085,145703,55.75,0
0.4075293891100971,-0.09228903891639641,1.0773958616225614,1.032412971334598,1.3452386434673593,-0.2023409330364662,-0.5110092348791397,-1.3674773567769207,63594,70.73,0
0.00932133779606678,-0.7453442950497876,-0.04581104431808029,-0.06329525886579862,0.5608080651609907,-2.075784765046595,-1.036667316152543,-0.9548742310505617,170401,47.04,0
-0.562677297568024,0.8392217411109192,0.15577645586750033,-1.719941918602412,1.2232656058473093,-0.6135858222903192,-0.1756037547371385,0.30946537655868,159107,133.38,0
-2.0304135758161195,0.21439434738168503,-0.7713575356158918,0.23251003365745868,-1.4436185572670992,0.7783255241455084,0.03760944630373803,-0.3442030790233886,56208,88.75,0
-0.5145889810564419,-0.9198535488916011,-0.33842295813327844,0.9906046298638753,-1.1798748414382605,-1.31510613482197,-1.8137808245183693,-1.2560910715249165,58642,34.25,0
-0.7733315423477758,0.2666418129867615,0.0325668507517885,-1.121944381535838,-1.170949741159417,0.4618622234429596,-1.0915537179639072,-0.6947773752568532,29888,60.33,0
-0.8419765290621017,-0.44416742136371407,-0.6984224386906184,-1.1389482066999677,0.0890737697140614,-0.38668632198399133,-0.8847348374730727,0.15105575691727147,163405,17.77,0
-0.09567949575639233,-0.985037135661774,-2.100863540056221,-2.101102840252927,0.4720825952742088,0.4519901009445182,-0.6753964869738631,1.3014869442559946,127225,51.06,0
1.3703428095107595,-1.6721490355238497,1.8493687915666626,1.0869379000326989,-1.3487177217748425,-1.0851790521321152,-0.984427920527556,0.299287147941539,152850,14.14,0
0.414754710479599,-1.1513310474859373,1.2778705236871548,-0.24955161239621615,-0.12470985076832349,-0.4784063938219737,-0.886688329307175,-0.8175456693821161,55938,98.38,0
0.6696549532395544,1.0074425212393454,-0.7592362943615609,0.29890867729071147,0.19020210032479018,0.11032164714775473,-1.9374253778698247,1.964282122370966,130627,37.61,0
0.5182752280363537,-0.5242889110312867,-0.9150829928523506,-1.2095088408167478,-1.5137375821749355,-1.9564074511792362,0.1109447982453347,-2.6274248130323024,85271,86.04,0
2.0114581936099487,-0.9207832287586921,0.8944989605517507,-0.49922869770809075,0.05198899325246461,-0.12475199870846379,0.466981662240875,1.04805530499867,49249,75.13,0
-0.08840507423815364,-1.9255620177702029,1.5356460350208718,-1.0933726863471092,0.07212825847578085,0.32179072243667456,-0.4548215505531764,0.2445087890551595,35626,158.17,0
0.8520429790212405,0.736285978882148,1.2203786500633516,-0.23571710372125723,-0.44149484772737574,-1.0892292520988796,-1.6573824394777936,-0.8474605869571743,74405,21.47,0
-0.5050451746834032,0.6922720599248151,-1.756320267135853,-1.5788630356491065,0.3817652362229581,0.542436218623086,-2.147114083154827,1.5208196849121554,137609,39.68,0
-0.04956704913430714,-0.6865836563978421,-0.1099146903024861,-0.3479339744234473,1.0967650075898785,-0.46424219089161173,0.4874257612939089,0.28891743289230276,27821,44.28,0
-1.8211756922720994,1.5461797963224655,-0.727902537351271,-0.6158825832712224,0.9415756232600553,0.4281979803255418,1.091874665065612,-2.1799986250995325,35710,69.34,0
-0.8247780263739947,0.8619275535967361,-0.22104868266817745,-1.949534351137355,-0.9802875507378687,-0.06532352227941156,-0.10475954895594994,-1.064953567532012,139763,25.39,0
0.9856637553353481,-0.22543687672533994,1.4269531156276745,-0.9751407208449664,0.7944631678137297,0.2137912658365184,-1.2349803128624366,-0.5898563144495663,144248,99.32,0
0.8116491564279975,-0.590088747004416,0.3753498005303022,-0.1930075035845698,0.27495570767931066,0.21209327205978218,1.2770112630853427,-0.23564083163732086,146201,30.24,0
1.6928667649168025,-0.7957483352019408,-0.3769435715929979,-0.03143696744314841,-1.6052856023247892,-0.7100204160939189,0.17799335198319663,-0.9724320105990245,89905,102.69,0
1.865906978421022,-0.4299250165137645,0.33545946385524644,0.04167185394182296,0.9186331108680124,-1.1433982800558324,-0.527112994849378,-0.9167209010688223,130095,17.01,0
-0.49885769888101456,-0.007828872229642526,-1.7388825342139962,1.137809131276502,-0.20132309620009667,0.02528816142469067,1.1026212129409123,-0.7328488451108347,128114,107.89,0
-1.032562655078278,-0.7833040455655064,1.2450756191058967,-0.05922977485822174,0.745088920113885,-1.2022631182288297,-0.6193146953757825,-0.4253285385929387,141738,72.21,0
1.1126874376155074,-1.0477462850493768,-0.6951676553164858,0.2563449776515816,-1.1145006033325158,0.24413004083393114,-0.26968914130564314,-1.6379459055542478,148777,9.13,0
-0.13635934484666548,0.31415366267276307,-0.1212951145106374,-0.2056128740800951,-0.4928476099758523,-1.8890074881115662,1.7674935635404623,0.19797578019586332,49163,90.23,0
-0.7324144715268928,-0.2767377877026173,0.624282849077559,0.27204465497042524,-0.5480884842206583,-0.668832447669259,-1.7155012796002431,-0.6118770680716173,56712,69.68,0
-0.1562262636373887,0.13183491551273624,0.7593283176387868,0.4942464726088614,-0.5425443133981813,-0.5957964908825927,-0.6270582537974158,1.1489927791083698,40886,239.48,0
1.080821755956142,-2.0376633479279374,0.15210853240793726,0.44884674088365595,-1.1458754995187108,0.800813667832188,-1.0244492558134517,1.6234871207164658,62456,5.91,0
0.03607360871831183,0.638777489552043,0.8605687660795863,-1.9905664504336247,-0.991519942675927,0.9436990845549282,-0.2795771345587293,-1.8350493909080179,138427,83.73,0
0.02801479195690148,-0.8264737179404995,0.5281444082270119,1.405123588075272,-1.034379382162932,-0.8322834266436067,2.944579624053463,-1.0016018406867915,149647,98.94,0
-0.31788049067070634,-0.06367102031958262,1.8563232572689863,-0.3609170793019173,0.015681393867383712,-1.3256911624261893,1.9450438582266374,-0.759250984018134,46161,4.79,0
0.41640522452206075,0.07442264023492703,1.3886063084465206,0.5755437743338943,0.20145281989556177,0.16131453218766775,-0.42516268029785254,-1.0846855409738174,152926,15.28,0
0.957893458023165,-1.0260779471767993,1.0106839961418261,0.05139745698853957,1.5056374834387913,-0.12754787806846354,-1.4453481514656414,0.5284629945592652,1179,70.13,0
0.5028947805505093,0.9510741853524788,-0.08898759948318977,0.7105340263394527,-0.6081787020555726,-0.3671332725507499,0.9241659838348244,0.46521145025583044,52261,152.13,0
-0.10697458020748274,1.2236936064982835,-0.8543595332776013,0.574163767578501,-0.7250822215646608,-0.9526005235695876,-0.2980473234646972,-1.109048513172462,49131,8.29,0
0.0845900662881133,-1.5697971368447574,-0.5732943537865651,0.25357960640720073,0.25502312494452206,1.0068544644126345,0.4652720958771515,0.528275524993228,127641,53.49,0
-0.09774224079349929,-1.1303667208654253,0.8552942132023134,1.3337490486275165,0.5044956768553063,-0.5578478552534369,-0.748585152673294,-0.41182859732470173,121157,11.79,0
-1.1671610118276243,1.4903300476284473,-0.12994417499854574,-0.13244690144658802,1.384838975697313,-0.8889412997246302,-0.047483164618452506,0.16975906478722225,144290,10.77,0
-0.8671434058459958,1.0600694564932502,-0.31285131544667605,0.3334495558690443,0.1444859968749955,-0.29861476306731505,-0.8116517263311753,0.559564602889939,128858,35.06,0
1.2606535467604754,0.628088027832284,-0.3949567212086763,0.7726594617354788,-1.3324754385776982,0.8551102035905799,0.2880285209265637,-2.1446015493639385,64090,69.7,0
0.8371739870104808,-0.24405731966866084,-0.8427574090958708,0.18796087651631174,1.1071449997852822,-1.4815485945140003,2.1126695380712013,-0.24379159870197403,60162,11.12,0
0.8607798304457065,0.023162585640135434,1.2587476574216843,0.5910505791592214,-1.116434681827791,-0.35440498334042336,1.4803707499856724,-0.3606478574917862,145194,15.77,0
-0.6716437881359524,0.04722252151672714,-0.19967730185646448,1.7090551833235816,-0.8639247038254283,0.24465882966440797,-0.7654864541360713,0.10846814483876122,59702,8.45,0
2.1416979973638197,1.8230412506059113,0.37852486357855314,0.6297696806372028,0.4714901784489648,-0.3040052521220364,1.916548336667717,1.3195506254513676,126974,132.08,0
0.1299158977090511,0.48228726489267343,0.26466431746910696,-1.2147798160671308,1.3051593952158151,-0.19891121816172902,0.8424500166759697,-0.3501199368254563,77727,12.42,0
-0.141409803809892,-1.54587864659145,-2.0073266610586065,1.6996576142811455,-0.23901559342251655,2.294052117638829,-0.15046992011414204,-1.2439096416778876,150823,2.05,0
-0.41702861784399525,0.20165241810074758,-0.031158583589900455,0.9694783057618449,0.8212896634884497,0.32728185451848024,-0.2297946904971654,0.9598184971156046,143021,74.96,0
0.15485644587433614,0.28929380089671103,-0.7706694808488352,1.1148792672769945,1.010546426068119,-0.08647867103714482,0.672387289619635,1.0433467358107869,144773,14.65,0
-0.8052922904474608,0.09874540460436455,-0.16218025176471992,-0.7116505753171767,-0.019940036232129713,1.7481808678791368,1.0465135504219905,0.3882288830746572,17768,42.91,0
0.5915258327063165,0.10484852910849965,0.006486813548670892,-1.0588135767679057,-0.043853128065008476,1.9823318378489723,-0.06787428534276062,-0.2763223788298946,143094,53.01,0
-0.29123616292141835,0.9736806121172151,0.29725778473991177,-1.2500459376454442,1.7512336902122019,-0.6316611589934052,0.9045421529787611,1.3924817683416537,141267,40.38,0
1.591886568132791,-0.011210030134954155,0.3274877571248435,-0.8723687935633825,1.7604646284670695,0.21699436551218831,1.7968631769540093,-0.6007445453819602,137273,32.09,0
-0.9195341844877959,0.8044705829791267,1.865399201692716,0.6076205485586204,-0.44913281426556695,1.3867936408265096,0.359393420467794,-0.43298875638731427,137184,41.21,0
1.4255739081662329,-0.13732293077360228,2.022608221106037,-1.7385661777233463,-0.9026522897253085,-0.4775568016559563,1.0565015853081723,0.2304654871592032,116815,2.8,0
1.1789867406346337,1.3313949355150587,0.5015982477225653,-0.08597694162442279,0.5594272545655826,-1.6256858545986492,1.0886339009915547,-0.8491217032005768,156117,5.58,0
-0.8260865997368891,-0.6849905079750939,0.29685662089869386,1.0475536407984098,-0.3354075793430189,-0.6279358284825106,0.8365609171839191,0.3139694511850617,155245,37.78,0
0.6761818505773846,1.7724819032401051,0.5991167907037375,-0.7099536442546672,-0.02090106586707629,0.7873646118036352,-0.008831308734650024,0.06060145019829358,54974,138.87,0
-0.4561010078113793,-0.4062243293734895,1.5896615658433906,-0.1634989587288872,0.35215976323623555,0.53571874834145,-0.16415158480821837,0.6812562316208439,126063,26.02,0
-1.5718348670879954,1.0160180726654942,0.348026731611487,3.0343112678292767,0.5965838403943888,1.6087761197207409,-1.0085493908911323,-0.8062587614858594,97042,240.31,1
0.0051431414744674145,-0.7589265408192374,1.878682479838358,-0.003975671286582807,0.8643653463895952,0.928717832228207,1.761011230334019,-1.209418667715089,71723,90.5,0
-1.3072291167071923,0.36591516435163146,0.07442711661073668,0.5003389422804099,0.832267356245209,0.4022877811600206,-0.09494615524202364,-0.049050329495430124,54663,144.75,0
0.40430934423315834,0.9000408150148143,-0.4991413916085261,1.9213005376210162,-0.9061121797607897,0.5319890150951821,2.14446123744,0.918078771114436,54079,231.06,0
-1.820407893534869,0.5012388657189913,-0.2134595608134348,-1.2941238219222433,-0.028592892938669033,-0.5833223310666139,1.2951926076818845,-0.6705034750024332,45244,76.2,0
1.56487170710723,0.4025653722306897,0.754430879996332,-0.8573383793427733,0.36197064340898033,0.35209213962484853,1.7765931097836811,-1.2473990743719745,153867,11.05,0
0.662174442972561,1.2187412290075028,-0.8412290391614997,-0.6897273406833092,-0.37059131393443345,-0.5300506944429381,0.3684519999655114,-1.0770801968499928,51470,28.02,0
-0.05135390054507696,-0.6413925712949093,-0.11176318626253595,0.21657855755584646,0.10790067184374837,-0.5854296091009308,-1.2624546578601303,-1.52040604223391,45087,55.19,0
0.5935551388401176,0.3012963493157382,0.5141988983641826,-1.360127618408287,-1.9893558670589484,-1.1326309113099182,0.4991186481272361,0.6734531083159477,56436,40.54,0
1.0511143494890975,0.16292050281146012,0.8687098315193039,-1.291646921317177,0.44819872804403255,-0.45616667760416807,0.3853159413350007,1.581755115730373,58358,47.09,0
-0.26361271208634685,0.27293297708878334,-0.6427557925605808,3.0261813174599297,-1.3284438256852285,-2.546914193732058,0.2915621547001158,0.0891810635210311,130578,39.26,0
-0.44199299436537626,-0.5271463339236685,-0.28366767167934925,0.6705517086120246,-2.0483053901835016,-0.04826840520211626,-0.7806706380176773,-0.8880511182730212,28237,32.54,0
1.081910325768695,-0.994590012544411,-0.6320223084445503,-0.9580748773135531,0.5043828224045124,-1.5449311911472048,0.31761494609523283,-0.49387556399305005,155440,53.08,0
-1.0840682604688667,-0.6973389508885649,0.7369761334682372,-1.1571282137939456,0.4465043419923809,1.4586108407200908,-0.7070182778065158,-0.9364819529237268,146197,140.83,0
-1.6164495705718556,-2.419566440485801,-0.321218996237544,1.0923718622047718,-0.7585170485825683,1.0763103573327215,0.12697025738428683,1.752768461739569,144586,6.68,0
-0.20637934876659375,-0.041957606254297126,-0.889463706809585,2.0778890483175827,-0.2042019212337004,1.0987742454240828,-1.1645171609607785,-2.2540989592253386,151275,40.13,0
0.904685935415937,0.35872530103834926,-0.599696478981904,0.9065568280868507,-0.11406646882953915,-0.5321166457720191,-1.01838786358912,-1.4652257796081898,162144,26.44,0
0.8637615203782515,0.4222065644624794,-1.4768483395572374,-1.2401664568975193,-0.6972844307812874,1.2727596926769074,0.09612017842982826,-2.0006699903452505,162342,30.3,0
-1.3786148769926456,-0.8134121616728179,-0.647244310601006,-0.021007360126637602,-0.6044844758406217,-0.9264092868191575,-0.8016011560419936,-3.731864628221382,145227,120.94,0
0.48790273777538296,-0.39497914255666466,0.37354010238102875,0.004732485632645278,-0.21961577814898187,-0.9599946094776602,0.1990505996454534,-2.074037093627369,128753,2.59,0
-0.8207765146762767,-1.8662354145027253,-0.9607092546936352,0.15295575800875386,-1.2217001678037689,-0.8050722619811241,-1.8907701124598577,-0.8273555131947198,58280,12.02,0
0.07425641868632615,0.4162391740148056,2.3292477031701004,-1.8510105009183744,0.44470396222799174,1.2177396036443755,0.21258171274776771,0.06630707912943543,61029,38.01,0
0.29653583195876704,0.5966205163817784,0.2962578373574721,-1.3104733941124767,-0.1899087070713496,0.5332657549792487,-2.361538389993931,-1.10531111451137,39479,97.98,0
0.09503450663953492,1.7046383450145572,-0.16078148286227412,-0.5669394543646578,1.4894343071255647,1.394714058205969,0.07694253750169452,0.3423215893340163,158716,12.7,0
-0.356887470492696,0.274015128833618,0.5799134450771444,-1.7566588914406267,0.9845604411711564,-1.3286502087643832,-1.403161445412909,-0.41364626872383553,137855,43.4,0
-0.5681585950037119,0.6284491796281995,0.004687247371700142,-0.2841873768471706,-0.8635749350061727,1.3007880526290998,-0.3926406615840316,1.586582594749442,40700,29.05,0
0.11217977977555434,-1.7229839896487733,-0.32034163815695893,0.35727841174029784,1.0235074418053713,0.01853739005197755,0.9060892421785063,0.5373665288665046,37743,62.79,0
1.4219373181927226,1.4199416445667117,-0.023556445448511563,0.4173613608724076,-0.7024186041172227,-1.6235261138399804,0.2507292730327207,-1.466289521150436,160405,10.3,0
1.0972401515594965,0.8698289854000336,0.5026518176033214,0.010939742575923972,-0.103116812655206,0.5365994334273445,0.17647664247949113,1.3077227069761872,52059,17.41,0
0.11992572154323217,-1.0091869216720712,0.41350485891683497,0.8090311901536907,-0.5734975834412411,0.7822662040883062,-0.2785259935100543,0.8743035593304357,76641,76.17,0
1.7067523547241472,-2.832571490783083,0.4449712931193825,0.6792531857002103,-0.7121370117112932,-0.3492294754153675,0.33299007977811707,-0.029634337083576892,132259,29.14,0
-0.6501657389280153,1.6917502254747818,-0.6952973375513701,-0.21735853027047586,-0.661451455766902,1.1243807371794263,-1.2092795653087756,1.3074985460535211,153088,20.37,0
-0.5358206557192421,0.2586560299831514,-0.12951692306300036,3.215947243111665,0.48839956236244525,-1.1414567992076388,1.7522111572056083,1.0429936246590428,140573,51.75,0
0.7496963712103736,0.43919802255014784,-0.906066404033292,0.7463772127472069,-0.6678311203558468,-1.664194031407072,0.743037399876798,0.20040937254856336,105938,22.47,0
1.5995468084725193,0.7242308143587031,0.22079079534670368,-0.5884468567373927,0.47826951549678515,0.4379746307012015,0.034321594878267185,-0.07968592134907045,63511,17.06,0
1.2647950396344798,0.2145019237779434,0.19916831290531964,0.4302733524487433,-2.284967335234779,0.057498125507828256,-1.1073279395279176,-0.6490079953219432,66346,22.15,0
0.4178640261994408,-0.8597876419714956,-1.4953821824487257,-1.6234784747561903,-0.003236870733649335,1.594102320009313,0.041021756243463325,1.7831584515836283,48149,1.58,0
0.7367618898729666,0.30908599397407993,-1.6746662182135001,-1.314050728080934,-0.03961345669298553,-0.49769579998508295,-0.9500831733080524,1.0707398422249086,145370,64.92,0
-1.3317689903878926,-1.6223984967559022,0.23321456024834725,-0.3558188353382118,0.8754948832617212,-0.3103964849550655,-2.403239790981312,0.4436168006413885,68531,3.16,0
-0.09768069646121723,-0.07849940549693891,1.2705806052553272,1.1588421569987246,1.0314256876441483,-0.402730878913721,-0.6584686519354378,1.636643724807389,53267,36.29,0
1.4082690747746727,-1.3305352926511669,-0.07796739196679794,-0.2827300147939021,-0.39803660573554134,0.027078038249237976,2.165082217434605,0.10735731758723639,25877,63.75,0
-0.48475485549690717,0.9770836633619949,1.4423697395925574,0.04051082423275809,-0.745202863047924,1.1703435341931279,1.1668023677009483,-1.2583811792659765,43528,44.82,0
-1.5704853145744255,0.5079944060806837,0.6667371559938042,0.27390477999656315,-0.09811145782612997,-0.7424901301220792,0.33866628055830106,-0.38230329175876404,144078,64.78,0
0.8501584408086887,1.268851161825871,-0.7591316397452661,-0.8925552597024509,-0.18635302311415713,-0.8727074063905332,-1.017493346947953,-0.3487981273863159,36144,3.91,0
1.903826443803309,-1.4418919901057257,0.3198438623851134,0.016711475731267487,0.4205914994600532,1.308593463403332,-1.4327543768739217,0.6079322606546842,22238,16.85,0
0.14961100981139605,0.4147130617197905,1.3475271912096503,0.052171190001709535,-1.1918806548838892,0.6748023331739698,-0.8880952730592439,-0.6700976993704914,53989,36.7,0
-0.6070594848347454,0.5757492183166991,-0.19208523584304732,0.45188024151488304,0.9298770958468389,0.5602598613329849,0.33082272529863804,0.19086030765253428,41231,10.74,0
-3.112527440092419,0.2154934679861821,1.165877811457279,-0.311959313116186,-0.6103998335406896,-0.16696642234871384,1.5975461699369529,-0.6645614074647973,141386,7.4,0
-0.394002503098352,-0.41294876275483366,0.5526288509235182,0.32738619050303436,-1.0092145058816764,-0.2957109466605707,-1.359801617249162,0.4018578386356905,115257,5.89,0
0.8144968770599493,0.4702851499279607,0.6582591502437998,0.6415969661966962,-0.26751846862326245,-0.46397139755873773,-0.6715580513797317,-0.0068950692302579,40811,142.74,0
0.7520292731573599,1.8631658643324154,0.07667526601892517,-0.9941444488276563,1.496514694337087,-0.26386029341269446,-3.581140468188684,0.5015449128763644,53514,100.62,0
-0.36382770331488956,0.39388248478016646,0.11447590780950899,0.6758706659978598,0.408039808259614,-0.36693792764475863,1.475571737072676,-0.6935294899862019,157653,4.5,0
-0.7563042591243958,0.6469523040312026,-0.30106081550504826,-0.790116148510994,0.3419350632287131,0.676263469889511,-1.102467489645304,-0.33864231282543317,60566,71.84,0
-0.21576139855213228,-0.7535686918035059,-0.06669275791000259,-1.1126728800642849,1.574210003841888,0.8955953085619345,-2.1716205602006857,0.8385853740677481,60821,48.16,0
0.22549585366452668,-0.4417560197701629,0.5124461701314288,-0.7135598792613801,0.20206786015574837,-0.21797690558055308,-0.9825609392760634,1.5586710839548623,72019,20.54,0
0.2893043547807734,-0.9350916924165446,-0.503749512112271,0.17360739315357002,0.5303707895483976,1.3634247322522424,0.21447758415543627,-0.04569115086451149,54483,29.39,0
1.0739496545041414,-1.3601876253953786,2.078738230015745,-1.6791111258943503,1.231416289443313,-1.679725263626313,-0.06449021097096906,-0.6182024410855856,115324,16.78,0
-1.4004217712313483,0.16384267435528735,-0.10413404496241022,-1.8234036511418865,-1.16696251235233,0.9100692107601005,0.5266953382893343,0.519135172984286,147565,153.02,0
-1.995381149749103,0.856719418060462,-0.28867111864893136,-0.6015040860544332,0.7662240945387282,0.35099673420269917,0.0889970882800999,-0.8993370075926037,25490,58.33,0
-0.10898123136589323,0.7030552015900584,0.160131152760603,-0.7585286987145928,-0.006291795050064441,-1.367005278394882,1.1832613194239208,-0.5059640909787979,150105,6.12,0
0.7897857458625657,0.5359644092424989,-1.0638849116799036,-1.171304595544942,-1.2314681704286847,-0.24408563855855206,2.1153432191621837,-0.049173784270552794,116246,94.49,0
-0.92015345601521,0.6039120600934186,-1.1010370085489989,-1.2540123360937045,-0.593609913666488,2.084318686779403,-0.09914083111342123,-0.051183911652271506,141993,27.4,0
0.3171499596405243,0.36181103898429307,0.24325294872527709,-0.5671498999593664,1.3384728566014799,1.3247093270262875,-1.2635919864561282,-2.019795470697815,68876,51.36,0
1.6166411789888955,-2.6906063880179767,0.12125475009869426,0.5284618918237096,-0.9750607254204126,0.27726029436616295,-0.22448215446342795,0.9880493146133418,135306,10.7,0
-0.9839892694251048,-0.6522688302117198,-1.4870399866583164,0.8402183960166958,0.03629970892240555,-0.5374696224861052,-0.13633678893102305,1.0497823074020283,106090,7.41,0
-0.6063649447826931,0.7645440951101018,-0.45142008866037114,0.16854052038620093,0.09515072307532749,0.2572743906753717,1.0754217850183447,-0.721363593790589,36838,18.8,0
0.41166296693634524,0.4300855996754318,-0.09585428886570539,-1.2448555552711726,-0.11465539206411643,-0.362456326852827,-0.8974467975356183,0.7883878048226324,157765,14.48,0
1.153454640879411,-0.7011222117290825,0.12564123614751954,-0.1831360995172441,-0.002235150111467181,-0.5142993078442597,-1.2352896733908356,0.06433404081612315,62450,125.3,0
-1.6426634244990312,-0.5233648116065697,1.149277225309553,0.449525341163158,-0.6171008283368512,0.02471436442305444,-0.14544519347188506,0.31091080876447974,126549,62.0,0
-0.07794224664139351,0.06816921069903828,0.9270172823783687,0.01718552446768228,-0.1508237908282019,0.5589253666391252,-0.6263392277447127,1.5803261070010846,120694,31.21,0
-0.02043322938018236,-0.8762421899424188,-1.1171089919439205,0.19629318146307248,0.8689682661136148,0.5936690845593054,0.16322225203024868,0.6333869913521479,56132,52.8,0
-0.5036672720171906,0.8581397266337017,-2.1616909779218108,-0.9797135785777599,1.061071602420194,0.4173454778674086,-0.39556966614396166,1.9876847849908466,135938,116.84,0
1.0725465119446487,1.290065035876678,-0.4569154333691609,-1.3840662037493898,1.6355859989762787,-0.4625307901256981,-0.7425865972230673,0.21229132147923174,47710,18.71,0
0.9759291500454678,-2.3250570257216054,-0.4496417264049607,1.4267612736381523,-0.5096454329250576,1.2996241994247448,0.7739226479046662,1.8831378396059653,172800,41.75,0
0.2815430087118576,-1.49454155866137,0.021551212050940828,-1.6731597716383022,0.060631375820471727,-1.9233695311189893,1.6944787837776865,-0.050645165388801205,46519,6.34,0
1.0818091020282463,-1.8183561481891306,0.09013704584690557,-1.0575163823171303,1.8065037650894507,0.9069359726926771,1.2787904781005346,0.1969951347816159,37383,10.78,0
0.7839202630746859,1.109258625358951,1.8021408546743334,0.6093458788131031,-1.582414706949878,0.22898468270364256,0.777001788699996,0.6976112747719353,28730,51.94,0
-0.6058095143887274,-0.22790705025049626,0.2096328672673705,0.19647399024225207,-0.40912006466097656,-0.01401400475869808,0.2546041616938449,-0.8144382301291553,44906,115.57,0
1.2334248730952218,-0.5008911456105217,-1.1895000259430708,-0.6878231071138236,-0.5810070334128723,-1.8282059871973793,0.49427289397394947,-1.3138611601875032,141906,15.66,0
-1.6990136432826932,0.042413552453227185,-1.8344424325741007,-1.7975225551253293,-0.05310031083211291,-0.525892865303196,2.0789460237001247,-0.2533811664800067,58181,40.04,0
0.589976574126145,0.26361950434705733,-1.0866445364068422,-0.0314763230484939,-0.17414117319826142,-0.4207318742926211,0.07407156614632787,-0.8618577819295807,57887,17.08,0
0.07133711502838612,-1.5647967808746726,0.026211546301595424,0.8818414917946646,0.39083930818940676,-1.047861005649387,-0.3764495462407827,0.07337293133466874,125409,12.03,0
-0.12797771347463238,-0.17385691848654347,-0.08648853327560799,1.3528921264591334,-0.6379644185831196,0.7933310350134581,-0.7590016794458276,-0.8283791623663994,31994,42.65,0
-0.7283112117700062,0.3601656015561733,-0.26765597819065334,0.7672162694912585,-1.02132996774965,-0.020757951641306675,-1.8290402318209689,0.7042810987716805,61370,67.39,0
0.6946441783379123,0.9974631423862255,-0.12679637412070588,1.4735038550299198,0.07160766226722236,-1.9553201958289914,2.4583866628276656,0.04618260219027473,121501,3.75,0
-0.13102042404249964,-1.1798716805474392,0.6254783881772652,0.062215074428531726,0.11231835996165258,-0.031222958823870196,-1.591324606721872,0.2613790660348003,135698,54.11,0
-0.3156922589999546,-2.57305866585521,1.219342599618882,-0.910952407291298,0.040548458600357766,-0.7405239363306059,-0.19996489211551272,0.8033657433294576,126131,129.08,0
-0.0664887745373817,2.52724822033811,2.112678528025231,0.9499780627839214,-1.0862310730697493,1.3752146629054474,-1.7715734638691247,0.13593744345524758,55583,18.78,0
-1.0140883331826094,0.2788684195580776,0.3549299233926498,-0.08192307484655668,0.8913396468447979,-0.36073055824440614,-0.2716279797439698,-0.6663714077047016,51472,21.67,0
0.9892015618213577,2.273051559034959,0.4914687747007322,-0.4079725609257989,-0.36507335887579484,-0.6648300135861221,0.8342413751371334,0.4354175387952905,41511,98.5,0
-0.9403035223246886,-1.930201693914548,0.4476487896332846,1.219534144794135,0.9068538535362255,-1.5420243820226973,2.27986508351867,0.11161459945513263,145229,111.38,0
0.8301367434976151,0.546408747041189,-0.3398622885965911,1.0519636215156816,-1.1918720469888753,0.05621154830473969,1.6586857007303346,0.4866604633136254,42307,15.08,0
0.4600115382617309,-1.109957049937457,-1.1042699159588811,0.7613874294345478,-1.001751634283028,-1.5438852794823321,-0.9759895105877032,0.2681848481792707,37170,107.17,0
0.8120744795964013,-1.0254077335206206,0.2728250545356178,1.6064236146473194,-0.5316792357897931,2.5062825171574636,-0.30258601549758146,0.2482339932276359,49020,22.48,0
0.7295685560212114,0.8141191420339855,0.944728160294277,0.4014063622933558,-1.3435133108136401,-0.029206087085122644,0.11110856144795785,0.07099443797148695,145201,14.32,0
0.9924466500289575,-0.15615239602665398,-1.6388647218418366,-0.530219254668679,0.4100611773853579,1.1508200474191423,0.42832940620571797,0.4562870816556115,137701,2.66,0
-0.27155421277052066,0.7665557959581434,0.917167335738365,-0.04418459717668677,-0.6234734170904759,0.7344634653250866,-1.1370103706331787,-1.3547885173372158,58366,6.03,0
0.2943192490353658,0.8286286211368612,1.8641501107119873,1.7733464727707555,1.3939025239838898,-0.016039461404155957,1.115654871666828,0.27595220853429714,43681,44.64,0
0.4455846253684627,0.4510780307788793,0.12489669431827294,-0.9993541912058044,1.206017026834822,-0.04486349799453063,-0.537070460010087,-1.6418471385154711,56328,25.09,0
-1.6123747040309508,2.5603954846995793,-0.08997996133865264,-2.9473662684402178,1.4545288689773865,-2.3103660883022696,0.2884164713787953,0.8424447008310508,117729,29.92,0
1.135831450569967,-0.7530183265974213,-0.38962910029823467,-0.03842490890568287,-1.2400060286859336,0.7293817350480336,-0.27544951334533946,-0.38567678210216516,38291,80.04,0
-0.5745659512065036,1.0202129941433644,-0.5591174838874602,1.7482676524591594,-0.570127111417268,0.8874800519297257,0.115965993086935,0.6787981527924805,51216,46.12,0
1.8113479887368833,0.2818941149927823,0.28343488391214644,0.918611261750369,-0.9524669746074184,-0.1830771051756719,-0.3860850407046073,0.30039664191191323,52448,54.58,0
-1.4665770967215939,-1.056052626782793,-0.44526998223476366,-1.8425879010541129,-1.1077448456438759,0.3242075642533395,1.8145767743755536,-1.8377072669391525,45981,23.39,0
-1.0620366662754863,0.21917021369043294,-1.309739501988946,0.19504708055221823,-0.9202435108241467,-1.9679874387573901,-1.6617239476338246,-0.6075975143043544,40649,49.31,0
0.519016980640679,0.0031928483930527213,-0.04806484377381428,-0.8803647133665949,0.17196282285843462,-0.5779155259724277,0.8696817644204146,-0.8432002642886639,38972,8.19,0
-0.22239410943689097,1.0104779208862917,-1.962591837428684,0.32334463272920455,-1.2896568272383084,1.1213731509437108,-0.14935994254763982,-0.34050385547418394,64835,14.74,0
0.12144634214509743,0.44582432059164173,-0.8481214220310356,1.597878886223795,1.5612408894593344,2.247680216541447,0.5713597071650268,0.41558914271587466,57557,106.63,0
-0.8053860899049368,-1.0304021437102509,1.204890012338101,-0.7132842417330004,-0.9099470861107053,-0.9890195585392113,-1.989114329535194,2.2037517984967483,37103,201.46,0
0.16929422476892492,-0.6935078253421025,-0.40869021434895747,0.2867047128859801,-0.30109952146951935,-0.8619461864213049,-0.8503223648181184,-0.6373315185492832,72774,10.81,0
1.4508104937617172,-0.07550690383260082,-1.2463546713077496,-0.4480102182121176,0.2362996609932715,0.15464810152224376,-1.7390748162183727,-0.5124594944110363,54664,22.89,0
1.0605941745432637,0.34734250846226167,-0.9416547309223845,-0.7150959718838386,0.162794980545344,-0.017288997377207165,-1.3130070631713815,-0.3810417700776092,62196,27.68,0
0.7542959183594107,-0.8171187621701012,1.0421482458679832,-1.0366316716631891,1.185117922111834,-0.5155809327138922,-0.3080313714825688,-0.2993683692541676,35681,51.7,0
-1.8910144240866076,-0.2998725557150682,0.12365826726486454,-0.7191824467002385,0.312436162668842,-0.28766369112749335,1.0254050347381674,0.27110532738376786,38500,36.09,0
0.6635636615236761,0.30486760481092573,0.2692418249986778,1.1355637492015882,-0.2611281752134444,0.8386029922937202,1.2884962614971935,-0.553600496926768,40143,5.1,0
-0.045888150742652664,2.222831914851334,0.04533351766186557,-0.11679009123297983,-0.7934086510328179,-0.23366419780537248,-1.6828436951840477,0.5207929984500359,82493,41.73,0
0.452973877329684,-1.3944380827822065,0.060785581621881024,0.8357337257302042,-0.08175751903371829,0.1498384331324903,-0.14006367870472416,1.0234812445943973,117939,34.11,0
-0.5078755974630865,0.9519207991162776,-0.07644763488613784,-0.03629098538505439,-3.105677328875247,0.22519282446016944,-0.8595813235877475,-0.28473949166671564,46729,146.56,0
0.74427582661273,-0.039259683875249037,1.014847728147081,-0.9454278641443407,-0.8760028902037027,0.7261591215755627,-0.020266883137630812,0.9268766994609047,165510,87.26,0
-0.12503728432039923,-0.21417610337056878,0.5304587899390387,-0.6226729773168778,1.018318594558966,-0.5959467111162355,-0.028526458109744773,-1.3065936064563095,116353,13.77,0
0.18113894366461433,0.8556034221919553,0.08722954818340885,0.21195599589485317,0.5721622486716613,0.8269752474009391,0.6034984381120339,1.2287471688718765,47948,10.8,0
-1.3887460614100258,1.0658782473700936,1.2539499214703709,-0.08798824308551775,0.3267821461855892,-0.9887015695712601,0.0855986742778244,-0.6880015572503937,43484,25.14,0
1.3415654819809009,-0.545546172593574,-0.1783156809008798,-1.052834870654465,-0.7682116911426369,1.6435381994090106,0.13789015557837458,-0.29678443774118357,67818,35.69,0
-0.5303488180325058,0.037326950985964995,0.08543234658079632,0.8974354289440717,-0.1824152373151762,-1.252298134162223,-0.5779094916518412,-0.3487786492888781,65195,1.77,0
1.2109180473150036,-1.3066692309764605,1.517303978255719,-0.8815273087521788,0.10953631496535014,2.085628588735579,-0.35037160563076825,1.8377436153003923,86854,11.09,0
-0.5096326558879345,-0.6857624975198435,-0.46814028550856523,-0.9704307635569106,0.7544725177370835,-1.5724907242521846,-0.4334247244481859,0.32441266083030545,49479,58.6,0
-1.0342818138219942,0.18789202287427845,-0.8403932641388425,-2.0690697038249257,0.188933410314267,0.5167290191258025,0.34686496636656666,0.5053370849016985,138504,21.94,0
-1.7674917352826087,0.940910883879347,-0.9835307005214492,-1.3141575508420875,0.4535310332725423,-0.009663077594751796,0.5746322853722492,0.43058183149142465,172376,37.23,0
0.6524946162287035,0.5296999859550735,0.9205509192062417,0.22701600199899755,0.30729755127196096,-0.002074472409845884,1.0497343561892427,1.8404037650227503,41183,37.07,0
-0.5551310848036805,-1.1052412000504706,0.0956713280180088,-0.21313906889544776,-0.28976366200162684,1.6511326634885726,1.6329729196126452,0.2501530087807887,136167,45.93,0
0.3929540631734413,0.559778494786625,0.14602111704443896,-1.617554530930328,-0.5845914456550211,-0.8440900609951246,1.7310983601060217,0.11789407276334242,72886,55.9,0
2.09808518884186,-1.2933264465416436,-2.0094190910812286,0.019402828956890637,-0.42900354795804246,-0.6185160384349482,0.6415052316875198,-0.925618993350075,46899,121.33,0
0.911162877879646,1.3674295742611293,2.0247244208160087,-0.26203254698631534,0.19112285975160406,0.25218865829243337,0.665771060837476,1.7485397451126439,42642,39.86,0
-1.0002707919724707,1.8665620899835158,0.3405326572568829,4.6028155223470515,-0.9230306014921038,-0.13183526770476292,0.8635169889508453,-3.431905083136874,96417,262.91,1
1.1213019891473632,-0.9132327612316895,-0.7708132154602709,0.771565049168488,2.495330874150399,2.338859868661928,0.7318970675107894,-0.3505542850124866,165592,17.4,0
-0.47282642084329146,-0.6230013158930239,-0.25598392457565067,0.49813719027966596,-0.572595236407886,0.8529183421236263,-0.4820125986306404,-0.5595634660696852,59600,17.88,0
0.7645387442496782,0.3439004646328668,-0.47589140042187705,0.1547576933444065,0.7068144471068956,-0.34036908933230214,-1.590000722556167,0.7191145916319782,51503,33.58,0
-3.3514864455429962,1.6253158618144214,-1.7397008221756456,1.2617796570239252,-0.8264758367740888,0.3809751852473192,0.6146142047170634,1.65541133679762,74469,57.23,0
-0.22800171747544853,0.669169889442427,0.9399543566113138,-0.08908670239159408,-2.1659965672615904,-0.8030681429096495,-2.143969306643276,-1.3995826658270176,146995,7.04,0
-1.868083748368918,1.0429093955848912,0.7535600250617325,1.9033130814242465,0.7021115994891354,-0.7364100104580964,-1.07129887026688,-0.42059153444004027,123417,8.32,0
0.14749362751133432,2.1460426806736215,-0.5079213264530645,-1.4065642432797338,-0.33017857477018797,1.0420069943602674,-0.24768145809650083,0.651477246707511,136271,31.71,0
-0.5757566395085485,0.303234774445377,-0.4885125888385483,-0.47925819031978506,3.1707385881252526,1.5427580561010363,-0.8687663953933338,0.6490223434198841,36607,48.03,0
0.5396068350309917,-1.3099243199660973,-0.6596380545199162,0.010709409439417868,1.025641096646287,-1.5204298521441193,0.49388269570949295,0.7313127823956391,153475,8.14,0
-1.9298404337291657,0.962360399888817,-0.06807066726845386,0.5267254766333834,-0.07019313129802682,1.8177025739243113,1.224170042282331,-2.610904858735281,109388,6.08,0
-1.3895958471910175,1.2857043675376862,-0.09466803600789606,0.8324697189927138,-2.1824214820782,-0.034158684348596355,-0.01184030254990796,-0.7943968558293764,44956,63.66,0
0.8894010298444365,1.2459344583103642,-0.07416201288608566,-0.7504865750365622,-1.2539027591240839,1.0081375994095685,-0.7506149240081764,-0.37376214996776835,58342,123.92,0
-0.705712977020929,0.25000875877176615,-0.08122783315265754,0.18988966105318028,1.2535676966201081,0.4425301708096553,0.3669570207400814,-0.8852103348087168,131546,20.11,0
-0.10930869658077089,0.37505281034510035,1.5377699538871124,-1.1913603509163007,0.5802232496523899,-0.10390013237014918,0.03304173913145254,0.9720448871025391,166636,14.05,0
0.2646445132858405,1.8225342726403808,-1.336246573193705,0.005912212024175021,1.0387511260413191,-0.19777762423426223,0.41286505577768096,0.910113773902664,28317,26.64,0
0.7596108910399549,-0.7485147213918408,0.7323000627727059,0.04498784357610075,-0.7125789671773227,-2.509570855901224,-0.09934294131879018,-0.07331992526524429,41560,176.85,0
-0.2698003270412883,1.4216345578398586,0.04216782160988936,-0.3675579317753825,-0.6740307919429767,-2.2007509424456386,2.0866219622041573,2.195697109819277,146302,17.47,0
0.5725495429984457,-0.3918855285158751,-0.12467857571773282,0.2326061696488396,-0.11329214314192997,-0.14955980906042732,-1.381931422403925,0.8057569298525961,143207,22.07,0
-1.1237256290573372,-0.5725619220331938,-1.8170336088357686,-0.8080126587030051,1.34361670350719,0.14727235162059626,-0.23240715473698775,-0.8765253000109268,152384,2.55,0
-0.9259498357027707,0.7857428591102024,-0.8275358601758943,-0.21994514394915307,-0.15907417385130032,-0.026122848618954968,-0.6424998047084329,0.7197581626363619,115930,44.46,0
0.056271941822445104,-0.6515465860285417,0.9335404978510041,0.2789544649217531,-0.2493478111500082,0.0014395484042842898,-0.12316245941664548,-0.23381041775645545,32483,51.19,0
-0.6530030896055,-1.1826310753110179,-0.3405701536963394,0.6192924306076605,0.30342036555171625,-0.07165199335621787,-0.8366474935959428,-0.40695166459999577,137691,58.32,0
-0.042448346103028375,-0.6135508652665085,-0.5409830352772186,0.10293610077565697,-0.031516226969471824,-0.8916393201525016,0.5156064025154776,1.2050627138897076,52508,26.99,0
0.3464642278810146,-0.8461329085490981,1.0109611858611562,-0.7934614696311579,0.7773564295851175,-1.0969856920886976,-0.847046819168613,0.2920904179848597,41328,3.88,0
-0.35049930495516757,0.41997764640259994,-0.9829728694331399,-0.5297239063549979,0.052442814129705535,0.08672290530791989,2.6033750972028415,0.7832888377186606,119384,32.9,0
1.0489653175187088,0.5915318511910256,0.5521838286664363,1.4342161147956642,1.5284009970729833,0.10813979226002883,0.5885302467704535,1.7136422838797887,114378,94.98,0
-0.15967035795942452,-0.3912705064869504,-0.07181986182667738,0.9022099011866933,0.12707121022709328,-0.5917704353718949,-0.6535472827671781,-0.5360937289493065,115642,5.52,0
0.6097107556367111,-0.7414781797460644,-0.1063579974297973,0.08497206159438697,-0.10564588080167885,-0.29225802554012503,1.2306017792654174,0.5284041345903148,146165,8.6,0
-0.08416759665911136,-0.14360161433714919,0.49222845504796187,0.5182585984333133,-0.06542828162620223,0.34677090290089946,0.8267443031062924,-0.7987863651708964,148101,88.89,0
0.36019813633321623,-1.8197386399121749,1.0690222891970598,-0.7120374862077322,-0.1961002821171336,0.5977706503364763,-0.007313180268049925,1.4033611573730884,66497,40.56,0
-1.2770151506205003,0.10724419547118505,0.6047717588497941,-1.6650644062414464,1.055508574102718,-0.688435436210015,-0.8651631841717478,-0.2840901076055598,64349,8.31,0
-0.055568222725037024,1.677285166187952,-0.805167500768392,-0.9433956373230732,0.8515942960487191,0.7170228950770831,-1.044065296019751,0.07903337701952076,144210,32.15,0
-0.48922003720925067,1.363736468616899,-1.0468784567613247,1.6313775243406803,0.16906932197123895,0.024545209449338752,0.28540389481471423,0.02078104089863709,80423,6.04,0
-1.0577585856613043,0.885996000853776,0.0763968342355031,-0.9329262010424819,-0.01922506015377819,-0.27462061828260576,0.3413037837933394,0.9005935867286816,165218,2.45,0
-1.1334934875350378,1.1220941308007713,0.6710650758932424,-0.5424235398248333,0.48632728540897896,-0.9196653496976216,-0.9321138477880471,-0.9524292382715677,41380,66.2,0
-0.10359288837862497,1.0115193639748543,-0.3002083586943776,-0.3900638218656871,-2.036688552322182,0.5023220898968643,-0.017811452535361674,1.188272926495567,35505,5.25,0
-1.1641268684493562,-0.7174903668776307,1.270642512988917,0.3715885500687872,0.6235897041922357,-0.2553010340262267,0.2948378125036678,-0.4748779038278137,71936,2.71,0
1.1577739301811867,-0.23862479721825064,0.5593218748236782,1.607935933597025,-1.0186642966089088,-0.6079602062009536,-1.6551349653786696,-0.6314322303874383,161305,26.01,0
0.5828797294777077,-2.282565028639551,0.03194475226929614,0.43103361077150665,2.1610642891857483,-1.3502167272801966,0.4433971796072925,-0.4840024649006316,137536,53.15,0
0.7599162983183563,0.332093571756273,-0.7307400802313098,-0.4153413371995101,0.5492636822230351,-0.05161869530340954,1.4181854664524458,1.3146113695767025,147874,64.88,0
0.9985874701099109,2.4529490355952444,1.9749277840419228,0.7900523835815149,-0.45973297750980846,0.7069651294092044,-1.954929235490874,0.6612793301118489,19038,15.61,0
-1.0608834215622855,-1.38928126862327,0.49738208669202055,0.032732477657032286,0.027586351623552368,0.9266967343836623,-0.19587438650316466,0.8303669550428232,56558,24.94,0
1.2860309381164965,-2.1285663706955136,-2.5455082573966483,0.38947832188534903,0.008468043721050667,1.485845368676913,-1.1251061481984699,0.4856065304677382,60633,143.79,0
0.2939420391515894,0.3138085209902786,-0.15357424668630995,0.3487948831263482,1.0675764363437732,2.513891972555159,-1.0344993891381715,-0.8297303912472999,125170,16.43,0
-1.461390063935754,-1.312158283803538,0.6669757469053575,-1.3653592473563636,-0.39892118914435415,0.10215863094974963,-1.6821050946728053,0.18227260922421132,58510,41.77,0
1.334032682664853,-0.32075472590205195,0.15745227137489462,-0.005274996382316439,0.3279470574077679,-0.1073444664296099,0.009691670714574946,1.791512349138934,111639,43.73,0
0.9457040835625552,0.98747465907915,-1.401291781532167,-0.26698142884540105,0.5589944454749968,-1.2324892176800675,0.39897819728924444,-0.3281842013919787,156157,13.13,0
0.6850693709324386,0.6576356647244124,0.11877840680279592,0.8096224271269085,-0.610248829249581,-0.024023127365470052,-2.032973548237199,1.3898682046779944,40455,146.28,0
-0.18608851689580932,1.1063406432005236,-0.04370931313111269,1.0560205137812224,1.3734924374593127,-0.20348266450002342,1.0539883203559304,-1.7180790923653273,61105,33.23,0
-0.6759851441347127,0.04998245879938749,0.31685796876806516,-1.9990654974223203,-0.5849744442686831,0.2951545282472842,0.08961879867215494,0.06655733979653401,51375,3.54,0
0.258005964567387,0.37216523786183875,-0.32001818243339586,0.5645578297645357,-0.6928108509555526,0.34270871908052514,-1.5251287286750186,0.9043624334408061,115074,38.34,0
-0.925072269121875,-0.958379701140151,0.8491683817263308,0.3136798956039376,0.25765925591994093,0.06339506252055285,0.6018703330613259,-0.5117745262037026,130951,14.31,0
1.1623553687765182,0.12090470380010752,0.17004427758738927,1.5682053048123137,0.28395762842368977,-0.6843150221723041,-0.4389151892704748,-0.6078297022151539,57870,16.63,0
1.2775083125061664,-0.32365685659011456,-0.4587341166495702,0.5377378993520171,1.639211839196674,-0.5835827102252752,1.1701221014094325,-0.0016604181118890777,146440,35.24,0
-0.9355487939746776,2.5702209929164055,1.1676564172921096,-0.1424546200837862,-0.0016483450132328654,-1.3913563618600608,1.7568195485352984,-0.8492020875937866,127550,47.57,0
-1.606435856468633,0.22659462454430965,1.9741168171599357,-0.5586532027475263,-0.24233966525908668,0.8667030487311171,0.0446050855282342,1.222121059160711,55298,172.47,0
-1.0058404909367162,0.38953822483374234,-1.3244875518358088,0.16336500745050506,-0.5173386192099185,0.08501297495221632,-0.530546228050414,-1.5651975041897663,45439,69.35,0
-0.7847895357815863,-1.6547205071366387,1.6931139637354624,0.16004431526609145,-0.09936363842468769,1.0284503192160424,-0.998756400512384,-1.1623246447377957,58274,3.56,0
0.5958372940409201,0.7308048278259475,-0.8219541056615981,-0.8628555215014823,0.9508435993402361,-0.5330362865479623,-0.4135823236567531,-0.46147075177055413,47242,15.76,0
1.5455528229620645,-0.010250610290136391,0.10333575842183762,1.6302844946994721,-1.5036360963462962,-1.0063933480430418,-1.2247211174761472,-1.0847526728736319,57374,5.33,0
1.9230458178208698,0.3035002602253664,-0.6286461258650988,0.10514597246529936,1.974454610878722,0.8121552309598516,1.339531004282675,0.8306406226212033,139752,47.93,0
0.5631512653093417,1.218236929556738,-0.5750878953456057,-0.8164883082485422,-0.515193314461977,0.5137546616955689,1.0201799953350636,-0.27646765000714396,59591,90.64,0
-1.101272705661422,1.0591819667067202,-0.35110250308689295,1.4424568134875342,-0.41229021303394675,-0.45570199113805576,-0.7612082123833007,-0.4922997280776041,72268,15.3,0
-0.1819027829285571,1.2740382107413626,0.38986717805643817,-0.45775345625170705,1.6814797098571073,-0.4287295360848194,-1.338563320064894,-0.2057828198289886,134958,34.29,0
-0.6538914593875784,1.5836701013468522,-1.53958887167793,-0.3754677956423662,0.40379231575494423,0.13117163495273468,0.47672528428511035,0.12851263679144012,47241,16.91,0
-1.955285284411402,1.219031671831758,0.4307580051425291,-0.42704723033184777,-0.5748492450730225,1.0884929532441008,0.08998643972692573,2.085670953024382,57083,64.3,0
-0.08333147487540847,-1.6807878975523232,0.6219809940211398,-1.334828583078318,0.20551907288371393,-0.4545017008435902,2.401070328237232,-0.12088687171277415,143679,44.23,0
-1.4863533019065733,0.24068982229387786,-1.1247465308643787,-1.5424162038886688,-0.0076678020480680726,0.16249851024908865,-0.0986221043341575,0.43813657214145746,54262,17.92,0
0.07268672728206203,-0.5834879624313636,-0.31563385420893914,1.167450417876661,0.8184087934315182,0.2399715905526778,-0.6004698164031986,0.56824371113879,55304,41.2,0
-1.096648120896549,-0.676007516638484,-1.1892741836618579,0.27896841892118246,-2.4996409523051417,-0.7653708510981747,-0.7197745643189313,0.9076102005735539,63655,90.44,0
-0.26312607549913275,-0.36230354117112795,-1.5558096880646513,0.5046392027273647,-0.43573637428661655,-0.15300490837576008,-1.214093546663595,-1.5244995811866495,135613,38.63,0
0.7668608673967203,1.2856924464791224,-0.2847904542827663,0.17194140317400342,1.6653588124305174,2.0952885111185133,1.0803706831781659,-0.34995827823602044,151237,64.88,0
0.1973595851589234,1.5423451828678492,-0.7929374137549088,0.01062798306253543,0.7586471755938273,-0.7141137666640816,0.07309203496388104,0.982117875346927,55747,27.71,0
-0.36940047781511653,-0.4160554003654055,0.041775344289560146,-1.07475820970385,0.7371727515520741,0.8748159565542208,0.6671314786928577,-0.4531086634322995,153877,59.2,0
0.8476733928620073,-1.28817982818669,-1.0047768378574227,-0.1123283938521924,-0.7878350656776226,-0.7103433115056387,-0.1180725385810382,-1.2511107130647623,66032,123.01,0
-1.2870745100716385,-0.9444617969198715,-1.3131974443342447,-0.03530699518658499,0.6165676209698535,-0.644979983545348,-1.4589036258215162,-0.013784297704203228,123303,3.01,0
-0.20801759135869793,-0.8933132319864199,0.7744214036054885,1.8124722897203587,1.123806760805098,1.9844151182373881,-0.6213862767964047,1.031397801919874,55876,29.73,0
-0.13212487511416424,-1.480665778696691,-0.20818714378121492,0.2321547681635336,-0.634862376641585,2.3508520262346253,1.8253414656306106,-1.7488212394787468,49543,162.65,0
1.6341134228229575,-0.005921424797771303,0.9813754037000924,-1.3408566391346841,-0.36643482703477825,-0.30273017212759845,-1.2613724847871297,-1.5912692370659207,56474,86.47,0
-0.23174943983759091,0.2732538833871209,-0.5813065462115173,-0.06819330273561863,0.1312679917282588,1.36701688224365,1.656199105651475,0.16949958375604593,46681,17.04,0
-1.4342557299707748,-0.594586252347695,0.01150970956038026,-0.4396190677241902,-1.4021725186183736,-0.7224802133090025,-1.3924686080787245,1.3809449925788095,68977,47.93,0
0.43581804412255126,0.7560314672413267,-0.23297142812035432,-0.6427063827839715,-1.990045187853064,-0.552933908104892,-0.6304358920641939,-1.0519954567092007,49675,24.78,0
-0.43053977589764114,-0.08810488022517711,1.0852247735677778,-0.35502251006283186,1.1056749878972751,-0.4069634474011361,0.13090599015536716,2.149817020802585,138838,82.89,0
0.4715661272542067,-0.9586299061284765,0.4437603146215473,-0.0772131289206602,-0.2060086255944716,-0.0035611858716525836,-0.5992561555791459,-1.5343796232333045,70499,7.15,0
-0.41887467962764047,-0.2644179112871038,-1.580981155842353,1.7849989019453851,0.17036334020486998,1.5931339400041644,2.208059923029206,0.15960892438204125,133225,60.26,0
-0.2902144116269585,1.7273832937138864,-0.03999886643035974,-0.4398607880538961,0.17042291188230851,0.19283746966564758,1.3963700413109872,0.005077105450994289,111381,17.49,0
0.7355521354802225,-1.248356477711689,-0.7975065804790082,0.10115429469956397,1.4588832873162534,0.13289998652542262,0.5881732469452824,0.102208999741308,38494,5.87,0
-0.5808441984517254,-0.3498673186935914,-0.015346595501598065,-1.1009378470552817,0.8531205286660172,1.2593351983193894,1.7090749581047913,-0.3436850134654516,119352,4.8,0
-0.6324614074254593,-1.7679864375997791,0.8745380094335049,-1.297877986721469,0.6189903292538252,-0.9244843153079983,-0.4390770615296969,0.3192451130125196,159771,12.44,0
-0.002561537813347182,-0.2237164544032837,-1.0583597490633625,0.3938029433625074,0.06113364877572804,-0.7554608185334912,-1.9664742555098647,0.5506035146541884,158966,7.5,0
-0.522387655608095,-0.3897483879231876,0.6550310951141336,0.5787669256076986,-0.8880399795439663,-1.3737842027523546,1.0744476925012516,0.8024404332196883,48852,22.67,0
-1.9169127644712842,-1.4805787733610272,-0.8598194543323827,0.6147530741053199,-0.5313177112619316,0.9835983231147025,1.5006982776594644,-0.3086431296882937,137646,48.72,0
-0.2558335128790157,0.39921630755807014,-0.004512346668986976,-2.0435995170540933,0.4835006932660297,-0.625875651458371,0.8641982753360246,-1.858871886315121,165795,133.78,0
1.8745198341043097,1.3994772014843715,0.7900137010453261,0.7599910030240755,-0.5863888338191416,-1.3948393061205815,-0.7139819615463378,0.8415783171066693,45462,61.05,0
-1.4713438530175507,-0.08519657620120137,0.16984912419064793,-0.4944642061785981,-0.04524396063472829,-1.6834343429998555,0.04491088275448874,-0.6384446828409726,142883,13.03,0
-0.7643106337435954,0.9519331226379942,0.13337907823827705,0.08225816960076082,0.5337194866186828,-0.06762539138074235,-0.931884543447421,-0.22470607740977303,20730,32.64,0
0.6543963030797004,0.2618389672647309,2.0745860467834847,1.2902543832468631,-0.5839199223678702,0.049145811423475745,-1.0852031885994662,1.3875788172393004,157211,17.36,0
-0.7102743295959507,-0.518008773041593,0.8341174336999961,1.0529575400378481,0.65584096330099,0.9679947187108098,-0.5262260504652505,-1.0960227912027987,111119,9.48,0
-0.7214720186041311,0.7575165479628068,-0.10954047363581275,-0.7287020858048149,-1.1763378132400493,-0.39604701749923366,-0.26395544956231837,0.8473134257116071,87136,24.23,0
0.4683317191163782,0.04041441760428254,1.4140735293841562,-0.5841772964862832,0.12863837280087334,-0.9018532444216942,0.3504610043583389,0.40750489783334326,146865,82.46,0
-1.0077155589906335,-1.8334473411343302,-0.9387374031730638,-0.4038887762282826,-0.19992611093719206,-0.48405905790581066,-2.1365736581321126,-0.6387245662468853,128359,71.7,0
2.003744016324001,0.761955411457444,-0.2693415926756466,1.1146504975864624,-1.1291303911519133,-0.5362898311147424,0.9526291259156612,-0.6580521213675686,129576,50.98,0
0.10067022126772941,0.5166866985485673,0.8833453642257201,0.3965428166669071,-0.9672451742601303,-0.8262363512606294,-1.104555732268314,-1.3197164005663764,23359,2.24,0
-1.030561820578419,0.8500672621058014,0.5875718404386286,-0.7053948892641141,-0.46706846180190764,-0.558993822262035,0.0572290484225119,2.0297704291268874,44621,26.74,0
1.5534581577657438,-1.9829926672908353,-0.633682678621133,0.7729915986314093,1.5769725129011007,-0.5983267695595905,-0.23032603048667072,0.4595836659759966,68971,7.76,0
-0.6833621011658825,0.09560692198522139,-0.5476879895635717,-0.32477815939173743,0.7731612025798944,-0.596931824973781,-0.09509446249666116,-0.19545861419398686,138243,13.88,0
1.7175297531385287,-0.16957051508106274,0.917189441135346,-1.2731847457745118,0.17539540717177288,-1.2962562680762364,0.12111586003065766,0.432427280835588,61985,28.98,0
0.37340265011406726,-1.4970071067284834,0.060177383262667215,0.18142299800633732,-0.6102696324890104,1.7059845713811583,-0.08315536895049717,0.5039667278948785,145812,124.77,0
-1.1853196976777403,-0.5263702853205328,0.41146945651054084,1.2835612278432598,0.8510763991040251,-0.5704472691743699,0.16221815710621912,0.02806077624645259,31934,69.59,0
1.8846047186645571,-1.515329221394499,-0.10610794810181849,0.2795055892113017,-0.5098604502933075,0.36792540964273046,-1.4593953299712044,-0.3500966666790499,125090,31.64,0
0.2543231579350119,-0.3840766131383231,0.3036159977618517,-0.6545447772056799,0.02260690894164784,-0.9981309658818436,0.29668649812103853,-0.25251531977532304,63301,107.59,0
1.215429813686056,0.3964597130409407,-1.0603097838015614,-0.7333306934278847,1.8289196752065244,-0.7134334011115273,0.5701473246469615,-0.98870611557405,30285,9.91,0
2.191472281359035,-0.74496443399328,-0.2885210800358958,-0.13306087525844268,0.08168466564929987,0.4479191418851897,0.43159229891485246,-1.1099581079816658,140891,23.09,0
0.018713210967802957,-0.37699542239000905,0.8085718384865255,0.7648603374988546,-1.8630549796908307,0.7627746006381926,-0.9558588435694967,-0.2728187329239965,66081,58.41,0
0.27062527393650104,-0.53916860091995,-1.6021304586051672,0.21063275479115062,1.288778710506644,-0.02800411727847209,-1.0269377742573196,-0.14818235026476878,38814,34.18,0
0.31359802246402785,0.6329384911307574,0.3566312148007794,-0.4643609324851376,0.544962378549658,0.47502401024169905,1.2443325619778958,0.4733176437508434,42108,155.23,0
-1.5680967181388359,-0.9312525410403725,0.1775166202437275,-0.8489908479182136,0.01778874035591434,0.14737436927986808,-0.5602833661721806,0.05516451846556768,37406,9.12,0
0.12160681456946391,0.19674126045260296,-1.6120096035916003,0.3437152742537163,-0.2509477943413519,1.3979189145917652,1.1627105936059665,-0.8560084859461911,137641,164.67,0
-0.017128890657324997,-1.7566505990027286,-0.7034781684598667,0.20964737963946026,0.8686244400634743,1.0219912832932159,-0.19303151742147923,0.9905164908765058,36511,26.31,0
0.4162768309522312,-0.7361222943903317,0.14248067306008824,0.783275553112538,-0.24315444871494035,-0.2045818112704244,-0.4702253330854083,-0.2849490926965793,136393,161.28,0
2.660315307283326,0.3069727367078707,-0.8978629580039088,0.9422165625229919,-0.9058940563352592,1.9684210388661905,-0.4077175431840044,0.8588861221174968,63959,113.04,0
0.9768193616716658,-0.0518124218104891,-1.0993269206235872,0.16965819333143314,1.552458690529579,-1.4274023801604712,-0.9409895699196784,-0.10443249249467816,75962,11.19,0
2.050496990626267,0.28791885080002216,0.44101345219993937,0.8130008165116549,1.3480462438144625,-0.5818552572257004,-0.05293776081864956,0.948463937123132,117754,154.03,0
0.48434075917321606,0.007571805458304717,0.16326091812245333,0.9908255179560391,-1.7075344300929318,0.4439621262125852,-0.5782593527556564,0.37614870492284425,128984,3.98,0
-0.6215592099897732,1.2936594186108368,0.03800431242025422,0.8835614394513814,-1.9975288593049567,0.1470412314695823,0.28587105679845165,-1.1676000623962326,144676,8.74,0
0.436677535176043,2.1886015574467965,0.07124032944929141,-0.42394714729211663,-0.7007447974684965,-1.184668899828669,0.8145983420885758,-0.42670021300656974,143539,25.25,0
-0.27994041881513143,-0.26495934353101847,0.016133648835789622,0.4769731692525787,-0.7680271391894837,1.1474019479085544,-0.21480998807636303,0.014313821320215815,69042,19.62,0
-1.9126155903757005,-0.5163290578207669,0.11940764335801575,1.5646327578566113,-1.4937427276457738,0.8689959220771294,-0.16329639570523535,0.16241758655152005,52035,25.31,0
-1.0775933950502117,-0.23943624024065,0.8333560250712,-0.02267868285497254,0.6634304740343238,0.48120108010715673,-0.44847097209824405,1.2381751594168389,62810,110.2,0
-0.08661935813490008,0.03804950621891075,-1.485055674188856,-1.2177919403842177,0.7439383835236395,-1.23042779324721,0.7860827246907521,-1.5467324878869588,146406,55.1,0
0.3879051821607795,0.7146327540288274,-1.0433566317372045,-0.8268011001851323,0.8232410505845326,0.8960471822943868,-0.40910792505949756,-0.9526132128861209,132496,93.78,0
-0.6966096841922437,1.8978680757991242,1.566703721444044,0.46730270129488166,-1.7121923601223947,-0.6063205852377572,-1.0935586856554882,1.8123562925094931,145081,52.64,0
0.6134949357153213,-0.7600309084815615,-0.20113238011307005,-0.22964300137697308,0.7779962454884063,0.7451974635759,-0.6732048502892638,0.9471657354585353,138792,103.93,0
0.5320483836433963,1.7282758326285543,0.1401378036100385,0.6506960908912313,-0.1229884575377515,0.32371015180045104,0.37580399423042776,-0.4438979873004992,76679,83.46,0
-1.8973859327664129,1.337104843807996,2.293889722565864,-0.2881278406990657,0.3727286971684861,0.11323785589301723,-1.292057223022751,1.247466049348751,143229,19.18,0
0.8957227321736219,1.047863802346406,1.0914757488117788,1.0949258219656213,-0.354031768236655,0.6653929700558268,1.052887506078674,-0.8725890149235329,135394,100.95,0
0.140382339011627,-1.2412149338719771,-0.8709068388450529,2.116143574077597,-0.374022392100762,-0.3008261028074843,2.8263059778462374,-0.33872771407350016,38893,3.31,0
-2.374019197186297,-1.2013134989690342,-0.6531765962028343,0.665586459398728,0.1488156076820272,2.633581027644785,-1.0931287517579544,0.5223085553582969,112906,128.83,0
-2.448860078647865,-0.47884319462253316,0.8932480922767739,1.6838687570033757,-1.0347053778593607,0.3987689937518175,1.5756571002637334,0.0962616356468947,130922,6.98,0
-0.17027186285266901,2.693577202426576,-1.3599004552293816,-1.045097953832226,1.4044972780946012,-1.5564634918343625,0.49518044084861923,-0.6062812488493281,117803,3.45,0
0.8182828107621941,0.5397107043131377,-0.05974193598662657,1.3688160854433646,1.2959117777514848,-0.6447113858148609,-0.7169486466129759,-0.24179078541136242,48202,39.43,0
0.6086563386341333,-0.34448676495407904,-1.5764391935210893,-1.602750887498892,-0.8516928244212486,-0.2005728328917318,-1.2831490454166905,-1.1298710165326669,134863,51.69,0
-0.8056592103087791,2.4770761627725775,0.06249986568248673,0.203543171929119,0.01970615545477568,1.2399857181123102,1.958616199978704,0.6596238769378999,52818,70.05,0
2.023203602275899,-0.05596447531855728,0.3769055676617487,1.209934713527246,-0.005472731458680657,0.42071566685833456,-1.3935874994854778,0.5164879032915601,75499,9.32,0
-0.9755965582057313,-0.4384074829456391,-0.6387727043621774,-0.5888978629815101,-0.8336012576115026,-0.2726260810544243,-2.454498627905854,0.7328290767383048,154412,45.74,0
0.15127431382309495,1.0453672883098615,0.5298776063902524,1.5057488824466922,-0.043366099548336264,-0.26656901137134575,0.30471475175028134,-0.27528969954331367,113157,114.45,0
-0.23884891094708938,-0.31784020399781737,-0.277590736365013,-0.49816958518333687,0.14882500429215328,1.1012247435315188,-0.9342043984244687,0.4528494864520516,146192,72.16,0
-1.616244604448947,0.36532007522167,0.43750851283635134,-0.47586989191341394,-0.24467651850144517,-1.329401134514552,0.12330706291600187,0.49723449356903665,92888,15.58,0
0.2871074494776146,0.42328493730458683,-1.152548315834197,-1.1562707354886888,-0.6544456767856146,2.0001470571840647,-0.5485691517435648,1.3170689359060672,149478,13.63,0
0.2152182006305076,-0.8776830263119137,1.3288850324340116,0.6159410042815381,-0.09559004020373213,0.7276681753022192,-0.13732988176758903,-2.2011417041669326,36533,11.85,0
0.7424134552540638,0.5323472019944541,-0.19914034472712053,-0.4856967037156693,-0.034592507664298826,1.4656838376965302,0.023065221082052233,1.9410963124225507,159186,49.54,0
-2.4403898437041045,0.7215330950349053,-0.29458170360239444,0.4945436493088616,0.3604410035102746,-0.1317584779323445,0.5256383739505197,0.28520494290017895,38825,256.77,0
-0.20436177084261534,1.1716320040178108,0.26152622429052946,0.4559959128963023,-0.3396433463569812,0.20237728716745,-1.548947881075661,1.1040824739649793,57179,21.58,0
1.2853701610377257,1.3250960561048197,0.5818812995760403,-1.3383765348357681,0.27764132753442305,0.865985332962196,0.3883821769051948,-0.04936066670984474,165383,80.28,0
0.864825103448975,2.3053416611122497,-0.37971852184723626,-0.1964387469329833,-0.1409985860665251,-0.3031292807906669,0.13721796782371012,0.020331718550541666,172011,40.56,0
0.5322862544139333,-1.0127272634128923,1.835580437856084,0.9891500401425736,1.1894937345501595,-0.6891562561313513,0.20029656479729016,-1.0428946936057153,52581,23.9,0
0.11251254409626672,0.10398628038033778,0.00410462948765586,-0.14143540743181207,-0.5990005536353861,0.531653916447803,1.1243519734647858,0.24055523226129932,128378,11.07,0
0.7915688682778428,0.2812873442405197,2.715897453045435,1.7779139304561196,-1.0124469979864485,1.1868160234220506,-0.7366322021997084,-1.1743118364953253,127953,111.31,0
-0.3869475113765621,1.6307421591580593,-0.13641811375224233,0.9879300081500609,-0.02444218164795338,1.6649749220414092,0.33982639502466483,0.5167718086638984,140409,32.7,0
-0.5056883931084507,0.4985108042011814,-0.8740604823997152,-0.5814317037171435,1.1984651733852207,1.1210763684490113,-0.9941057342308224,1.7963707747586768,136990,121.83,0
-0.3208954349073055,-1.2389113624205548,-0.8930330229236775,0.9338272182273607,0.7471471494865899,-0.11165347651596347,0.9480954743518956,-0.6568290138741234,121676,50.95,0
0.7784077882486561,-0.33734020132138753,-2.4931882403776093,1.2621542236613548,-0.8973913268311786,-0.8423587502939704,0.6448485676582918,-0.5158808992231202,66406,22.83,0
-0.2507835889877785,-0.13606521993389883,-0.22189187651374065,0.8461115566972242,1.1303533295981325,-0.9259438672517264,-0.6522854555205847,-0.6024111220325941,47481,16.84,0
-0.6393787834823357,0.8474042084925388,-0.8599049331774803,-0.8418218031902239,1.1842845970325626,0.4366658501624984,-2.1596417656784386,-0.8538150667118378,137562,28.5,0
-0.27969661781864114,0.06499375366435615,0.35290412841258356,0.7306547736711794,-1.0772906641984523,0.9449068942924254,0.6328288703199845,-0.24921731283732926,140025,103.31,0
0.2649183372258612,-1.2876938138654106,-0.1945314141952151,1.3735881093374234,-0.20201671864169957,-1.15088034327613,-0.44507109913546034,-1.2582965283438698,143246,33.39,0
-0.3355438460132539,1.6587116265013544,-1.2750596349918093,-0.5317938433986712,0.21765556182239557,-0.31858942706357807,1.2654509070526931,-0.1183496995836609,145837,17.7,0
0.004715960917291302,0.025649549189097978,0.22944190292056701,1.836493719939752,0.7511278314195411,0.8044660906862748,1.82797824915557,-0.35644652082415146,140102,9.96,0
-0.7721476915564043,0.4344080256637423,1.2432889372469067,0.9872672667559285,0.4305050847339321,0.8218965773112905,1.4942972001528851,0.12023533938340407,129717,50.54,0
-0.9355739751994041,2.4713840494773356,-0.1462025090522256,0.021625865324147224,0.045267643345397006,-0.7569972506754415,0.17845863284807242,-1.2789689235041042,62172,14.15,0
-0.02661190196113309,-0.7741152295185563,0.8820689973231818,-0.4441973031427701,0.7092146838868116,0.3990893449322871,1.2914241192577505,0.15897768103941404,31938,3.77,0
-0.07891454247166904,0.9850879080828006,-1.133719164223927,-1.0361369193759928,1.8063185938375637,0.2964273559915325,-0.4716591348631298,-0.10621318357812501,134049,5.85,0
-1.0574918215993774,0.7675076116095075,0.4448155981645617,-0.4979554252479222,-0.9203595321742585,0.524035985979771,0.4359383744950328,-0.14521842772313626,131438,22.59,0
-0.39263807596951344,-1.2851813207446146,-1.020634466079849,0.3384377653757472,-1.4114155308088738,-0.7113397476731833,0.6522200755387114,0.22644441607332003,135920,35.62,0
0.974432707802486,0.18579073560349224,1.8397618401198228,-0.48195435263197073,1.147923427067108,-0.10830414934622005,-0.8362279319726534,-0.05124493858718057,53891,23.51,0
-0.2980604607142,-0.054444090948024576,0.4792416198545909,-1.4484461823214034,0.3686431404497469,-0.6914413753914558,-1.1861102777281374,0.7949140617092454,43651,34.73,0
-0.9549825812560304,0.7722565606227141,-0.043788919379479305,1.9941510637457915,-0.21824314923707352,-0.7857992074899741,-0.5242650054027909,-0.1543836902610458,124891,29.91,0
0.1346399051247537,1.0977386191163847,-0.4827946068847085,0.2401562509463519,-0.9018516224425258,-0.22550327378180124,-0.2580648664857179,0.6272006686001335,142992,22.22,0
-0.7693541616644708,0.6454854838960502,-2.233853363677597,1.5226398916731723,-1.0902736642775026,0.16894317464043468,1.4048045519355221,-1.168024191831741,158864,35.43,0
-1.412622244579193,1.0953287197804291,-0.42941304060324864,-0.8477169381994281,-1.9665412142922807,-1.8232759896585924,0.13982189416625188,0.07613660819029516,48033,11.98,0
-0.9363905682856924,-0.10647431827624491,0.6972949285228497,0.3067825358667028,1.8158528236853442,-0.5876457048364605,-0.5633825874262747,0.881681459002978,121067,78.82,0
-0.7416809606961848,0.7697144484563924,0.6209488472251592,0.6699030102665958,1.0713616896005482,-0.9317852246486611,0.3729681721250547,-1.3992862142068692,158168,106.08,0
-2.4892213989340446,1.8972219083853707,0.13767592283588054,3.7967851431697115,0.9644635196384157,0.2972409511510838,0.7627590366539276,-2.679773403867837,107523,766.27,1
-0.4484934395410167,0.8433660672969748,1.2302856958786972,-1.247381267286639,-0.7703395133513132,0.17061717544124455,0.5948202669481114,1.3485680963969542,62953,13.13,0
0.9032093341312314,-0.9369942289200422,0.4563130579586909,0.5414271305752033,-0.6715650880005795,-1.5423806084462635,-0.26456903260431874,-2.629870835259099,59859,80.8,0
0.18468386048605706,1.3643161530183314,0.11142262227129837,-1.57497046687778,-0.0186653167842069,0.29460186729506044,-0.6926731780789815,2.219820358632264,157770,63.72,0
1.602425145626405,1.3416775610499883,-0.07376044127238657,-0.8831825694815804,-0.23209246902268377,-1.689908859809542,-0.5557051247840179,0.45054594569390183,153165,108.52,0
1.6606934743936852,-1.2852489279758248,-0.27287732438733453,0.5408584440539422,-0.06030949787440665,0.12414949653241675,-0.586619495981042,0.8253702883721594,138655,10.63,0
-0.5345917688395827,-1.15228939198612,-1.7371998238218007,0.5445940535923561,-0.0008087327754324928,0.008442200876123022,2.44614243770214,1.5872725216684613,34117,14.7,0
-0.4242568728972785,0.807640580885491,-1.0103338502364385,0.6811620645961635,0.028199075720235417,0.7454953375768243,-2.339231900406873,-1.4203351327654734,149124,100.46,0
-0.4263025181792531,-0.883348604657946,1.3487182033101404,-0.7053696049451256,0.3936251091857943,0.5843608316205889,1.237438552564681,0.6816618422576785,36789,28.51,0
0.852783849693241,1.3185948595924848,-1.112404082658659,-1.957262333789162,0.46517131552881613,0.9658196123082875,-0.8805834046378788,-1.398987990216251,114232,29.17,0
-0.8301347336316571,0.8088980136829363,-2.0483978697834657,-1.5764955589392362,-0.11600745725886051,-2.3956534069719164,-0.7848927015247182,-0.47136374152109245,55852,64.81,0
0.2533837281919959,-0.6578886272817087,0.5958260757659635,0.7450362466057683,0.6067185124171425,0.7826959644044731,0.9360008711925766,-0.1285585807632708,15081,2.2,0
0.2979843307631917,0.40189150426891823,0.058760443303901434,0.9387276553854005,0.46760907846946015,-1.0019260418158773,-0.32162190581058275,-0.12268286032056538,147374,37.78,0
0.7543503330210294,-0.5775648464288357,-0.6271309945281689,-1.1000953409680636,0.7134909550395123,1.9188980845533383,0.9315450858532519,-0.09118694286731123,111066,9.86,0
-0.40043120165039753,-1.0681342320041944,-0.1519738338542887,0.2039386894265557,-1.7198428038477005,-0.7650897883929612,-0.5790497264811371,-0.607262235373436,132617,4.86,0
-0.4568409172322035,-0.995799521399585,-1.3881348535200755,0.18273079841094525,0.06414060507052764,-0.4834657639176749,-0.6741942190047651,0.7660807327253796,28416,123.2,0
-0.44125560951006937,-0.8239751584107831,-0.5248106343369602,-1.3327707749297721,1.4286517806288948,3.37663390862728,-0.7238117978770413,0.5926980809082312,25442,10.5,0
0.8288368852020385,-0.5066378425708846,-0.578090936575649,2.9441160089826006,1.9739459014223524,0.3034714567058414,-0.3383721827842851,-0.8700115198177402,145912,14.48,0
0.1818638409770101,-0.3664003245419006,-0.5866265644971372,0.10972871892665742,-0.5708170112398602,-0.5775539651414877,0.48669209286541115,-1.009400438033532,127776,50.29,0
1.8204106494002603,0.0038116120538715477,0.4151791729501236,0.21084767885847708,-1.6388586744395768,1.5712260614171323,-0.7879695631292327,-0.7998838872152835,39299,11.11,0
0.006730350341930637,0.48992860706681896,1.9989709199488876,0.5008707436135046,1.4884712178559134,-1.1590749257690418,-0.5402549597053569,0.01661292630315865,36374,16.57,0
0.14561613876517723,-0.7562534811269974,0.13116220120918692,0.9367472394406718,-1.6521671534230822,1.111162474236619,0.3596816940793624,0.13990878057746386,133990,28.33,0
1.0328129552545604,0.7209909755040638,-0.5808188513203794,0.9376239057495132,1.1243084323048917,-0.48416498802639557,0.01770868416990335,-0.5652157984523618,55172,61.87,0
-0.7420927506267407,-0.23382955385243823,0.06765678971174015,-0.025682221850693895,-2.9699365391712194,-1.5928396734344474,-0.277296957946859,2.3035685125293197,142752,103.56,0
-1.4016797560049516,0.5263259631310035,0.6570994005785122,1.2349183705532911,1.2451932885308923,0.2741516446298417,-1.7616839606911177,0.0020899312618137093,57676,137.19,0
0.46075167472246364,-1.5994091742070216,1.217860152495872,0.21039880209572304,0.5708324068450215,2.6515615505754546,0.7588885630542699,0.5720552662254521,25424,135.5,0
1.3494466825380171,0.45104363374589096,-0.6770232850807263,1.2169820392052504,1.411646503919558,-0.8073294029214,2.7985659120309045,-0.0006530739155414998,110080,70.14,0
1.2767168284540342,-1.1178191311243202,-1.659339730428663,1.2938707636985511,-0.31662521907755253,-0.7806110288395923,0.09682449759852113,-0.5464704953678305,148570,33.24,0
0.7052999033920154,1.4577035783831123,-0.8930528210236823,-0.3585359229227629,1.2262557376794745,0.6733251084517826,-0.022865266239233854,-1.3816086874540272,123584,160.8,0
-0.17230071610603706,1.2250333617792413,-0.8421577093770197,1.0530622397556881,-0.5966192987962037,-0.5475195874063795,-0.3327915862238279,-0.10119351726761724,129011,94.19,0
0.022915988438130808,0.9374107795401669,0.4488544539083109,-0.6693766082162661,0.13411958811364608,-0.14293040838992144,0.642980457334991,0.14154122084022877,51927,71.89,0
0.2727721410045393,-1.3350978462177538,0.7384312046880726,1.348222567056998,1.4940589166473897,0.6236384220340094,0.0009876591590119842,-0.0018915645958175076,52821,19.46,0
-0.5839324931806997,-0.5487058497790218,-0.21227781132358908,-1.143866136559243,-0.7371943078582527,1.8652201946994758,-0.2616008480111576,-0.8834687943316744,87847,134.86,0
0.4006463502853555,0.575560720787581,0.985322912683895,0.39942180928460785,0.22875950739434095,-1.007548340449366,-1.2224847140584134,-2.020773131473005,59002,2.48,0
-0.09711598911302669,-0.6977456456116693,-0.2245400936346174,-1.5638058832315205,-3.0142498326698406,-0.8279140188232439,1.5241750848678306,1.0188343828516524,141991,29.59,0
-0.6546320461082489,1.9673251216489829,1.4719789997621622,0.42757594692030054,-0.7475227022885166,0.5838627434687643,-1.008513751304247,-1.3229549422804767,72697,12.2,0
-0.41568433028711155,0.36983444130798904,1.885223926798168,-0.0829729056516137,0.6595169280437979,1.13381339009708,1.486817462970208,1.134823905993749,142026,37.08,0
0.40777148556712056,-0.5525378146155171,0.09798670597542199,-1.0792422122433212,1.0755733015543028,-0.817385896042778,0.08159368007074759,-0.06387851954443617,146512,23.75,0
-0.5340983549927271,-0.6929894482436629,-0.06355691549964423,-0.07185928721271992,-0.05595373613581882,1.0616836450226959,-0.3086210883509075,-0.48948879797059686,127995,49.93,0
0.000790537998038898,-0.6036261661344298,-1.5782211759865752,0.9195897434944147,0.16133560586030896,-0.22912155380712415,1.8255214630358423,-0.9963513277324649,137590,8.69,0
-2.5698495965267982,2.1122916933316187,-0.9067193287551288,4.303232781926265,0.91847067893475,0.5343679615275961,0.7075109945566757,-2.5998904770521527,9684,462.14,1
-0.16977270750498502,0.8142187133011088,-0.9692218799391856,0.2694929715592388,0.07257460988656224,0.5421103000786189,-2.381759004728538,-0.7185647237507635,139851,67.67,0
0.7195049701337114,-0.5115205331800318,0.7645359793253508,1.4321387421150564,-0.26739251224763866,0.4559479490065,-0.44623761588992944,0.07396559450055191,132017,143.73,0
0.2792037528074126,-1.078619012129535,-1.4840733167625095,-0.3227100960708478,-0.14203963581872822,-0.8941732720597257,1.2365230159153298,1.4877716377111896,69571,8.68,0
-1.990552185921358,-0.41148858358427653,1.6093467824626702,0.9808888705057472,0.2311944999868943,-1.1934817313031116,1.4922652113006152,-0.18573677368401711,47154,8.13,0
0.5402396054889967,0.2010574145675224,-1.166866650181092,-1.2285440941838144,0.08271093268193065,-0.2871973410481366,0.8157067039992006,-0.9173221481806298,124521,39.89,0
-0.1583132795617573,-1.0810681984544064,0.5292171797481022,0.10395763937965204,0.47040647014443926,0.5786208338407752,0.5177689282508982,0.29603192520159954,40642,42.59,0
0.33749901326902904,1.210221031517156,0.04262440442227257,1.086170107311254,2.498273379289094,0.029585426729072554,1.3236301685549294,0.5148421928734493,56896,72.94,0
0.6869472940876248,0.7965432647361111,-1.6852121765363501,1.6625106224744737,0.8390503886438538,2.08029564315216,1.1065053153222155,1.8919582377493411,46229,4.35,0
1.8651071593741544,-0.810386240173333,0.6260035517187722,-0.10160298252763755,0.7364137950565769,-1.3819808987131919,-1.5040655918735732,0.7669429412022003,41111,91.89,0
1.0374882160472316,1.131354565524231,-0.5747972962469304,0.6727618409006674,-0.9564485892351755,-0.38946592539770214,0.5942037314860442,-0.6576997171780969,146219,33.74,0
-1.1943868853678001,-1.1755083130505983,-1.9648295325117544,0.8797131798019319,-0.22461483793658132,0.7546791398071353,3.1400711174937883,-0.8988514649944812,45239,101.93,0
1.7647802031422166,0.14241961646876863,-0.24469606999533008,-0.568437150493971,-0.9238046326415701,0.10690293668552633,0.4516100863157163,1.7387716545177874,42662,88.29,0
0.6194247636018987,-0.5532641806320266,0.6344521571569945,1.4357970301917995,-0.6560977772315848,-0.5222001459393851,-2.026181354268752,0.8011022696308178,155931,27.22,0
-1.1981699610137444,1.2324539079778185,-1.7360125760768201,0.6280982635474428,-0.6845609099767205,1.0353799615201604,-0.4220669515091928,0.030975526569029372,147604,105.29,0
1.2016314361691574,-0.6502402151590908,-0.23333793182988868,0.2505294312795976,-0.8074497875695122,2.6614913470488593,0.22284721458533743,0.13780626117485908,47347,8.51,0
0.20776587899190344,0.48561258014951975,0.027822885627764096,-0.3620005389905039,1.2456183122182143,0.46639774924761235,-1.6892409229827003,-0.869368250231262,118254,4.88,0
0.08855496610121003,-0.12039580019762829,-0.239213235783763,-0.4473505287719325,0.2735343922007269,1.667257014821957,-0.1333689882961064,0.5406448765371263,76750,114.09,0
-5.031466784523102e-05,-0.7628322744074677,2.0753960756435017,0.5832153988177865,0.9744094878986778,0.23858575103800644,1.404352913623053,-1.1431477828466339,71238,30.6,0
0.49947654602853486,0.13584959237637992,0.780663097815805,0.29584173793394536,0.3160930749077835,1.5683281253602912,-0.16598376639782703,-0.24137744302048583,65655,7.78,0
0.44173389686563025,-0.7052855400307166,0.14051804606206955,1.9221608350325372,0.8777514396238886,-0.6524543035847828,-0.7088192626797489,0.01696430666753342,59797,88.75,0
0.14899632196837168,0.14688596919378397,1.051366936525875,0.22274924178874314,-1.3354305975969731,1.9079669266368087,1.288958640298848,0.04970814455331118,163220,63.12,0
0.3886753001769222,0.4239822257616312,0.0768867224683139,2.104454776958549,-0.4586592015342107,0.343451750204314,0.11206023581217957,-0.033465524558903954,158400,21.75,0
-0.8345401287039296,-0.2225306528817864,-1.1399022137086863,-0.3333230972922531,-0.5160893007283645,0.2313536365498543,1.514524244784984,0.25956715058496116,110424,25.94,0
0.28183150156650727,0.6513867121868381,0.7003694696476837,-0.3974591697846353,-0.47370913813461124,1.5520950076720532,0.7062831431437482,0.40439952092816306,47908,68.46,0
-0.0676721068648056,0.01322872352272356,0.6375744213321859,-0.6611884974620391,0.10633920688433207,-0.3349858763613567,1.646718722311602,-1.807915425284316,164035,36.23,0
-0.09197384491698583,0.6935592581301281,0.29565694347374954,-0.21312557832092804,-1.3236116488593712,0.20336280344510088,-0.6750167400992794,-1.2301223240835688,47103,45.66,0
0.8501453796692447,-0.22239357118912798,0.25481680253286904,0.4927134862198113,-0.18444346153995195,0.9514098199875638,-1.1815295819910532,0.7197472009189407,121498,12.57,0
-0.21295189893715621,0.2308062535018514,-0.6746622931790409,1.2922977310911379,-0.07074634666239084,1.9860083012183525,1.0332987884782805,-0.07593833306404671,106681,13.99,0
-0.21183560634187146,1.6351157876792772,0.03141621283219198,-0.3511404317066093,0.1444182886729557,0.03757015032890838,0.015333520450950948,-0.58206886140866,51336,21.89,0
-0.7246099743959497,-0.2614981225109927,0.05421873446698556,-0.01964878165735868,-0.017347370457018216,0.13465012601457027,-0.2340984635739023,-0.6826351394240141,19500,45.48,0
1.2883954932194481,-0.4871236307288651,-0.8256329392522954,-0.9611069094257415,-0.09100739288704224,-1.5056938721687458,1.689462897998741,-1.2837744562569908,118636,47.06,0
0.5009502467909787,-0.756779815496717,1.6665093866982383,-0.6932032109568204,-0.7185839423609123,-0.40283780562865446,-0.2972360112723147,-0.36863078117876197,69586,76.82,0
0.8793783073426799,-0.9580527098143476,0.3847971135036549,-0.7337902651708361,0.6008946882910976,0.04266799584506992,0.8849384811937618,2.376255803259791,46110,37.7,0
0.4187143905131044,-0.7764050685684417,0.26130644945084397,-2.2380733722306,-0.16088842031825684,-0.04521913441613475,0.9654528124349971,0.20706810918625515,159497,114.56,0
1.5509412993469585,0.7421389233806317,0.48590000618704365,-0.7569863241880902,0.9309591388148828,1.1450471949323704,-0.7044089148943471,-0.6739776643400687,34501,32.66,0
-0.16289190740784223,0.2619350115935571,0.7234515290841922,1.5803005072445153,0.019939984244863634,0.8093794337815596,-0.7742669525383836,-1.481546176428128,134194,136.71,0
1.3747631356160688,0.16293366441950527,-0.18532335635128044,1.1412714411637652,-0.6651854332225339,-2.104764858203345,-1.2476639370292109,1.4350786539545588,151975,59.51,0
-0.6978083058161341,-0.293677421550453,-1.1875533662677367,1.0994831050883072,1.259058901186704,-0.9320643074206336,-0.15716175205388827,0.420722957572946,51293,2.09,0
1.2744480525552093,2.293677076382116,1.266843064300445,-0.989933276576141,-0.4865312708925418,1.033299000054421,-0.24865568356527437,-0.5060102892035697,163666,77.03,0
-0.06258286150974893,0.016871811555768026,-0.5055513502979415,0.21271883930291932,-1.0373042072203738,1.7205569554021438,-0.8788758882935521,0.3953781617235092,53930,248.7,0
1.205009460312364,-0.10319153592772577,-1.0892184984396958,-0.45741150977522504,-0.11477166086883968,-3.1078198733279727,1.3836645172103057,-0.09700762964584372,124701,64.07,0
-0.3562463783835583,0.46014388576669846,-0.7809151470980623,0.2677137098277742,2.226441337337686,1.2711506164868032,-0.5035221872999496,-1.3192220946210158,144836,34.88,0
0.1478786088901868,0.1510852811858132,-0.5853198228318,2.4695003946778615,-0.7824027590958406,0.9279480251312169,0.9233474417662029,-0.45786048318133493,60686,76.05,0
0.37954230135216616,-1.308056963400935,1.7064673571301374,1.1555472628682162,1.6624986628269725,1.1343123839122942,-0.9283978115738216,0.33000495167014887,151757,46.37,0
-1.689635454447032,-0.5769852675470976,1.0776539629053858,-0.06687430404484876,-1.1248783053912466,-0.6842085748240915,-0.6922824693857184,-0.03892295418009306,42166,67.25,0
-0.14704456043989222,0.4693077924198947,-0.7282723260188415,0.3907213759231011,0.034862176111455326,0.15643586735931037,-2.4047437965298086,0.015914963050670444,141051,40.26,0
-0.15113257809898908,0.8434598963086195,-0.36409871988493897,0.1017457917223192,-0.6420977684879863,1.1930951558165848,0.7446155823530636,-0.8200745383419062,135884,57.0,0
-0.8078781666150006,-0.41372532258962474,0.5438158475517247,0.34699425912560994,0.8852383057401894,0.9376297471804805,-1.4424544578939948,1.2692806778651264,172800,33.72,0
0.9484257707181705,0.7274621945320923,-0.6980016553104355,-0.45152601692168154,0.06770781001595248,-1.870061098685374,0.8209775618249165,-1.8957461434125769,145446,18.15,0
2.21774535654848,0.016962149554998737,1.5710166564483963,0.7320172648970423,-0.10486523106102547,-0.6473876570865835,0.7791897214109057,-0.7861306361826071,139631,8.87,0
-0.293405342788506,-0.9640813255085876,-1.116264446884346,-0.13334565597748632,0.8513145727187337,-0.9394409282206353,-1.0453916842080053,-0.5761445208961942,148134,79.89,0
1.6528184895208726,1.3747678419072722,0.037183357984221496,1.2943742681890944,-0.9349663767358236,-0.36942580142584697,1.5872474292041263,2.1021783955001863,142005,8.58,0
-0.8337475672327905,0.716099986113538,-0.05061219487076817,-0.9279626464011173,0.19942644372132906,-0.6553754292033722,-1.3150595034320633,0.7592773569981112,144431,40.56,0
-1.9688206869530431,0.4872267814207499,-1.24230498044121,2.17337641382747,-0.8503535883155475,0.9494958315784288,0.5361003563337714,-0.8663843154431925,124652,17.21,0
2.677091653036221,2.226314397286565,1.108785778811509,-0.3768532752645655,0.8010175394546171,-0.005119735378321011,-0.9400826694692157,-0.9120796631086683,17432,41.92,0
0.44588230168597204,0.5855800769930534,0.9580543404736558,0.11415322479279245,-0.1179713808666302,-2.2422042603770387,-0.7850805558547097,1.980603987737704,132605,81.51,0
-0.1850161059395126,-1.36208773945578,0.38982190474850414,0.18276324952559667,-0.1537899930261336,-0.6298641171798656,1.3140772400543825,0.539387564096378,155044,41.89,0
-0.9416976260842778,-1.5090342443813787,-0.4650634287134239,1.2563924090058358,0.14050487229523317,-0.46625508310941005,1.015734835025499,0.5534805178662945,64767,33.64,0
0.05113416662288371,-1.0582486265279207,-1.9836340926863736,0.5712516986466183,-0.6174524110056049,0.18669796459422633,0.14955959763717236,-1.1469285123354318,36358,1.9,0
-0.47707387136391316,1.2175582967920657,-1.106301763649795,1.063533290106825,-0.18447098433928444,0.13831670385485037,1.1854960128604688,0.4818152892426909,41048,57.82,0
-0.6060691790963968,-1.1197898753354474,0.6016104825875591,-1.301748121911409,1.0223506889964333,-1.1523123119218026,0.2514900346627837,0.31667965978998325,149918,7.86,0
0.7539957833891849,0.12014502258656926,-0.6128041360328486,0.49790385514043545,-0.6488249550053297,0.705323504299795,1.1557524351822468,-2.4798706521096903,125380,26.14,0
0.0927013683015591,-1.3633746720629294,-0.4346297828822762,0.7927029496542347,0.06327701991013154,-0.10537974447715705,-0.7266166999350964,-0.5475413964451052,65125,3.93,0
-1.0474924190729773,-1.7612857666994897,1.4354087005243286,0.12591539101703367,0.0835160429865679,-0.043797739748130886,1.2180329758869035,0.14260549680484408,76269,58.7,0
-0.10882586973248816,0.8507238344674278,0.4186859514992846,-0.47335693821762637,-1.1004275882716559,-0.5002806651430488,0.18463858035145067,-0.8160540589074607,57513,49.33,0
1.0841466313175487,0.17543954169749962,0.49014756392757014,0.495924558654136,-0.4102480281915628,-0.1339827264048304,0.5085293059436972,-0.975943888518122,148368,71.11,0
-0.44889799565367255,-0.7823660501218953,-1.4779630366174774,-0.7611897274418012,-2.158502706776778,-0.9307813440139302,0.19610383315900093,0.453730032996997,110277,6.32,0
0.04199361218699376,-0.6421234035068194,0.46109105764874314,-0.020893404711307715,-0.6262430226861597,0.46433825810099094,1.5039112208657879,0.04883995341429756,145455,77.05,0
-0.7905992211312695,0.08568111164060456,-0.48535131078557103,-0.2516894907690534,0.2684125798529064,1.059638220644354,0.2922960126139994,0.62400913211282,50867,98.75,0
-2.2808329873883673,-0.007135435830506541,-0.9061754462120633,-0.8805768899804306,-1.2260471315643908,0.22837897974690588,0.3334334458061784,0.6309440464729315,22887,2.44,0
-1.9839641821333895,-0.7944158292018985,0.5749594971539632,0.05029123533446787,-0.08333123386739782,0.2238666075594216,1.1611121438758785,0.9426444084990089,57621,6.84,0
1.3762960778127988,0.30305042362014967,0.540240544084207,-0.07268275320428483,0.9270974788911364,-0.8650769226341175,-0.4582739153981058,-2.6482371713466084,150215,51.9,0
0.22582922502820263,-1.1179293318958556,1.896201274763155,-1.3278537626252964,-1.5456591686408208,-0.4702248278089194,0.59258565959909,-0.40002208930666916,124261,23.63,0
-0.15437393277090344,-1.1460947691321506,-0.00201904714436951,-1.2476990052717314,-0.21114858696725472,-1.6237017705315937,-0.6756269518536071,0.33632593416987894,55643,70.45,0
1.4542764314354673,-0.1752892911276536,-0.9217184360492205,0.6145200456752457,-2.8994102006598883,0.5338190112628001,1.2899248509336336,-2.3066722137367695,40015,24.88,0
0.11629513511427116,-0.44740315581303597,-0.6594597788528883,-0.5229400264942958,0.008486340711587777,1.3408216152681238,0.18659674172694246,-0.3366055700331034,50861,53.19,0
1.1000150718645838,1.55112890262171,-0.5818204042217194,-2.848696631694469,0.07020505818635919,-1.8181345411891807,0.4413064753527433,-0.8991483495658693,56920,7.39,0
-0.008383448029862973,-0.34304741864405286,0.07207904009235196,1.540130669860402,1.0555289801264016,-0.5758141300459375,-0.07276987951260311,-0.007779170425073502,139394,37.51,0
0.9992442029847461,0.8212309937571214,0.4158458530069284,-0.33976630897696514,-0.34200484007078163,-0.02987880743490776,1.377923445091595,1.1177238572194508,153203,145.0,0
0.16360590961778826,-0.8630058476105167,-0.40861990571752194,0.6198340388780935,-1.0875522704108378,-0.3641042088884814,0.2929728822021668,-0.7783474096411247,138842,19.24,0
-0.8223623182344489,-0.6963668082704287,1.2258723457966236,-0.4047237692006246,0.48129480501210986,-1.5006800168803063,1.3004485187236268,0.23551944389355997,137067,81.09,0
-1.5622783680224819,-0.6789556814525805,-0.10368096985077774,0.39454057584933405,0.7498920793138808,1.5908769066549933,-0.11902515250801042,-0.47021911850660625,61821,54.7,0
-0.06725833936090489,-0.30802836026502434,-1.191571065742508,-0.7901158596756475,-0.44835057051119054,-1.3242777074353174,-0.3349289594301161,-0.28160721445420284,61683,18.82,0
-0.06407631734001577,-1.9038885318519851,-0.026099036301325675,1.48575093966304,-0.2258514888722361,-0.03274016676954971,-1.0241175397706241,0.18568730884227388,137822,203.47,0
0.1502164142534984,1.4281692662332854,1.3915440833480848,-0.08814491896441783,1.33334392748678,-0.3377691150910298,0.26614697645219965,-0.7797074425641423,74408,96.75,0
-0.6679096861034807,-0.5921267450009658,-0.08892772399666946,-0.07328508394792284,-1.4829311144372725,-1.5766527533169274,-0.14077624784866666,1.3857977121486167,146264,62.36,0
-0.8367285315713239,0.7962817097176798,-0.034299018613123004,1.1919546532339402,-0.4635513009164375,1.7301720557716402,1.225623143619753,0.37944349020639484,138350,30.17,0
0.2973206236844861,-1.6597252199722006,-2.3932112641244245,-0.3847025084751059,0.4184141408355813,1.589827520846252,-0.7826291978523723,0.4745991274878383,152459,60.55,0
0.012103760971243785,-0.04193920804188372,-0.1426013155939268,0.164457822597054,-1.0026520144412134,-0.47941541372426383,-0.2575030372326256,0.45583143556578454,26570,98.39,0
-0.4322253144021755,-3.1335304699388016,-1.614833793638587,0.6402147497037468,0.5150028414775658,0.5599386741731085,0.6078789627347772,0.43751059251530205,142048,86.65,0
0.29136165129089997,-0.021562339754564785,-0.39222128705447507,0.8191175560822653,-0.19258912437238573,0.49992164156142144,1.5006174887797372,0.7447554719969096,51850,11.42,0
1.1720345125113476,0.14409951973392435,-0.780124162809476,1.2633757505161922,0.27735754309306027,-1.2984408720785219,0.7647766281508154,0.7637964218400325,141215,6.28,0
-0.6275716804230591,0.9315796230032862,0.04641633623479096,-0.9239183911032677,1.4294647090765544,0.13851058301773517,1.693750624214755,0.8566877893186128,50874,60.29,0
0.4010237996660596,-2.5750388443679153,0.20244681162812225,1.922881694713039,-0.5803563753213735,-0.985604583527803,-0.1423804952190998,-0.8614383167672617,147605,81.84,0
-2.121517329289824,-0.006172974279982181,0.6663828558775579,0.23476936769266696,-0.35833877991531576,-1.20268956920239,-0.011917685137617852,-1.2243002142444788,85270,13.45,0
-0.2809583081597834,1.113250758371778,-1.8615755253907564,0.4725011359837889,-1.4304373987197911,-0.24460258265520712,-0.05030792342978761,1.616471635387891,146859,22.87,0
-1.2326300871681541,-0.048901059583101064,-0.9413755906734602,1.2193261693358346,-0.10146864188950729,-1.0048634721354528,0.9985571543162334,-1.9107350930878735,36738,53.23,0
-0.8464889300248778,0.19271734348973327,0.2444647433512436,-0.011097052106183421,0.041106484080118855,-0.8789845307272849,0.35884438259380075,-1.8372352147897113,63058,100.05,0
0.033329636372345116,0.5069603963996026,-1.960027288195894,0.8836548532670592,1.6358805685533162,0.24060057641802557,1.9865136844963718,0.8707540497635679,124622,58.26,0
-0.8218740124730209,1.5095837713865394,0.16526224831680664,1.3201866855504942,1.594017408633265,-0.6620397243003853,-0.13463316530770056,0.24771624676108014,81528,38.66,0
-0.5064350256459581,0.3491491629773274,-0.03190986812711955,-0.9610306080959707,-0.686428141024424,0.9201537636293614,0.82390228335775,0.7388723796257232,50635,27.33,0
-0.5260726733003243,0.20175626926049203,-1.2329628986213914,0.34053248021197213,-0.045425914786545,-0.12922582970985574,0.8466284281968087,-0.6857440737196069,169344,20.25,0
-0.44129325952089726,-1.3976831285629336,-0.7525042374121899,-0.22398195950791147,-0.7035858672523924,-2.62223185402156,-0.011673550666015591,-0.4661080424283177,59646,5.3,0
-0.031190836306037924,-0.41587441739690867,-0.5075045619643784,0.4355644754036715,0.4601971650151179,0.9894126569827697,0.19578382232160313,-2.076214683266343,76017,65.34,0
0.6494359050731549,0.21377260368754086,2.4190236231011744,-2.0250485272198944,-0.6464496590665959,-0.781089742674482,2.1179768068095206,-0.2028818370626033,127578,16.58,0
-0.09608238645868752,0.9422684386745112,0.2486579227620821,2.0259636025490693,-1.1066353125478474,1.1874843124607666,0.42770273525857644,-0.9128064712376655,43102,57.88,0
1.6474257644722594,-1.8853401206963598,-0.4830085996350966,-0.72236455119075,1.5010469792406484,0.7231834321562491,1.3915217424349788,0.8858027789066868,68077,54.92,0
-1.1393479741684913,-0.6254094347326481,0.5149744922304267,0.11780806738790763,0.8469188921878276,-0.30991401524691997,-1.2267989859396826,-1.525060470683866,127735,95.31,0
-1.1994765585898897,1.426158300716195,2.0867978044352475,-0.7855081867916142,0.3276089583419018,-1.2997293701154606,-1.4493704328559087,0.16717001293497277,75022,1.56,0
0.6187017041355476,0.7307095087946305,0.19884733347312314,-1.0159124636993253,-0.7826919291264294,0.9646019620428128,0.7066848178252945,-0.6163535237679244,123435,6.14,0
-0.025441815478882114,0.6901337767224391,0.22087622608652624,0.7067084702023088,-0.6139488594002418,-0.07079242518472023,-0.36409991015970355,-1.2667207021315745,123820,61.69,0
-1.006032163033362,0.6573438652939351,0.6420913619898411,1.6096875766843193,-1.5500523858445794,0.8976155168636216,0.3763332821718818,-1.0509087310541387,58875,52.71,0
1.0847770219821,-0.5287190010643527,-0.9390058867392302,-0.08267847080370375,0.16304547320188933,1.1853495470755961,0.6365244632170108,0.14908729338850005,45651,20.42,0
-1.5043210930877229,0.29376808097944007,1.005998339632682,0.9152219625044209,-0.05973756981298445,-0.2745094076227692,0.05167018890043356,0.9921270387570604,38395,68.82,0
-0.3109152193662554,-0.5571239976798625,-0.18995432395683556,-0.10951843596763612,0.405314636204498,0.5391201720708985,-0.15158408776429266,-0.03910403619223957,66372,40.75,0
-0.44619218782459136,0.36143834504331507,-0.5693988173479719,1.5324111731987655,0.340121790769535,-0.5443360368927828,0.3764114100149957,-1.2910802090850988,71292,89.02,0
0.18289760980573055,1.2501522607556146,0.7545051310262647,-0.13330253189776387,0.3961531239918153,1.492643036048789,0.25359449617810104,0.9469925416010191,142230,14.23,0
-0.924415499166975,1.2327884035464178,1.5202256958309606,0.3805535131353722,0.9804371416085167,0.8174784564359504,0.0017651112812410723,0.9267183579012195,149952,31.06,0
-0.6909000449940504,0.9979981201958921,1.0789511993173653,1.9433924271226142,1.2353678894855062,1.3033293834509283,1.1796599332522753,0.22565826217792884,9566,4.38,0
-0.34817592777237977,-0.511950364132987,-0.3215327579442687,-0.3491026562396311,0.3473570132568793,1.3233299263440124,0.427551801109357,-0.01286438196665133,133211,122.77,0
-1.706731002456418,-0.19073501377027574,0.6718409461165401,-0.033387411260163015,-0.5695301261744764,0.48917842571730213,1.3258469244784146,0.30759330407831975,124940,24.0,0
-0.7940046546843985,1.225376324675364,0.9865268699191256,-0.9022359383528566,0.510482759827689,0.7959842585148664,-1.2462764261220298,0.6412389776840448,144360,16.62,0
-2.4196673891738696,-0.11016978671426786,0.4439537303479638,0.4409168462547481,-0.5949402014649886,-1.9830400070557062,-0.7028737786644674,-0.9093775647476063,73746,121.92,0
-0.656815491501699,1.2653780506858858,-0.6961055985829068,-0.056528443680388084,-1.1292376629408538,-0.6640767145177952,0.33837157974428633,-0.13874091438342617,142497,42.33,0
-0.11523708860063153,0.6798896747060805,-1.3623600338854833,0.04198712520108483,1.5053217260194849,-0.06383348872629499,0.21951561616268533,0.19717084398446577,129081,28.57,0
-0.49652912899686646,0.24067055355457698,-0.6218232343296848,0.430678185137504,0.01836531216916581,-0.46025397030941906,-0.47090997398087625,0.08248608340371594,150688,79.33,0
0.73433746826572,-0.5400937062533924,-1.2290387019419655,-0.3108738148769548,-1.2517653866139233,-0.73903108600508,-0.7539772953871173,-0.940704522280778,148797,43.3,0
-0.8468374787977386,-0.7684217537432435,-0.037773569434509824,-1.6116046444752332,-0.9907633729489562,0.21843449505768472,0.26649986727780756,0.8648830321968387,134594,126.89,0
-1.8502696950972581,1.035437479682824,0.18217873874411059,-0.7320399315576093,0.0012620513508245805,-0.4661552011202327,1.4984698448780989,0.6715589707549214,76936,4.19,0
-1.4408469541403333,0.7252765667745492,-2.0853349406053554,1.027440983692651,-1.6483716239130364,1.2248819158642372,1.1747959349974584,-0.3337544627912962,40876,4.69,0
0.552668967022764,1.1531348786791829,0.4907053801601204,-0.9594167788871978,-0.7812342954552022,-2.29876429842855,-0.21685469159106374,0.6528198911803372,139375,190.09,0
-0.625368232871894,-0.12255640889526313,0.1512693994580877,0.42579276512713315,0.21943726230351937,-1.6380877696769822,-1.259958600172636,0.6239877698663974,72664,113.06,0
-0.9538414111732225,-0.7028307786861041,-2.0268549171590777,-0.1817019522574588,-0.1101505371701627,0.7794480141929058,1.7633369899803617,-1.258810840683061,61276,99.17,0
-1.3113143169988335,-1.1034152929657108,0.5958372244514353,1.6737277811145157,1.0730497218379187,0.3416895461354879,-1.503470516116115,0.13505664848341167,66274,22.09,0
-0.652299404494563,-0.5318947428632855,-0.8417222679965889,0.9766664952266192,-1.8521032545245222,-1.2815334474735183,0.41864231743030594,0.5431751897660483,131724,30.3,0
-0.017645626374237222,1.1689978707640076,-0.6430903903092279,0.18106610688065428,-0.12773029043253212,-0.7344291051125288,-0.617592884768243,-0.6065013701607928,36785,93.42,0
-0.22234768836951774,-0.39741696003845495,0.5138192237763901,-1.9266456705749981,-0.5205210799256276,1.3664009695094368,1.404511808423396,1.6647457327227049,77512,80.73,0
-1.3341448064370596,1.6321268293419076,-0.5515599034790426,0.5626163634734797,1.518222611226536,1.8277390880723894,1.608288631850521,-0.7586240282362376,143971,9.83,0
-0.8602765715219131,0.8291347054643042,-1.119856518006791,-0.45728085648404776,0.9287558311261435,-0.3725606152485554,2.4038622715434963,1.0953967559766575,107209,46.74,0
0.10137984873959413,-0.6966898365579359,0.03205638128852017,-1.080187159791409,-0.5837681245792631,-0.27663515541050554,-0.3340041245643886,1.1461084017791938,87354,33.16,0
-0.10347029386141172,-0.24088882582244325,0.14288568515878608,0.29858962613556317,1.0903747534970796,0.7785704053261833,0.951085267326976,-0.3520211818942341,50822,26.85,0
-0.1023588675011736,0.7332025247617424,-1.2870602886966669,0.002219471810057046,-0.0962821095119652,-0.0720860474570185,-1.7206599876592392,-0.35449507095996846,152479,129.39,0
0.5331930799489581,-0.7233662220573744,1.9628351947977352,-1.288889159254533,0.5792169551420628,-0.43226623287645294,-0.13961510540515354,-0.2889199276200014,168319,26.72,0
1.7670086266347913,1.197402611398549,0.5187344358764837,-1.3944733562733174,-1.6836813984389982,0.6127063296193023,0.6539248202008935,-0.7227865196606073,49571,6.43,0
0.310367947747454,-0.8031031643078465,0.4908150021473074,-1.4617571665335434,0.3613436719038878,1.3725308515271655,1.8039345924510126,-1.0422695546581096,22403,9.21,0
0.4769750186646809,-2.8381294828296064,-0.1772137040804575,0.6295364761901969,1.2865531209198295,0.29891460852855267,0.19389251610194697,-0.6788425443655479,141550,53.97,0
-1.3764734410914066,-0.3938585671692143,2.169770748750665,0.3141158493773917,1.1424495630017617,-0.9831431262668516,-1.0005526347347284,-1.2034524246244487,129932,116.21,0
0.5825559601380931,-1.1573282690661557,-1.5742870306502652,0.5565879997027249,1.1465668363030392,0.2864156044608386,0.805783830224868,-1.2661693645067247,120668,5.09,0
1.388824414144988,1.710706652833669,-0.09941428931580211,0.8569070581843299,-0.5757834293430089,-0.46771754321744174,1.5723786330446405,-0.7391037499025365,59469,199.04,0
-1.9859614316901044,-0.2621465397205813,-1.1067272581730898,-1.3505329966422646,-0.5145804598405583,2.4721714513625326,0.6321447084375785,-1.1305985632204167,42948,27.12,0
-1.2918004714136324,-0.8913265515655623,0.17211346694555485,0.4828706012559236,1.0845798318308209,0.7807828636757683,0.7690891390830624,-1.921580798557684,61643,23.2,0
-0.14131427711765499,0.7336415182681494,-0.06081278017040319,-0.09362011822178434,-0.4080661972638063,0.8268260006072029,-0.24327985952978654,0.264522174476178,49652,154.24,0
1.804962523081355,-0.2163798381782341,0.041408267473309744,0.7904707318349238,0.8630158032378694,0.32709595539259934,-1.5910943001188196,-1.7679656058120177,166415,27.16,0
1.6149059259718217,1.2293691835821718,-1.1441161886235383,1.475809645436334,0.15219377980108464,1.3847875073682903,0.13342691465345397,-0.1771848754283862,55155,104.53,0
-0.1644711792196319,0.03603287309520233,-0.34018720372599376,-0.48387920070736273,0.7709023889625445,1.787869904551495,0.8070551347990526,0.8641486658962167,159273,51.87,0
-0.9154532409992487,-0.3991490732758043,1.2067413524432824,0.03236865090287022,-0.6363726539064243,-0.2807024381214576,1.3744936542191835,0.12757552772155903,138342,13.25,0
-3.0244100582926166,2.6191724721792706,-0.9097715404948559,1.3451879569630407,-0.6222678665661808,0.2742462018602349,0.1288888412840771,-1.4030913475267948,93341,784.5,1
1.5853633721787135,0.7797358777052895,-0.46209766898870086,-0.10552935873192433,0.24733361283350028,0.43808328159721177,-0.02431605477401721,-1.7703785232805254,147105,37.48,0
2.464970677784709,0.8818170394172005,-0.11954771054329988,1.5328562912441643,-1.697047667947788,-0.5805664365982197,-0.2308703113278888,-0.277321499698281,38690,39.75,0
-0.6314232856050352,-0.30459821594597003,-0.23829481746130357,-0.1521377580856146,1.5852580890046555,-0.7348597616961497,1.8338425328778096,0.5452320868894804,77374,27.82,0
0.7000549035541545,-0.7628380650254947,-0.9386110774725654,-1.6419553479546845,-0.2889455016157498,1.216758238361086,0.666116837635053,1.1238664956919266,54801,7.13,0
-0.6805180722834149,-0.9136686974462381,-0.1359479580576741,0.7845448725745642,-1.0756904249224142,2.335277786576755,-1.299145941755694,-0.5707074527238175,41072,49.64,0
0.45217863162031247,-0.47827330889867403,-2.0232656429885068,0.5867633820969806,1.4601734699654858,0.6596295873137671,-0.4988054557971273,-2.1403648303230494,137465,44.34,0
0.46514386036510913,0.9666069225579574,1.0417990807336692,-0.23711940353923228,-0.5909101536008852,-0.7877656495925509,-0.3223968285294034,-0.9878315445420204,34776,6.09,0
0.509583758544076,0.15626755135031292,0.07949434181917372,0.9377045988283217,1.05879372740442,0.3206437940905106,0.5385372208786973,0.34695444877180026,140336,19.54,0
-0.38918808111602776,-0.9172379158320894,-0.06870756670456205,2.2644361479458874,-0.5309968495586126,0.4344131504341494,0.3777625802011493,-0.37431991925421876,134078,15.62,0
0.9431623508668381,-1.0566439549121351,-0.6598521526187173,-0.7495465732435804,0.7366710303648585,0.4975638608690958,-1.2725482194226976,-1.364469175870053,65283,21.97,0
0.6683240763496509,-0.2188998160960605,-2.737375493348139,-0.14823239426472562,0.1194493868597965,-0.5450791736111407,1.450908327291969,1.7919805371190618,144946,19.23,0
0.41927971962502836,0.8267089983681459,2.015083366239325,-0.2741853337483918,-0.24707523624251682,0.8315870471515594,0.5705875937190856,-0.2582502209801083,134877,22.63,0
-0.8163835530391541,-0.7290839473887177,-0.12224771154835647,0.40554937982028005,-0.658542848933108,0.7906148775092637,1.0472143802120224,-0.2633522671964047,137371,44.77,0
0.16115199018731072,0.8677669605328829,2.211469952975141,-1.564858190971569,-0.4749412562128272,0.5712261567782445,0.26655144399115943,1.0486590282133506,29373,22.03,0
-0.6896617174685151,0.1332382865864439,0.386769903030794,-0.8624217197354466,-1.2448715514454882,0.07965422339253156,0.8646627678606656,0.07383257979777495,41169,25.17,0
0.3882741512183494,0.6619845317774924,0.20856936958212027,-0.41334726869918664,-0.9293218609441736,2.3633796178220283,0.35040279454360884,1.1058112906926192,115699,34.51,0
-0.5408006048959406,1.5736975832722844,-0.8979010079928486,0.21634480133791728,-1.3912577354733806,1.4477497125245997,1.8371619091651377,-0.6972420815187985,138537,41.73,0
-0.6877450636083573,-0.5165675826887363,-0.6522947953251026,-0.009688258193378416,-0.004726574982161799,-0.5497954102172288,-0.2081858403071345,-1.8759654960658474,163209,2.27,0
-0.8528225089290052,0.08512629046558606,-0.06753111340072018,-0.23268055195945428,0.9881111928057504,1.2998677268176337,-0.32326563032312156,-0.17938977987528987,160006,24.33,0
0.8743621013296916,-0.2509070448512498,1.4718089591012518,0.4999520596557818,0.3379195441506335,2.0175045805522993,-1.2549628558906116,-0.04720531046810566,59174,66.32,0
2.2245343387712104,0.08979608698994405,0.26366934468270115,0.5203926245593335,-0.01585513388758311,0.2819842426944233,0.04817330375311533,0.47796997759923515,145010,38.72,0
-1.8902046566489292,0.8153014226602041,0.9277562548475287,1.142001638082349,1.4713243367159607,1.4855307290178366,-0.9767764478332219,1.5480775548308632,66054,13.06,0
1.2146352740636528,1.8557982425746533,0.171124625063127,-0.49195959547484264,-0.8841316620708443,0.9794303523498218,-0.6667307455268605,0.10724334839604492,163569,33.06,0
0.1706287454105473,-0.16488711766775627,-1.8713846997166654,1.1093935435878404,0.14810321942690877,-0.7002288365439614,0.3324252909825656,-0.5241100956269724,172800,93.42,0
1.0687457036396422,0.5645004539713208,1.474828175226968,0.5182784805318774,0.35416856647812095,-0.3276710492086771,-1.735198293995948,2.180411572480869,157843,98.11,0
-0.8837440084603321,-0.4100768386159105,0.540006104902134,-0.2951100110734545,-0.46730097688193484,-0.9319997775300813,1.1934823152629634,-0.12157751775232185,67456,74.78,0
0.8509734556575079,-0.6450196380966191,-1.6716313913485108,-0.10439841089803302,-0.6857003374650948,0.16292666647487428,0.010975487682006043,1.781558465370299,43778,37.01,0
-1.0164426742733623,-0.09655499464505754,0.23425067531298965,-0.48146185732702973,-0.1758762934585705,-1.0285626129891003,0.3087504079890144,0.1722689121339602,125179,21.16,0
-0.4815501469144813,-0.5649235681979309,0.8018467457910068,0.3179796548634446,-0.9279005475723352,-0.2823305847113805,-0.03313958019457355,-0.17158730046342144,35680,28.35,0
-0.5633990815587697,0.613597821797034,-0.2407165009018888,-1.1515100137369159,0.21210103669231337,-0.051356574079560104,1.1206684040777217,-0.13583051908794858,147966,145.25,0
0.9679982150120161,0.3199212589970392,0.32236287379137846,0.5725580571062422,-1.31399722324726,2.3040702557341355,-2.1694650593732883,-1.4622431913155838,39918,17.31,0
0.332698276703041,0.11826489933151699,-0.6759559443097996,0.13784186288132916,0.2408026370657553,-0.00347430800337882,1.4186510064394808,-1.7014714387112044,60264,3.07,0
-0.9870436321338834,-0.6577736004681114,0.3794883933253859,0.5663785148541242,1.2065459725134526,-0.70468075795295,-1.4820863365605499,-0.8470235166549841,37881,18.83,0
-0.13196324487828526,-0.8102238167362105,-1.0211163738103743,0.9824952018779326,-1.3965193179663966,-0.399363494080315,0.16000354352609097,-0.1479461005333872,42506,1.93,0
-0.49589815629597495,0.04130141786486448,0.20396560091124497,0.43099121927838796,1.7446550619086891,-1.524631319721042,-1.2052471644989584,-2.441915562924823,149198,16.94,0
-0.33184608735744975,0.4320021383954882,0.633076362058871,0.4956445566797484,0.4756623091487602,0.5549491588116983,0.21501422716240048,-1.9180092848100834,138335,45.34,0
0.6265452686801465,0.25557280503720103,-0.9997194822099391,0.7012639250384477,1.5126942580929401,1.5095516743053912,0.5752749333622718,0.7659729081545613,36644,15.89,0
-4.264446844014001,5.38340613533852,1.3517273133391183,1.4157948261254005,-0.0055293341972439125,-0.3556589343416684,2.6516537666148374,-4.5549556577486,98201,4.19,1
-0.2775250111399096,1.4214381748525053,-0.5041548835536127,-0.9020427812995114,-0.3810002280680549,-0.29286094960750525,0.738086795904378,-2.207231205176024,51520,118.72,0
0.04050974766480079,-1.5124438977481807,0.1712399746285645,-0.12518747015523424,1.021854882906065,-0.5913543513984365,1.3343552712120847,-0.6211614085175513,109204,127.68,0
1.2277085194861155,-0.13168991194274435,-0.032638878430799365,0.13499000669543906,0.20134822870453922,-1.0886971715763674,0.16192184598044274,0.434100710374992,167366,2.55,0
-0.3157540570611045,0.4738558503001141,0.6375082458459307,-1.2260184097443951,-0.6493554225251013,-2.9546633671082367,0.3463999609169216,-1.7140916731977962,134059,16.36,0
-1.5692205470988263,1.0604429564484812,1.0714648803915574,1.3640262084748602,-1.2198290575517712,0.38266119491978634,-0.6709449520827484,-0.10186737151345138,16739,60.82,0
-0.025749703749578454,1.4409914934980286,2.52432696755967,-0.8706387270186103,0.13995758970452596,-1.5079529142781543,-0.014500928811820791,-0.29010445031525917,55110,19.02,0
-0.3440251200104193,0.058458491870066666,0.014985572907420554,-1.700584158169572,1.0637264523680252,0.7330419836044939,0.042732974600434306,-0.5294343582994255,48001,162.26,0
0.32977785828863926,-1.306889061282646,-0.499362641743979,-0.9953043830493332,-0.006880795325241453,2.0280478497139005,-1.4254590845909751,-1.1376270203081071,140032,12.32,0
1.0767944919656516,-1.38325948552308,1.407995525444814,1.7904089735170088,-1.3336463566021994,0.10764366713619469,0.19818859428439908,-1.797639807236755,144915,36.01,0
0.607382584781083,1.770669381062148,-1.4394647190728271,-0.06540890470995209,0.30331258066432765,0.4052389586255658,-0.35740560438959157,-0.9685263628769141,39525,143.61,0
0.0021302725316547375,1.818577903134121,0.612054438162125,-0.3679849771776789,0.5692790173450671,0.4660872982553206,-0.42281834970367166,-0.8201481086366414,125440,44.91,0
-0.2848318952519721,-0.5847114037147062,-0.7294311033998226,-0.7097116266687317,-1.2941154747213328,1.5498717041592647,-0.5873101978481875,-0.14483988295033545,40397,45.38,0
1.307388820504227,-0.47477570784746564,-0.08244670526704578,1.244837649313243,0.5228740198546974,-1.4029155224949645,-0.8931746008835152,-0.8621031838504611,46854,61.42,0
0.0883196507795144,1.26934796806194,-1.3147743192516623,1.7809159642061714,-2.0589428386871473,0.3970069566023411,0.8297611215431998,1.468215672468789,148989,129.99,0
0.2919895190428795,-0.24315506777920354,0.18216936105429726,-0.18888375749103034,-0.8310673966221047,1.6103869986056338,-0.9437943904915858,-0.7807607348158898,154429,25.84,0
0.20943832091834091,1.1565368631926154,-1.617859977988405,1.927190012216444,-0.3524048317980249,-2.303337382319411,-1.4222875679696008,-1.2286440893040553,141321,123.74,0
-4.05985274903603,1.0026829879928343,0.9996132853077012,2.24590391846984,-0.49217571635071394,0.917831821168114,0.47453887101505837,-1.4993855529664883,9227,24.98,1
1.533053682605455,-1.860433845962216,-0.7489295316024224,-1.0219445691616111,-1.0747878383102238,-2.1826167003429697,0.06063748823472024,1.4145307931105,16397,47.82,0
-0.07577489409196071,0.40392816920289787,0.07461397303167376,-1.510688750852842,-0.5837256583339152,2.0804607714384686,-1.937404675694699,1.5522366939143428,50833,89.34,0
0.20150045214798828,-2.088554252663557,-0.31676822947221095,-0.14884086876884484,-0.42785033212746104,-0.7370920348291283,-0.5172850951578238,0.6336418599051225,131842,5.43,0
1.6694123270641381,0.3446085883309618,-0.37974891361061247,-2.097131170425689,-0.34780896834672376,-2.319394333755558,0.12768743543484526,0.5908378879648993,58541,8.76,0
0.6834652781834198,-0.15079247496042736,0.08033176151922583,-0.20076493852699323,0.12738509982699775,-1.311758544475317,-0.0010805572549957114,-0.6040322904454045,17051,119.1,0
0.7850554280999182,1.1224891915842508,-0.07936071656560802,-0.9203975427300225,-1.206288792082086,0.674873356970846,0.9707484456004328,0.5447305512522655,44396,9.81,0
0.9525062778545438,-1.6682618012090116,0.16504237378587103,-0.5569023829985202,-1.0449948588997566,-1.4841099809592109,0.6316042852798576,0.511434564990144,47735,20.3,0
0.2701084538374351,-0.12870758464947984,-0.5308687422567642,-1.1350735833824808,-1.8809179421198208,-0.5169738998148679,-0.5955856536333343,0.9420952401753472,157346,17.97,0
-0.0822196382610393,-0.44433233899856467,-0.21026818368862815,1.247863997801573,0.8285788372532947,-0.6489302913513277,-0.3300441445670066,-1.3154371020621167,148583,57.18,0
-0.14028133636624146,-0.774838907810253,-0.5318118436207004,0.9188006974006935,-0.9714066505126597,-0.27708026956039444,1.267146463297972,-0.05585986722318814,142056,5.67,0
0.24021032691302796,0.3797943351783261,-1.1059982895308673,-2.2252431661865124,0.6107635434102114,1.2007980902720918,-1.6192035421779858,-0.4208158663693813,138190,76.18,0
0.046846072395045665,0.7472760838722076,-0.11529688893053265,-0.9203633931166495,-1.195644430984824,-0.9537823799208845,-1.1437335394964545,2.8912118498389834,139496,4.17,0
1.3448881020389312,-0.655115576454404,-0.6618550943636917,-0.35422229778063513,-0.6667797978713114,-1.4350901278477843,-0.0314218999039425,-0.659978731673013,114665,58.26,0
-0.18517943855004304,0.9103069625263793,-0.7334435496009811,-0.10003566249257631,0.6380628186218517,0.1540527215805396,-0.7942332911265585,-1.5504685404216598,10664,84.66,0
0.6498968050256572,0.35925881835654694,-2.2691824551776887,0.871024480536483,0.9957861202844919,-0.40521843467467134,0.48476982860950335,0.2676150584813635,50575,75.18,0
0.6092778559647584,-0.9586421731000547,0.4933392863109031,0.40188676644896953,-0.13301905393161553,-1.0948545068448001,0.006738545307093142,-1.032350750567252,138753,21.51,0
0.3567871430722091,0.13661643676329138,0.18300230756698915,-0.2770626801989218,-0.5011161833958405,-1.2395471224382908,0.12946975361398616,1.056760613852865,64570,22.49,0
0.6938840893910108,0.6063857020339872,1.089065980737688,0.8275632284159015,0.47667576782150894,1.8448847813690743,-1.3192955673895612,0.28304527375880184,58754,3.49,0
-1.069785702078506,0.658297225203948,-0.36054902617202,-2.2163489560259397,1.63364099040358,1.0133771216457046,-2.0153048996367526,0.7348312768652014,140052,142.68,0
-0.7557760029620287,0.9317107504104423,-0.4736296745194499,-0.09414252420741283,0.7497863441084922,-0.706063863983191,-1.2889575344959205,0.4643035854826244,154923,99.51,0
-0.5037187953343066,-0.26036083941562843,-0.6673843465545765,-1.122589583062906,0.3901604280505494,-0.7032078754516573,0.8068117942195279,-1.2224257790903568,53142,28.33,0
0.5200382720073412,0.635895738783795,0.41075179474644996,-1.5893460358162153,-1.7184919351136758,-1.053266424277155,0.8197981475395372,-0.43766135378648197,67537,27.56,0
-0.8456540271191926,0.10680593227764593,0.5392690182114901,-2.5231740941240304,1.7158429008553386,-0.6588438047362313,-0.22456969439253016,1.5335326805540996,144430,44.23,0
1.0142669879699076,1.2600693961701763,-1.308035777360805,-1.7953282230512257,-1.218776233189182,-0.6999094117674,1.9139128463736548,-0.42974708628784625,124555,22.38,0
2.0324736611373293,-1.0716491536683932,-0.0099953123778403,-0.8774020159860154,0.3981787880153095,-2.0642622724454216,-1.0361717215877837,1.27834420165593,33528,102.16,0
0.3611919526325922,-0.6202174652017047,1.741495222697658,-0.802870026743361,-1.0704049927889578,0.4076456555588818,-1.7920582747828795,0.11755969444974049,61089,13.49,0
1.4446619016378741,-0.5046947732222363,-0.21682274209381536,-0.2636442797444125,0.03748343044151456,2.9296776862602893,-0.6065355006629567,-1.5458589697859781,136745,54.4,0
0.6010245829906953,-0.7541768882035208,-0.8782215810884244,0.8188753950611192,0.38313280947275175,1.1223241831999562,0.7037670498555233,-1.2206214312419663,51227,118.26,0
-1.2201320094226236,0.3874927693503647,1.7882375258568752,0.46357238824794317,0.6322284107792635,-0.7758728164512975,0.5096784628559106,-0.18334852285204448,143942,124.07,0
0.9125938291388033,0.42707456138284094,-0.6997631336682775,-1.0651117977716056,-1.5908203678238377,-0.9419322901614371,0.030703033644829066,1.024965095804072,56371,15.37,0
-0.17141498179867448,0.6497339456925202,-0.9090845053737056,0.12423718224557945,-0.22939212216582058,1.4454025754748627,-2.855675461130052,-0.1516908545276689,34941,24.96,0
-0.9077499505561069,-1.043243409174384,-0.324402919948115,-0.26447378409691047,0.6677815605961868,-1.2515247542153443,2.158634915835072,-1.7922662057838596,57933,35.59,0
0.16176707462407253,-0.5597898441629595,-0.013088547288123236,0.3806210817169059,0.5992517620652308,-0.11620166821610833,-0.7884673310891847,-0.7871012041817733,46099,31.87,0
-1.3091865617958705,1.07093664221069,1.2678129618558218,-1.6956667795817892,-0.051216313244983665,0.10553955635008294,-0.6500547483895335,-0.81504974643848,60389,67.17,0
2.5896463483355454,1.0408916439114408,-0.0054566218131444615,-1.3184346311646222,0.11427265992868325,0.8138856487128693,0.8215501731802358,-1.8526603239723536,120884,12.52,0
1.0716485034325882,0.3529977794982437,-1.9819733020301815,-0.06432210996165447,0.30662303834728744,-0.2304791010512847,0.8906522684488339,-0.5644238864966603,118718,58.75,0
0.7943601619583699,-1.12751010095236,-0.7134145783021107,0.18742875535042403,-0.143905680267251,2.0890094675877076,-0.7315947374932197,0.5993336857696194,150429,4.91,0
-0.07352969901147241,0.8042147395630798,0.698018582017474,-0.01947590805304225,0.37060475218419725,1.6709937814258435,0.6811625218547278,-0.23404698962196338,118256,12.61,0
-0.6044277679644929,-0.5389869883751089,-0.7463478933968806,0.8297338809873693,-0.4725339852820247,-1.1929104792665814,0.9619013805140025,-0.27640248323800076,62473,196.59,0
-1.064973906306941,-1.966185095647688,1.1187367310317997,-1.3500694186117637,-1.015076548747155,0.10411462848607249,0.31342281699843805,1.4714417200845111,38244,74.52,0
0.5328810417760705,1.360017150109856,1.310456942697502,-0.7259326774104595,-0.38231869902345905,0.5247974218696482,0.5958186657944914,0.2503639260608731,31722,10.52,0
0.5662096991492005,0.2528832771300831,0.24427662897052735,3.1488966450468734,-1.0184630299249242,-1.094436049068404,-0.24144306041634547,1.4046883313272998,126652,100.15,0
-0.3814705130355826,-0.8503991054140999,0.04892223186401748,1.0200925579662905,0.8260650003856023,-0.20110635164108032,-0.05964140306186193,-0.9023814866983696,82614,11.42,0
1.6943538935456013,0.03543665004790963,-0.6862503770635968,-0.6345030743032287,0.19813560818929982,1.8825953030555844,-0.09492023943085592,-1.5820325775681554,155551,24.12,0
-1.0018201595242218,-0.5537522014566165,0.6953349086018877,0.9064527335927843,1.0181654307489094,-0.004853774414023502,-0.19672183491442002,-1.307751567699793,78321,18.34,0
-1.0476342061397592,1.3103874966452747,-1.1820388302084184,-1.1703092770681862,-0.7118114117152529,1.032132945021254,0.4717606847242825,-0.255781338916563,138206,26.78,0
1.2411895878497412,-1.067425367453184,0.5750973352024484,0.028412273221855442,1.347622752082651,-0.8636788536268424,-0.5056132492545877,0.6891974594729479,47844,87.79,0
0.028024646534218874,-1.8845768158722005,0.05367598883517699,-0.2392276834931358,1.6151625714938898,0.21346770449084654,0.7825085423511033,1.4038881672432775,94767,5.07,0
0.1516079103715293,0.647868248755623,1.2454611468216463,1.6801329975069592,-0.6792690927073024,0.41364340793364685,1.2751344360412042,1.5540874731942147,61786,42.92,0
0.38205067755333055,0.8223340695724903,0.2864986092893359,-0.7003148997607653,-0.5631622215089241,2.3599002133108433,0.9485140803534553,-0.19785795186096838,172800,4.75,0
0.07876633878818362,0.9622329433786669,0.6836391920754006,-0.07484908318877391,-0.8726314759943014,1.2366981530495211,0.05603527542709608,0.5949236301966542,135557,47.83,0
-1.2354306341441812,-0.8911857599896863,1.7642920687275168,1.965222644401654,0.5147058334775884,1.2796441451042357,-0.3949049767744735,0.6533155437289043,36816,13.04,0
-0.4966494509822659,-0.7573606834037351,0.9503257057389399,-1.441168617294159,-0.5977458128864142,0.6005128443638423,-0.08625933986276957,-0.1276137636426144,129656,32.25,0
0.4528113933050707,0.4183644931773538,-1.0943515031343833,0.9304824509235254,-1.8327062129565748,-0.3971661738562422,-0.4633827080477286,-0.7766120806414085,130311,39.55,0
0.382363645031468,-1.0936201346438648,0.3293740955071937,-0.18235458114886435,-1.133512926898457,-0.23335033264611388,0.38737832112137366,-0.9277272061699201,2012,4.38,0
0.27270270429891974,0.1653768283954536,-0.4962661851928898,-0.23903831308255652,-0.7468685026744862,2.7571785011717624,0.33972028820465044,1.7561477122174436,63567,28.71,0
-0.6784772765942396,-0.6812471206600318,0.9751230058747121,-0.0734714255174228,-0.6108538083945698,-0.8872992794703353,-0.4176943399588643,0.9172435534165869,57852,40.66,0
0.6351779575354969,-0.08535468096869482,0.31144387429799153,0.762741156841582,0.12082771344331586,0.7867430748186448,-0.3324419652758686,1.2004398755507257,38315,23.1,0
0.3371759692174068,1.7386898648733926,0.1247028969537463,0.4479933931799433,1.1648849410937778,0.2503856145951964,-1.5144092285009183,-0.9928283705402452,50108,31.67,0
0.021697221340407306,0.07402439355409329,0.14352583967478863,-0.06951435648440124,-1.5135969089853485,-1.5348068624877809,1.1636090516627569,1.9670713923863223,122321,46.27,0
1.7974729785474712,-0.9603795468045468,0.685342879474854,-0.6874953242293593,1.0627498091145386,-0.43160530132832076,-1.214412107742413,-0.029946068772072225,83985,55.84,0
-0.1044712683894624,-0.20356538925638012,-0.04961550072682194,0.9769711598889208,1.679422130223758,1.1080475749099057,-0.10270212990490013,0.19679548582991108,162101,123.72,0
-0.26819763059141155,1.627385914591245,-0.5019135031386625,-0.6809178073213656,-0.6181175191584042,-0.19021542135113323,1.7923213309924462,1.4056990119767847,123474,7.72,0
0.2852691671600891,0.21134852615006205,-0.37157158041233407,2.3959889327650137,-0.3999486176941314,0.5560540690965423,0.19036902858966628,-2.5178787106504394,34964,24.05,0
0.9951178975866359,-1.1789771002104676,-0.6667098917415991,-0.7071805390599533,1.0799328830008623,-1.1753476361514408,0.32568923091146523,0.7264777152506449,153463,6.96,0
0.7301878551878013,-0.9789400599368574,-1.6999821246734823,-0.9452393052823004,0.22221911339845182,0.3868418195334683,0.3439321087363135,-1.0785038559148004,71900,13.03,0
0.471809099253734,1.0971775503822956,0.24521470470437323,-0.8366223496618795,1.7865771239787347,-0.3910497259790923,0.8044109709235767,1.0842152041413629,62207,23.62,0
0.4057550247310392,-0.8692825839261787,-0.03828618960358516,0.5935084392713391,0.46398085339830875,-0.40643402109672755,0.816332284679783,0.010562768691992977,42798,54.72,0
1.8802071421010702,-0.5599349328742413,-1.149122502795193,-0.09374953573864972,-0.2625989265947586,-0.13832568484055618,1.9776200559177237,-0.7910088213434768,145859,76.94,0
-0.12728907868910477,0.745038119304154,0.03684011314440406,-0.7492747448237269,-0.6880771901232227,0.04479075234935647,-2.585110859799777,1.7509778864164838,4144,25.14,0
-0.0847520504593056,1.6234110524790935,-0.9721276289939549,0.1389641985297701,0.7206995922338914,0.7721617816522341,-1.0829965078053223,-1.2157728807569765,127471,428.81,0
-1.2347262148642406,-0.45693679010824567,1.16665686234439,2.0922781147935194,-1.622884933762897,-0.7379870731152008,-1.7324173525265325,-0.5483787165190593,54532,36.52,0
-0.9241314619201335,0.2650081530323211,0.8244983893518867,0.27405575613011496,-1.1463070679944427,-0.6692107201110853,0.32107764790142856,0.6574034619786489,157774,39.88,0
-0.7439989782513986,1.190759411269373,-0.39791570453305886,-0.38956333911516844,0.2098328932591999,1.3667106859086482,1.3463009574796738,2.3911583531809915,161061,78.64,0
-1.6430811175562667,-1.0491007646172597,-0.6239227065677543,-0.1910281491792426,-1.030476230364629,-0.6125058821312828,1.0247804068518602,-0.9997471647812068,41276,24.32,0
0.912954620306918,0.31824563798746663,0.1057043387164432,-0.7756687991346262,1.1654714207692924,1.151280275071432,1.0422088065347175,0.29203797700007733,111652,42.47,0
-2.2481342615575417,0.9348388820867836,0.6660866492584665,1.8986000224109305,-0.9620363364058191,-0.7434967560405621,-1.2630168290154165,0.36561345313619203,162832,104.54,0
-0.03464218925122146,1.0250168337050274,-2.046552861964885,-1.3527840398123527,0.42992384669979705,-2.2315987283974175,-0.7528380489875021,2.3445868200543676,134464,41.94,0
-0.4413559609422818,0.13033952152617448,0.26708329561762384,-1.069777533594069,-1.5243916636384363,-0.22643822617938852,0.6668067149265203,-1.3129619816913958,53598,3.14,0
0.5667774688155444,-0.5467581480120538,-1.43715378981121,-1.276105673706229,0.37162963803304055,0.11069057054688558,0.3880746732863844,1.5584052226061689,33831,37.09,0
-0.3833365536303847,-2.20334328846972,-0.19257651190348868,-0.1963680748860464,-1.509208466838082,-1.445854008826531,1.76551635160936,0.34099244566722403,110645,11.58,0
-0.38892813193950254,0.6666839583982711,-0.010492349868986972,-1.6434750023638616,-0.1793391194333697,-0.6646885730405762,-1.0134763133675422,-0.43033144230027826,17105,5.9,0
0.7714758008195429,-1.1617499265549405,0.18990202504683115,1.413492657212908,-0.3498201067359326,-1.0855932859179434,-0.37229966980351953,-0.21622556975104926,59588,31.76,0
-0.8554517117689004,0.6177282421009959,0.626153713823183,2.0461141976684316,1.7821762156682432,-1.3298328304564078,-0.2700459445560377,-0.9096543480206484,70796,15.36,0
0.45791788903634195,0.12093136125347986,1.6627548627657207,1.2976696364732616,0.026203203586719227,0.7457797579722505,-1.4663953295387349,0.18918569107628447,166628,40.75,0
-0.6240405123123473,-0.32032953381327656,-0.2549538143204586,-1.8334207279601733,0.8949831226897145,-1.468881707479382,-0.6316751790768173,-0.028047600723756602,64602,14.02,0
0.5849746898255718,-1.0999867214267383,0.006879607874346651,-2.849460880625076,-0.32750762963277347,0.31984314218021326,-0.4590637441311558,-1.403896254939212,35128,6.17,0
-1.6963218433882232,-2.283871536628605,0.014689994348803474,1.0523491862578123,0.9113882579143598,-1.2795644486762443,-0.9168291903363391,-1.3019541002768131,86711,59.43,0
-0.06906202141036427,0.574345870141092,0.47586473348821845,-0.22110933049146966,0.7073674760073844,-0.23564311242956731,0.30628909503409013,-1.2540334055924598,125200,33.19,0
-0.7351735618733791,-0.15520391286675808,0.7863963530491347,0.6833588234970358,-0.8386907445435131,0.15180971381551212,0.6461510893561248,-0.9397883083349045,51161,34.7,0
0.3595000071326568,-0.4122580710634807,-1.2851722852951675,-0.3100483744318677,-1.3706681193060541,-0.48054210771129147,-0.3867634825298318,-0.5397250419924094,158829,88.22,0
1.3752517919395473,0.5704273844208754,-0.4526790709249352,0.30973608691518956,0.1354561592181282,-0.09153667259918888,0.9254957961803949,-1.5484113848289303,56273,54.53,0
-0.12167958123352367,2.021626640020366,-1.5084826059446514,-1.1657942580166947,-0.5033083227881994,-0.9933427129954169,-1.1744071133446974,-2.0386365440670433,153618,7.86,0
1.5642902635270133,0.6707183224357742,-0.0994724027795285,0.48230842425577825,0.07208750410662172,-0.33257312833496894,-0.5493628701120722,-1.7230162191325151,34209,11.55,0
0.8566008465286504,-0.8600805536134594,-1.9457083143101772,-0.3599709240847465,-1.1370829503208861,-1.7284872051617686,0.6384421456431495,-0.010356993931561679,56902,28.66,0
-0.4839926691914172,0.8157681949590719,-0.7696965446965348,-0.09899018743041806,-1.1720064954169611,-1.3434032808073375,0.32733193125147436,0.068530099115973,160506,40.34,0
1.0754001192959948,0.4483387551632711,-0.026977616004766326,1.2502295202621392,-0.06167643903676766,0.7064874131687557,-0.036934611033237585,0.0604473023350759,84382,23.98,0
0.9760105643937562,1.1908581096712736,-0.4458557988331543,-0.4162602635496502,-0.9106161977045666,0.7988314342734841,-1.6365086746051831,-0.16340045074789664,138293,14.51,0
-0.6656055779091222,0.6884984655791221,-0.24359950775306205,1.523368553129795,-0.31332259200413143,-0.5423862636822946,1.4714876651735471,-0.576838243669509,66673,77.77,0
0.20149451784468989,1.3872052684128064,0.39875038991785505,-0.48706571115909436,-1.0309478778586225,-0.7143384814718722,0.812039023797824,-0.0565701386731725,43180,68.8,0
0.04179590370243949,0.4170059112989727,0.5871268054047364,0.07840888642144525,0.17238610821845257,0.9692317271641571,-0.5713902632050896,-0.3445763626972959,62481,8.7,0
0.18310519028221275,-1.9897450926453975,-1.3599354871341165,-1.2504206183493884,0.29264905797773294,-1.6978310011549789,-1.3655885436204507,-0.25130591207885217,142169,72.02,0
0.5994639186251742,0.5714296182464823,-0.9764265916915398,0.06753977906994638,0.03733507711071247,-0.027916923967480682,1.6240197994726442,-0.020155336347329265,117049,12.07,0
0.02572722150866195,-0.604052330039652,-0.1789652595484493,-0.9304940986650644,0.06460752658347,-0.500801634908017,-0.4541304281841937,-0.8747560720832528,47595,85.0,0
-0.00514452773822704,1.4762230044946576,-0.23332212603649682,-0.7948053454859894,1.1331854140725077,-0.8275086725243231,0.4038173938478745,0.22882935917896907,121541,19.88,0
-1.4378380781590558,0.2968084476355398,0.21967713057641944,3.1823785040645323,-2.62599450735537,-1.6205542805499977,-0.2287160073639607,-0.3576258936813258,121945,115.16,0
0.6979007395764201,0.5305292848330334,-1.9883676005651576,-2.139219254427758,-1.6099527307822152,0.21356529222880202,0.7542383809273345,0.5345703216732302,51116,158.16,0
-3.434810557533247,1.7757052786034606,-0.7131011886213442,3.3577397707507735,0.8882836423323435,-0.5211258678756535,-0.07694539062049031,-3.1547360577248167,94534,465.45,1
-0.8086474992604464,1.3230254273736686,-0.506922080885866,-0.7999228616579495,-0.18993954137212488,0.5770383964984829,-0.2075006172642819,-0.17798568229072004,39289,107.46,0
-0.36081014917830184,1.3886097868929361,0.6587608578241063,-0.4197113365134019,1.579819244832888,1.6716284579131035,1.5056888493420801,0.7624929335478066,157739,27.08,0
0.08358674262930688,-0.30805367307068693,1.198369010406861,0.9811478261603003,-1.4681381266162603,1.1966525349394779,-2.333763907254147,0.6122769888067473,58000,69.56,0
-1.2795672974540413,-0.13671626263011977,0.04938506568469204,-1.7036054398518656,-0.784362250768005,-1.4699425115286464,-1.1117409187164002,-0.3012902743170822,147564,16.24,0
0.591291322603728,0.2058298201943436,-1.3900880030080953,-1.652934658053536,-0.9685835074983729,-2.4064159894709776,1.5291970334316196,0.0706411135683436,63677,6.93,0
-0.767082877118273,1.8716912472402363,-0.034007525801909466,0.5311274482550129,0.25380913823974105,-2.1115989172370146,-1.0421597067164987,0.11397410559191218,144525,6.92,0
1.6434762709769233,-0.5115211683758064,-0.18863466385217598,-0.1991701900603925,-0.18568449612864546,-1.5670465728060061,0.16343732221414242,0.7910754438725505,159056,6.94,0
0.13620352387522372,1.5632937479441191,1.0836839547997996,-2.1729591478304005,0.7301874956316988,0.05614712565336481,-0.6558235385542747,-0.3275024450021736,61299,17.69,0
-0.9533234567365458,-0.322069824853645,1.4974957159134523,0.7078163206381513,-1.6380402869428872,-0.11550943112516086,0.7213310082617503,2.226903139247802,147416,9.89,0
1.135147459436739,0.051637722326859016,-1.201576774285245,-1.7626316903058725,-1.3637511383051322,0.32792402045235564,1.5971209749821496,-0.9136743373609826,47178,28.46,0
-0.23721326100309761,-1.1766479143170716,-1.7636302969383426,-1.0474467628306452,0.3210065993382798,-0.14766805395570565,-0.9369084376665925,-0.392182540456198,133200,6.02,0
-0.299878327616624,-1.0388026463178595,1.7891373967611799,-0.45190853190720215,0.8970981713963961,-0.4632618931990147,0.6808242091727538,0.05345216576063642,32445,29.93,0
0.5435185493640222,-1.4599560846477098,-1.032446589776108,-2.2847766357465473,0.2267338018512025,1.8849697124153164,-0.6921831005163138,-0.19268745421445066,30653,10.64,0
1.0889813027494997,1.9809824411261574,-1.864281798956101,-1.0277626912841695,-0.3421312957958226,0.5561296156609391,0.764409919596821,-1.178800879162239,131739,49.17,0
-0.5794902937541369,-0.2784069882877729,-0.3452388257321558,-0.6595764912554101,-0.24468058146863825,0.21550734964764567,-0.8720188700060769,1.0021609527919988,51513,8.04,0
0.35920525092740274,0.018209225476243374,2.5864182901531274,-1.4778517986855289,0.9374503948273797,-0.512310079591188,0.8244160863228365,0.7488493421126241,75918,59.84,0
0.16884099288752333,-0.4717351532968749,0.4589475332320787,1.2905571945892118,-0.6054016061943372,-1.0659559519657296,-0.29814464072354563,1.3375086702224221,120898,69.85,0
0.5323551978565235,-0.9471315878241761,-2.2395943255618467,0.18683936618095978,-0.2313646778461579,-1.6267982279023352,-0.21530030763876995,-0.13463844931829824,68748,16.94,0
0.06568666608046772,-0.2507690621323621,-0.20176000923034088,0.9419435321255745,1.0160326569301006,1.78888067606497,-0.8782017784456391,-0.39084689193241384,141811,29.11,0
0.5516966856296304,-0.45251369962762183,1.388237124047729,-0.3661648500061408,-0.7022962559187801,-0.15138523874579946,-0.7657856633834874,0.4662859816297611,32376,53.09,0
-0.42281500755632867,-1.5187348363901738,-1.3051679640984186,0.5836661901917236,0.14005754501369638,1.6597870914233641,-1.4078372162965955,-0.025347251990888865,131634,62.78,0
-0.7727525311049497,0.5731081394353766,-0.8225251948524263,-0.8657758138120293,-0.1349428142853004,0.6382744378602843,1.7639822221712056,0.24041041349466694,130885,75.39,0
0.706866783741549,0.5719050117982476,0.7192658541312512,-0.8808023308628828,1.3656736844771362,-1.1845636870990603,0.3703444894493176,-0.6808915732198839,139673,21.82,0
-0.4630462600250518,1.2362351239265392,0.11143233272431184,-0.1801911896639009,1.6986881537835914,-0.4145461142877869,-0.8083195385975238,0.4040896142169139,107629,24.16,0
0.703527846726503,-0.7224259977212155,-0.9937906113375456,1.3953610717832956,0.16978777189969418,-0.6012185778649408,-2.7687566489724116,0.6203385767441011,39262,11.14,0
-0.5181445207143796,0.3408727472117895,-2.8120642732645935,0.8352724079086473,0.8957012998512331,-0.5063811799298801,-0.7053168659710661,-0.05752351015304711,159803,7.24,0
0.1699014421772248,-1.0938860312917575,-1.033060178310906,1.205507372379711,-0.7457331214645097,0.2972411412440828,-2.3030764415589173,0.42571911448268973,132684,61.09,0
-1.5654731623141587,0.8651320911599828,1.3293639912144088,1.47553895416861,-1.1299276814200714,0.3215702326526785,-1.0063702630140052,1.9391847007126581,44452,148.16,0
-0.09489837057743317,-0.12323084666774568,1.7381784770969966,0.5615298979792871,-0.7457893415630917,1.3714826705063967,-0.22994945675946143,0.5665158559643025,71720,29.32,0
1.1711304464147227,-0.30725048846738107,1.752309969710899,0.10156233219140404,-0.027952130248583073,-0.3786476669000349,-0.18461480150574489,0.2687447194320087,61649,6.32,0
1.124705374865954,-0.009030639793703471,0.9267078956884002,2.2172589051530878,-0.09242615091212741,-0.25470067411697894,0.22102932428135486,0.4902997330464583,50184,5.8,0
-0.5779208519998135,0.04006272284913196,-0.46645239171835673,1.414659785959782,0.5333999274016431,0.12686943662247188,1.4044907067489665,0.07968829662096003,168980,70.3,0
-0.7545091468138538,0.3717821000782752,-0.16363299564993505,0.45686325636846165,0.20758361209537735,1.8279434714648592,0.5403449145364171,-0.4326804985026243,145856,4.49,0
-0.6235367450731416,1.1909601564636292,1.4676226043763334,-0.508835676891481,-0.7746217838120951,-2.754259182953759,-1.5993589032019908,-0.7844320765007852,151657,5.02,0
0.7101300294384755,-0.07604718898391674,-0.19560276242776056,0.32915655084322104,1.6964582202444303,-1.1622916482008077,-0.9201563140982175,0.041097351910449824,43945,39.37,0
2.63919381774011,0.5631630920307474,1.3076440001109773,1.6296173926646156,-0.48423600866959376,2.341176678913024,-1.7380036994549328,0.5088965240814567,51234,14.06,0
-0.7443489454494924,0.4815544676890861,-1.587659113914416,-0.35639120552201925,-0.7632529876693585,-0.14220598660943198,-0.21564637520496124,0.13057899112302251,148958,25.38,0
0.9369231281325752,1.219815811160305,-0.9014634860018609,0.5102958230043365,0.5799906738639232,0.6172948822079091,-0.5993795815143442,0.3553027418626337,105210,54.26,0
0.35203911000761784,-0.6441381578535159,-0.45630339249623575,-1.4387297499463698,-1.1306119239505787,-1.289516719300908,0.2703320831613331,0.4467118992709157,105750,102.59,0
-1.3747048858970363,-0.390630462307966,0.5030878162184911,0.9159176008848113,0.6420545140736341,0.4851671730974623,2.5724420072688794,-1.0533498766541687,35135,31.76,0
0.1598118994620415,0.5317501023654478,0.27090284777960627,-0.8075450836859581,0.7401783124827823,-0.6092500480659464,0.26626171641992785,-1.3740322926227304,153257,4.38,0
-0.6750330893507847,-1.1259511822896107,-1.493549218063549,0.5161954505415952,-0.38940565674387106,1.0143670202644877,-1.4335448888846196,0.427184975711258,128085,12.17,0
-0.31835113770485457,1.0065646379964868,0.023578312087920012,-1.40484312059099,1.2065786159419862,0.3851094265085037,0.2809151756544448,0.8735254743531207,152652,15.26,0
0.29958893213846977,0.1361101380081241,0.3713552321886011,0.6096114857031956,3.1971908853127986,3.158233427715463,0.3591985493053471,1.6148689250731854,70249,62.61,0
0.14117362615347054,0.6810839271838437,-1.0378526856142067,1.5850737934097199,1.3685953884525124,-0.1767579356686623,0.31847131125953815,0.015563834414181478,45337,2.9,0
0.08505322082348757,0.2931555559996933,-1.0197365473416686,0.6957074159398469,0.312079553784244,0.730303746639179,0.34513930965405826,0.28601615539704284,157995,34.83,0
0.7628604844305278,-0.016693239534585715,-0.1354889413514956,-0.9153607618436007,1.380785786697017,0.9764865127788058,0.8966994892570667,-0.06085368274200603,63242,51.25,0
-0.1181876036061183,-0.4360893523485934,2.099284413773625,1.143941790043268,1.7352275555184793,0.7028748699171831,-0.0934586134504327,0.3987442448991859,59589,42.21,0
-0.0015031749084610097,-0.034518494912383055,-1.3566185320483697,1.4405186996427155,0.20436505245009637,0.6197742467358107,-1.2704696712705372,1.481746746566818,59079,53.54,0
0.6482279713073181,-0.24392471970474042,-0.300590569171327,-0.8249798249924334,2.173713403065298,-0.07849209810056258,0.43552716940361924,-0.211338157137044,66930,85.49,0
-0.9486349522404804,0.055869807397998315,0.4780147387506621,-0.8435109364587997,-0.838272062739275,1.5954501745201126,-0.8401309533437784,0.7189954256251321,143067,6.36,0
-0.5922810960742466,-0.17005071377640224,0.09354542107829379,-0.25446067528543365,-0.1854783071949178,0.8327710885750317,0.5809926220961263,0.5180021758181764,122324,47.6,0
-0.5348676170953474,-0.08971782879225479,-0.8185447897918054,0.7271793158035581,-0.02223855383509401,0.7183932583473456,1.4698956716929237,-0.28122874397210224,35903,22.4,0
1.8054618685184807,0.1380949263324494,0.3071759117443618,-0.28283330377569693,0.17049578953296643,-0.7051682588075933,-1.6858280580039706,0.7987833702568355,111800,6.77,0
0.01768327004313995,0.8378411043858961,-0.8298567681375087,-0.49187971578071743,-1.3200585659077924,-0.9525190612762426,1.369936719868268,0.5049919649096261,149922,4.31,0
0.8438460324102736,0.5227721148846283,-1.4928349165515744,-1.5981362151968204,-0.6434030043857332,-0.9849328682632945,-0.9020495988918438,-0.4612233777664357,129057,61.61,0
1.2161379397635856,0.435951263724185,-0.15933124817864888,-0.5622665272586468,-0.713690013893309,1.6122806903039564,-2.035642650386343,-0.0836578706643649,43137,4.81,0
0.15494856082683417,0.030924820673397836,0.6370310606037285,0.19030178986836324,-0.9721057060499688,-0.7995551979887466,1.6765765669516448,3.2169835867901884,33338,6.93,0
-0.09697051766864213,-0.9901388917442313,0.5668998185387946,-0.7388575013091938,-0.31599664488331153,-0.4639180403218601,0.23722296403412438,-1.3712828902582723,64905,26.43,0
0.19511495305148255,-0.8163405270516734,0.21809246289538323,-0.3627439635726734,-0.21470801660752145,0.04245762027648864,0.6995759177359978,0.9016643911378525,69803,38.51,0
3.513676313065459,0.3385937497892153,0.6040476593785556,-0.9751559462030559,0.2147990149793038,-0.37301165148314186,0.7788107685278894,-1.4260393293170577,57304,3.29,0
0.05660276141817493,-0.6481671149590639,0.7224368263923946,-2.4644843361068225,0.6020147934134428,1.5075111961666396,0.7621160172985044,-1.5887384723805513,140388,15.57,0
1.2199329755364838,0.6947049704670458,1.1525370103303259,-0.5435217529450828,1.2367718895022066,-0.7244621682423739,0.05512820536405596,-0.5023907477200587,26495,3.1,0
-0.03190744557485037,-1.5249490256829483,0.6502203365105566,1.1446445173567392,-1.0012791447798006,-0.16834016799152837,0.8716144095407541,-1.3308567296820417,144646,43.7,0
-2.2255465004627095,1.1283029234255262,1.588035276662073,-0.20525763789891022,-1.315570703962747,0.1773842795296327,0.4816085731995573,-1.6407742334227025,140185,12.77,0
0.6057587975500438,0.7500617971067234,0.394598935358264,-0.3235174434423892,0.4405071726036236,-0.1553415541160091,-0.02529319310900609,-0.7854119933226567,145130,86.49,0
-0.6277953523595325,1.5528584983416687,0.27639619743243776,-0.09152032189798981,0.5470707438521516,2.0224568050199823,-0.2815443528334699,-0.9642423497080396,138772,36.21,0
0.13514628433164613,-1.5012392592325658,0.5885023502783295,-0.9755841869219186,-1.1812854905722279,0.050698146483262194,-0.41110078708842623,-0.7982063020533317,32147,58.75,0
0.04032904773149814,-1.7013518546025106,1.6060840676439947,-1.256276965017216,-1.3491666901507713,0.06137367767944925,-0.12297658098947159,1.3712837059339225,61906,7.33,0
0.023885134474415228,0.332910873364158,0.14980693667962827,-0.25073338067392964,0.12422442846402898,2.3248701368050098,1.2955139868962064,0.9604201587468345,36003,18.66,0
-1.5755086857682858,-0.3807161133334757,-0.12048019559214417,-0.748668623484425,1.2941966077007379,0.43714205845102877,-0.10948567748232976,-0.5978042092948351,171963,65.95,0
-0.17501068910675258,-0.5737900377611864,-1.227710393084674,2.3585392801323852,-0.5685184206309933,-0.9017088803369265,-1.0608188627317061,-0.625380451260628,158615,35.05,0
-0.19310109226712274,1.0163908214794815,1.473264705816267,-0.9997144524966557,-0.7137479385084912,0.8111938253067241,0.3065930301075776,-1.8611268247767867,142423,64.51,0
0.01921484945418607,-1.032747465150256,1.9799798653738627,0.41649742054684125,0.791941079449409,1.0480686287510415,-0.4361276073200601,0.5436568541826409,138165,22.37,0
2.425230023470288,0.23054883822423747,-0.34178313826854506,-1.313800871074172,0.08211487080059691,0.9979033696763773,-0.7093621573131672,0.5409498046270919,140868,2.96,0
-1.0350878265834083,-1.5246962295137834,1.8041763265199968,1.6665771982637718,-0.2491795151903866,2.6178964728911724,1.3284535173972543,-0.04912154407542384,148461,5.51,0
1.0253819886388493,0.015956987781536546,0.38098456062246705,0.5599616670099412,-0.8263960642493784,0.4700080519122736,-0.9856337144530957,-0.10269406964241742,41611,23.96,0
-0.9109581754432782,1.3168798384684821,0.0817527464644891,0.04348692860380232,-0.27707588805595107,-0.5814625592604257,-0.17684586429168253,-3.2268996247805846,136258,165.3,0
0.17079099418514573,2.4755974169995865,1.7370283759293799,0.01911225930168781,0.5464856490640925,-0.9219232079153123,-2.0889853940432808,0.6816153669025939,103124,21.06,0
0.005333109661899884,-0.20655037035874693,1.9782633032136645,-0.23699932527348275,-0.4221765245908492,0.5642231761355069,1.1120729317687337,0.12255581601147204,154264,74.96,0
0.5527673995839918,-0.28200274933054587,0.5922718665847648,0.5783880703253933,-0.7429851077190445,-0.11579529807478761,-1.0193933189236108,1.4860508058293391,71598,13.06,0
-0.7224312999426785,-0.036853087497611015,-1.78527576978264,-0.3829135855689627,-0.8988008707232633,-0.7298559819383715,-1.1857643484894296,-1.3521213205763554,44853,34.22,0
-0.9040367679755618,1.4285346454973957,1.4960403040262977,-1.3109706591217365,-0.3886278364746651,0.4532983743414809,-0.8993203946420963,0.7434276888213797,120690,112.5,0
-1.0034606689637842,0.9235597440302188,-0.5736876501583724,1.1831943542447814,-1.579815063217582,-0.7333154782972183,-0.20840721278389884,-0.9911887319261282,84014,28.45,0
-1.013757836563445,0.5718157089691573,-0.31921106369166846,-0.4514462680320317,-0.6876758300665101,-1.1081223507506788,0.36091646337949757,-0.6805459248547018,53574,5.73,0
-0.6187141946497247,-1.4990647307534786,1.0582891780988617,-0.5824671648393631,0.07589282077485351,0.12404242358056887,0.2058551698477734,-2.892739538444555,170395,7.61,0
-0.41340650506340687,-0.5581338368200162,-0.23550639413340613,1.9806831560110338,-1.961036525333134,0.4522251824171668,1.1260746642176978,-0.9671547439194595,41768,39.2,0
1.1599622074410596,-0.6974991904168614,-0.24448627059796935,-0.3560014137279139,1.587375666946666,0.6651656439423783,-0.9336976911315972,0.3974466575527625,43550,43.93,0
0.15723276568899122,1.9656922965542878,-1.1918477702187842,-0.9571951220556801,-1.7018813445162642,0.09256105401407996,-1.9359804032148258,0.22417076616791143,169490,4.14,0
-0.1896326538809749,-0.301700767454409,0.05558103437121565,-1.605619899036259,1.715208156475465,-0.3627087254193039,0.506022606897047,1.6179991057045917,130765,88.82,0
1.496270100862784,-0.021323074787957978,0.437756870426928,1.4722026619291602,-0.6417760327251594,-1.1808741538272267,0.12207279372043203,-0.19723180498150397,41051,104.83,0
-0.9192544846719445,-0.32602342639538784,-0.11791384899392901,-1.7153452852755102,-0.20877131316377112,0.9358599038944676,-1.2729575834704598,0.10998891314057539,53861,99.59,0
0.1870922876993082,0.1907364300762773,1.4221152901043126,-0.7323188912667894,-0.3563820944348365,0.062462282669976506,-0.5798560867032955,-0.12761406828762872,131889,60.21,0
1.1146804812048055,-0.9690701581921362,-0.3880038226281149,-1.2870928307992595,0.4493423099519995,1.228813115353375,-0.5444754548134593,0.7223061954104107,27403,74.43,0
-0.14518028746726297,-0.12762393502284422,-0.8842342556481635,-0.9640712611586018,-0.45493083027938613,-1.0527684850177441,-1.1501124895728223,-0.9169857975996021,44316,58.36,0
-0.05621681212847209,-0.09362778596860905,-0.5046319891835901,0.17818927202181611,0.8371330799185732,-0.12819824085215326,-0.6626740519345098,0.992107421151511,150872,39.94,0
1.7991285085238564,0.20064358687201592,0.07486429894211466,-0.5417287860767501,-0.3638946006086468,-0.7450122020091959,-0.9530240434724605,0.4496225044284339,138080,213.06,0
-0.8182116969603536,1.5076743346127723,0.08394121403370815,0.8607298667107548,-1.3005473286570142,-1.305357417700682,0.2580032430071763,-1.013872314461966,66274,22.71,0
0.10637994132746281,-0.2267274123129257,0.09333164973526689,-2.6702240511214193,-0.37416464398000016,0.6077143441696848,-0.3001924839598352,-0.25420772742270187,50822,32.8,0
0.4580131411448066,1.7407801168149106,0.40151023993723883,0.3628618544142037,-0.23369990106462424,-1.5513886190380337,0.14729806846584706,0.041515710015524385,142597,38.83,0
-0.5685001555680178,-0.2152199737944095,-0.3803702600013717,-0.8381537443240703,-1.5494119940313682,-0.8327558872513702,0.14386337712856498,0.2823872673514995,43128,20.78,0
0.32989543321156595,-0.04295963610416156,-0.2726750829498988,-0.630749516986722,0.426001753101845,1.1939915301356008,1.6182114847852322,0.4133696812314349,46706,9.12,0
-1.7055909191371088,0.06591422318991616,2.4457433712031302,-0.9611910718329131,-0.32212694238969786,0.29793249004141864,-0.5389181670706873,0.655356940705191,28207,37.42,0
1.6589258175423633,0.6506677503137213,-0.22912479630450694,-0.7774412402808677,0.8038923344704295,-0.36769537266919267,-0.11350552714247568,-0.8250810033989462,53560,28.87,0
-0.5445305733392659,0.19708161698214768,0.06732256957209698,1.5140777947616753,1.1804903685806785,0.6821236353829301,-0.27696385412026164,0.9613324357067675,147639,29.78,0
1.7897906998373772,0.7427230614249261,-1.2100329674810664,-1.4055789105072019,1.138935820977949,-0.9972915110979095,0.6159550890440554,0.13394029593058274,59164,1.93,0
-2.184349945780611,-0.476484270688054,-0.5469124328997589,0.3434283658934296,1.1611061789212709,0.10743089984215502,-0.6490938944263955,-0.8223016136407805,53051,33.71,0
0.03834759980922351,0.505211330881416,1.4634075469736414,0.6869756623037189,0.13611848449418773,-0.048283988647842585,-0.14374519696599863,-1.1846857772799864,29379,21.08,0
0.9243301112807731,1.0061910069545776,0.6152194212122232,-0.9502644956570189,1.119195887146244,0.2603861596863451,-1.011241350572596,0.3566950898882012,44620,21.88,0
0.28411329535018487,-0.38677519729828513,-0.7850507414912696,0.8079702659154591,0.25750501190948666,1.049314514625835,-0.37190006027034567,-0.01642757273097545,159136,17.46,0
0.33502700785995987,-0.15848305596849518,0.582624089223645,1.147622120184531,0.9920325163111163,-1.0621587880209766,-3.0287201174986063,2.257620637550414,36428,74.5,0
-0.3410022181445496,-1.9062206815931022,0.35418909321495473,0.4640646677051737,1.0872813456209043,-0.3350396163618237,-0.6670652825297668,-0.9145649199926179,51387,54.88,0
0.376505680977427,-1.1639678613911928,0.9167248643158379,-0.6518236786645775,0.6187727395848064,0.6704054890594515,-1.8159319960198228,0.20932685149187039,162163,17.05,0
-0.12855913238440933,0.8410336399375845,-2.4442531629204263,-2.5924121906915993,-0.5976300791065546,-0.34314955389896423,0.6942772781088413,-0.48023940714221863,134512,96.91,0
-0.9265626019814763,-0.2586889520549061,-0.7415526039614807,-0.8530125633358254,-0.19796944182127724,-0.492207790968045,0.19968990865345315,-0.4198561911143674,142528,2.99,0
-1.6818144538663589,0.7252398504962689,-1.3633436074053245,1.4116720638553426,0.3560225035862777,0.9594099968570928,-0.6466556335942929,-1.1234717190204166,71534,7.21,0
0.024577142273143403,1.1270858255522334,0.22935042736273703,1.4937943478681257,-0.7832837788003133,-1.2990294830521263,-1.749326282829664,1.2549657286283131,3685,35.43,0
0.9468607730140203,0.318770031148127,-1.0134072592736927,0.6268928194842975,-0.787414782898855,0.21088989994715018,-0.7728257528721194,1.662216427534441,36145,12.34,0
-3.061189039318564,1.3685071638692075,-0.3445784990507518,1.9240919163464902,0.4144745013126702,0.9420337652457687,1.0513690290634687,-1.6513280107097055,9441,250.25,1
1.040206082346232,-0.8985162373224431,1.077553188713194,0.22819537539493498,-1.3301089101334256,-0.09146416675087633,-1.004245546956597,0.38722337112535066,70197,29.47,0
-0.6749644536375591,0.6873053990670901,-0.08473258620756811,1.5490927450224867,0.2308726200608537,0.8822662004107062,0.5798265362589572,-0.8982508073743277,156538,4.13,0
1.0111808267879074,0.4993246142274765,-0.49194667841980144,-1.2800729073468584,0.8825908260792253,0.3316711008585959,0.9692227991928256,0.45876279597417424,41558,55.92,0
0.5350360327139687,0.6822803308705617,-0.4745681795684343,-0.361811820911753,0.2690043217165292,-0.6185405138584534,-0.5083567491115337,-1.7598629320924355,35313,14.52,0
-0.38176959950477257,-2.5425079770629972,-0.07714945575132683,-0.3692697100993102,-0.5246723361185606,-0.7796306743311419,1.5370864864344103,-2.68777400144114,83064,33.69,0
-0.7430355204391921,-0.07135510476334014,-0.5819971722615447,-1.7250743898456298,-1.1090608566828204,0.29302671329135777,-2.6038543545989303,2.3762627461135546,106297,35.54,0
-0.11671486063167448,-0.6872421560406916,-0.14344296887868585,0.3330059585745976,0.11337774911646462,-0.7350110606943473,0.9933643797086508,-0.5945584233525255,131873,70.6,0
0.20441508650825344,1.2578160071217905,0.8439678518581111,0.12329128270163621,0.11502283735847334,-1.2653114413094961,0.3819547877219897,-0.09648303107712772,50235,9.08,0
-0.14104436972663648,-0.7502241859239825,1.2709985762421219,0.5200909850007069,-0.01462034273895484,-0.8781799845835287,1.401358652683081,0.09835848413707479,27563,6.78,0
-0.14532328480876922,0.13031495036453744,-1.144156859143325,-1.4390747552482208,0.23038458624544275,-0.6780822003818598,-0.5537755881094242,0.06319082655500699,161443,87.58,0
-1.1358654123434735,-1.202691383023435,-0.3350682719276897,-1.3135033932697568,0.9887759285215094,1.34494687644905,0.7830292925387224,0.3490704507698706,137905,51.38,0
0.05871531171427906,-1.4167342128339995,0.4163824344862289,-0.31850044572128905,-0.7969585571955689,-1.094902285749481,-0.1932356216099141,0.25496604593376215,54922,100.4,0
-0.2704385312414064,-1.5652877603051445,-0.05754859511839941,-0.021750964474391635,0.13308144708905537,-1.0033807754218391,-0.7998996915172688,1.6392109326117312,137520,95.41,0
-0.44859443086925754,0.6130983911599744,0.2156310360551578,-0.8018414650265947,-2.0241072612082074,-0.39475753420889964,0.5220240980969459,0.49489037910304867,127222,53.34,0
-1.5205009029478165,0.13291024685065989,1.5177484701978252,-0.46147328253603753,-0.38474710054315747,0.6318380668979264,-0.855179205805207,-1.1807627271446355,87949,13.26,0
-0.6844594894144985,1.2687364571297728,0.596541664204475,1.6561148928803573,-0.10720471209814875,0.4316085228765972,1.4025460222205832,1.2495949332371197,24987,26.29,0
-1.7363659524312751,0.5724639921253156,1.249460132722118,0.10346357844036373,-0.9666849569263049,-1.5522762293139685,0.9959724897633094,0.1021192558760649,47691,80.05,0
-0.7945598597830043,0.6877732190811094,-0.7244032099423084,-2.425858579221377,0.47096916260840793,-1.9191659528955514,-0.9132571499637152,1.8658858255010353,140736,13.89,0
0.9600391808954257,-0.37953889742192626,-0.0011495648046663729,0.9295289063494676,1.555338239475078,-0.3161792525756171,-1.0000807425869997,1.213008142942167,142066,59.43,0
-1.3385225220510168,-1.472109706327306,-0.29745121765773147,-0.04232590964298583,0.010363113109881228,-0.8549415617525271,0.41571332369794867,-0.5217659458557397,48545,100.37,0
0.5787452189963656,-2.2945748142268156,0.11251520063523884,-0.17278540740240805,0.0926106233296261,-0.32188326559232283,-1.2929584806393164,-0.27255273654243206,133276,34.78,0
-0.6324848747770179,-1.070180497740502,1.3544598843319415,-0.3728639658019676,-2.954310752325581,-2.661709076965646,-1.4754922110181068,-0.37572100637676215,63976,48.22,0
-0.08638541959471367,-0.43153862700957235,0.34434603619342313,-0.27646993953913634,-0.693286008418734,0.3180999154350874,-0.5974437047289051,-0.194762088252211,121534,31.82,0
1.2842937430602945,-0.46016996854292425,0.08277953666162044,-0.22824094771857162,0.5048666322952801,0.17154505056332062,0.9099641374112959,0.6552668888528668,127036,21.06,0
-0.7922711910044781,-0.25553828533585915,0.2508922793702804,1.0698684085401453,0.19506280548863209,-0.17561510513099388,-0.8234419774069368,-0.7444669895585648,141995,252.78,0
-0.016648696511257933,2.318724827479106,1.7136914186432557,0.13915457253405666,-1.358212825207657,0.6890311762782637,-1.1132913124878523,-0.9745008151364684,36822,11.73,0
-1.0403321244010426,-0.0884503924297053,-0.4461174244703895,0.3959366138188138,0.20414354126511525,-1.1368318328175344,0.4758440569331257,0.26755457169841546,133582,87.3,0
-0.9549255066223213,1.063442289187257,-1.4305600285550093,0.5949099580142957,0.8507048835988336,0.23801964482862245,1.6638880355028012,0.40557399879083267,35108,5.62,0
-0.3998041652196633,-2.2129369794643554,1.2137722786308258,0.5424478467212955,0.09404279099435894,0.5680521563119797,0.08251617275026123,1.6432662399096565,127093,25.67,0
-0.31588100484938014,-0.142547237861408,0.11808109989878969,-0.031515059180472246,0.14776694946647423,-0.9351449983886685,-0.32512999833242945,-0.2657873368998263,138231,73.89,0
0.14983905381468807,0.6765699283895829,-2.155890739226377,0.26618433113747114,-0.794064730343127,2.047768790586787,-0.20737120693623548,-0.710340236669095,150791,19.16,0
-2.248765086338618,1.4460475275031124,-1.0372222304073049,3.181336401997169,-0.1830374278327025,0.42343777840185337,0.0930261648356285,-0.26567601734594454,134327,59.58,0
0.7866459516490854,1.36326655107387,1.2314744891002538,0.5553309290001921,-0.08418955944381686,0.4307991032685997,-0.40981780532368284,0.8910010357967324,47821,59.38,0
0.025378371774395895,0.9149140019096526,0.02508244771156228,0.30553316949926845,1.0176775860983247,-1.0690529325751332,-0.8377273674116866,0.10845043648079715,75032,32.93,0
-0.9751547490361389,0.5619176094750099,-1.499538348973508,-1.4362158035718935,0.48267840809593554,-0.3361367392494147,-1.1688477920082279,0.9499354180905146,171154,58.06,0
0.06408716482485169,-1.3498873680437546,0.45468689211004665,0.3852366177356319,-1.7713380573240582,-0.7293630592685366,-0.2989008836739238,-0.28911397044721243,71813,30.2,0
-0.028268502210758908,0.5318580636563964,-0.24142198969730502,-0.8421472716189686,0.11444093534629875,0.9928169782294911,-0.554292868838304,0.8299925039506756,121220,16.24,0
-0.373907697809494,0.9466178571800601,0.0557294763272197,-0.13028683199502689,0.061926973849578626,-0.5411586735730474,0.40583349841225713,-0.8574114726227242,135678,69.45,0
-0.45534403524485295,0.313926446629339,1.186278271231893,-2.0315773243111184,0.12618315725359716,0.05740397701931097,1.4964560593725689,0.8285327771235158,51930,80.5,0
-1.1696714751660198,0.29960109354672243,-1.1847978531112537,-1.334930458374759,0.3712918813182067,0.6749363322737297,0.7890312063302195,1.1109637648570587,65814,26.67,0
0.6786840648175321,0.5521532131732327,-0.607921725918519,-0.8240311159254023,0.07477557858347839,-1.8900707404653267,-0.30753037871179045,-0.9823385209537272,141378,52.38,0
-0.5763462617337513,-0.7787326492597042,0.7679089673716136,0.44667962805067185,0.05295252471004327,-0.38337637429407084,1.0346983424780327,0.9006485975134297,57384,55.35,0
0.6374546469416479,-0.7356661706363127,0.5803054199597869,0.3356596154073963,-1.722866812975899,0.4297658506089136,-0.4171421432566385,0.6905715730620865,79994,71.08,0
-0.014223395806873939,2.1004609089505193,-0.6677118740849867,1.0270702477301241,-1.7103432667592235,0.039793451640505885,0.037625544399826266,0.7452391378616683,40491,17.88,0
-1.8804236657861917,1.0831779399135015,-0.1049338171967513,1.3034777574025103,-2.77655106878885,0.0833134568152941,1.114115636361765,-0.9393340341548152,74296,8.04,0
-1.7935090663559552,0.29801628058391205,-0.4682800935701761,-0.2458942729902455,-1.1399316249471727,1.1947682541296711,0.26235231923067054,0.9936367078761418,37522,16.06,0
1.1855206355467158,-0.6492343473128837,0.8797384946186406,1.0714910579935544,1.289107962414437,-0.5859023278595267,0.07510138428747186,0.18189365977698405,170777,33.9,0
0.36847396487039735,-1.5364423956165476,-0.19810534520661777,0.6259469119356091,0.3109791361856887,-0.43657109779892167,0.8885234781465432,-1.0529791284530894,61745,44.39,0
-1.0764467049935258,1.2806357600301999,0.7054573144491333,3.501764846721028,-0.3866980815529002,0.9637956182043244,1.305917451537719,-1.6607750274841502,96071,1205.1,1
-2.0263382597996342,-0.6712253691968924,1.2620481059040045,1.612527393776949,-1.2764451769249752,-1.2746915026436112,0.7635342565604015,2.0269555576139675,33669,8.67,0
-1.5290056365971425,-0.25065057443684424,-0.9499246437962541,-1.0851663211038924,-1.5688016350846476,-1.6426894821953608,-0.5191259997204939,0.39290783333463597,55235,31.68,0
-0.7218785348575827,-0.4884064331471405,-1.8195821394577085,-0.15933541115393626,0.007466320593719553,0.04605604282380473,-1.4498765120109498,0.3453032973534039,72733,45.0,0
0.503955639894815,2.547006310329494,-0.7314053065536594,0.1620682495710117,-0.3489469782909231,0.8983286002615217,-2.000656404795273,-1.201618235254287,159368,6.01,0
-0.9358823247209913,0.5498699951773914,-0.30410835620132065,1.083748082247674,0.6744575005914134,-1.122060058420837,-1.2605420007741701,0.20760590208767007,111656,14.01,0
3.3845388598946484,-0.03672313763077546,1.1085315772530144,1.007209102997765,-1.2669074620582157,-1.7931247843359261,0.6423133625895667,-2.220453751503902,130440,34.13,0
0.43883830193446804,1.8404545212578993,0.07581476765732446,-0.24288896282605701,-0.9765724788143244,0.3703826380050328,1.0166918628504908,-1.7873665750664478,148365,22.39,0
0.9702551153286566,0.14207046593306835,-1.3127728452343135,0.2967133020876939,-1.614192261123357,-0.18046791272404336,0.6479894115357767,-0.5872390736187628,69598,49.17,0
-0.7284740158847517,0.6819538813098218,-0.8071133415620749,0.2774532576559205,0.1535485542601713,0.2075196377161215,-0.38670454127544374,0.31932188607293716,76615,33.79,0
1.0474386120115362,0.6878047235509035,0.9027370265389862,0.1831493567665824,-0.16363520698352668,-1.150767807832634,0.9853158970758837,0.2559965216932986,22895,43.42,0
-0.2524296068277821,-0.7605556986756219,-1.4553110775298008,-0.661412889205809,-1.7762518595411971,0.2558054919294123,-0.3149668141899938,1.0841307425733862,125975,10.54,0
-1.354097212781764,-0.27749158361205456,0.9792844894023052,0.560378080047797,1.9574044485348816,0.024090960429563105,-2.559371961514953,0.3848517744017083,63632,29.04,0
-0.020566058960239518,-0.8028382337226675,0.4887986414030439,-0.7050163757526768,0.6889959462443453,0.48595167095797076,-0.22596345769928491,-1.6866655687028371,99284,84.93,0
-0.3980965839865511,-0.9833170530868658,-0.29580873934668633,0.3119740592202669,-1.1909049882628129,-0.19523274153162382,-0.5250571103265643,0.09335191202951491,145133,3.37,0
-0.2126454519184638,1.0333021644758376,-1.3703822092283517,0.39595005256890714,-1.5333588308984676,0.07019029391978254,-0.7404273818639925,-0.924494824339292,112116,14.1,0
-2.0009054484548625,0.9533482552360615,2.3802813702286687,0.11388882186482913,-0.03465261036366199,0.044325434365469984,0.22484938870529922,-0.7299733950767141,129797,12.15,0
1.3787664465402063,-2.6668397657464586,0.9379393724822738,0.5856775467607466,0.5348550826399774,0.6171836136035294,-0.48111662742951383,0.758877543180597,156938,49.5,0
0.8513861003160959,0.6001164233280122,0.8214888586623154,-0.08251800213804089,-0.8356544019971733,1.1703398028775864,0.04576951106569544,-0.5219138895213511,59413,29.98,0
-0.9197339318801621,-0.6827058503701445,-0.08213395270969098,0.007299678930646345,0.06060122354507001,0.819998528114708,-0.29316328062189156,0.74896283541349,41778,12.99,0
0.34782043060298384,-1.610471813236226,1.3507227635645442,0.26909760958498663,0.7229090500075368,-2.0735368397587037,1.4643513140083917,2.0598496287299795,47641,87.05,0
-0.07605732892686651,-0.16318935476092003,-0.3763910047715011,-1.4110673558404296,-0.48291284722839156,0.6742317925034584,-0.9320182634750263,-0.2800573211844655,152960,33.88,0
0.6419014195046783,0.23663178558216924,-0.7756819763173526,-1.109370856938148,1.0383110289211201,-0.42118824631920176,1.3973541299582117,-2.621512413695401,59289,59.4,0
0.931352404363791,0.22912723980333663,0.39394321507866686,1.3627359615792993,-0.03971574878053483,0.31488232986315096,0.3524179175620455,0.37901379671629026,141546,9.22,0
-0.27618378676115973,-0.7946402743902745,0.9496593586124389,-1.416941475259401,-0.11906678390511732,1.0106367274294292,-0.630093873549423,0.43905866087037315,61498,30.21,0
-0.5207909255941389,-0.38808403292092136,-0.29016263285235677,1.1110318754534523,0.44174712035898667,1.8349912808232347,0.5483744190992937,-0.886060649560042,15663,17.23,0
-1.9129293968035763,-0.08238321751557717,0.10744490774155621,-0.16639407377805973,-0.5128145212197679,0.6288828308615898,-0.4083134658662695,-1.5177871838368304,159670,124.07,0
0.5281621875537212,-0.13604755444267402,1.0396002037633012,-0.4402219748337124,-0.5595283360361892,0.42289449049578165,0.10751074395183037,0.37984795878565314,54939,39.63,0
-1.0140102461653475,-1.2933586643753971,-1.0740302654136737,-0.9894517975571459,1.0365202332250576,1.334224287128641,0.6431898240629084,-0.9931887326863382,142873,30.58,0
0.29117701972214416,0.5606540615615757,-0.03666436986055886,0.7594250245525254,0.03550923519945397,0.42728097108015095,-0.664404236254239,0.23053182829547886,70822,81.7,0
0.030577548013576275,-0.3701864527252774,-0.5542149526868441,0.33403512895649146,0.5156143007854291,-1.648057003398717,1.396863893052305,0.4709130635579519,149391,40.37,0
0.19560534455259146,-0.696645744963519,-0.4787988824477658,-1.3829901559347806,0.7773768216131279,1.7706874061894071,1.3615694388793473,0.02482106325249024,44010,9.02,0
-0.09417253955545139,-0.3227058998684365,-0.7999666467484103,-1.8775833652979093,1.6274389692279618,0.020893607149565625,-1.6111077573600283,-1.026153516920301,68517,49.98,0
-0.4476234655262884,0.42557911557896166,-1.2314087828393023,-0.4332480997380162,1.037509052437578,1.1788189731820586,1.8413130277173524,0.4450601859327594,93744,22.66,0
0.23904472862519205,-0.8761075269158263,2.4307685441265248,0.8288045984192794,-0.6913457736450205,0.05280192302969524,-1.4585856995084192,0.12178730210188744,35556,23.9,0
0.08561642525758065,-2.2590175280706273,1.308939256816509,0.210817077919051,0.731002389089898,0.743716929140829,0.9102642182809021,0.8096677527462084,37126,19.64,0
1.7581083094985337,0.4589562564643077,-0.004748684346470566,-0.5774321411040931,-0.1380708456568432,1.1147436974160705,-1.8277020866571514,2.9394280040943874,100290,1.79,0
-1.1792257437742455,1.6703947307431148,-0.5201924969411296,1.5722092892991326,0.3583027866092347,0.628495696326183,0.6946514502023682,0.09879878032857163,38067,2.05,0
0.06251213702137615,-0.1556833330265392,1.3605623321766505,-0.5915876790410706,-0.17443791695544159,-0.6474563815229777,0.778985659983068,-0.8604851538880623,31291,52.65,0
-0.6459417364892919,1.0530052564791057,0.29108404908745356,0.6869621062347439,1.2243309321784035,-0.5725685021380104,0.5323775282856413,2.3199920212525873,137999,6.8,0
-0.1392864436549222,-0.7283020498382534,-0.989038528817528,1.1856872228247777,0.1515433079306671,-1.9752170645915617,-3.2958197942941174,-0.1518701577392166,46081,63.82,0
-0.30410011381914887,0.2229014537554047,-0.4747045090048151,0.19621711133618072,0.4326480346289848,-0.3508639727654561,-1.729543797366763,0.33701537860137293,31852,34.56,0
-0.6485156451056838,1.2558069607722167,0.5113353395949458,0.7346655475110913,1.5889336895061377,0.692211225880421,-0.5697320930402933,0.12375109524549044,140422,192.07,0
-1.5546034876955204,0.31366769759808283,0.9842826502432089,0.37662004684636274,0.04398769163394749,-1.5408557889491703,0.8460493484671823,1.9465639205096612,49676,60.4,0
-0.882655953170329,-0.24949937878660805,-0.15979255236775836,-0.18605014769755734,-0.6717873223166864,0.8748085158862177,1.1408885009455196,0.955292250878225,71708,56.72,0
0.246128422664322,-0.3298430330245114,-1.5096325665546106,0.3287912949364686,-0.4026423588962599,-0.743996534100822,0.37249442602912597,0.46146301890916824,70994,3.62,0
2.4764062313852637,-1.1768813204315556,0.8207551108636598,-0.09253469386186064,0.9441521914230817,-1.2599882842029764,-0.24950139987957742,-0.898049675105254,128284,11.5,0
-1.4125301309965694,-0.9056552377209206,-1.6616158524946396,0.4765806289008413,-3.221256078752423,-1.0024900921126803,0.011973523396195484,-1.0780178241944198,54135,38.0,0
0.17646114782806427,1.2427716341680028,0.8026151237699971,2.0851233406845395,0.9846101496603076,0.15654480151136071,-0.2973931198244521,-1.4119618504016886,131140,56.0,0
-0.38651304521391355,0.6588419843714824,-0.24058461846072685,-0.39495274806257097,-0.30794405632504207,-0.6867030049898435,0.44946465197448005,0.03624572732326078,155446,44.05,0
0.7759875393068612,-1.0370520360517839,0.6392692326035307,-0.4959972805846605,-0.5191749846677253,0.8085389951084476,0.591984799362389,0.4197836231935312,54717,13.7,0
-0.5545770178178621,1.3837003872294342,1.4138259911137887,-2.4280830770610407,0.7654259139507126,-0.19500476490089885,-0.1493549210304904,1.1651235834075448,48180,21.69,0
-0.4081128456889421,-0.6171059308711718,-2.1472017930564586,-0.768181231336283,0.25114235331670126,0.8751159565444877,0.07615901024625008,1.0594488394260166,114653,32.34,0
0.42149575032042563,-1.7454853217172681,-1.8529663443242261,2.0685638842825527,0.38881091705848664,-1.5376587823325518,-0.21589544897024565,-0.7808887535842894,136191,41.52,0
0.45901092414683314,-0.3252579549213574,0.168086780687907,-0.6823721554782199,-1.9896832294220228,-0.2419940254582289,0.4911400218109582,1.0257316630825344,117911,268.0,0
-1.5662376798050242,0.02068051074980081,0.8049648975333104,0.3079776458721335,1.073139315817288,-1.5350383930428158,1.0872844175987442,-0.6242136754840819,132487,69.32,0
0.5839738850556615,0.3696006421439926,-0.08236020418216145,0.31844555649263756,-0.9534359914206195,0.5668630101879366,-1.431704481912999,0.25496958101613576,111780,1.82,0
-0.5684768301404822,-0.7481261159492422,-0.3285867802985206,0.7361223323766257,-1.9898377931261881,1.2946499243206915,-0.20413617748976157,-0.6340823478860038,73151,69.68,0
0.39750594509097736,-1.4306525137212387,0.8484960689000609,-1.2359163752366034,-0.8773510038092717,0.2419691680554044,0.5979135073989382,0.22003100406939308,49771,16.22,0
-0.5879841331636343,0.21979895672019445,-0.9175427564315195,-1.4138787029604452,-2.629365478107783,2.0861725452989544,0.20198102548326494,-1.442610790366031,46116,62.9,0
-0.39936349131725574,-0.18835622647590086,-0.5096964688958858,-0.267916181352738,1.871248918330586,-0.004951273461915913,-1.269626761962255,-0.9592501971012752,83134,36.81,0
-0.5639569870322159,-0.2373514339974784,-0.6453044015661688,-0.33232707166036535,-0.2566173350628113,0.4162853237728602,-0.6900142324186395,0.954815418094465,124501,20.03,0
1.7978372678210017,1.7130392830837224,-0.3292318331569714,1.0517516999593768,-0.2933691152969921,0.009810028271456755,-0.6809353889494114,0.8197720347515387,54197,92.92,0
1.6708794039757218,-0.19149308001792467,0.4730317753215821,-3.1252154553995677,0.8302899512148947,0.48888270768399783,0.654963916372856,0.03925872930588306,171415,4.63,0
2.215660348131944,-1.1790595565794677,1.502205951463685,-0.5817075585924909,-0.6831955990681112,1.044372933347294,-0.6981500497595202,-0.8908150317774555,57820,40.68,0
0.918031848727561,-2.279525304660622,-1.4955071106404982,0.2133572864972789,0.11586252128996938,-1.01673109146882,-0.334880035264591,-0.8264920724285644,149662,21.77,0
0.20302703246719755,0.6909473238473708,-0.41942206997462467,-1.1364723057670512,-1.520613201098249,1.0824668560998534,-0.8149732522409833,0.515637190028323,78532,7.62,0
-0.2983986433824423,-0.06922019146108545,-0.5233539249165968,-0.011031618964178124,-0.9065638607594066,-1.3534935681500504,-0.3322387485622097,1.4344584235090931,28327,7.9,0
-2.2587494578265033,-0.7706624552844793,-1.2667873797738771,-1.208450893664569,-0.7348166194464202,0.8176457260783908,-1.2691991127377964,-1.8549915148115586,117444,75.64,0
-0.1554891254723913,0.4417404281684909,1.0596986858041393,-1.1430913688343682,-0.4785905516305926,1.2031555599366837,0.5088348945408068,0.3273197427278892,54704,30.56,0
-0.27512912499919634,-0.7240255426697616,-0.8155218513772681,0.05104030769008589,-0.014739133672057344,-0.7561050049110858,-1.6144475853444138,0.4080254088131378,58708,18.58,0
0.6457098655112854,-0.6810856663158112,0.15327213985112256,0.9536541775333659,2.0248261982284452,1.1555523466028783,-0.525405523722999,-0.7463487473568963,119837,32.18,0
-1.1397250691608476,-0.8487638743705084,-0.9753532882674387,-0.46713788386548966,0.8345015615853182,-0.1991309775185228,0.7129013630851462,-1.0650868841787495,172800,35.92,0
-0.9287565596886601,-0.1381804933322729,1.5828800453236225,0.375182312451085,-0.5101250493637778,-1.1751619961278839,0.434971472673564,-0.12910270847372343,43746,54.04,0
0.6472651543716933,0.37358604994647143,0.4390643258527338,0.5232154919327876,0.5699889051318785,-0.33073958648709806,-0.2710309293682056,-1.3608158263370282,133852,160.4,0
1.4407426944787047,0.2663193485159318,-1.7330938529835243,-1.871553237699859,-1.1424176172590783,0.2646396990738166,-1.7128720476344248,0.1103690043922271,129771,7.8,0
-0.8809380152746713,-0.7622773663637834,0.2076911239013231,2.349974486186724,-0.07204200235641234,1.3740553543260088,-0.11405238114801533,-1.161558818298335,119392,2.83,0
0.6030667274729125,-0.9415995966385358,0.19650654401024706,-0.29534165614222807,0.3678366872084352,-0.5350859675480847,-1.4548657170373618,0.017255821910814508,142591,168.22,0
-0.45852764241592936,0.706253373594852,-1.5911259720182742,0.6860804385999714,0.3253981609903326,-0.6906878558432369,0.4141154672917551,-0.8815874130137338,80395,5.62,0
-0.39521787573338474,0.5701970555231892,-0.3303637032546099,0.3376217827466376,-0.18640835188905627,-0.1443387265198116,-0.4028484823351776,-0.5737066866414319,55306,70.25,0
-0.004381943353212756,1.5630831246746923,0.5655279918145413,-0.19064884631419646,1.8465716502943967,-1.3028176142531889,-0.7321170055584766,2.810617924246237,42934,41.63,0
-1.2570172409321418,1.0231243542578745,1.6027756426897817,-0.06147361006683614,-0.5344731073294516,1.0679794909231966,1.1761132695370786,-0.8661347477177993,61718,17.16,0
1.2162852803201827,0.9491369971597339,0.016585267433954005,0.8021485191743193,-1.5374512894185914,-2.0198320277477393,-1.3753857114386994,2.8214902617295086,40877,18.8,0
0.10220450942045464,-0.9416248028469959,1.033487292768359,-1.2735990010357823,-0.6934630283464318,-1.821350209142141,-0.44519171214701,0.007121368815214101,56514,3.36,0
1.1187009518302087,-1.8796756144380062,-0.01380504331714365,1.0023510029313085,1.61313214197923,1.5493911369202713,0.9446899595979968,1.8675364077509795,56287,8.57,0
-0.4118714306779177,-0.9180324529688414,1.3457237525339716,0.7548863422320016,0.4620640113008295,-0.955393625657917,-0.5299980669793449,-0.6110462246293733,50759,159.74,0
0.9686165100631691,-0.7810076060760212,0.0098760626400211,-1.1337768565258166,-0.6266153090729425,-0.5897554797978153,-0.7022622578076418,0.3662045382369723,134815,9.84,0
-0.8415008715393107,-0.3171112807510508,1.6586360776165816,-0.38991119307998706,-0.11021727725560455,0.404184641918113,1.1674611897113703,0.1420031052364933,62552,46.26,0
-1.6336642947203286,0.3618339101777725,1.049612794970177,-1.3235043526342511,0.350760358110139,-1.0462495298810175,1.170315725601516,-1.600081471014645,29985,23.8,0
1.5480311145689691,0.14580588823220075,-2.6747066403703568,1.2668813121425289,0.31527142815980685,-0.506901341756119,-0.2567191688609454,-0.30774404406623757,121621,16.3,0
-1.569778432812619,-0.09471884189462633,1.9901647242165657,-1.9975819744169618,1.6860060189298032,-2.7150575500791176,0.49908451309159474,-1.8571925654444015,144763,61.36,0
-0.5662575689260696,0.7068829212666524,0.6758664079374624,0.6015360185136042,-0.590297885171597,-0.5834437764610827,0.13115144275044122,-0.25228972837061264,35615,104.35,0
1.1178765104452832,-0.23608125458963128,-0.22433923951720086,-1.7763773794047137,-0.9027533193163249,-0.7014309706133144,-1.8090472970279752,-0.8630184443320631,121644,57.11,0
-1.2797715635584692,-0.7579614875200275,-0.9114494653559744,0.5427648856846735,-0.2344094079489807,0.8265863087283339,0.6215748762583195,1.7548880592176517,58298,60.59,0
-0.6757382758645076,1.555418332808683,0.690167624183214,-1.3063651444144821,1.4727160300550957,-1.322983805267473,1.6059897903914482,0.7442766687762318,123472,10.72,0
0.33490993645994044,1.4663987246010093,-1.2181484120692732,1.1944648053276665,-1.4267375640444053,-0.4808957088136235,-0.002570863685376058,0.4111456975296016,125240,5.95,0
0.3458213162085912,-1.3392001890140703,0.7437462438569138,0.44356182717502385,1.3547687908190007,1.0535330671361212,0.1395759243343425,0.031176742027399857,58075,11.79,0
1.3369235637941375,-0.289075728973036,-0.8229085394095156,1.1183953401969833,0.08156533248630289,1.3680754222849472,0.9518661922512768,0.3320491481774664,161135,9.1,0
0.5481956716105086,0.587953778226385,-0.9385593984995989,1.541249189369666,1.427635111422172,1.3397153090966771,0.7878141078862255,-0.3479053881301221,120970,32.41,0
1.1992375566092388,-0.7250821727725908,2.251317973751833,-0.24471823616392757,-0.032832207247307274,0.5320436975973459,0.8525321208849549,-0.1714424894694722,62474,69.25,0
2.529811424915173,-0.0037166120272440336,0.25471807302375044,-1.493702905781752,1.0419916312497217,0.2781678063448012,-0.8919025232215396,0.69342675646299,41555,19.32,0
0.3690347090314865,0.9961663543986442,0.14077359958166677,0.679593987031822,-0.7556409030768438,-0.6896687017269431,0.8810347536387857,0.12102247537725104,149530,24.61,0
0.9181408900021274,-1.9422348330087318,-2.358238198401734,0.8327888721228647,-0.4219157403055488,2.203656792889412,-0.09285431710910516,-1.0002808825386165,127871,8.32,0
-0.8505428081725104,-0.23825457395383548,-2.666488241775338,-0.6287515992403301,-1.5235882364197249,0.21723380367049408,-0.595757597918545,-0.30164533002725896,60862,8.34,0
0.195140049758993,-0.37832244799109405,-0.14511856333613612,-0.06695933390142567,-0.038913744909976,0.9274297691916048,0.9787061296547942,-0.9907027589334488,145185,19.08,0
-0.17346228923435192,1.7059709782777823,-1.2440115841734893,-0.9400765619359723,0.21992111489591223,0.08587785416985415,0.8171261395614118,0.1605519383122771,57376,1.68,0
1.698298396059252,-0.20670107682233727,0.4308251082593893,-0.21825705787210473,-0.09301567407702215,0.5463509281213684,0.13798880393880966,-0.5216987674946778,39410,7.65,0
0.0436279710993578,0.9335733354482981,-1.9469685957382254,0.6169967809590753,0.7071683149087612,-0.5749008530504395,-0.03135528737602596,-0.9762059026067934,150431,27.42,0
0.21978001674301198,0.1088240782187865,-0.708715951117847,1.0127608093184106,-0.3027733350163578,1.5698773669367871,0.3606445927132028,0.25903444865726555,153275,33.21,0
1.9114467609001524,-1.0253561621058667,0.6192645310318431,0.796848122828858,-0.5234863420799338,0.28712439548858054,0.39931981020083746,-0.4850956139397943,48401,3.61,0
0.10756483436979532,-0.5988208949637396,0.6361793146772251,-0.08921313831964106,-1.881703886268545,-0.9209438759999115,1.326488684387761,-0.21886378767228715,151639,134.76,0
-0.9819964118043985,0.6073230068008088,-2.5026085852993836,-1.1997487470085912,-2.2586372155185455,-0.5781867815519438,-0.3133018289392287,-1.5737473002658942,54156,70.91,0
0.09085358537915637,0.11627513005738098,-0.5437968954779941,0.4513897981089785,0.12446838208655536,-0.5317941006321527,0.8230474615622934,-0.17968491818279805,150525,3.25,0
0.3148024278713842,-1.4901453722415947,0.7798747191276704,0.9119136802257858,-0.7285252036760751,-1.1443533818822393,0.3986697524009115,0.6586622858919134,140028,2.7,0
-0.45246181143500497,-1.9461488609145319,-0.5066970968393757,1.6823222129520023,0.6115210937041258,1.108997119123672,0.1166107956322724,-2.620157187847513,161070,3.35,0
-0.9938306714782873,-1.1731627727671834,0.20202478848923575,-0.2938408618503565,-0.15134793702941704,-1.7801714972931197,0.07091253101622749,0.12058801158434367,51050,28.72,0
0.8975719601897459,-0.19759296063294687,-1.3699383045269669,-0.9052278309418225,-1.1792580002954482,-0.6123644367278854,-1.1593804506159435,0.14677901272898816,130511,43.53,0
-0.7958378318203795,0.315499715568214,1.5703708494927222,0.23548351027542308,-0.5715886751861969,-1.1266391165918592,0.25487014816097253,-0.19510688764098452,55541,46.43,0
-1.3384363849872556,1.1353036532102094,-1.3878010507651466,0.5043550431643395,-2.5056910043143703,-0.21707120776011518,-0.01039460740443465,0.6392872889057524,37823,35.9,0
-0.4330493147383709,1.3075338803175378,0.5056310512531128,0.19250493701867427,0.6644002490290501,1.2266538650824201,-0.05080359788240608,-1.876997526507554,131327,51.8,0
1.7432791312078981,-1.8659574516710076,-0.41604707760479126,1.0942359763076988,-1.7398287739373843,0.3833280585959747,0.45556461169548856,0.5375247849477562,61356,19.52,0
-0.675846605428403,0.3444397428732818,0.8229562497611079,-1.2506007827981365,0.5491733968877375,-0.026703143148847187,-1.7233458033055897,0.9084702823657331,47992,9.52,0
0.3884801818939391,0.5306040228351262,1.1294964589205143,-0.22674512868283792,0.4664079311082063,-0.3237277986401514,-1.9911449197522244,-0.41442680781251967,146775,19.59,0
0.4004526306146951,0.18788477339195167,-2.5731702015625024,-1.499804671773073,-0.7404365672294068,0.052380044297208106,0.26774635805890895,0.652127180943675,136655,18.88,0
0.943248636260141,-0.7783646367919211,0.09743957554459998,-1.3301536524940558,-0.47851995330588804,1.2547491496309386,0.037781977213412164,-0.44779805998159283,43108,12.74,0
0.2830216194483871,0.3078675874772428,1.9947339527082228,-0.6741189790132863,-1.6072712038057224,-1.1791732187363086,1.5912231997682411,-0.4477896183634996,122781,18.81,0
-0.08373054967520761,0.057389514687252924,-0.23347091849330356,-0.5076516717423349,0.0005059017199613115,-0.5462993125566823,1.1395337623731594,-2.1025422048530134,144969,92.4,0
1.8447332323755723,0.5761442774610127,0.6362920305645317,1.9898450095665838,-0.9687919342053573,-1.5002230625315673,0.5528898985721978,-0.24406221014771706,142312,49.25,0
-1.0952042341253967,0.9899720112860351,2.071043566720012,1.2135049025691333,1.3455523253973476,-1.1678101718813645,-0.5638522374974877,1.2070055867471738,151555,24.81,0
-1.325031316049355,-1.074735826052306,-0.10888600919752413,0.930618144963566,-1.0872985831044903,-1.079755551451747,-0.3034282732425886,0.6876385568376447,43849,53.24,0
0.7657001133069269,-0.07647307142793747,0.5970361583498939,-0.5763765450769603,-0.6336914001667941,2.523343348571573,-0.3728062465769019,0.17802456903209038,164050,65.9,0
1.1295541036205308,0.5048196445479181,-1.1599641145805324,-0.5944896367743167,0.22632323335668744,0.39841467931256686,-1.3248890665554582,-0.9923821400716293,152956,19.23,0
-0.14586255406536092,0.36537376924119885,-0.5280049773503354,1.5258127455099242,0.2601790756231082,-0.5880039714773437,-0.4889244099796109,0.8594098168699683,59298,7.79,0
-1.5412661245644934,0.6244814615958727,-0.20345208192067094,-0.6201598921148957,-0.5994009265216645,-0.7949869617095837,-0.16893430872241055,-1.4418304021454946,62888,15.59,0
2.3371599574312567,-0.529439986413048,-0.502124724695571,-0.3698123323160198,0.3116094418200283,0.8814459322746594,-0.834484138768921,0.46257464872416715,60980,23.95,0
-0.3794414912969388,0.4670375043675162,-0.47311168509816365,1.056030033025458,0.23741640487776983,1.0164894880169713,-0.7906320687061087,-0.14822825757666205,127524,21.56,0
-0.6436567640940334,-0.9245706538869116,1.2604690805882326,0.38438210094192465,-1.15693502948537,-0.4523276329758668,-1.3238488246674989,2.7257567353690786,26717,37.99,0
0.9332990120222197,-0.6940342931142395,-1.0226534254217823,0.6559275596037827,0.16381262899128948,0.15450337956744192,-0.3504707531770878,0.5957160035376996,155501,12.92,0
0.8306128006161374,0.8307600667098496,-1.776202582744123,0.18243518329833522,0.6885691201547252,0.13703257565078172,0.8646564611596014,-1.4105563156961207,50363,241.59,0
0.2062346348555011,1.385444619354971,-0.14770372292753547,0.4978233452554972,0.1760829901770981,-0.5869905685124216,-0.45377717334205236,-0.19125871545099393,39360,41.38,0
1.6719686508842229,-0.9067043245287372,-1.085706265416933,-1.1884494520156166,0.5173179458667011,-0.11338227296142317,-1.106257830099979,-0.19347133392383434,56901,59.57,0
0.5258695135564639,-0.3121397181067578,-0.31112344397990344,1.1084416200825367,-0.05381086900532917,-0.47345425656082846,-0.3085735567197574,-0.27564558692604485,118452,4.76,0
1.2835148515863615,-0.5116446700846539,-1.8328193806908621,-1.0953945248635832,0.12066672113554762,0.27075765098108256,0.15538030913605994,1.2187309697404456,137024,38.84,0
-0.4010620751597406,0.5532227904731827,0.408836680580801,1.5263627283512484,0.21020231759516528,1.3998589432031874,-1.8604295870125174,0.8104450469777164,34790,57.72,0
1.985334169828761,1.2339124807539592,-1.1208905757004903,-0.5790922986223366,2.033840586605981,-0.5756151118717223,1.5984277676917358,-0.4316756623597489,53359,7.85,0
0.9580677195896263,-1.4128595963548467,-0.09356163618724354,-0.6686488740184962,1.4513951751421157,0.18396771916023558,-0.159029224642325,-1.017901262944518,50245,11.79,0
-0.4484061859687035,-1.37924808371366,-0.14617822936365182,1.5898141392588838,0.8644772374953112,-0.5213291674568507,-0.17401795565480233,0.9949556209739759,50819,5.16,0
0.5768852014881344,0.702362640204855,-2.5345930846940523,-0.014736372988960274,-0.33904588234324,-0.6244149011519997,-1.647754337152391,0.06076501199034035,38361,13.97,0
-0.3780968541848281,-1.204089515841476,-0.8405207602940199,-0.5267391908819099,-1.859163037191152,1.171559010470227,-1.388591230776271,-0.17242656183794594,4850,98.03,0
-0.7621491075067962,0.5977672982624946,-0.47542445978800635,1.0655637839313106,-0.8712093633106183,-0.16688590684968155,-1.0718789908293715,0.9824784267720141,99003,11.32,0
-0.7772657759033152,-0.5851883901411146,0.1485644034105084,-0.7833257205916166,-2.2321239231306262,0.24458515459361618,0.2171332990453633,0.7429739600130997,15931,51.57,0
-0.9077432792334531,-0.02986644094485999,-0.15214521382331087,1.481808808195088,-0.030317272493902887,1.3453643301548481,1.5382722693147857,-0.35372586032600645,145080,47.94,0
-1.9358823752871164,0.10661432852470648,-0.70538401714887,-0.14759815860023073,-1.1391888460982522,1.5081784253317096,0.36049877311107603,-0.6885082072853568,124471,58.25,0
-0.9345486627708345,-0.30921119124712715,0.3499046671451064,-0.7896072317439459,0.7363943348996227,-1.1069971227024191,0.914932915203122,0.11007838679974756,156397,10.92,0
1.8066519237839263,0.5138626704797715,-1.7183192707436894,1.402340653208185,1.4968682979972736,1.2372823861402673,-1.3426997301827934,0.3868812252955427,43753,54.22,0
1.211938442452218,1.5445053516738305,0.33125638848611744,-0.3649998504723899,0.5730293025129845,2.177816561606058,-0.6475529223350309,0.4654103794374336,145769,89.68,0
-0.742529505269544,-0.5266724864509835,0.004835749315257249,0.0059262946984849916,-1.972171398134174,-0.42398333088973067,1.7952337392490427,1.3974429071086807,133278,9.55,0
-0.9443595905453981,-1.3549727707134436,2.59312101769616,1.9134715587063238,-1.0537783546299824,0.7165471527344628,1.1578769144756471,0.6601882398579441,33644,43.68,0
-0.4272818396924586,-0.7941957842109016,-0.8137051597678756,0.7948687567780177,0.9432079476235535,-0.25154995624354043,2.3349245784128114,-0.2382893534508013,67511,20.4,0
0.7718693127423429,0.7081572558078263,-0.6073676181233753,-1.1742279297823626,0.9922747294398715,-1.2279891832805916,-0.4443121908369156,0.473492435420027,64892,51.92,0
-0.438312276439473,1.841850932615303,-1.0570586383291245,0.1880485663434207,-1.7012600695328595,-0.936146950463015,-0.2134009278984776,0.2701941212793142,68257,14.57,0
-0.232772386115544,-0.8645019445071057,-1.4172428913351012,-0.1287592631642696,-0.08984939074645085,1.5909843278971578,-0.4112019798693617,1.0146979350436618,73425,87.01,0
1.781383143429005,-1.8778246086131056,1.1899429291472816,-0.12881602330058578,-0.6595695388808838,-1.2105586463055116,0.3798311440874944,1.5825518837169692,49049,110.48,0
0.31193239483335866,-0.400336797347749,-1.2884976473848104,0.9336859572223104,1.2188898002701438,-0.4258234765252924,1.4859378660020892,-0.504795709712449,141231,62.21,0
-1.1640049100033534,-0.12115804919071038,0.948865245446841,-0.3792459077712594,-0.2531215762858126,-0.979022129575797,0.7613423567935124,1.232647504381844,54085,95.39,0
2.6381026760084905,0.2584706853722215,0.4934823189718855,-1.468665526659181,-0.0627278789796975,0.9360986445775823,2.516646555793866,-0.6842979794038673,145327,11.15,0
-0.9202916506641354,0.7888795811242115,-0.001794597683584102,-1.1355900797216238,-0.6329411967488909,0.8662643616277227,0.7769954865977537,-0.5202796602568759,165031,36.58,0
-0.08417021675401001,-0.5391739759987562,-0.3372108370683041,1.2507429137497033,0.4940922507598368,0.4583602535975536,0.26637093713934057,1.0717993570365107,128293,106.58,0
0.3785555918189633,-0.23683308888415008,-0.7293653506359464,-1.1574252964097616,-0.9457159252294116,0.3249206263702566,-1.3878774628873716,-0.2941077709239494,75774,15.81,0
-0.30772753259641233,0.6694108974440749,-1.7117394623358606,0.6700930893557933,-0.4072718061954245,0.25933097134688443,0.526805541261995,-0.5444698732599226,71948,31.91,0
0.560850882777515,-0.3596863114286606,-0.7256276095894875,2.064318812281943,-1.8020171214374523,1.2850237499527233,-2.154066064054591,-0.5207470516993159,162685,57.22,0
-0.032442661893587,1.5800187623238664,-0.544081311017581,-1.3969825943443908,0.8043685299379365,-0.0958713062625303,-0.5812391970261442,0.07667120561471819,22227,34.93,0
-1.124332658559483,-0.35310915243344193,0.15360191986532398,-0.9984104400366497,-1.346608626889406,-0.440420127574344,-1.3334113861368384,0.6717969451862478,130282,83.11,0
-1.7125095910513464,0.09547377093917794,1.3286679568642892,1.537322766084487,-1.3834227323617618,-0.17914016447392206,0.7700598951079495,-0.4050168048169939,107333,18.82,0
2.1808150497041847,0.04760716444615775,0.09025389234465608,1.3794609163016796,-1.1645288260785236,0.538960281037568,0.5163430005440565,0.9573574551117774,138766,4.82,0
-0.361060463669293,0.5784601743234904,-0.08688582319878747,-0.5689511212118574,2.281627039996372,-0.7433256799661567,0.27940243896348455,0.5518436621080274,165417,121.71,0
-0.00993877449916716,0.44229490303790936,-0.11170464098786533,0.6863479309926309,-1.1043581153843585,-1.4142694425665636,-0.3368245370773936,0.7645230441955851,69373,21.18,0
1.2923201351052573,-0.9875565970922491,-1.0882481035361067,0.5609277657437176,-0.8193750806251868,1.2740751564877033,-0.7167444098096838,-2.1384179234065126,162660,2.29,0
0.5131863141392523,1.3178272648752556,-0.9890772190982838,0.89113326149048,0.5956437572823371,-0.5088441190027686,1.3037196537008835,-1.896589119458278,77858,44.01,0
-0.49695548156948743,-0.278713573434405,-0.6769143601514702,-1.254289598910707,-1.1890086802346642,-1.105151232636038,0.45607769747214266,0.3991186820646895,53312,19.0,0
0.4898951064096436,-0.3442015976650044,0.9123865736422752,0.8756049308219175,-0.007815917090578843,-1.1998061740488901,-1.7850694591464658,0.8423977011074516,140249,18.18,0
-0.6009706474265069,-0.53415185738357,1.150031148540006,-0.4461728401205202,0.4462231525782905,0.12058826016822878,-0.10999710884267146,-0.498664483362298,115205,121.96,0
1.0215846934239219,0.7266855412547873,-0.6884104610911408,-0.3445060185512491,-0.7512990393524857,0.36062503034754706,-1.5453915571999615,-0.21798231808121812,125107,25.81,0
0.06828327593863867,-0.027135232619142746,-0.8981012047997423,1.5883379572273506,0.24873822972854492,-0.26696594618356206,-1.309210352534179,1.4033805327436546,40222,5.13,0
-0.27445974039105137,-1.6009504911209134,-3.2648314800201907,-1.1995541043074305,-0.38804261784959343,0.08118747116551278,-1.3097832656785362,-0.31660298832124273,96817,19.3,0
-1.2568250516627937,-0.12861372579190017,-1.4770258770484217,1.16255341303872,1.5541819768319154,-1.1909651102430907,0.32427077443256674,-0.29583280342313123,47414,42.93,0
0.3935335228645757,1.4113331389185952,-0.8375789363245086,1.6569017794786167,0.017420158568740095,0.11660468646294302,1.1861430416780872,1.3133141424109558,46981,6.18,0
0.33799585690669254,0.298557090944331,0.6352856963989181,0.49352338480697844,-0.3044806382583205,-1.9403314292957121,-1.3424831401885948,-2.063892929799896,37751,33.33,0
1.0799427618159991,0.7695061654805823,-0.06077720811293438,-0.41105895141355725,-0.03270390202369128,1.1592156673669525,1.0768805206761447,0.7999608936678533,116294,57.87,0
-0.19966732668637518,-1.1251645177182459,-0.6996661176667193,-0.13698371280678,-1.7167566862203476,-0.8532193090582442,-1.380865574472373,0.5020054509353481,131943,26.57,0
1.250392883208871,-1.4530556260252592,-1.9104120573712573,-1.3935683323039714,-1.292937832100916,0.0463948137350623,-0.12997917981397725,0.33581603647922864,147007,106.23,0
2.2650509099107827,1.3673774333467064,0.7294898330321142,0.630772306749281,-0.9034048250132819,-0.9787210374864698,0.5580216697530915,1.5884592156152828,133792,30.2,0
0.4401069411182457,-0.46182657290972284,-0.8764314847804072,-0.897772454556609,0.2057146516356898,0.560325803596556,0.6423631813711727,-1.5556328538303215,53603,78.04,0
-0.3223748489583755,-2.935490821432694,0.38342736864214666,0.8938388109634029,0.514311918251578,0.6733222755307888,1.6045229462218031,-0.21146055002250272,60233,62.86,0
0.1914641022280692,-0.9904857992476561,-1.6304341263274367,-1.107274854964595,0.4873908533951332,-0.20596056248916597,-0.600522733980478,0.3977352436656701,151078,34.7,0
-1.3262640374766095,0.3101543210212768,0.7457470574309127,-0.7778915557806669,0.7370554217055713,0.5004489664830519,-0.18903608269240085,0.4268271222856313,49387,109.6,0
-1.2832425671459746,-0.9110710862795801,1.6306189801163626,-0.6580058510221363,-0.20329250508088953,0.23736300547130496,-1.0699608578550825,1.3527998456957198,69627,3.25,0
-2.148860880200201,-0.7259551350808441,-0.5828482274585003,1.5446686215697905,-1.1857244082521798,0.23324469261226244,-0.3157651449117219,0.46076050191910956,11686,97.53,0
1.221798597064405,-0.004453981456697858,0.20172502135488482,-0.027043017717910404,-0.21056281814385647,2.4001901212073338,1.3136310462377383,1.8739109572804649,130303,21.23,0
-0.5613305766230074,0.24755955484730666,0.03630021557422472,0.7754665991067247,-1.0748193720415729,0.48589565273600444,-0.5728905225453151,-0.35607801266070976,66015,50.33,0
-0.031479281709333035,-0.0924900515130625,2.0572992272863457,2.6917532958709813,0.6421646849882297,-0.6771279108178737,0.6790160760438262,-1.6984925816882124,71093,18.02,0
-0.8724179345474161,-0.8042784764276733,-1.0743585685709662,-1.8351699611813932,-0.26911816346686585,-0.3895450047805466,0.1848037378361127,1.0357833718862097,124969,16.64,0
0.4716304120078518,-0.5610195769455976,1.0250485095005544,-0.19549581392144594,-0.7113105088048456,-0.03324474005486299,1.241970764915101,1.8418225272751392,54643,14.66,0
-0.7421464237843225,-0.01965001220148896,-2.7061569997716033,-0.5148659103564028,0.9205737054833188,1.3432289012964824,-0.5274444556279309,-0.5649990232431683,150781,6.91,0
-1.8536912317696805,0.3923182190045338,1.1827773704720832,1.363556544275729,-0.956998485340265,0.1928215503619328,-2.1934751053849944,-0.35138946791479164,149077,24.27,0
-0.19601031899301918,-0.3913496937669764,1.0976978703593652,-0.2311176564096054,-0.5780123951624045,0.08070236141605219,-0.788972288604939,-0.02227148334908633,120840,65.12,0
-0.21013109772900496,1.3749496438352964,-0.3360186251689633,0.47394420354669864,-1.0125401680699102,0.8021036216394895,1.225126892021497,-0.025303214527604836,25918,8.34,0
-0.9985947789506053,-2.6660453115404037,-1.1379489845325137,0.5614722354446345,-0.2632729452754817,-0.5737185097119023,-0.7233892023244627,0.8298263658290952,61470,3.3,0
-0.22979917405279157,0.31371057996141216,-0.9111255231923776,0.3611053582364322,0.11067160963075891,0.5401520723509761,-1.0406614386642201,1.9839537876147846,130591,32.56,0
0.39383792615729135,-0.6047829230838194,-0.7464219985002193,1.6672439730730535,-0.515497671130926,0.5847596961825579,0.192199595677858,0.4205943185529858,56010,77.58,0
0.07674783889655533,0.1409700461140979,1.8774601674540077,0.7432260901408297,-1.170632560814847,0.10871652166745947,-0.06536392130963296,1.8656047800951205,40028,45.35,0
1.02387815939674,-0.2965935916743945,-0.4328097614683707,-0.1391878439461729,-0.6562467575503432,-0.6582789850781873,1.4377013073568619,0.0822147847134347,144318,19.23,0
0.3096630599655818,-0.14135817711595133,0.11258725990706074,-0.778048632537232,1.2600177394213699,-0.41065670273846405,-1.2294607847229264,-0.03880283825484976,149669,24.53,0
-0.12984392628951189,-0.49291996138949207,0.1958506436074498,-0.28479567043464826,-0.7000409754426833,-0.33883093757035243,0.8470592046135162,0.06407991338736785,40913,84.81,0
0.548984520432423,-1.7509292109692913,0.09566306269328025,-0.2594660389602094,1.0748572157302807,-1.198627125914292,-0.0025720026487927147,0.871326893386785,146634,33.26,0
-0.9923101616359873,-1.541251424037345,-2.0205945325398584,-1.5640519933805743,1.1615219575192044,0.7102785391760771,0.5532781601254368,-0.22271508035637755,138108,60.75,0
0.37429466399796,-0.998310415919013,0.09226186504343746,0.27056769994880703,1.3408366596848338,-0.9261991927230052,0.24489216886822288,-1.0918490517452835,142923,57.61,0
0.45429005331010325,-0.23494733119864472,-0.4422838959616578,-0.4289510596889833,-0.8990486738412317,-0.04494007610311573,-1.5560479688496316,1.1320130234217545,128813,1.98,0
-0.7116294771019781,-1.1545258476626625,0.7356906571639011,-0.6401329159952445,-0.2722092971879174,0.16205153478055484,0.1995166081836364,1.9124949567565936,133839,35.84,0
0.2073117779489921,1.7480378670393835,-0.2866903897184001,-0.9378955412463663,0.07578726434583688,-0.16247244353612347,0.9038828454868979,0.0077501924071511595,131197,106.94,0
0.8934634197847681,-0.28875166402172675,-0.853523640531344,-0.8884893142025395,0.32189281991768715,-0.3324493171152176,-0.6180561395914023,-2.0987805286447037,93204,28.63,0
0.4633561570182974,0.17949336279124653,-0.2530073476011097,-0.6074408952832138,-1.7428879738170595,-2.1753814320391736,-0.3066876363767765,1.4889450601163348,62412,24.65,0
0.7496648194021218,0.4974623095664551,-0.21734963653289952,0.2429701004188342,-0.3949929535827996,-0.615878241031853,-0.19619888680601189,1.7896213118621926,133106,56.08,0
-1.8146473905153737,0.7590871662675732,0.3925895800074882,-1.4035972995806076,-2.1928382853795436,0.08137164725418852,-0.15540531564275795,-0.2400024024637938,3061,116.7,0
-0.16784917527204427,0.054530545345859126,0.24312183944123858,-0.4444782098947873,0.2515850762981675,1.5678192811957015,1.744354117732528,1.3752350488410274,150059,23.05,0
1.6394510520467003,2.008574942861094,0.9830103171081682,-0.39434842042847656,0.42650602195543413,1.2621825758304979,1.8544117418406365,-1.1500066272627953,143753,5.66,0
-0.8900405090085606,-0.12733917915315662,-0.38220523538307527,0.3542135957379711,1.8409193802032255,-0.6519798816462198,0.3173859359903058,-0.015325997586277765,55680,77.38,0
-0.3567294324087562,1.0471998001819092,-0.328206347893725,0.3017439023791639,-0.0359609953281571,0.8778221762150775,0.13543007839036095,-1.2739155192410057,66891,26.65,0
0.7316846027692129,0.7600947589370578,-1.1821333103709928,-0.22277818666782412,1.366253699695454,0.4006738261483986,-0.09859518860548676,0.8581958262129572,83022,26.65,0
0.09657718195083985,-0.5065133960964893,-1.0553130297365483,-1.7215056469395473,0.3365757840157911,-0.5165045943795326,-1.6655210507202076,1.2456625424390397,130322,19.81,0
-0.5310606118054061,1.5603525652928272,0.10551358219822586,-1.584313643207611,1.2461150977119626,-1.8128677525609391,2.139023052596313,0.0395270602825874,61409,21.71,0
-0.2086854209485011,-0.38735936086257,0.6110450901878266,-0.05115007253921389,1.7677280107020554,0.6216409628847904,0.8142210070791462,0.07542097132263344,153715,8.12,0
-1.7149152783921484,0.687353048970907,0.9188953151470748,0.3648972420671308,1.1703559412649784,0.19950101655099092,0.49472098721785446,-1.9000979724950118,148600,117.01,0
0.08264453986566916,-1.6658073959411888,-1.515203868973601,0.4613206248871888,0.10712978530625153,0.7904665831645098,-2.596806204383699,1.069413764731721,125467,108.94,0
-1.036600389209305,1.6296194830007915,1.424324653574176,-0.9289350741564782,-0.014430388787856909,0.07474265763865885,0.16032751445491347,0.7754693861272454,66157,68.01,0
-0.10351366651618246,0.3231337476975283,0.08297831017156365,-0.4086646503147157,-0.33570815851821534,-0.09679448277544411,2.4513266077293765,0.9104810545676687,117872,19.58,0
-1.2731136619784333,0.05378512588327067,-1.4947471226195939,0.3050412477836996,0.5642752106490326,0.175836516544474,-0.6963339446959711,0.8785620976733143,150389,33.24,0
-1.5587392265389417,0.5493617698790491,0.8362378189739051,-0.6026029629631842,0.3366163260793622,0.7266558488757138,1.504656978802352,-0.38986827785659683,61301,48.1,0
0.4771443383913693,1.4231675301779148,0.07457615203612739,0.0300663876451924,-1.2126602480555833,1.508369699909448,0.13239097828149723,-0.09861693082984847,165069,91.44,0
-0.11923541737752813,0.6365710776701781,2.3361141438503115,-1.0221830814366792,-1.2183571553815016,-0.24500300515808401,-0.748229340764418,0.699963066323442,101450,64.42,0
0.6284007960474711,0.23819751895098848,0.7829069949032201,-0.598375581770551,-2.8233179523676903,1.0988844279922962,0.7591461765311076,1.5687572352524275,130664,78.45,0
1.723145314094914,-1.423776037931271,0.9084967715203612,-0.09997088085766496,1.2936381967388408,1.316628053187041,-0.2516179757935168,-0.04468450943030399,32883,75.28,0
0.4943130078131734,-1.5856774718996445,-1.3084501423660757,0.08337339119026199,0.5842531089771276,0.27520854218210283,0.6012525193188534,-1.046984047711576,135409,97.63,0
-0.5765156640890398,0.8753936738328341,0.6688209749459917,0.5673790973410955,0.2819154560817764,0.4359243670857002,2.008824314352343,1.324329612394093,54326,96.8,0
-0.4027261558117603,-0.6267030790475168,-0.13040223045252228,-0.42449336431905216,-0.6785542464996196,-1.4077589590327655,1.5926261171919522,0.5507131831209593,35766,106.82,0
-1.634865236554947,-1.413101641732568,-0.7609057800198264,-0.6970175642362948,0.7617988339525773,-0.4133215854485946,0.7426299939141227,1.0958248359841736,144395,28.61,0
0.29387621185014656,-3.619537169968412,0.8099330151167708,-1.1036692709671903,-0.9539161419959209,1.3718725864957029,0.31978354055967184,0.8463352179958841,130866,8.12,0
-0.32447688096468275,-0.4915368854598754,-1.5120537983937399,-0.5417668667952233,-0.24229266884797535,-0.5788049799809363,0.6749509529859758,1.6715011131414863,139900,42.72,0
1.285092823747467,-1.098113122210825,-0.8390290359061252,-0.04447107979044405,0.4231223673518206,-0.6175949809531657,0.0921969165877305,-2.0662146310098857,105400,57.23,0
-0.674434018586886,0.29986282161736977,0.16205266229086404,0.8820192325338192,1.8632816050315424,0.21165522985655955,-0.40659121587390146,-0.7269455639173675,113644,8.49,0
1.3459996647240233,-0.7906670003196188,-1.3398074506603426,-1.0244256275297767,0.5327064043520745,-0.49496290851828206,-0.8735352922468359,-0.97735273383169,125855,36.1,0
1.5372832973619506,-1.4046529172800495,-0.05966649781699161,-0.4459930579434315,0.41781564850595193,0.08836801975427087,-0.3716803386714791,0.6391083254981511,55835,16.08,0
0.10611012218289378,-0.6550345145765991,1.899806455983215,-0.059566310444961634,0.3683499434691424,-1.2461231229748342,0.5501583083721391,-0.8057470715350113,68095,29.88,0
0.1949704269981409,1.5732554875338123,-0.6945813060773202,0.9456271846884666,-0.6097307391909654,0.9736490416404865,0.09310340879748288,-1.0427193220974136,104362,12.01,0
-0.334160373641915,-1.3081124213787958,-0.081222649507949,0.6900950528343576,-0.1475695166485416,-1.4581753551597205,-0.21655300084527204,-0.8476848677462555,130650,13.22,0
1.7030847535597402,-1.5907709956374665,0.06794409529252465,-0.47115835023582464,0.6824105435616915,-0.3394924532184028,2.418127321923159,0.9157219441659742,134480,22.16,0
0.9355050532867447,1.8652408190465313,-0.9458039190834487,0.09821177341667298,-1.0633021535535296,-0.21048308061202295,-0.14863064237128046,-0.3898581229904573,34810,100.46,0
-0.5800078586910435,-0.7132598763999569,1.8441557658739747,0.4548659053161423,-1.870940501050392,-1.7933553331530634,0.8589584070514942,-1.0578405522143044,134609,69.53,0
-0.48248360458428674,0.15775889207883004,-0.30991108744292295,0.7076285353028037,0.7021213527382739,0.22313402399305754,0.5040956746434262,1.1367488727660169,32211,66.06,0
-0.6718772262785321,0.4666190645210961,1.573570577050647,0.6783280765696612,0.4863445157169269,-1.988689663107126,1.0569140185992172,0.9237666411331893,31332,20.12,0
1.129336792163099,-0.4045111673191136,0.20864201779814015,-0.7010262337469861,1.3673968138098649,-0.7093492458268411,1.1785285360087074,-0.25131217024049174,62990,27.96,0
-0.32024020207348874,-0.2206042685433918,-0.3767610221918065,-1.3341969909197033,-1.7488530823998514,0.8235416159754567,1.6988959861217605,0.10432808566929617,136864,12.44,0
-0.375122496380871,1.4303467394251757,-1.8161701702036477,1.7002208238995928,-0.7113207328752016,-0.5890469533680605,-0.8071557291027138,-0.5388962663690177,45734,29.16,0
-0.6515465769762155,0.7798745284307934,-0.13815962286397315,-0.6175077949031385,-0.1964474910457107,0.16827298131919224,-0.3026030234289217,-0.791786135965779,48954,31.67,0
0.08088386942316463,0.8632675881251931,1.1516757871641066,0.8376068926096354,-0.36719959933705454,1.8591522168562946,-0.9487945240801166,-0.995497922119054,143328,70.65,0
2.2317529926628583,1.8305447077487067,0.6286208931983013,0.42688663334269555,0.2547901268918017,-0.46009077465318887,-0.7724968968680811,-0.9408473701053868,8346,28.85,0
1.0461104775328343,-2.078928259215219,-0.024962015052342103,0.7602063925455301,0.08154532964281513,-0.4690798949648802,1.0996212685352185,-0.6889244460391708,142041,4.39,0
-0.0785693474887933,-0.877727335322902,-0.47400925790323173,0.49901369211312363,-0.268081108885498,-0.6424973548592735,-1.5575389048162822,-0.8931757809925622,111941,20.73,0
-0.4881863780695798,-0.26575124088784435,-0.9487840855769527,-1.1685165527852863,0.041044328103827146,0.11411575013335006,0.2238756784689018,-0.03394224289090872,104950,30.93,0
-0.7442460611397718,-1.21329195605392,0.3875279582421452,1.3324943599506938,0.7373477600580713,-0.5717468894180819,0.1285589213693865,-0.28737163969779744,43675,36.64,0
-0.15670362743095606,0.9452204489592266,-0.4468279377146613,1.2804739370593536,-0.6509337986196397,1.4913576605781798,-0.2973030587448834,0.6803817501409142,137081,29.88,0
-0.1381681462798993,0.003275907102981825,-0.8583881142065399,-0.2761054479357567,1.3647647548555963,-0.3943916269381333,-1.9363692749310826,-1.7433314020665682,152993,151.03,0
-0.44713035876579965,1.3820393832251254,-0.8288870132204189,0.3896795110976418,0.9978689681036144,1.1990767248186165,1.4544199950053756,0.4705903283110404,129678,54.0,0
-0.6797925329457624,-0.04721073783058426,-0.06897176269235558,0.323838903878085,0.4844678488646676,0.8109964609500869,0.5616438612260981,0.13222399879126648,147509,13.3,0
-1.3407556609742866,0.3199583624058068,-1.6882973376977488,0.684295028748857,0.18153144695539247,-0.5980988790254185,0.7055339136651918,-0.7571061581084342,68181,22.98,0
-1.0245866931454852,-1.1480985340734973,-0.4058317773207346,-1.3423830314616167,0.644290593102461,-0.9660222970928196,0.5014692742032589,0.9248808928622517,91508,72.45,0
1.433545738570112,0.26126050951022944,-0.6310042459992401,0.6975975709422401,-0.5465643859834828,-0.2877150983133435,0.5635510050000864,0.5858025435336183,70576,1.66,0
0.09780645085098183,0.5447155006095178,-0.01628375833212363,-0.7860842724479333,-0.07195196514032248,-1.352755603715716,0.5947497098544426,-0.9088534998794006,65590,3.11,0
1.3787154528661005,0.3301591646328637,-1.0434188463855965,0.9760222692126991,0.46774198395926686,-0.6436617985960021,-0.7634663809881329,-0.7961307566632394,58859,126.48,0
0.32526116638566643,-1.858577073649462,-0.89062298397248,-1.4876463446789587,1.463211314460342,-0.11795342359769695,-0.17518812814140394,-0.18032548743672064,143540,28.33,0
0.920419303313525,-0.20830815696970303,-1.0348148885745907,0.36972874103394227,0.051553182211181825,-0.6131888143874002,-0.7696127630272848,-1.0261395775913584,44489,6.6,0
-1.0042765411020174,0.47799461904605733,-1.0220976309348624,-0.3737088971018904,1.338088783224377,-0.8438286840417755,1.0904445090259018,-0.6072910877120975,49578,70.64,0
0.9702645147856783,-1.1785709198210863,-0.7210799888733037,1.506646753251919,-0.24807837768719906,-0.5245054378231061,-0.2856256693981629,-0.7119725922780881,143338,4.4,0
0.2640793335067416,-0.6043921217927609,0.20564016758436332,-0.33972539290521764,-1.0690240332323657,0.29998960263611907,-1.0224871831083295,-0.04301958567366843,172014,19.92,0
-1.0745147516033553,-1.3689814857098772,-0.9159978695561506,-0.052075163942980264,0.4188669269168215,-0.36962123238004674,1.9306420024624773,1.0261759668603714,32046,63.48,0
-0.06923146597332626,0.2653637407936284,0.4813000957131925,-0.3522978664836265,0.6310169866316917,-0.9601925604271895,2.0180426666383604,-0.6243794436351016,25685,27.61,0
-0.008767283639551812,1.1354110854577555,-0.09968909562836034,0.39716044064670114,-1.0027098542503992,0.5862226748557618,0.7867721208335572,-0.7135845921122078,59963,7.21,0
0.9923741413264524,-1.129762504910996,0.6307792702521228,-0.73778514064582,-0.12001333662851386,0.8500937026620364,-0.568624704822163,-1.4402841263907096,79695,56.95,0
-0.1380875434754065,-0.3678615779268347,-0.019467369931150013,-2.218547818024651,-0.7036325876398001,-2.1105505662794197,-1.0661582301501915,0.13482124768320206,39404,9.88,0
0.10164708294847297,0.3102185252548131,0.407456296175835,-0.19252023107088947,-0.882059272039484,0.9852620705038592,-1.2216478602937484,-0.492276373398045,116961,26.02,0
1.6356849863616734,-0.2910584302873996,-1.224430902208791,0.31397575048414034,-1.2813330301857804,-1.1215917527347823,-0.8221001888480155,-1.2507407008750524,56087,30.19,0
-1.2741790157830006,-0.7926367439472988,-0.5555767668782052,-0.4519678481932752,0.9998089836291046,-0.2543879071029957,-1.3241970607411517,1.4309140809977245,127923,67.89,0
0.007255173636000776,-0.1781954217106992,0.7056312338051302,-0.8196567616334733,0.3213331813140992,0.32637832261954636,0.3837505255981918,-1.0223952908709855,34544,97.02,0
2.1495550892280053,-0.7370016848027501,1.5084231286249086,-0.7288229905018216,-0.5011735332008286,2.7223109325816255,-0.8350562251726814,1.5866683812059905,134624,53.74,0
-0.7592426819265239,0.011158911623571783,-0.4280517841485829,-0.8037581143300142,-0.0797417648976634,-0.19085611049206905,-0.7656786179842419,-0.7763640214625551,61373,1.7,0
-1.3232004572528957,2.159158089016733,-1.0602045728190561,0.20710241370015867,-0.5360014635746518,-0.04989926938503066,0.11209705918121807,-0.32619014173094096,147720,107.03,0
-0.4210627495810095,-0.11664924688905674,0.3941149744146093,-0.27105016953587724,0.29900153621634856,1.270148421966446,2.1335972795408114,-0.48833077934404806,144318,30.9,0
0.27319931178497286,1.240310556162224,0.7179620978524269,0.7045343151658244,-1.0256291602886871,0.4931095397504268,0.5294631681088593,1.675566373972584,131596,10.11,0
-0.3842111695953622,2.015059575832491,0.9412219317146497,-2.083906529208803,-0.12290229595588593,-1.0297174654671462,1.9062826161271422,-2.2193403249533223,141219,43.03,0
1.2602145509293454,-0.9553511382264027,0.39305701841410634,0.40670635464826993,-1.216898932790217,-0.2698129050877435,0.15460411756162618,-0.27955664304098576,145625,119.0,0
0.7604105018926068,-0.15439277402181664,1.179763381798567,-0.7310841045075327,0.7321628919054022,0.8982131769939393,-1.3681679306909678,1.3028861701475567,23841,21.8,0
1.8607231449254733,0.024181424244071187,0.834670335351329,-0.03236901269324699,-0.7723111528831929,0.07372032590367046,0.14087803652817504,1.4894305791892972,79074,53.71,0
-0.5350515246885521,-0.33334666732444945,-1.1720189114676893,-0.6104063475267315,-0.23271470532485608,-1.8945824114389982,0.031882222634571994,0.6030644111690748,61451,1.55,0
0.8912830354649167,-0.1984029863845394,1.6298878685929792,-0.6909016953544066,2.012371447206125,0.12371225161601178,1.7886896662497807,-1.04910393728828,47702,4.15,0
-0.3329474330691252,-0.3489027503435888,-0.9700707360537628,-0.3881099092069076,-0.1479157116454675,-0.6699470018056971,0.3573617689607705,1.5817427899020655,64377,219.63,0
1.3026343555457602,-0.5925765753135007,-1.8098800267812212,1.4828725898981292,1.3560184927534369,0.7910232641043349,-0.1851310330903592,-0.2800551909365809,110478,19.12,0
0.2578523829182443,0.3734826502971333,1.1258393017292299,-0.7509676978032308,1.68281957242436,-0.31044586524096723,-0.4826373711344015,-0.7207662465484796,124147,12.66,0
0.8983055138568968,-0.2909867411001344,-0.5181357692550287,0.29944600405475946,0.5086900801902082,0.9257446007025706,1.4236655802423905,1.1875055205126552,118009,10.42,0
-0.44340352825215545,0.10332143019421203,-0.2941768860733126,-1.9711308762835145,0.08102690779508806,-0.7845454713793961,-1.324747864768154,0.6782046371894253,65215,75.79,0
0.40670368394829,0.6617784795792891,0.5166955341262855,-1.287529174059209,-1.2025120409708805,-0.18478670874805977,-1.7892719485488386,0.26089708605712036,126805,205.5,0
1.21047124965581,0.9054609966304825,0.5497199935884511,0.9205668320673085,0.1687434472432669,-0.2081801368652568,-0.16000790182020888,0.6373858367075487,10685,102.79,0
0.3044805090237054,0.2845316663412878,-0.7475070624641847,-1.077868092936311,-0.5722211582742949,-1.9294165260099934,-0.47566009057847974,-0.46502388510258014,167161,3.41,0
-1.1432864667343514,-0.7779230308329358,-0.9007384366187103,2.1041792751167683,-0.01807591335572484,0.8874775606097598,-2.643825437963495,0.3744588071991203,48721,25.61,0
0.33926444972736186,0.7830598626443073,1.3026102104002546,-0.19792313504738052,-0.7703154548802106,-0.7775480920881399,1.4027618565386606,0.325080620397713,135753,49.81,0
1.3898093935902236,0.3164213941695969,1.1328370165601243,-1.80222186921225,-1.6945890714469003,-1.0050118922931157,-0.9360051991457402,1.0479137986298228,130720,10.27,0
-0.025487037055611343,1.216071919120379,-0.4257781623144803,1.1114422463806588,-1.1513837351068839,-0.35154291644841207,-0.04359603445081443,0.21639487424794848,60613,70.44,0
-2.1921639240006368,0.7319924316095656,1.985779549373067,1.3413058748422861,0.2966593265160524,-1.044472538378888,0.12179664041887106,0.1540880330055167,52450,1.52,0
2.670704539835194,-0.31619670599645955,-0.8415529197828283,0.7900735652878966,0.8518973515852727,-1.3078953539754792,-1.1187996426957791,-1.369884004914957,73140,33.0,0
-0.19060853575922052,0.5371272087373036,-1.0473358943365787,0.6282594678874105,-0.9552154704962744,0.3051731831289448,0.7676694887643675,0.0987039684153378,129406,149.83,0
-0.8167595626601664,-1.1488154431344675,-1.2420384475778479,0.9888849462285922,2.1251901311895045,0.4301801076060842,-2.566966456125836,0.5682536465533935,33313,2.92,0
0.36090366298511395,-1.5082971058192869,0.9263581182867511,-0.4944310278718315,0.4927368321960233,0.7032115281973395,0.8958310285748138,-0.9894945350144428,136062,23.01,0
-1.7156704986805325,0.5196495709291029,-0.48355432961840017,0.2147272877956283,0.6779225969599256,0.9036733297703613,-0.6881642964596622,-0.9767160714346313,45830,37.14,0
-1.046344934756216,0.40090921462191054,-0.9189933135562479,-0.6783237193907298,-2.0492317195345278,2.131828467799029,1.0983185669536935,-0.6516849238248302,69038,42.03,0
1.5765226636958949,1.347316073811417,-0.3279048622703409,-0.5948057672898827,-0.9117343148952269,-1.4888629489846497,-0.9328583456089555,-0.8486986252686607,51539,103.81,0
-0.5504872639918358,0.51301593078462,-0.5352507286112158,-0.18866853438029949,2.0946514531061515,1.0751707322839845,0.227855960512026,0.26098693032031833,29000,14.03,0
0.14576495571779588,1.0822066108744082,-0.7174606221450117,-0.12404153447311261,-1.0109234740983377,1.6663159684204873,0.542678824979433,-0.3547787050316738,123354,6.77,0
0.5316153420624636,0.4287884676855479,1.2707339265460942,1.0615656878061115,0.2975803201897127,0.6505528718428084,-0.7493858544375491,0.6892616448257167,92725,23.76,0
1.7136565354216722,0.17317532505194339,0.16675333277361126,-0.002931811740396713,-0.07711591177938278,-0.6124833139353919,1.3826594339957696,-0.5267413173638279,57648,46.03,0
-1.5843834266666759,-1.7480674719137859,0.09256355362227849,0.4343624898395662,1.3938584729693488,0.8866387211137388,0.6353644611714051,1.2704333556647733,115741,25.11,0
1.2082567326532243,-1.096782829414477,-0.1816864782254697,0.5514985299957588,1.4712621252058147,-0.6024938689130366,-0.4025269986067031,-0.7919527600131321,58373,38.64,0
0.9502502540967986,1.4647138038893661,-0.20511216350619205,-1.302265203178577,0.6560645410696365,0.291794271072261,0.5755461123778992,1.3505358357278772,124485,38.52,0
-2.3912418679213387,1.698553206067221,0.4173034615036174,-0.3258117824897338,1.4189040694751835,0.5320288361173547,0.12459075794206703,0.39514433315690634,35182,31.53,0
-0.7310859989638512,-0.1641260659242232,0.9502046158704233,1.011578067646023,0.7987261521268949,-1.9437731563986735,-0.18742126329652878,-0.8822321361467608,121684,56.62,0
-0.004241158973513309,2.6435633841095605,0.11653340569831018,0.7256117715234132,1.098634233265725,-0.051121903736082296,0.20746202938212074,-0.5698410000749524,55265,97.9,0
-0.13457606789004908,-1.9007618253778795,-1.0638496309927965,-0.5768090141988949,1.3395873831156284,1.1536810993599962,0.07269242167587621,0.06386266887650824,114415,86.5,0
-0.26754479721964,-0.9274524739248305,0.9251880876707705,-1.3244709030981867,-0.1477537621354323,0.8903241875662159,0.9150372733207728,0.42752600612088826,121110,63.67,0
1.396729747935745,0.4520091627888713,0.33093223615129297,0.03793036894299619,0.38508954588174954,-1.18463027758834,0.522773782377926,1.2093047039398879,109074,6.5,0
-1.551359220896578,1.3030226301042414,0.49729318213321827,-1.1628867101227327,0.30634283937043144,0.8116673629600006,0.0937455203352411,1.3625768604220636,157439,7.48,0
0.4662657173109116,0.22555047777826176,0.4267154554619904,1.2122348658523052,-0.9241359266276072,0.41579173090541716,-1.8869813977796255,-0.2828762206589394,65669,21.16,0
-0.7769532350507171,-0.18983047882663892,-1.024146924715043,0.14338573408497643,0.6363366263318996,-2.458026386166303,-1.0201740902853922,1.6785957425432867,32671,196.5,0
-0.40786057888857685,0.43592809064178606,-0.5541847823831766,-1.9203614728822844,0.4793238978887308,0.7148943829562258,-1.1050216743535097,-0.7875043341306419,47025,38.57,0
-0.48794770815075783,0.7329411944159032,1.4330728592278676,1.4061026799489138,-0.29136252089467507,1.0822952463892968,0.8598639461656044,1.2058248298049858,64793,5.49,0
1.57233987637452,-0.6342484644026888,0.241182555152756,-0.37842699457975215,0.554765789092328,-1.6412748731956877,-0.34572367349003025,-0.5742089704217842,67852,5.41,0
0.11358360947343177,-2.1753798656422254,-0.33062008919703517,0.2603692304928979,-0.7047802093703422,-0.3132593181918642,-0.019820280587256572,-0.3890120809876881,44891,15.8,0
0.9883586232868541,-0.4726145186207196,0.05026524400803606,-0.7689363116580695,0.7701239857566703,-0.15651948453882464,1.628402807615003,-1.6081498324013512,135775,14.32,0
0.04039012677854469,-0.5426969874043752,1.213032502217007,0.10069073885990747,0.05524351057590904,0.6433077805035644,0.159836176173211,0.3052446480541334,91779,21.13,0
-0.002720514503989218,0.6756187421260776,0.5943858364004622,2.257123768393942,1.6506800956237637,-1.025061357317751,-0.6503432073192373,1.2782725052021044,57485,33.01,0
-1.5094115971767406,0.023146549969223225,-0.7546381760936879,-0.5347850438967795,0.15165527190158043,-0.5641445088171821,-0.9481421770879228,0.4905037284106122,79968,101.11,0
0.7991014640218883,-0.6955201502034049,-1.3692020000844913,-0.30440094011850105,1.2870681783811726,0.8356572511822711,-0.3776228215973046,-0.6348391242889239,43285,27.71,0
1.442433462576425,-0.5522814971865071,0.19935498442488148,1.2905222368712008,-0.6178621788903066,0.13894860168427173,-1.3042312492022958,-0.18623330810462196,42121,26.91,0
-0.4276402031835861,-0.38548085983017455,0.11891506637456102,0.5283234565210635,0.43545395780278306,0.1321117331081251,0.20116558831151618,2.535673641278469,144539,68.01,0
0.21402502584069896,1.0941308823627771,0.10986987256052347,-0.3735554752701566,-1.7634676036082826,-0.23043650795050338,-1.2309542100611524,-1.8295443667586522,118030,32.78,0
-1.540220440563689,0.8376983703956284,1.9625137697253197,-0.46401323104421716,0.8591068974123476,-0.11464093178020034,-1.0969633810237458,-0.7672272662745017,45010,59.05,0
0.2569994163130215,-0.5300316351318118,1.34278727788855,-2.5253862480423024,-0.5074470742758749,1.3885952213396555,1.956136569192777,1.152746462840864,130677,90.61,0
-0.5863741639381664,-1.1382142841460225,0.6057920970534447,-0.12755212477313338,1.8413539260599967,-1.5898333892627798,0.03568669891752918,0.8181159100857118,134581,9.86,0
-1.817699956754786,0.3256870440254292,0.4307800327667882,-0.5309555968640395,-1.6735717478288608,-0.20102260006868095,-1.2175665925893802,0.5564444797169974,61886,71.35,0
1.2420668589648343,-0.3494492331373076,-0.5013837093931583,-0.10613605837241423,-1.1789799438104607,0.6641204834678983,0.11651890357079941,-0.03538879411054802,139058,42.69,0
1.229670326389756,-0.41270024169995817,-0.5703693148191389,0.016591919364427866,0.9646774583640515,0.249513149378733,0.10354514082690147,-0.8073865227361522,164908,44.44,0
-1.1360593887706503,-0.4819449196995168,-0.557976889419804,0.2325133563860684,-0.8151382819699597,-0.15007187418829074,-0.3661698115162787,0.07582953278578751,62437,15.83,0
1.2352810383550703,0.24234484323954944,1.6574230816748474,0.22706518314821253,0.36078746291103136,2.1796656665885674,0.34306344924640275,-0.2553418822966042,152751,133.71,0
-0.4260190261110781,-0.9912801936078157,0.15852794083565547,-0.31871116693839197,-0.08355950984869305,1.2156013494830273,0.26887501223476834,-0.4798508618465758,65222,44.1,0
-0.9408488722060531,-0.9036343635923532,0.9431422558888813,-0.45088711147920785,0.2567472610395303,0.743133265424835,-0.7080770729458538,-0.6886588709738297,39608,24.63,0
0.8027626101473182,0.5406478938084365,1.333169456693391,0.00697127027090773,-1.3954165954493547,-0.19477841233760926,-1.4924984266796175,-0.13454312884105502,70990,20.82,0
-0.877489510734938,0.8687290128481986,2.951881228495774,0.4915010796055491,-0.3355045498107592,-2.0317394874755146,0.6936922352576004,-0.9859464729639118,140416,142.57,0
-0.371142076954873,0.0017194350566970612,-0.32290444596664075,-1.2131506873002398,-0.29548073452660994,0.9087614801144298,-0.8669840205875055,-2.280986931002761,69572,81.9,0
0.5789655930842613,0.21668758147199288,-0.5271602352964028,1.1132103250442176,0.13882475714133868,0.19337521056786575,-0.157513987790085,-0.7227128683857843,36831,144.96,0
-1.7063480217735865,0.8976845883256084,2.0802669038161126,2.404822349856558,-1.951516424061912,1.160439123218146,-0.6310514060558493,-0.11075066548538724,115153,37.47,0
-0.9920703288092336,-0.9984133568934627,0.03754411666469723,-0.5513531054862822,-0.9517890075477204,-0.5828093259084199,-0.3380390905816297,-0.8357835086098819,148288,16.78,0
0.5337573459856018,-2.8562786442761277,-1.8334567415121592,-0.4452158012489243,0.8785664092788171,-1.8165598419475442,0.44859551533635134,-0.24576833076499044,153878,82.62,0
1.3367670096549722,0.4522207766654843,-0.13996407043301753,0.43856407559576316,1.888779783764972,-0.6854636317066606,0.8845550050637124,0.4142355086355689,125899,82.43,0
-0.2802281820987568,-0.5587182538539862,-0.1248559071075058,0.7515334211533271,-1.8299038611633953,0.23016532200719958,-0.504595558749045,0.4306701193507018,113497,194.89,0
-0.13791604105950458,0.6028369859445081,-0.7188889862114795,-1.120439970124733,-0.006901727599153482,1.1810979272050781,0.6335889411275479,-2.0864004336303914,142547,183.41,0
-2.2709652791276356,-1.3907806034332668,-0.15130456922369395,-0.724033100985787,-0.7453815841608601,0.02292897210256553,0.5823060485028645,0.012505015343629005,154477,16.57,0
0.9749883051053497,-0.392372455689657,-1.8499924588499363,-0.08007947025372299,-1.2630890108831658,1.9333906429738068,-0.9532607582974723,-0.11781961399820455,125605,96.63,0
0.22719937157379796,-0.8964710072367336,0.8337484614829611,-0.21372211568508248,0.31021572041506784,-3.2218812986259198,0.0030158334453421836,0.7871545392251061,121559,168.04,0
0.45064293672396416,-0.11813638993902573,-0.09401224410092489,-0.038826288656095734,-0.8289266290193714,1.1891600128447566,0.9631090120434588,1.0303287322501544,44172,14.87,0
-0.26875637403827246,-0.21910248419605943,1.1675388736255816,0.5142081526487404,1.5648853801826468,-0.5773114607047838,-1.1649556604829516,0.9969043313968593,126259,2.11,0
-0.5362032287391578,0.42667293219602387,-0.539643534914984,-0.11678804155759712,1.8063218880625975,-0.5360980208666659,-0.9413328208227824,0.6666920924137054,65134,43.65,0
0.110438461591738,-0.8703336913775477,0.42359190796788904,-0.0733443087108305,-0.8012029991820738,0.6326830057983953,0.1452065715005198,-0.06964272753148268,36014,4.64,0
0.527914044270202,1.2200567129904276,-0.3020049053829048,-0.8462609002617553,0.6214915408929047,-0.43808076017002573,1.5703463045115418,-2.3945554152441995,59606,32.16,0
-1.9975095750167695,2.123384190037882,-0.6932259786835798,4.9892352625347165,0.3727022784702858,0.7940041859594701,-0.30728517077608264,-0.9802370336760959,104702,479.37,1
-0.4181156745995209,-2.4695538281708047,0.575197065651539,-0.998388344625265,0.10805825079478931,-0.8202117199610012,-0.34352577588237754,-0.39915305553104985,67079,20.05,0
0.3455082448419431,-0.8393406796542077,0.6615741782087902,-1.3131262018474679,1.7005271872564867,-0.7516196302685257,-1.9575381850164113,-0.07209784299024391,46744,48.34,0
1.5022562732698246,-0.2479786693567953,-0.5413953621169514,0.8875982573353384,1.2397730966418963,1.6196302348137865,-2.511973567730523,-1.9799317229723556,117325,16.21,0
-0.4519366932649261,-1.0645926704425632,1.2469119282431764,1.0734746352189302,0.5643733436302047,1.915626305174645,0.010011983818507403,0.6312579199072178,145821,58.3,0
0.16264661622300033,0.06359699335052359,-1.7257478471010013,-1.7642019806039542,-0.04760711115601859,-0.4088916359933698,1.2703663488439585,0.002372048502975302,150567,75.65,0
-0.8868651356319015,-0.5709488973191874,0.2837106873819958,0.8252551697416045,-1.4953425895746002,0.15737636607039837,0.2650625430289929,-0.9434778808865638,69279,46.66,0
0.7724297844033614,-0.026212676483349143,-2.5442236291369538,-0.35314831373924804,0.5316746302658991,0.18287701641433568,-1.020544722138006,-0.7460891557096024,159043,17.73,0
-0.1410484461841121,-2.066394256723884,-0.0523259477486962,0.7765485469286657,0.957522128412558,1.3108417805330126,-0.6744937059980538,-0.4030475738036685,139371,31.64,0
0.22072268908341927,-0.24669128362560627,0.3886630123291927,0.034459065423621975,-1.3227653319994441,-0.33268817964405195,1.2667745177402898,-0.8231540894899116,95156,39.54,0
-1.4520706291560814,-0.9113786179610648,1.0315042371785939,-1.3626455567081317,-1.0712592336607725,-0.19585990636204934,-0.12515381966525985,1.0906576523510279,125581,42.6,0
0.5736915810605506,-0.6597738866762375,1.2035118190077854,1.0092366106323152,0.4319684219292807,-0.8992334161203104,-0.5860953207598234,-0.25902646380999755,62765,75.94,0
2.1304072446263937,-1.2468525158671082,1.2439603680196283,1.3354518817955243,0.78398377343332,-0.6055174231132413,-0.2434093460444817,0.5523933750328083,52739,26.65,0
-1.2661959099636664,-0.23369881352617866,0.5547233026509205,-1.066668737774761,-3.5409611463465622,1.4465764535017855,-0.020473201969290162,-1.2575669298603165,145856,2.2,0
0.873738818091332,-0.06457787865275445,-0.034202591431231416,-0.6949127775561155,1.4094266295635078,1.0404926377298214,-0.11898119144995098,-0.64539309458811,152450,16.84,0
-0.7411389231397691,0.752757372987819,0.6058212230973024,0.2995938051514847,1.3024347106127274,0.5744938087727522,1.4055300466223906,-0.905240293404208,145454,92.57,0
0.33418693229890495,-0.6527251131276176,-0.5740906595914261,-0.26332845260264487,0.15101988632431063,1.605934138728761,-0.8027373682068542,-1.6529768939512521,139805,28.35,0
-1.0053349058597516,0.9618958986902391,-0.13746376973901273,0.11762398407484267,1.4902968916692982,-1.162895316247801,0.9130359846462619,0.3854101769320479,44307,53.86,0
0.026110352955185868,1.0648809812421383,-0.06494490837797702,2.2038520971122035,1.1779964949594808,-0.16005542327640132,0.020528901765270877,0.02398752617552971,157511,24.01,0
0.6304288717599488,-0.3695243664287324,-1.4399936980679575,1.5891312019241544,-1.5415563372272483,0.8283123138238704,-0.16132835009894722,0.0206825926950563,131194,13.26,0
0.9866312953154119,0.491827210165316,0.08812381585699042,-0.42839659224553,-1.4853329239066335,-1.9166910080673465,-0.6731461641469566,-0.1543405783848945,29113,7.24,0
0.6755495523832957,-1.2354895163441852,-0.8574512376448692,1.7749778882155651,1.7458500238184154,0.590275835950651,0.3283353467154114,-0.58739461247156,37334,7.25,0
-1.268876044862575,2.3866892391545793,0.9840836527539558,0.30589319289142536,-0.004708591847887097,-0.5851756954311323,-1.2764360533346746,0.36764682153097955,60963,5.21,0
-1.3517573240282699,-1.1071569168416227,-0.6201073331157788,-0.4639674952045335,-2.048867362676053,-0.5151577024499754,-0.841258102078476,0.782764689920736,143478,14.07,0
-0.29103890035714114,0.23175306915792598,-1.4423570869499063,-0.48728364780346073,-1.9081078567659253,-0.4679478183642519,0.15782578675426778,0.569492327679588,141311,14.28,0
1.6047848858669158,-0.46009586184278906,2.146868727691956,0.44308181325848456,-2.7720496330987485,1.9121714674355252,-0.9515397301948896,0.20911540598044104,38970,130.71,0
-2.0802557940766144,-0.2315983441354391,-1.3810574621338252,0.6526587637668444,-0.2207529952323271,-1.5956885198176034,1.5247583057288445,-0.42640340655121683,147057,151.82,0
0.6775399203581709,-0.49081749997399976,-0.4089832972479895,0.693127530911948,-0.11655689480632804,-0.1573326221943333,-0.5385065060404698,-0.663341495514944,27413,44.67,0
-0.6701090598200949,-2.008498151402746,-0.45844226538911725,3.292169397891673,-0.24666856665458262,-1.45009010801945,-0.1799335458069943,0.711741163776723,66016,89.71,0
1.0109421080529812,-1.843401651810293,-0.1712125037821117,0.09149142640100641,0.5481383805825634,0.11299243431797523,0.40719991580648,-0.2369591399441459,46068,14.23,0
1.1567065970898733,-0.06955443194533178,-0.3943439289717366,-0.3635165267436921,0.4220805212906114,0.3218161383770539,1.7119471806726563,-0.6347595412374253,53263,11.76,0
0.483886298648816,-0.43868010861277923,0.8594644152515257,0.6210594103073604,-1.9541325742930757,0.21131702942554412,1.9331564940070805,0.9719250936635612,159405,150.8,0
-0.16863290969190903,-3.387234583891768,0.24962602560472855,0.9225819634611637,-0.8910505172076293,1.560552959916954,0.8748708753092173,0.4687752061135092,124745,10.95,0
0.9644174581203495,-0.14323554191355994,1.183535444768603,-0.10985363780509941,-1.1796394343446839,-1.2707564549216974,-0.17173600889506777,0.9157398191575445,56222,81.66,0
-0.22125010061075787,0.21365286534827305,-0.28525460601056635,-1.202446304223372,0.9706354321689973,-0.5461369853611489,0.5695139256186248,1.394191037717633,155237,100.54,0
-0.9523646704971352,1.4527915878683832,-1.3227542292698589,-0.5356203296425625,0.48447039343452997,-0.07496181434742205,-0.5713019644236448,0.7846519869105213,152622,64.54,0
-1.3385145836881895,2.7878464155411535,-0.6989098873942262,4.9593631837422585,1.1542961465624038,-0.6657839016939923,0.4235855507557956,-1.9123734423792416,107838,256.76,1
-0.9897816291866282,0.8821540499667164,-0.1791755288790725,-0.6347899179490918,0.40990310261747226,0.2250546685574052,-0.19387514071348236,-0.49667645215792455,115460,26.32,0
0.9271870744465732,-0.5054015678405673,1.584605888072804,0.7615454207103398,-0.3330381788651797,-0.5484429501571192,0.8858135120198951,-0.3344050182454876,58742,10.94,0
-1.9897908461727623,0.5672552016024396,1.0321641978176892,1.5829030080261968,-2.061621096162579,1.144940325032735,0.18631208869923643,-0.6601778115781962,125492,56.53,0
-1.5714258861280297,1.2721453956438762,-0.8630774903485878,0.09733415041038644,1.401409555491,0.44527373427185907,-0.39766904766582545,-1.0227251457787887,67984,40.05,0
0.25262797724407154,0.35151043852653674,-0.6421110350253978,-0.7615125167471369,0.9067936638098252,0.3338648969707971,0.27476517289532343,-1.975028291751289,144197,9.19,0
-1.5630189012964497,-1.2578405560053199,0.38858528903260314,1.7462922006600914,1.7053290328976094,0.8449059226217087,0.8792965256794323,0.4645569014871503,42705,29.75,0
-1.008451723429244,-0.2924439280169994,1.6716766066393844,0.6332365887919514,-0.977309781650004,1.6148272099523837,-0.0016068346192020342,-1.1346316682867568,133308,8.9,0
-0.10325412436288103,0.7333886188735063,0.6985340683154836,-0.046616298658004776,0.40986524591203194,-0.6350775411923745,0.7450597848283941,-0.4089646769815601,117823,29.96,0
0.026698409035857032,0.4036092126290777,-1.832709085083111,0.12899458723469426,-0.0749326196232097,-0.007100122215735238,-0.5840597304344906,-0.2054727676329154,79457,40.06,0
-0.8021334963352421,-0.5296198842633476,-1.1947638445540203,-0.4059381796954761,0.08926054959045325,-0.1894068056227691,0.6540346846559422,0.9542701860001092,42134,40.38,0
0.9531991185071911,-0.7141944703777431,0.643305459590274,-0.014146503076194271,-0.5289989805175637,0.5800691253734102,0.03177286472699004,1.4944403464313734,62220,36.73,0
-0.16845360893777986,-0.2696473139092257,0.7184298297881737,0.5028056277606198,-0.4211392138285679,0.6627526151793846,-1.1711321774530352,0.6991411827369008,91675,15.9,0
-2.4330531485066085,-1.424873320506421,-1.1046056050160964,0.4190037738664481,0.1534383043691375,1.0862332842069935,-1.2033368435859422,1.7867904854396721,134039,82.26,0
0.34915056616430223,0.30536598007976673,-1.1155334336419518,-1.2168995942519056,2.2922594984648157,0.2730397065378266,0.7964870328013247,0.5668072041260176,97395,72.24,0
-1.1046309924184885,0.6675089224817384,-0.6243219765982982,0.2697489374919197,0.029508591268061803,-1.1801416044618,0.07608325081486271,0.2370049658786637,57379,71.67,0
-1.8601751537617899,-0.2347378170138759,-0.646009108172659,0.5454772846394652,-0.8089554278278943,-0.8499815817526171,0.3964264217842998,0.4495944755482657,48832,4.44,0
-1.478447420270831,0.965679956276048,-1.541566171854868,-0.9032637051054866,-1.701064270926387,0.9631647253543423,0.5720856825544234,1.6182857249576108,121481,5.45,0
1.172634686822828,-0.3502435963120975,-0.12107993765603879,0.756215853985113,-0.9417272420433546,1.1886315072899727,0.6925185223185631,0.7912985238602039,146916,7.83,0
-0.3637194796078361,0.475304573140505,0.1640834587021682,0.2011890677551933,0.8931964731010059,1.1123071435722476,0.34880518399267474,0.29612030685092955,25959,53.72,0
-0.4500427580148251,-0.7167289903268442,0.866245324500087,0.14425808696755996,1.0074473993430608,0.6176583785734401,-3.2681081118759265,1.072215392940682,125870,178.56,0
0.39715515259243206,0.7061054915045023,1.301112928092968,0.3282570048123753,-0.3169672382242752,-0.5220251629113689,0.31483639172089156,-0.7589957128054708,122256,25.02,0
0.8486885880580043,-0.5593047686799038,-1.9248831923719865,-1.0721804740012044,1.5344148384059089,0.13926866605198712,-0.7660784622003246,1.3662311453671958,15484,32.78,0
0.36145372904433115,0.018550137908890756,-0.856866223453088,0.3596591019916207,-0.08026108840161325,0.9955541770856634,0.40222276322955314,-0.4793542714501365,59520,38.78,0
0.08774677493568163,0.29888377707965863,1.3396134111925941,-1.0339561066607426,1.1444227347417817,-1.4937179995372265,-0.8153700040772143,-0.8966305607723997,141453,37.52,0
0.38134593816300594,-0.2275346542734071,1.4035679170454338,0.09910438120244278,2.458867633898339,0.15174482071902765,-0.378861272859323,0.08900571624850534,136510,47.25,0
-1.3641427282556444,0.33602768783951553,-2.0950626821642024,0.7813756035477366,1.3678127021825188,-1.3931842363639997,-0.5719185594242218,-1.4824131957381828,125942,145.85,0
1.0133234549197176,0.2658756455315677,-0.9736901794418419,1.526307586900495,0.19732424223386374,-0.2322156326447411,-0.14944257774083314,0.5908688904778764,36949,129.17,0
0.27706149302696664,2.0688909755189395,-0.2841982855711989,0.0586754127247405,-1.5761235987843625,-0.9051267300311431,0.3636516286864743,0.47886153092306727,152260,35.93,0
1.5147870986803387,0.5026719656636606,0.0666398020580649,0.26575470338250445,0.6460393673534287,1.1927178608732458,-0.49724108286265406,-0.6816008508654665,28912,70.44,0
-0.14369803590848582,1.7684863551115744,0.2238332370396088,-1.4046636109334674,-0.3018487098699297,0.0609676693503303,-0.6455059021465458,-0.7422962936220012,134811,39.89,0
-0.07976221189987874,-1.1595954425756334,-0.45036820989888243,-1.1690193383214587,-1.555990660005793,1.1704555340403713,0.45991141221674625,-0.02484332181362735,69748,6.15,0
-0.6288642322567001,0.1301900387028754,-0.11942141570087117,-0.6876288755781856,-1.6331507679549078,1.3319173156387931,0.5646315491637114,-0.768101051598808,123773,17.09,0
0.4892874738498093,-1.4794533330897426,-0.8068119536816358,0.42306344112465016,0.7358637437619352,-0.25688522910376554,-1.4322774857320153,0.33996379075691296,149821,34.32,0
1.8811635073371178,-1.1675520952169836,-0.125315891445358,1.063900273329526,0.5698383756449638,0.6212403921323417,0.03048480467429116,-2.6580023855695467,141039,8.32,0
-1.0373045501135967,-0.1018380238601881,-1.017483724868624,-0.696822435154023,-1.1519020123668642,0.016281189376949844,-1.4630737473243232,-0.7603685778318232,163593,18.61,0
0.42277725870119093,-0.2150956549651971,0.10716124754088226,0.8398612265792508,1.4417840585960686,1.241877315616028,-0.7495776147558637,-1.34428648772755,42661,9.65,0
1.3134392417362548,-0.14902269254229675,-1.2545951028892466,-1.5272982619941182,-1.0579145860380421,-1.172751765499645,0.8612705774991237,-0.20808246746834985,121966,143.61,0
0.7790295379797135,0.8950868360643341,0.3710312159860168,-1.1693454637658045,0.36698575655102667,0.02261002381455466,0.47448269625052647,1.551122589466414,142623,118.26,0
0.2330201618355921,0.282353703268109,0.9874944315118808,0.44131336970445634,0.8934967632235289,-1.3869466213354347,1.7527658861736692,1.2972326700689625,163155,33.05,0
0.31978763157457374,-1.112054367337079,-1.0902296940286633,-0.8830770755150036,-0.12742989822105916,0.4331835486841438,1.2961580250736682,2.450166036831578,132096,46.13,0
-1.3739279329655056,0.04692840224979621,-1.2018880995171837,-0.5473275129570055,0.8775181479786444,1.0208811985482187,0.46325194463514136,1.2144524517545099,41915,13.39,0
0.6931055155411061,0.8602269756990837,-1.2792021902591282,1.467877277230997,0.08998601052435665,-1.5485322543130324,0.3035734056271011,1.2722448867201532,71865,26.27,0
0.006266239915073867,-1.1132230564770607,-0.67815904304702,0.6771831431164261,0.5338200702519021,1.3006633667656036,1.1392942244733477,-0.9529710249382074,144885,42.33,0
0.28770789211854864,1.7348859131328258,-0.09685781825252056,0.1293304793693374,0.1427102775147236,-0.1039582450685775,1.2881556639765508,-0.4421122559156888,147999,6.98,0
0.3205955413899487,0.39904569354384195,-1.0637105283902601,-1.0287707535271422,-1.0259889071184134,0.5512964833540425,-1.213305460408733,-1.5287771743988197,74980,48.93,0
-0.8492675103656522,1.5429293862691138,-0.6772070071020552,-0.23984587721683567,1.6713657334489749,0.6644193311654746,-1.644380469377627,0.6172083325202463,118268,68.57,0
0.9453263916610316,2.3237890846419,-0.4573038315428471,0.8921794686077565,-0.08600055629079693,-0.5188877203597877,-2.220061501384726,-0.4647649148436426,144180,12.88,0
0.16682557146429558,-0.46692692598392155,-0.9796558027189143,0.12358359560917835,-1.1062751266053987,-0.4663555782856685,0.3617611077617176,-0.13509459958331266,48586,57.31,0
-0.9948060936097859,-0.16609776301710188,1.1650994130651908,-0.28593314473347575,1.406260179174236,0.7310042450668561,0.476579396547265,-0.16182322817597725,59472,34.57,0
0.22806686765319084,-0.28507574290574894,-0.6483411841439948,-0.17513175563934363,0.6721675822523486,0.8275142147312098,-0.21756368625587086,0.3317880317096099,43714,8.62,0
-1.2001149429401126,-0.4080172085722301,-0.09065129318133296,-1.315433809644237,-2.4491617104161976,-0.9662112165688512,-1.3537797303913832,-0.9569017604179074,61968,1.91,0
0.37637359056357,-2.55987542718476,0.2919217515636107,-0.02613741870577022,-0.09964175712395207,-0.3918366629572664,-0.08968154079952961,0.32161285885960256,64099,13.5,0
-1.1280198108938235,0.5412277838475358,-0.09022941642028995,-1.675419268111498,0.6989607134501,0.4529212960536265,2.6343574229334563,0.1937604665532309,28495,12.81,0
-0.3720822077368768,-0.4126128425368305,0.21637148617916466,0.9087833297801328,0.03183755908554016,0.002461785463031483,-2.2315542203893663,1.3240448141621386,122810,13.33,0
-0.7583778857104443,0.13614114715817352,-0.8739331971418307,0.03867549949887158,1.2624689852612823,-1.1017945680937513,-1.6081677262608265,-0.6401385882943331,124508,40.24,0
1.8116769785601792,0.6213265185481692,0.32911843406415453,-0.8042578640449662,2.3896859608783756,-0.7304333670627199,0.02927673912051827,0.06752504173512212,109938,7.06,0
0.8574463881765508,0.7050125712466379,1.0664993147096082,1.0002910705202974,-0.07026903417667048,-0.5559771262163905,0.42537558125650893,-1.4530946045618658,159756,66.4,0
1.0722130344331562,1.0180566740590977,-1.6553237203959121,-0.7043122095001391,-0.1448394895301217,-0.711644856485736,-1.1598750346479565,0.41911587265692507,122040,36.86,0
-0.4164986310766991,0.8269378792107513,1.90359466704653,0.486084497310278,1.7592592479785687,-1.009079110343568,-1.9283870241778525,0.5328526047785158,117705,87.5,0
-0.2814631750493462,-2.4495920378914326,0.9271029658316023,-0.7071005858762134,0.9598239527423692,1.6739581096660563,-0.5775570245230115,-0.6366176209441123,129419,274.79,0
-1.6693749422543351,0.6514911493209906,0.692479235150359,0.700006309872019,-0.9255423483832368,-0.020641213396210577,0.23964557488965957,0.5945928416180896,128109,18.99,0
-1.24324140770736,1.301614624313968,-0.6096845398766086,-1.162919115297995,0.6130153208910699,-1.108609184209536,0.465638831954898,0.3647689164806847,130048,183.52,0
-0.33852056359033056,0.6765363373387753,-0.2881742482448203,0.9714322708253844,-1.666823402691947,0.6099004178914615,0.4169186806614628,0.3749927239067897,58546,14.87,0
-1.1981023187944242,-1.7731909121797624,-0.13826149395053267,-0.6587027058043938,-0.18071941560587035,0.17356417550563577,1.8983007103623,0.5808673594217597,69639,95.8,0
-0.9613140200501717,-1.5375611711675943,-0.6842448082835961,0.8252634582571731,-0.7307453811673441,-0.03631601864704567,-0.48991295506260213,-0.5495631224002513,103722,13.05,0
1.0618120314516393,-0.21223530486398245,0.46940707433684864,-0.5985614292079129,1.040689639828266,-0.10577695359357253,-0.11981064386000306,1.3275287340340327,129239,22.72,0
-0.03555560313454981,-1.7372236639299854,-2.1349366280567077,-0.5299133896311503,-0.8355024347462154,-0.5917307615511264,1.6220176230644123,-0.6073042181471613,55551,40.93,0
-2.427515408668548,-0.4047736842526081,1.3884584927021322,-0.05732776978786463,0.02777225100077315,0.7778893737589525,0.527617343690981,-0.1121859164598272,57508,22.82,0
1.2677839279180887,0.2685606121243398,-0.005116755182137881,-0.5677726980331775,-1.3180722696121525,-0.4756141476266168,0.10303129893251521,-0.025944415379782843,135499,34.02,0
1.5815718498078892,1.2451953201423038,-0.5916355841775061,0.8704435975068793,1.1523000024664207,0.8385561087121428,1.268125953642324,-0.949538506993822,77360,37.35,0
-1.8155792897895147,-0.7753675845865745,-0.7713261415573625,-0.7619772317066479,0.9075070629706259,0.3427840438239591,-1.1284187576530538,1.4162033220839674,43596,11.76,0
-0.08381095388616241,0.8959711804717959,1.1286305785971666,-1.2387720205904822,-0.08534563755786588,-0.28597260192145446,-0.8368042405845869,-0.7354550548625646,145730,31.93,0
0.9652521157128986,1.128954515813927,0.33568613215725107,-1.5120819721115084,-1.2653285362218054,-0.6977115198860081,-0.24858630954392225,0.8415384793253294,128056,191.53,0
-0.3680890617470755,0.1210593624736629,0.6829141445739243,-0.8890926255200713,-0.5541029337098096,0.21522132385443102,0.5458231717333033,0.20289521879180214,40690,50.1,0
-1.1422981940049282,1.451958578495089,1.7080745403638455,-0.7580787497856012,0.5207550868084764,-0.7148582690030898,-0.07923879283798917,-0.5316497813181443,147191,26.92,0
-0.21520086081834872,-1.43639540914514,-0.008039255121611723,-1.4671263296585115,0.23296475174492035,0.8004798391920516,-0.21690649479446159,0.23095745105544835,163653,248.38,0
-0.2594680999879023,-1.4988247789067888,-0.3219769900741795,0.8009535693011547,0.9817898365690693,-0.342004268275726,2.9359748746381094,1.273340552051642,84094,7.22,0
-1.4956041779407176,0.4521707472913795,0.6241865858040871,0.676946124385601,1.0356597806266927,-1.1619200955385505,0.5412311540108008,1.7651609012393776,142218,7.58,0
-0.41300311347742436,-1.657609410362991,0.1664323272155897,0.80442791638373,0.4551677889296077,-0.3396495970168552,-0.5287658865035991,-0.6337877483159061,59900,105.66,0
-0.8344065165393487,0.26143303222526776,-1.3766463255529322,-0.966272705150785,-1.740275814965429,-1.6060599050033286,-0.2963054160552257,-0.18983629589391413,60234,81.9,0
-0.1993420751899088,-2.9995261606654773,0.759690027938037,1.1680809822914533,2.009433767536038,0.16504691999589596,0.6190245191695966,-1.1412806066749939,43324,24.31,0
0.4711892435268481,0.8792762102322501,-0.23751739447164008,0.4594379638530464,0.002837993435816498,-0.6515857907882142,0.7352155788902892,-0.22734829663583134,127840,130.08,0
-0.19746780449942453,1.9214574144987986,1.7312780767932188,1.0892477836697814,2.075718490365253,1.0773410370222936,0.2725997157892053,-1.1060900731241345,70315,42.3,0
0.11001126608989063,-0.7697785321362727,1.1233337861108166,0.26780626147384884,-1.034818156592341,0.6137318469757057,-0.42035962546274214,0.10157696774178945,66260,42.41,0
-0.3149411597827107,0.554650939213158,0.5288338337497608,-0.36897665151337017,0.9373290724340834,-0.3846916248072168,0.45305156626192244,-0.23937394244873753,37322,75.32,0
1.3401333721396091,0.9569115709409651,2.265148536261676,0.5947388705931083,1.3016168637924865,-0.4215326140249684,-0.18711839063866675,0.41290609047042764,60875,223.05,0
-1.4005856380541029,-0.012857352589881193,-0.4816160413546358,0.340120440527759,1.84073227557307,-1.1723451061029542,1.0968983692401129,0.9030974535808131,17342,76.99,0
0.6902085743556179,1.1698794002341093,-0.22648898458438413,-0.45884230634740836,-2.1800408536555698,-0.4226784334487845,-0.3101012854896305,-1.8034915180486608,56613,39.83,0
0.7853994814304895,-0.7007228394750864,-1.0201694163054116,0.9243900462155668,-1.3358716445455892,0.44763598058784126,0.02355367751129097,0.057289680656636324,142658,207.5,0
1.329941705159698,0.6988401761373156,-0.04162281522555673,0.9345065430271,0.7934382122589234,-0.8890356866702536,-0.3461745594485115,1.419389896759201,19987,3.24,0
0.11283331791284365,1.5251976732517818,0.5360844277624353,0.5557333302372879,-0.3021804972266865,-3.266450306889555,0.02376160934939801,-0.47671437373263076,145930,10.65,0
0.2383750185161322,-0.6052047310486671,2.3434955750767528,-1.3581660776503393,-0.2722195827646288,-1.2945025007123885,0.7521065723526982,0.7498341402913142,73294,80.74,0
0.47867436758652293,0.6190988310119043,0.8797386742198852,-0.8990231137247617,-1.8766951084609356,0.5158553280253295,1.1977419366271709,0.3518594294465751,151925,17.37,0
-0.858258122463228,-0.4973409076024369,0.32777516990572697,-0.7156870414285432,0.6466416567330809,-1.107994754690382,0.38095088921207465,0.9069393196997899,81391,47.09,0
0.6833095066509058,-0.056251803149435536,0.8328477093089578,0.4260882085859518,-0.07352881786289275,0.2055862215686189,1.4090889705614211,-0.2901193818318961,74941,123.15,0
-0.734965953544404,-0.6588879959412907,0.6766390291964895,0.3617426417274599,-0.09926587838200922,-0.7798960257721985,1.607913432962963,0.9776016486478688,87321,39.76,0
-1.3310416229061846,0.03674108796441585,-0.8848779129171848,0.09203959737302998,0.8356563821825285,0.4723497018733309,-1.5521376097259831,-0.32533863366435867,128592,171.88,0
1.3395220360720532,-0.08700181648682684,2.1289256609349434,-0.5060892406580055,1.3304874491124712,-0.7465712080680547,0.8600298229652509,-0.9638027021457614,42380,115.59,0
0.07638440758894635,0.9747256009057284,1.9588100681422542,-0.17089419816686402,0.29881422490814685,1.1862157344024336,-0.44893645002908195,-0.7830847248349347,96427,55.16,0
0.17145115269896374,0.7887742343798586,-0.3757318307251502,0.492927795228596,-0.13040966872998325,0.19580417628646257,0.4137188755670337,-0.29863375007679227,127794,30.94,0
-0.11775316920051022,1.2395778515584162,-0.1259144937740878,2.0678629118885903,-0.3185749692439559,0.09841001914958754,1.3223110404080718,-1.2593350647973753,128806,48.85,0
-1.8787545109704251,0.6881908871533833,-0.4152559781463169,0.17487035226125702,-0.13686850767266653,-0.4253769683147531,0.6199140549758686,-0.8683757803649401,66784,26.35,0
-0.06124417517307507,-1.6329886152641984,1.8929971978907154,-2.32382473227506,0.1445096562625967,-1.341232426251497,-1.3920416056455513,-0.8834976085185412,154623,52.57,0
-0.3179506089863947,-1.6038694034341352,-0.9423399057951646,-0.38710199089218844,1.5497871286573641,-0.06582372971465345,1.0843676875011556,-0.09985943693462605,63793,101.16,0
-0.17836431054107404,-1.248240583452878,3.1132516778982913,1.058695226424739,0.07219952824971228,1.3324100584207152,0.7050351073346284,-1.1635398405562185,139608,30.36,0
-2.1226309844224387,1.9585674551389112,1.5457637387174563,-0.7219399373966348,-0.043126014933483864,-0.672008269482025,-0.36263466350011203,-0.20761911363956928,55700,138.97,0
0.569674579218579,-1.0801728476721582,-0.16627421318813373,0.2749953320353968,-0.16400291795464822,0.6398000879421298,0.4476941313561616,-0.42177631209627864,126231,48.92,0
0.9134697642165256,0.07932771094287518,-0.021427274481087114,-1.2205691804130832,-0.1558785690921805,0.6737406519842218,-1.0939977737018156,-0.9629654408399233,117541,89.2,0
-0.1868763279684904,1.530538550424739,0.42573980755758756,-1.9621269931453422,-2.031271083863322,0.3410422437687362,-0.1542762503598673,-0.9319701944919383,146401,19.16,0
1.634661024246238,-0.6291492550279617,0.9393053306312894,1.399871878719101,-1.3371261791012425,0.13306196538049428,-0.04038663978035979,-1.063779191450438,68675,33.93,0
0.1800805413792185,0.6559567258048162,0.69699121500238,-0.8855775662454841,-1.0673697513385594,-0.933778613392027,-0.03273083784539564,-0.007258642651445,51592,42.08,0
1.1100376382240342,-2.0222631507222277,-0.025459165687640915,0.7059616932748135,-0.24124148203939208,-1.1440853656055832,1.5797229403439275,-0.1275107625185671,55566,37.51,0
-1.588965878086682,-0.1193753112509022,-0.1149479233861559,-0.8287480105689264,0.4401195854809775,2.8555218108367337,-0.948065599739663,0.602185966976147,60244,42.12,0
-1.0847262372915498,-2.4961800219763663,-0.36315047393556793,0.46561034402840196,0.24685030265513333,-0.8320160746403791,-1.4289917375127688,-0.37387666604325753,148217,15.87,0
1.5328290976625387,1.502194217148193,-0.7977338737999218,0.757725176405555,0.5060641378930499,-0.6489547856369821,-0.886353477310738,-0.3767004863722298,104973,79.3,0
-0.979655818251365,-0.39393961425972157,-1.58491366921298,-0.167962156761328,0.43357446245321046,-0.9067055735947889,-1.8190337873186584,-0.37502497295229803,44910,51.38,0
0.8466316210331553,0.4880127154018677,0.8959346053683231,1.9104238403739253,-0.5852073314390038,1.7190358336358966,1.8774480359594623,-0.7685009532997439,26048,10.59,0
-0.2879117220661459,-0.7384217254681253,0.28643455058804146,2.1983250804363546,0.7878023826181495,-0.7579281280688486,-0.3520235423694477,-0.4772830686913876,139306,25.48,0
1.9775589715694024,0.8700691391490101,0.4385106687357562,-1.3551419828012365,-2.356195173816054,-1.2944265666309835,-1.6864424979176282,-0.7999288413581609,39790,86.75,0
-0.028813953214141007,0.25174306264663465,1.4434947913831038,-0.9243175676005404,1.2263353651631774,-0.8816698776306049,0.302692183434607,-0.8565027030932068,117753,23.09,0
0.09542905550145923,2.2243489467623503,-1.3361130361894158,1.0971694367292044,0.40063322679977004,-0.9189380923889555,-1.3433181030960673,0.2626781454365884,44957,21.9,0
0.3502265430547991,0.31557239886041755,0.5323037768383855,-1.4133339664027331,-0.27581983195813325,1.0754327173023768,-0.6718645076195995,-0.8135513073093346,145879,32.56,0
-0.12294534940114216,1.4413646018334036,-1.7404276987961889,-1.0074018914145895,0.06253109639186258,0.10489711786222802,0.4533684530907129,0.21157439737072484,148621,18.42,0
-0.7680033428674605,0.06559075546978291,-0.8968266172768685,-0.24211445666049708,1.0448110193688032,0.4803463313208997,-1.6442797986517756,-0.7868733302156632,48518,3.84,0
2.0264561310895752,1.1171037915271282,0.6529122622132156,0.5898810328369343,0.3310082345309589,-1.7626082143192456,-0.4757949706392276,0.8197859353214116,125289,90.45,0
0.9441121698533218,-1.5519973361349542,-0.11691280122909381,-0.13035363422617435,0.6064258054982005,-0.668845737623896,-1.428044219396412,-2.524265262006975,133743,17.68,0
0.4842223141794049,-2.181326301819945,-0.7736100500503517,-1.0357977809313894,1.637357793533456,-0.28265920573555714,-0.04853089620107456,-0.22026272638056899,52819,39.77,0
-0.7351399942430861,-1.3247958242446043,-0.016180974917964736,0.4763184527792007,-0.1876529402640357,1.7983946846075922,1.2128437710488567,-0.5255412953114548,38896,50.93,0
-1.0116208319130646,0.2605732060304859,1.366029827277988,-1.956319821074563,-1.0082137015816448,0.15584301556104116,-0.3960059346683209,0.2139423010789787,147062,12.96,0
-0.617645358877866,0.6882155675004508,-2.952629617510243,-1.004118320512435,1.0698813046722213,-0.5102249158994872,-0.20033187660301388,-0.9243204370107089,39657,11.05,0
0.6186221740984296,0.7458785015464382,-0.17885810394093826,0.04418049364936331,0.9118591448567257,0.7471471248429689,0.926789155018808,0.7770029625172802,162600,7.97,0
1.2385979472767692,0.5477939420785523,1.3330393974654597,-2.3159792234444527,-0.1159984228411264,-0.6939668511702941,1.9852545647154396,-1.199249350275804,50302,58.35,0
0.3441066458486527,2.139437553734621,2.004839154263424,0.8484449328279301,2.067997753059589,-1.0956321199766572,0.8234301005113316,0.8620163251718633,115417,69.35,0
1.0047293878165338,0.7109048056014258,-0.026315224330465486,-0.8778436600713388,0.4894262098587798,-0.6548921398712054,1.2699367692392052,0.8978860665600751,58514,24.56,0
1.3946531869947891,-1.5507398772097805,0.15359833462117164,-0.35486759022840525,-0.4875726982440375,1.3420272607868098,-1.3549805026903685,0.8050207947578638,145700,130.54,0
-1.8639344040605907,0.3500910081050599,0.24730984688886237,0.12612673228711452,-0.9358597138817558,1.3524043349038868,0.9087077893496099,0.23404954148034182,52309,59.32,0
0.21651917171672555,-0.5182859147727734,1.273558586323143,1.1978653465610105,0.2516309727213191,1.1395283913314747,-0.7251258923404241,1.2922498558394824,147565,105.05,0
0.6390240760527726,-0.06406257714025915,-0.7960870392350886,0.9956924470168987,1.2986100197808563,1.7237336521469144,-1.0311265276272892,1.2292618669057696,37334,36.81,0
0.6263860331002923,-0.5335589477510904,2.537559110656036,0.5990312802550951,-0.9226118354668165,0.8810201840556517,1.6147683168437459,-0.005954377574845044,54874,87.63,0
0.9775795045580569,0.7739991906965441,-0.41587371636709874,-0.30444498670354336,-0.8631617000569366,-0.3363196222812111,1.2993446319518418,0.9189930557206472,40010,128.67,0
-0.5187505602952017,0.2284770250918683,0.7062292305088332,0.28607583562911,0.19446121588376344,0.11351865360251454,-0.17477313011859127,-0.8306659927265536,46220,29.72,0
0.41247633914815524,-0.1609777068647716,0.4466789364698936,2.1028500211406884,0.5046132023196631,-0.44874509686992803,-0.6513608316929584,-0.765345967986795,102158,27.58,0
-0.8399423549700296,0.6492429899205268,0.8190964802873221,-1.9053112110015331,-1.6674587376842667,-0.6708541670877954,-1.791808830556044,-0.41385456948748117,62025,118.7,0
1.3904512085826475,-0.5742527705393814,-1.259961828886004,-0.2687788361322784,-0.005082773992067994,0.3709787874390806,0.3191906230894803,-0.7324879168735211,59203,27.7,0
-0.4861731870638999,0.6797437943734773,-0.5837963658540882,0.1626706066442845,0.10780395752861958,1.1293376791865164,0.6470066499113067,-0.6265411144106177,59443,84.54,0
0.5668798904814187,0.5287954038172742,0.21171478158679455,0.9176704598674391,-0.003702964635545109,0.11332040748179345,0.282648032081222,-1.0983031731336386,124295,4.43,0
2.2883405111742543,-0.028276208099340738,0.4996959845114586,-0.3256956810669336,0.5310621721283746,-1.982360740383503,-0.52440849202239,0.7236050015069934,130732,73.25,0
1.7975486101357747,-0.8835624304620072,0.5270739046056736,-0.06762851068248944,1.0190123886082578,0.010044913463536592,2.0837005259718397,0.08907811588164036,141257,5.26,0
-0.43460890905432703,0.019653001848540623,1.8507736460120157,-1.7394928664515845,-0.5727141635652003,-0.7481288786064559,-0.5700439924170096,-2.1106808475884145,117861,21.64,0
-0.7376243188289827,0.5917183573296292,-1.3517619013440956,-0.9790613139521063,-0.44251056504232983,-0.8453820317152057,0.43634192818161344,-0.027951438584109672,137156,29.39,0
0.26556302301326823,0.09714587647957765,1.073784390622393,0.4246500024586409,-0.6420089442493407,0.4878598796509801,-0.9562818474763871,0.4038960577840256,31865,34.79,0
0.5525232328664614,0.2719941245413601,-0.26901332884820794,-0.6496488659795991,-0.23498348204406258,-0.1890782078648715,-0.09420858348949422,0.6359871413654583,42059,190.59,0
0.3718492950799646,0.29135110410418386,1.3884800752016548,0.8393620651611565,0.8958281746448966,-0.8775412853760246,-1.352855054303732,0.5125701407816448,72697,115.1,0
-1.1024320908075826,0.16265028501659037,-1.002582765600717,0.5565046246836178,-0.7167271838795211,-0.3196614394666864,0.4993752705248887,0.6354610469219445,141583,6.59,0
-0.11997917059715144,0.9524610014891332,-1.7674839242677358,0.23905256409694767,0.10357723526930042,0.4310836654810799,2.236778118097075,1.5564785965756254,146509,51.57,0
0.8031919147029065,1.041591918427906,1.667270218331228,0.7491504238580423,0.4074960307994521,2.3884595681598673,-0.5454597552890308,-0.10068909647051154,120211,98.82,0
0.6632635278375814,-0.960772236758709,1.694746101861578,0.74197315176783,1.7967282186434708,1.6738400377143856,-0.09138155581900893,-0.48902889093682717,105587,45.92,0
1.3199964485196727,0.7232459804171976,-0.2298904026480623,-1.6322435893953684,-0.6812119016710646,-0.6522373330724851,0.6187883101361259,0.08089442498171512,38582,17.98,0
-0.09298240734595058,-1.0432034011890876,0.19358699506569838,-1.4400225578501806,-0.052085761646117223,-1.8007174883715154,-1.6547849517952353,-0.45404639815968423,58688,44.88,0
-2.3974734830714146,1.7366879448093577,-0.7549963062514399,3.537483833880449,-0.13425185461232003,2.841520022656447,0.6522431156551167,-2.0590209082568336,100848,1173.56,1
0.6255292437004567,0.034223319690265874,-1.6804127116316379,-0.0011495543398780522,-0.7463231409704632,1.1889785216677367,-0.6666989871434867,-0.27582769790392936,155730,20.36,0
0.7719430226324374,0.8353122544414224,-0.6629103750889197,-1.778252376811299,-0.8592396019430815,-1.1794081041455453,0.823936374928548,-0.37918349076974206,51470,1.94,0
0.34372471388774534,-1.0370146967833602,-0.17655805321626544,-0.4295931247583048,0.9317772655251275,0.46284257906977055,-0.6760672333696209,-0.5764933369284905,50771,2.34,0
-1.49803879381185,0.289783201791005,0.7551208233502893,1.1651885119128809,0.5315322789535631,-0.6310573859919173,0.684246894824804,0.28124575529205,51110,21.76,0
0.7712719227434988,-0.1652556222392484,1.1682686258989814,-0.7989178832295442,-1.5192910676747668,1.399169519539802,1.5377292440188557,-0.40847470276012987,45613,62.0,0
0.09180503808646237,0.15288287567149328,-1.3379816287896473,-0.5789489462573864,1.0766072851875097,0.556382250093015,0.1955746409288177,1.097620071443629,132577,60.87,0
-1.0429914018279645,-0.21383239566608503,-1.9005028281269774,-1.4392391484763978,0.09362897132689993,-1.7471192844478407,-1.5216260952337834,1.7866625162185605,117080,106.76,0
-0.11327582556141473,-1.2616957149612238,-1.7350163759061459,-1.861362509644968,0.8500256981527803,-1.0304565317757852,2.369904932375871,-0.5281334331380911,43171,156.81,0
-0.4233963214560029,-1.4113875875435238,0.14384409361645337,-0.45909967937395485,0.8419311974511904,0.06700341758958858,2.141457436078685,-0.5566672726999286,129953,57.0,0
-0.26030777712080566,1.48194287919213,-0.147097984104485,-0.857257981957913,-2.0772440441176037,0.574130050867025,0.7681221192147674,-1.1505349706993067,149382,82.59,0
0.9371155079842594,-0.20312173627250116,1.3154384618571806,-0.07115603179572852,0.34322571871700347,0.3599926394206753,0.7141106880059229,0.44710404572433665,148638,47.4,0
1.6135153994659313,0.5505400095123123,-1.0526231556756807,0.8931875286289948,-1.1071514447147055,0.26889874547948317,0.2772895031138307,-0.36705857771004696,117340,108.69,0
0.9181248369733036,0.010169608368134773,-0.014918905806915435,0.4691784670402844,1.5291753373330506,0.5265166670862197,-1.0822549295982995,-0.7181477550689718,48364,72.29,0
1.116141012930935,-0.3901074838096812,-0.016577225495944817,0.8258555796201295,-0.7648697349896997,1.424893676638832,0.291344461114156,-1.1488930680601896,135929,118.8,0
2.3582909408661386,-0.008801490904678251,-0.4100226416643925,-0.05816069650308416,-0.39609403795107484,-0.8187041034273156,0.6145533722417159,-0.1485462821404375,4171,44.79,0
-0.41179655781020635,2.156434674102271,1.6176565991538123,0.5359051579153061,-0.7084191223550778,-1.5360382834821265,-1.0331456535739887,1.6388970505070948,150829,142.47,0
-1.5064701596322434,-0.6686553611433486,0.19016319447550922,0.4533204997515322,-0.8222981122393547,1.8405673751381095,0.4809436382755358,0.7766522431924405,172800,158.3,0
1.3844065016370184,1.1625549078022592,0.5169907896147564,2.014875246746856,0.5097663847007909,0.6359548668204679,1.4797819662864016,0.6956664633839181,139749,20.88,0
0.3648287889421647,0.5387409256759493,0.6418107560002312,0.0032443440781993525,-3.3307860143946333,0.5955383221999349,-1.970288616052164,-0.6068852617171128,125295,49.0,0
-0.4916916087597099,1.3955638697052697,-0.6561907366361542,0.3022240447578436,0.05474395453837187,-0.6019941468839443,0.4796087861778043,1.2769492546645032,66891,22.95,0
-0.4574368781984707,1.754389360272837,0.9690360331758242,-0.443298276160392,0.7606045076590366,-0.2394351032549895,-0.17281637863334537,-0.8053828502973774,35705,58.76,0
0.701441383817183,-0.930408983940217,1.3344168995455894,0.14320770777299666,1.495024519636157,-0.12231037606927596,0.1425038986720126,0.26389251849658063,67195,9.98,0
-1.3106473544598862,-0.6613910716340826,0.6801810749485159,0.5926404822188236,0.9422059054475884,0.1187413007484616,-0.03171961503890437,0.5115156753538523,117454,84.96,0
0.2173215199746465,-2.3421814570741026,0.29911450867984885,0.6893746134047377,0.2979523574224369,0.9412947902797055,1.1718959600851544,-0.6947929124475469,56643,5.09,0
-0.37774118514350075,-1.3408387371169996,2.3635618036133725,-1.6969514524303604,-1.7360993241578164,0.3256646336300665,-0.05436842654428593,-1.462434373746153,64931,4.22,0
-1.5778172790395224,1.2939738745059608,-0.10279249973736174,-0.8963804510022381,-1.5829347112058996,1.661053976034506,1.182097038550029,-0.4034077620695098,151425,110.43,0
0.49192826245446875,-0.3088455568290261,-0.19718462584855584,1.3742165416920775,0.12655368608520892,1.667163034141116,1.9389716637738,1.5841818948699105,36459,17.22,0
0.5634045049040575,0.2222144080146437,0.22077690014097923,0.42062760605404803,-1.292259091968081,1.0755679379999952,-0.15405573881161116,-0.1255376798911237,54283,38.57,0
-0.07562302193378867,1.1399159955574765,-1.6728104506233052,-0.13175058525665467,-0.4808433525698616,-0.5778762357792127,1.9528232841072952,1.446399185761445,136990,19.79,0
0.24703051070790752,-0.5786258371638174,0.38900959554732056,-1.9464167526470955,0.607555298525123,0.484804355118255,-1.130277683337571,-0.7512254373397971,135560,24.1,0
-0.9707988955623461,1.2744258355725326,1.5547187181948934,0.7612843611421058,-1.3286176246618473,-0.3013268532290245,0.34899239743585025,0.34151986536891377,27064,40.97,0
0.10314817822142636,0.23383580285569414,-0.8628152458726148,0.7019563337598107,0.40640164203661816,-0.04498758352418838,0.3549782036937505,0.32764603895298255,61535,40.86,0
-0.6448000582834659,-2.247475896476818,0.9333386886252946,-0.006474883038445702,-0.28418689793047924,-0.4435777760500883,0.4376599834915667,-0.6628139161815466,141872,54.5,0
-1.2195077544396662,-0.36500073371750447,-0.9144159077755086,-1.2541203019839344,0.22527691151952103,1.3303901408101881,2.0976854943974867,-0.04207782283717317,77766,39.31,0
1.074475105505881,0.048692987146861356,0.8012325250902111,-0.7197372437977747,1.753017665418683,0.8306319002266859,1.6579872084603617,0.19941300881428883,119728,15.91,0
0.6933337141256359,-0.7856543292652993,0.44496839476097977,-0.7446143786218985,0.5232093291252004,0.9362136018803914,0.37503970152940347,0.7484798095128559,154728,21.85,0
0.5810055075727069,-0.49425311168587915,0.06172974204940328,-1.2814368438392252,1.2339532299212703,1.2630017683551946,-1.2133825941937495,1.1577235095804161,154996,3.01,0
-1.1026893508005156,-0.6066052258582756,0.5742018860917697,-1.3638253911848668,0.08351093316800991,0.3747577014187698,1.000507817662656,-0.5450025156700191,142552,35.23,0
0.5856656489374601,1.7513432675671374,1.0477020122694929,0.40379099440018784,-0.8475445411676854,0.2984593052590342,0.5855362769592645,1.780863021580365,33472,12.85,0
1.5575203142251985,2.2659563559954488,0.6538440770913913,0.33733656378902155,-0.01568617915167669,0.37202171790063376,0.3382681630760822,1.3243786380551055,37107,41.51,0
1.472769428881915,-1.2592072973323645,0.6581838407785048,0.34308504116188565,-0.6892429131160468,2.0409004013491496,1.1505453013693279,1.238546610028283,148822,93.42,0
-0.8576946679325813,-0.2517702752648782,0.5868679358583361,0.44148803926035224,-1.1572673103742563,0.2985247053435757,2.0318814020301676,0.675595516064319,65124,8.33,0
-0.09069571962281098,-0.1281981421072861,0.7532975451762778,-1.4441447182224623,0.850018124094554,0.8277904441956572,0.308945999250318,2.287814421515975,23283,61.38,0
-1.4414652011027458,1.9933425047141435,0.5769222308809296,-1.5926641696154211,-1.4368863334284903,1.5841600320475848,0.17975966060232895,0.5607693593597983,137075,112.18,0
-0.6436474302394887,-0.8968704070036753,0.6834124021554576,-1.246686493870209,1.7846406406077209,0.21555239339554527,-0.7282246642570994,0.3413030506689028,53251,38.52,0
-0.8136835421860547,-1.062339438179345,0.6982788277970271,1.3689268174216525,0.3809887401339326,-1.2288691798619271,-0.8161517957008269,1.5290376502422087,38383,14.93,0
1.8688853228950608,1.846137001828644,-0.4915481087452262,-1.4695451849189431,1.6865862103650824,0.6938230683839781,0.5212747372860739,-0.44864796563857384,143187,18.9,0
0.8949875525580855,1.4132495688408528,2.0512644281738206,0.41971795429779146,-1.7782549310870277,-1.3438388649467343,0.8923318630363664,0.09332024288678736,149171,37.25,0
-0.27728332263761374,0.23207619650262493,-0.4167152562281471,0.2213048939765561,-0.5946297082533925,-0.1696798284682546,2.1435487613719655,0.3109404457666454,64811,29.83,0
1.8159915194793805,0.3667500419522634,-0.7341831634568583,0.5132173475716277,0.8003531535701365,1.160665232068416,-1.2349771637021163,1.5530597700421156,36609,55.31,0
2.060717528920964,0.982893922635611,0.9879130108852898,0.1449188031027933,1.0095739899687592,0.7600714217444633,-1.9367874762955295,-0.8708714861945974,49752,16.63,0
2.1374309349128677,-0.49248310768745557,-0.17754171578776506,-0.5742235409348209,-0.24306398204257895,-0.7223950069633106,-2.075404487887845,-0.3602870280640035,158348,17.1,0
0.45729794318592376,0.6890469066235201,0.2917879234464571,-0.9329313205063481,1.07216867608296,2.0176831081114277,0.5054157261490944,-0.12045651177474495,139457,72.49,0
-1.0680834396073868,1.8890496927796812,1.4372505864688878,-2.2297166148341567,1.1724249199675205,-0.5770200529793993,1.4325098198225428,1.0088695027671408,45453,5.43,0
-1.111685834872808,0.7407144659618845,0.9872396402198064,-1.006690929241084,0.03801347084901871,-0.10778869198538445,1.1360527514018348,0.43732747954660567,152725,3.99,0
1.0757860811056517,0.34111912411624223,-0.3267521314674325,0.33086131619762377,1.0982045953874306,1.6614688409024336,-0.7560124088850924,-1.5184565646878667,77706,48.88,0
0.18949252556977692,0.5169636207560313,-0.7058947684808698,0.4695975483895657,0.5147004048028898,0.2349961051272623,1.576296611226175,0.2162967697231428,61931,240.21,0
-0.2692473335425451,-0.5384929744494404,-0.7019532993175868,-0.5175112737456785,-3.5218084233963887,-0.8192854560480206,0.8015597335143011,-2.4535699585549153,46857,76.3,0
1.1348158289966899,0.30174862663278634,-0.10976950333191929,-0.023199164248734295,-1.6283247653327624,-1.2198748001525623,0.2402244656490612,-0.37807542833638097,119953,34.83,0
2.0720539109015625,-0.5451313470743777,-0.9428795588731549,0.15647323410079197,-0.15511015287204216,-0.5586577532244279,1.408771408500257,-1.1222445341961538,52117,29.21,0
-0.33663063744890237,1.5904750389689508,-1.0766862976599068,-0.28725656325245275,0.40766743524434473,-0.46918186520628147,0.2275438208316947,1.2477107633065823,46064,67.15,0
-0.39687571283355144,-0.1145091324680288,0.7273521095816817,0.3845611014167463,0.903740936957407,-0.5192950252649302,1.0836047992064788,-0.6184459377212901,44511,13.16,0
-0.9856702214002299,0.4388416508920292,1.2189321316067163,2.3179329296432325,-0.35418689500982214,0.8770861786505075,1.8548815801328788,-1.448693866664951,46650,24.23,0
0.08220433631370518,-1.9420122465327243,0.2151564208915537,0.12673148563790018,-0.9714339279224332,0.564514442494071,-0.13382935168049312,-1.9510815662936234,51364,100.51,0
-1.1152386326012858,-2.232101880377623,-0.7086596325850171,-0.38735195676045375,-1.6312492247867765,-0.8383883927381455,0.7395578331507316,0.26364824183997276,155960,103.1,0
0.8109196864865088,-0.8629260743911462,0.4791204375270155,1.1781270480297643,-0.5823469428378953,1.232107670623109,0.16883020171973212,-0.6892504462997685,130050,42.21,0
0.03690533855301416,1.0213997688818381,-1.1766874215550533,0.2831494955184188,-0.7036867654919974,-0.742279685508737,0.7445896031071664,-0.12044699536116532,70414,4.6,0
0.03778667619695495,0.9033569273107859,1.1944432492470953,-0.30832053837031714,0.5581863365518622,0.38400454641866666,0.8063251748488548,0.32759069667562196,31150,56.57,0
0.2564873730116014,-1.2231754645899355,1.6679091138359246,-0.36212397062129453,0.6396007616023888,-0.7328070688562157,-1.4929945444164963,1.1676996400572435,31393,81.65,0
-0.7759873724208194,-0.019560168939195488,0.09258941926093299,0.5767839623359914,-0.8182886435718353,-1.00432952941944,0.04979282184371716,0.2070093303943671,18681,57.62,0
-0.7600888652942623,1.2393290910939925,-1.3471646978550513,0.5004758993705085,-0.23214263330291915,0.09547394391336901,0.3006989334619824,1.1970962485199512,137262,8.2,0
0.5048196743101392,0.5414422438197272,-0.20603513730137268,1.2806150386277992,-0.1644998715939588,1.0859128687145472,-0.35654886221064175,-1.153082282680829,28226,6.68,0
-0.14096353531250091,-1.3004904039002187,1.1852276940859066,1.6141145160942794,0.9946224192749955,-0.7638486627339589,-1.2353632753732913,-0.3502961120440016,112584,181.15,0
-0.05639205656641513,0.1286090361618849,-2.277103020162451,-0.8742376373373034,-0.9132577751843082,1.1075141808280866,0.15862203371208602,0.011347476975799456,61380,21.86,0
1.065578030444382,0.9955378349281169,1.0434421065418118,-0.05271054877555265,1.027153226500257,0.1678658715515159,1.3831551191266447,-0.30880819622714817,144248,48.87,0
0.12467313767103232,0.1674759094356312,-1.3538974616726362,-0.20881757033167064,-0.7986992657656182,1.138176954952262,-0.6796578943040206,-0.49503452343293,143241,101.83,0
-0.3567479912378774,1.815210056037539,-1.7256048823794647,2.185371733284947,0.14469421319308495,0.9614856507091686,0.020369054946290686,0.8152691015015723,157069,82.8,0
0.39325373066447006,-0.6550841942755501,0.17486234249488264,2.52771847904853,-0.5305645711366545,1.8328366920290835,-2.436790291731916,0.5719853618714938,65832,51.66,0
-0.5208043969410096,0.9941497904090733,-1.7761292070868884,0.48666374239789323,-0.1782512472455363,-0.7448884028201093,-0.26628449904541823,1.6203509475040954,172800,41.41,0
-0.7372466703760234,0.10849833926309564,-0.1815694541931124,0.035775485295785336,0.48913448707453666,-0.1980248989587013,0.354690986039357,-0.15802448008628092,32812,15.38,0
-0.3892665817477487,-0.06459865028995575,0.028766215123170482,-0.4185569168012678,0.3298124066859079,1.1314638207971865,0.9957207292050979,-0.1676812648321272,142248,13.1,0
0.22260722720709006,-0.22983555719124993,-1.8992830479149097,-1.8287275989469451,-1.431113810729185,-0.07747246616924769,-0.8359369207020703,1.55716945263293,145757,143.95,0
-0.7100242467042406,-1.4011730058389058,1.0909790530148702,-0.1728775227192876,1.2627276942025538,-1.4171854177947767,-0.6891834913762637,-0.7982747753031845,46737,36.39,0
1.7826845197586294,-0.4817720273733906,-1.0049273190678838,0.011604221400530305,0.9020816591057053,1.134664496861119,0.05716875509040036,2.535828769820899,66585,14.19,0
1.2592589968430505,1.270398150637164,-0.702458532323886,-2.29468788163448,0.3392747115045034,1.3187063497149698,-1.6041389422076309,-0.37360463790956844,42883,5.73,0
1.8931059336847964,0.6504773144425742,0.31181732519755595,-0.35973283728462135,0.8456143980950874,-1.116842288342342,1.7300888846285973,1.047805560258229,63105,141.53,0
2.0350338038287483,-0.23713250723195461,0.3219319678623509,0.26043190794444393,0.9131336652861587,0.2606961792282181,0.12946940329594178,2.015494552273324,110320,50.66,0
0.4735531807188711,1.575696264654135,1.229657865596784,-0.41776302956689026,0.6802270301700022,-0.1818092748170371,-0.43726087983609613,-0.9300710815359909,83150,32.57,0
1.4684126151592207,0.8354754675836013,0.9385439913394518,0.5730523394222728,0.865790785375511,-0.4297142873689169,0.6486333571301651,1.1625339024496788,80406,6.5,0
-0.13655653611546312,1.2810763920911812,0.9870843417498008,-0.7339942788786429,-0.24765560383738025,1.1030922335588764,-0.44850253406305407,0.1705878131532736,105650,38.73,0
-0.39933514791186286,-1.2252121968532337,3.0207422916601976,1.602554960270294,0.2938683161842797,-2.102996155064152,-0.37215362916706224,2.0099554553536203,67117,50.0,0
0.032108245831276166,1.0804390648354485,0.09577141565544345,-0.6674296206734219,-0.36565146884881455,0.29574778647011774,0.5602975015318421,1.5039367461662614,67778,245.16,0
2.394109564002505,1.5906594497303115,-0.26813569629163053,-0.41192046591289844,-0.19460681403836258,1.4999034639010473,2.1036529726150754,-1.9671287499017611,147566,47.82,0
-0.7702261984436839,0.03198950232859051,-1.0359148784608065,-0.8764640767615414,0.9364749559240306,0.9902718539099497,0.15708159374885294,0.6103002551532336,29152,17.39,0
0.7529949992351678,-0.5171874486998843,-1.4415438238129448,0.5579101621385013,0.17892019278702853,0.8847705430384717,-0.5344313592412863,-0.005705228950887574,67924,44.25,0
-1.1655749299512534,0.042259375878144045,1.5503197519317553,0.22661743745992766,0.5843382778354197,-0.4398316943322781,-1.0510921668568691,-0.5615381830522462,44930,19.19,0
-0.5284098100478305,0.031092112675408956,0.2548649134112178,-0.238761427987731,0.7406643369550555,1.4119243394825807,-0.5810028395821376,-1.7874573569995817,142609,64.03,0
1.657010733925431,0.08714659375793643,2.0765591822949307,-0.8182586786761233,2.1938109639419716,-0.9435133686439552,-0.43838577468587037,0.44214367920896724,28878,16.59,0
0.7274071349941924,0.9597984620734153,-0.2866984465259786,-0.21975168585761387,-1.3966667356870257,0.19691480240704445,0.05588927953999875,-0.856184454044946,144679,30.25,0
0.6668508530396761,-1.4028458426224322,-1.385311124597639,-1.1056806193868025,-0.012136688459086657,-2.2189360944539334,0.4607529674157015,0.6130774395904907,54285,3.54,0
0.14389942055247767,0.33374296449148555,-0.25889727603054363,1.3166129194278617,-1.4328514672600767,-1.125924187615765,0.2439496407314294,2.1118957238109894,42830,64.9,0
-1.0198311408359797,-1.5435987161728286,0.2557062084205562,-0.18651150943560132,0.4603348007980277,-0.612920413543889,1.4029203093562759,-1.1961771646147912,70564,212.12,0
0.7324890414061122,1.302275857744767,1.7443846181759908,-0.8210800097142817,-1.7240796986249523,0.3763108297333539,-1.1556261225154958,0.5717682629720083,52352,14.73,0
0.5696996707580374,0.26988602779638865,0.5054795225580614,1.2280032609094704,-0.052765893201966826,0.3767675979801336,-0.30660220132312443,0.015747591469695135,166954,86.31,0
-0.781485211185383,0.5799093945979683,1.2188571660123784,-0.8042565895538656,-1.2495233012672557,0.8719985271084444,-0.2988203626401941,-0.43879823040915417,74463,129.83,0
0.41649009662857467,1.1746484133295405,0.6186746409307062,0.06466538959712112,-0.4463304371662939,-1.4334899567302974,-0.06417730800302004,-0.3747160463849259,65212,73.47,0
0.15981762272714956,-0.8012932506336231,0.2729899044904501,0.24245270339136704,0.11933398707211175,-0.47586306313645077,-0.6545419810780835,0.3223703997275838,158957,16.85,0
-0.49141455545738655,2.1203520534767852,0.9932911415604946,1.15961747503017,0.04168545444279082,0.31052210877539976,-0.3423839795103596,-0.838079660888257,153681,42.39,0
-0.07213587617624656,-0.08710520535852988,-0.8860766819576824,1.4124145312183314,-0.49560690733306284,1.9051570601760803,-0.6277757011336205,-0.4553004100299999,41827,31.64,0
1.266062541919234,-0.05033563506145716,0.4197093661801531,0.41786815613874656,-0.8805874840191672,-0.2506971879565842,-0.012798669871084068,0.37758692137520417,124212,51.49,0
0.5556705028575117,-3.0741099936155956,-0.30401689526598963,-0.16630578290832382,-0.05442377588582589,-2.082179077728345,-0.7640855342637003,-1.3622442105250372,154520,33.29,0
0.1191171755810818,-2.1252319962745703,-0.5878155667497309,0.2664439166495518,0.38550637697077555,-0.44474984525693606,0.07014514510285082,-1.0190775706532058,45833,20.54,0
0.906436867932051,1.937562720390904,-0.43772557538684836,0.014040818007840617,0.17352802613449572,0.5298100656836389,0.1324149765536345,-0.5437411103659249,144210,57.61,0
-1.7297003306591499,-0.48950668209841874,0.19110271464582182,2.3028021735379225,-0.22596172654352356,0.15278537135275586,0.34505548296724636,0.20576616001021297,161093,25.24,0
1.3193687758229597,-1.4932429867505081,0.06980279583672772,-0.044702815741785216,0.7842615695024255,0.13987822377301146,-0.1320396864822392,-0.3805397280510515,116227,66.14,0
0.5463887643092598,0.7801961311995445,0.5780103551552566,-0.6673049378769047,0.42460450844599607,-2.1195518356393817,1.5339214444906837,1.5310812266172202,65099,46.32,0
0.8329172627329744,0.24815857850381606,-0.023745595004815295,-0.1803440966691993,0.6360397748717278,0.5283099801262054,-0.2642817434672023,1.441405525933114,147028,19.85,0
0.8083674300579229,0.5820470805774158,0.10843998972747285,-0.6135759193909469,0.2757984090810329,1.3643011694937865,0.17533239726846755,-0.3953409130830503,33638,7.64,0
-0.44066917327288757,1.150624009712789,-1.3434584479408478,-1.2281537044314965,-1.6604713298033742,-0.38742260011959745,-1.689606820338274,-1.6057171781206176,40449,23.76,0
-0.8188703195614008,-1.6548767888540477,-0.7959977166193544,0.15204181076527454,0.6945501040036444,-0.7441139651061446,3.6874668014983003,0.18216095444462005,127085,36.26,0
0.3183832122482271,0.23278777460411912,-0.2176595052418403,-0.9681492581825891,-0.43937622004152516,-0.20668907313180998,-1.4154197643652435,-0.21575059154690865,45891,88.54,0
0.3671170444223692,0.675747650845586,-1.5565951553110222,-0.7251439304823433,-0.7722086629675899,-0.22803171629040137,-1.9922347915346175,1.1337999196954365,129904,2.06,0
-0.05903758093743174,-0.8485251822398658,0.4292374104098454,0.841076385503312,0.49388164474838747,-0.05632199585395019,1.1795012141844854,0.428382461140386,148161,162.25,0
-0.14593291414156653,0.5684002585730601,1.0130569880721534,0.6711416021134258,0.33953672341531277,0.3626552857750062,0.4770505959654445,0.9567759437017008,116003,76.0,0
-0.23746352519396727,0.8013104333871064,1.6936041466416762,0.1302976995466414,-0.46912238944430096,-0.38255139556129025,-1.7114304010435375,-0.4591669478439551,29166,25.19,0
-0.5072841646663382,0.7771389479869385,1.5254704216932449,1.5536337286320647,0.8855252043009731,-0.9347817066872002,1.403154849034468,0.42652289832243134,128101,2.12,0
-1.0755616972612017,1.3127606590060419,1.641167909472439,-0.5249076974063555,-0.1589006180018763,-1.4670508897606058,0.5339373980590603,2.0757862212419953,51687,16.2,0
0.4186801288643035,-0.20535722387881458,1.4297307261923515,0.25534010009093083,-0.6278775390205247,-1.1501688401667924,-2.9310967637125387,1.9731246657865393,35836,6.42,0
-0.7930683907128941,-1.1306565105457478,-1.0099957354457663,-1.409946401889573,-1.6967359427510438,-1.4424079802360232,-2.647112108055182,-0.3636101362420109,85064,17.34,0
-1.430655347400926,2.13841525100487,-0.29075967370820327,1.0043461605718487,-0.46466990357853183,2.097817098408465,-0.4982966463669325,0.10057804534065648,128713,47.39,0
-0.95676135549589,-0.2678932470595692,0.9465984889133986,-0.46345979798139336,0.40910498969985853,-0.5750838419582224,1.1986662622606656,-1.371265213745911,162674,11.04,0
0.1578450733039087,-0.6162711665245576,-0.7523931390395009,0.06995104414750146,-1.6522964501085404,1.9938667847667852,-0.5727079957856954,-0.39062852460894903,125344,17.47,0
0.8546127049956879,0.2815494733776529,-0.5762277140057533,-2.4834180096828082,0.09444979790446463,0.7951463294809437,-0.9439338355962759,0.17162704813482763,58516,70.39,0
-0.9416170631132539,-0.8543982085688836,-0.4170760625319023,-0.24984708736646855,-2.0632897899549496,-0.016101978847728064,-2.727942756743136,1.276676013583098,153883,53.3,0
0.46407240642889175,-0.15784655621131746,-0.7741249689515213,-0.4832140905828485,-1.0962290992534973,0.7361028732976659,-2.1593310849558507,0.9517248450020626,146657,6.24,0
-0.8495568484108184,0.4030292460528468,-0.9101650160850435,0.016903690556634494,-1.7074838772797847,0.8359097731379274,0.4509883342333267,0.497666926607605,150536,3.97,0
-0.22304411329846785,0.22021318514480237,0.6989758183447671,0.1561053524822054,0.33040111100578506,-0.03741064817386257,-1.0141980701800475,-0.7955126936948659,128126,7.82,0
-0.6334704170099904,0.41992116691531756,-0.23850361018831384,-2.0451819085984395,2.5652930148486384,-0.16330354669426908,2.149768436141102,-0.4022903955438998,61709,87.42,0
-0.237592701152162,-1.0385837495407644,0.5666431837847571,0.30807910281609335,-0.31734797835943135,-1.011186950384458,0.3420362406808769,0.8564787620467299,73509,49.88,0
0.294575708640568,1.152336923812146,0.9477512727268667,1.6251644196074522,0.3389324557787435,0.9139267732731373,-0.1903386798510786,0.192008284562947,49466,56.99,0
1.8432095870626992,0.005930498097845524,1.2019202529988124,0.27566345673451825,0.5625741703648524,-0.47591730666017984,-0.19706750261046374,-0.830805904848733,5997,25.93,0
1.297766359224592,-0.3122831341298548,0.18002928663771678,0.7506722304333794,1.5631981532570365,0.3688855015501813,2.587282570423211,-0.08954811551035001,82413,7.86,0
0.3203119663430701,-0.2467656178979196,2.389170136919723,0.3929132415151219,-0.830789382473405,-0.7261665363572831,-1.7471081339558054,-0.06981979873658543,139818,22.56,0
-0.13973688217377114,-0.9068253301019217,-1.755219974400954,0.5406112039619526,-0.6628039716392837,-1.7330916151558549,0.560506230141569,-0.25081776760670776,143320,2.64,0
-0.06051453206567841,0.19600927320488676,-1.1692565426027293,-0.6109539448965334,0.6130263663814696,-1.674864363551446,-1.3263267651941808,-0.3055858737208037,26299,12.39,0
0.37340007609001663,0.6005055539443054,0.3321877990597148,-0.9992820524797529,-0.12109816542734722,-0.4897095128463524,1.0858932550686864,-0.26945859992531745,38694,10.36,0
0.23201010415979434,-0.7796849853579039,-0.996711871584174,0.6277975631900686,0.24021777433265296,-0.19210372652204966,0.3388161734944086,-0.7042591399246761,51359,48.17,0
1.5331252051794508,0.11597113614905641,0.2271508267939333,-0.5114372867664558,0.27277014244826736,0.017890540702493348,-0.01808217433081178,1.650632727416365,31426,61.47,0
-3.673649879441156,2.81111180198386,0.5778213742645381,1.2557180172343763,-0.7285509642796946,-0.322700599519007,-0.38533485117213917,-2.463996942332722,18793,1208.51,1
-0.946293333483,0.352826881802831,-1.2122719990559514,0.9323954178920827,-0.4572063737671658,-0.32692119804679964,1.4069290026367203,-0.4363227229948778,144615,17.98,0
-0.5332452129226418,-0.20758934899826836,0.6003617268173923,-0.7888793489496836,1.0667536912671243,0.7387165183921286,-2.0916625614241404,-0.4178944736917049,64778,66.1,0
0.658548553730445,1.1942945702200611,-0.55860552883825,-0.4190255848402959,-0.8126470558890512,2.1171815399897724,-0.5009905968099438,-0.955211809699693,53864,29.06,0
-1.7308731986140833,-0.4007321537497813,-1.6134356408528698,1.4153537017994307,0.24627923438870072,-0.15999092748932614,-1.4106811403226887,0.1728049490159023,142908,47.69,0
0.5101874753026866,0.1458722991612538,-2.0124805350438684,-2.0278801990406214,-2.6641418463807733,-0.13583356756640885,-1.6435810251607088,-2.348325680163745,109445,51.47,0
-0.9776631352312333,0.06280408747681704,-0.3281663520267097,-0.9805276802339434,0.9198942137188852,-0.42225740842229104,-1.2950379637324692,0.29867571230666,52948,9.62,0
-1.156812095652981,0.7381925158806075,2.0589856957943367,-0.8553334027860247,1.2006419492392584,0.5619306932835202,0.9604844122940904,-0.7564039912677225,37216,19.44,0
-0.2514205128393013,0.6112088970547901,-0.7824759260972359,-0.1261088847963003,0.2187164177941008,1.5359832276373107,0.05583977800823738,0.1004289408360447,68169,20.06,0
-0.6907324846803112,-0.22962853459070176,-1.925281573590805,0.24688624175375115,-0.8221770371418441,0.24514819704479662,-0.26568086896703746,-0.8413208093064866,134922,10.7,0
0.15591530532098302,0.9347760926151452,-1.016251124748907,0.42224922165976514,-0.10004573561106689,0.9598761386145882,1.0772160299540552,0.061648559591326195,40363,42.8,0
0.12230919098792595,0.7103330866754772,-0.7715307011546592,-2.0277679231649866,0.11108641769694873,0.4694588288650424,0.6737304882755186,-1.021268067583795,36628,43.84,0
0.2868039256226029,0.2984050191138904,-0.1583179330041202,-1.3197491112310664,1.0221249941300405,-0.0313655993204544,0.2143553585788941,0.5808120201714976,50850,54.31,0
0.19540287965886968,-0.5358101178422764,1.2385209225990477,0.27512603715626666,-0.7617075696792263,-0.4135449106255836,1.2283565802237848,-0.6163190198743975,165292,3.82,0
0.08499277486746579,0.13289823681419952,-1.489205457098057,1.9991028543059826,2.097886028650087,0.47933137366519013,-0.8701414127081488,-0.6269738772974359,120196,109.64,0
-0.49414756378116736,1.0892711374470068,1.0744864380761787,0.28213041404695094,-0.4456342431280127,0.18781681501960246,-0.7350306913569169,-0.09232690731803304,50888,70.92,0
-0.1497862171201022,0.3631220161854476,0.8945948669615069,-0.4192103396856869,0.7974841151321669,0.013978623619684896,1.2498965025459858,-0.9445876907683202,148392,20.93,0
1.0751258616666883,0.5395045198155396,-0.033410900724965775,0.03785780716110784,-1.478342977661489,1.0731919108050374,-0.1964476263461026,1.0659383421653257,154842,19.18,0
0.21718730728048394,-1.0302679571818611,0.16488596680360645,1.44641298775778,1.7456955242916676,-1.0211597556335346,-0.8486010674305268,-1.2929965133858505,133711,12.16,0
-0.4856793742117838,0.3982319901638478,-0.7799906980903615,0.9785381615726202,2.096751303974146,1.1070964005909099,-0.660558885566455,-0.9622397433620875,112824,51.7,0
-0.9750541626824901,-1.3025992523178815,1.041101450884088,-0.6730286360979755,-0.12249911588786222,-2.2554454152688854,-1.734243322118515,0.25271624478541754,53883,2.86,0
1.7456430170595867,0.02018770801823166,-0.45427214037276603,0.16496871945527342,-0.6439162984095427,1.569287414584853,0.4808690281686445,-0.05258145409864245,46203,147.81,0
-0.3260518812937068,0.7309244039140983,-0.7772304449003798,-0.9142421201540247,-0.4526454787647438,-0.2304273952042027,-0.33243949980995857,-0.42691386977220247,30306,154.22,0
-0.5157207585619181,-0.4394138097715213,-0.3272030003918698,0.8853145883716469,-1.4526378103153914,-0.34055877799765455,-1.4723264749378582,-0.4092330739056816,155712,76.97,0
-0.1989629219599844,-0.9178482325658487,-0.7471825217325065,-0.19541185279809203,0.18454339016101384,-0.40257816178533157,0.7002347048906407,-0.40032245802841143,144131,116.18,0
-1.0369569807462542,-0.2383322756809228,1.6389979623451914,0.25938947339738344,-0.43417976404478026,-0.5448932203723539,-1.077449950363455,0.9193354872504388,20011,10.17,0
-1.2618355999199586,-1.5171939346514236,-1.3036421926579782,-0.0510170437162621,0.4406551466508979,0.35228282049435555,-0.5216584798812932,-0.3487448304689289,10955,2.28,0
-1.1233253874166167,-0.3256078861739348,1.4313126129013696,2.229464642912334,0.1819710918788573,-1.3546054341582523,0.8539244220286815,-0.03902927624950636,140394,17.82,0
-1.232627697101827,2.171490046264928,0.3975613033717844,-0.2322851717684565,1.1987064237854481,-0.5220406483868127,1.3069642136321409,-1.1762567479454462,146754,104.34,0
-1.2075344618951986,-0.5536330605007331,0.1890541708008032,0.538062814606358,-0.2750472705703935,0.010302391840183023,0.16521005594517243,-0.2270064601490803,56619,68.85,0
-0.5794622778253132,-0.9564711047446451,2.099083673376434,0.3997897101404639,-0.5100442803291613,1.8528987412257751,1.3088626323229147,-0.61475902762173,156174,78.07,0
0.5709757913455156,-1.4624399317487726,1.2111769686994476,0.44700826969115026,-0.20883352651129597,-1.5438452022475295,-1.460937130620306,0.6853771387812901,144999,5.45,0
0.2330196827037026,0.9378607795351357,1.3994773331523085,-0.25141241961274463,-0.7162798135542865,1.3364115250398851,1.506426596258796,0.6826383820923931,51321,21.08,0
0.18901044505254105,0.32952213683153403,0.9800712016247372,-1.6765902183559827,0.722949280067509,1.316299687188384,0.7175887572102824,0.3150031345082293,143530,136.93,0
1.2044023940562096,0.7606547401068949,0.6884555977240172,0.5437809101018732,2.0859676922284396,0.42752256369628033,-1.7804219240799926,-0.17419908525415903,143784,11.38,0
-0.23178052790236323,-1.2566584191382246,-0.5452222584572016,-0.9148722419528084,-0.9284485427895129,-0.9850707386403876,2.3253388530794465,-0.05646618108924384,141434,1.54,0
0.6589526756988325,0.7490642979510714,-0.642394852110431,-0.7235924559916048,0.07702981868755344,-0.26178958925805396,-1.460406121847021,-1.0035831876567354,31004,15.54,0
0.7731680453972763,-1.8620656803319717,0.5319584283585862,-0.019092988156508922,-1.1453911537472927,-0.5914593510155088,0.2835540767411167,0.12475969886159183,44463,32.01,0
0.5871134486556414,-1.1095303570559183,-1.7651210852192303,-0.4764778411540553,-1.425793870746916,-2.116981760848309,0.30174768174155014,-1.7693614013366434,73318,23.05,0
-1.0089161381156169,0.8406316058993933,-1.0482274963432667,-0.8022645202391022,-1.4579879024124025,0.3841291494159515,0.9601143542326268,1.1629756843605967,41444,27.0,0
-0.23093601642495812,0.3062074304166342,-0.2618132049997595,0.5912331938655336,-0.14701642691719846,-1.635568133068876,-1.1993471045552664,-0.5258885098087823,66084,68.07,0
-0.5836604573054179,1.239733307978622,-0.34475201767868985,-1.7168575228553693,-0.19464136458099254,1.3679694020252005,-0.3454547476179307,-1.046878502776499,36989,26.59,0
-0.35608895229396426,0.6842523289924134,-1.3635646617600605,0.07172648572789098,-0.031743751967038755,-0.20977633866219922,1.580452242704244,0.16091370743342726,153148,73.17,0
0.2918953969802052,1.0787697571264205,-0.9980555145218797,-0.05156047284265362,-0.05896232065514985,-1.6135749205184011,0.29216932670449314,0.3518739826566354,75378,26.58,0
-1.0906117438464824,1.3135221018428114,-0.9025323552044918,1.5658279014085728,-1.108439836181162,-0.09255489249600672,-1.1939280047715914,0.6550417681200634,167670,49.5,0
1.3899326484273808,-1.4310378754417035,-0.4547958324349599,0.6533141120125204,-0.48119681505642015,2.4684693440769725,0.6676132239155759,0.983532580239303,73004,23.23,0
-0.9543162411489825,0.9657757371220537,1.0708423528589326,1.0385951156815743,0.7910505554403641,0.4465167667113189,0.43120955683497164,0.13359324356525704,129216,79.26,0
3.34547469159803,0.7235021690437672,0.6595749003357807,-0.8822605991039395,1.5623588340829297,-0.5053227824185181,-0.910392712911492,-0.21149157875479935,34284,9.86,0
0.8522934503006728,-0.058691152929314636,-1.383112851155231,-0.5648800467247536,0.8420959678984358,1.854375626896814,-1.2229327546458943,-1.2887720151884616,53891,38.21,0
1.0942838991581292,-1.0666614332888318,-0.4624346543112036,0.05686358885520516,0.09217008158401377,-0.593454923126102,1.188405553435486,0.02439161963492755,138828,46.57,0
-2.509861686528594,2.55290565262728,-0.5439325335580284,5.1242613154220065,1.9695656255515546,0.2680675944809096,-1.3852761303626504,-1.8305770835483508,12245,790.12,1
1.3915436504129006,-0.3195269243557479,2.280297638668623,-2.4445789017349173,1.0947324333283535,0.08641531339620093,-0.4866512612852037,0.8777747615288143,130734,23.01,0
-1.7596188517531324,1.2544970060776695,-2.046779848277373,-0.14551215314985513,-0.8934847529964177,1.393837693544258,1.8447594352587362,-1.7039461068240116,75734,66.79,0
0.3708219051779407,1.214227734428134,-0.38332865096314706,-0.3903719732403265,0.6352317790787911,-0.010649752078544862,0.6800010157079541,-1.6253648340213114,151367,10.82,0
0.4779993874469378,-0.3375665886361984,0.4422573396945423,-0.9221949631142771,-0.8098259570138625,-1.3205892995098218,2.244058511936747,0.07308213092744939,136316,20.69,0
-0.5452719284656775,-1.8140509174460346,-1.617610316734285,-1.0097446781039883,-0.15182627210724578,-0.09415885291938401,3.1750305303442974,0.5032679067543145,46493,3.83,0
-1.5844211281771077,0.6264397504539391,0.18050463388908677,0.5156628049375553,0.07245312981093784,0.42547139158009356,0.460028085116589,0.4719104151741429,143981,18.24,0
0.41874191445473796,0.1233243976285878,0.813907117439669,0.3227610568764579,2.0693246878060867,0.9179304668533151,-1.8380930529192674,1.404216161675138,67986,10.68,0
-0.060352489335436216,1.1395725945117177,0.8082637693592474,-0.5517041611574824,0.7235632040613909,1.4021923658344302,0.42412292539038765,-0.30598932578005394,42841,88.01,0
0.02338052147467542,-0.2553256053557462,-0.46813580021262274,-0.9334247436724671,0.3859985971044967,-0.841683649237043,0.17210511218021743,-0.034834565809366516,137963,8.74,0
-0.4331547163073554,0.028147212877372693,0.15680123316729583,1.6959760257523815,-0.9121808343469997,1.0645212110113573,-1.4775343629760742,-1.2370346822181066,118742,32.2,0
-1.1403697278342346,-1.5144390058755437,-1.7182043489540406,-0.22076828934192816,1.3684173995829743,0.4346995542228882,0.8673786037953817,-0.8659408496158526,58767,60.91,0
0.05888269308687718,0.3643379909703378,-0.22853125924446424,-1.1167021200389904,-1.6539622376158574,1.3064535068256937,-0.6350877230204455,-0.6854624117510311,134408,3.76,0
0.6928838020508412,0.31637601819286965,-0.6019389378470857,-0.9159797733894037,-0.3135931379308227,-0.6346319256625306,0.1298368649773061,1.606201343378517,134948,10.03,0
0.7221138728022954,-1.8470453138330596,0.1358998868639036,-0.23664890497086166,0.9634546752323062,0.6219303660266216,0.3088784215487235,0.4602454152808821,40962,14.56,0
-0.1111413251951515,1.3547467456518398,-0.18954314762500785,0.20470252423791846,-0.5742186202068906,-0.39321023278252254,-0.6270165247163441,0.6875918566492015,32390,36.05,0
0.33904909930912513,0.3535503696739147,-0.12206131244876962,1.303716336735821,-0.6687343164185486,-1.6537700208606856,0.3090961695268289,1.9443763368378868,126040,20.06,0
-0.2488988940993073,-1.1179978873308987,0.23462938668001856,-0.5334353436194836,1.4042668882921066,-0.8121901556423505,0.42100464909856433,-0.08599064940753803,37319,27.01,0
1.463417447976724,0.36539078436214323,0.431268441605056,0.7704267719063206,-0.8746803013392757,-1.57640980780968,-1.7539828207421797,0.2310710744819205,45392,63.27,0
-0.8510426781445142,1.2827195073071895,-0.9641677968051425,-0.034964069944619716,0.2663924036989001,-1.8648347834747456,-2.0933353510696135,-0.42751355933620844,52358,4.14,0
0.36889247815933096,-0.3292633259298385,-0.3243517015052732,0.7567025692346548,0.9849790761406453,0.6807420430046919,-0.8831718835417658,-1.3455904662180584,103076,32.09,0
-0.7941632180841047,1.418804002274336,0.6680236686071309,-0.7495240936336176,-1.198442465947841,1.0651945149104205,-1.1410913602004742,-0.13312842375821454,129033,122.42,0
-1.4879304505241238,-1.2724539876435288,-0.641282063781843,-1.5788798913497046,-2.1429441427308893,1.9428415117091435,-0.43024764049876746,-0.8307380829051189,141963,3.69,0
-0.006329519967279135,-1.0829846129197704,1.5251957899115949,-0.33894742244737347,-0.9698031908319896,1.4544394656860953,1.7020785392118785,-2.7649785641383042,55200,29.51,0
0.7179581503441853,0.26209099789881857,0.1901340943933096,1.0512101496849422,1.7327624860593789,-0.08908237472105857,1.2403504926915658,-1.4872884784011575,66214,8.13,0
-0.8800776576681595,0.16054438839085663,0.3556341076350514,-0.4418438719169159,0.37659460950045787,-1.477747226186645,-1.7534035349321981,-0.6422042697387412,56217,44.38,0
1.0859037784177776,-0.8126043059415301,0.9308100771425494,-0.791938479870999,0.015578296930405166,0.500243527019077,1.0014949159240276,-0.4899251984070598,126629,47.27,0
-0.1486309199837066,-1.3370525747067878,-0.7363382369408069,-1.9541879451509416,-1.129686884043241,-0.12295162796571171,0.3536017327061492,-0.3237833302557874,112313,121.18,0
-0.8735330609972681,0.20452108851534112,0.18995522458586897,-0.4961139869614243,1.2303671703602264,0.7813366237015992,2.030739469870106,0.6946544643414463,135968,112.33,0
0.5133400139311358,-0.2735423760875804,0.8134247323205083,-1.3565641618277413,-0.1320194405327304,0.5924020114676979,0.2352830740559228,0.49575423707993116,39397,31.06,0
0.15020286930002552,1.0197148149680835,0.4862550743850754,-1.0508331749455584,-0.06740744564874504,-1.239898301541024,-1.0688403128408261,1.1088568982046167,113148,3.97,0
-0.3135575728884796,-1.311655220199018,0.24454120143188737,2.1765837143000346,1.0159410903474175,-2.026236774070083,0.2913332573842779,0.291226025509456,147596,4.63,0
-1.0818416283734535,-0.419030234154692,-0.9202440309016282,-0.79658628758592,-1.8704475729763366,-0.011292222765988916,2.067727139300996,0.19616899846621352,135578,92.78,0
-0.12749643539086977,1.5357878335613133,-0.3849566865065877,-1.4735457478780971,-1.5409114417642524,-1.0916830356097114,0.6762949640743067,-0.7510807254304426,57219,13.27,0
-0.526857807672589,0.4811950991375323,0.27989566898186896,-0.8765839884347106,-0.6211438789894017,-0.14302055149435133,1.2302529817992063,-0.6537906823706545,158011,11.6,0
-0.059728329103294495,2.195215588401614,-0.8020427843757453,-0.601446751620055,0.07617859106232294,0.5674568439523229,1.3349148687097585,0.4916515746977824,142942,60.18,0
1.6918949156824963,-0.9726270833119828,-0.44821633970351876,1.0105270570065552,-0.995051357417175,-1.2955492680663248,-0.6416618511141029,0.07352507758427483,38037,33.17,0
-1.1667737929036508,-0.29050516053877085,1.048364885635423,0.3550476714550934,1.6795018425491917,-0.30049656562514065,-0.4899669524725367,-0.7344554908048295,53208,75.34,0
-0.2842590545704682,-0.2957298708708032,-0.02514059754586416,0.26020899395879427,-0.2989771050759749,-0.39226135702429976,0.08252414132912494,-1.7510685855622767,52563,26.59,0
0.37129800456814344,0.8875039953976644,0.13221669264064909,0.10067974076098613,0.8378382834844933,0.9688456641668741,0.33657579549306055,-1.547610596879644,158713,34.81,0
0.8145965765897881,0.4234158554251784,0.9436687296069644,-0.28375176282171016,-1.0877357201232787,-0.5739021370441768,1.0273140059700046,-1.60040439852996,143667,32.8,0
-0.8348756063284029,2.5514942146782857,0.41749211714646367,0.9234559414673909,-0.35213932946545956,0.25815454908069196,0.42582752877089647,-0.899534765346044,96653,87.14,0
-1.0871672657163192,0.5750853104396335,-0.7008429855362637,0.5380383639249167,0.04603581011266547,-0.7294901107614066,-1.3369812804758388,0.23007268314545332,53550,68.25,0
-0.26569347672652094,0.02135441893775598,0.9980876460398719,0.563184453967752,-0.0922689226695197,-0.046249432042370066,-0.5905107775734771,0.023153778359985323,159965,89.18,0
2.155992419631113,-0.47301508011690374,-0.3650721032089327,-0.45969705653273113,0.34591121303127237,1.3485494045514972,-1.1510581010797332,0.47681056721079473,148668,82.0,0
-0.061025598572472965,1.2464645143965682,-0.1386282085656348,-2.0323368744398986,-1.0702450537354926,1.318115670750878,1.4714608822457016,-2.00717602239727,146970,29.11,0
0.21268326305371618,0.06448406907108492,-0.3635941439928184,0.3513275050703342,-0.6340647570421305,-1.136402661776381,0.5408319243616208,1.2517217228821065,119192,18.52,0
-1.381974473768181,-0.05007050104377151,-0.770816007199829,1.1169697744696279,1.5698119788129246,-0.3590757412202756,-1.0510859447769905,1.6725311371684948,44519,58.03,0
-0.6856572419823742,1.0386061695170397,-0.657877417264935,-0.3104866523341394,-1.564789896208079,0.36730500594064597,-0.417611946356025,-0.5371996263031754,164407,123.55,0
-0.7636381769546864,-0.9123290888808,1.039780863391644,-0.7136067841636786,2.320611282443011,-1.0604792468344322,0.7259573794016471,-1.5366499920829293,143538,10.03,0
-0.09314576939953476,1.4056764635798342,-0.7923179539098311,0.21428213004457786,0.6343919791100927,-0.684544365448715,-0.2076445049634923,-0.14069470338218223,124322,4.52,0
1.408207420136728,0.26722727101323857,0.12692718733586697,0.06974888781705185,-0.3410152964881217,-0.09529634922137592,0.5633395885318798,0.946202563537829,7868,5.75,0
0.531401548241763,-2.4969072854678407,0.3228267682551747,1.2222860343564639,-0.1488035498062432,0.2122647120050253,1.7059634057695365,1.0573863352079163,78841,45.2,0
1.6866907330423908,0.6557856611533672,1.5487752993048465,-0.5865294424095698,0.36445229645515975,-0.8755894825650197,-1.7458794112915998,0.7424368893013339,143747,132.15,0
0.9436692184253649,-0.13714515835756358,-1.1940266131498605,1.5468416916440595,-0.7028815548227281,-0.7578258991279403,-1.8008488371144606,0.5950403727190641,86568,208.38,0
0.851123019294033,1.0488212184821235,0.6707862320941748,1.4154172019471771,-1.3196030683041406,-0.09136052242648135,0.07548931262100096,1.951858552212614,145089,9.4,0
-0.21225642167361064,-0.10942406379726602,-0.9773139884762714,2.1417463879505343,0.9785886133918077,2.2115354099435893,0.6402712334650095,0.7622809242840798,48330,13.8,0
-1.6906848051924566,0.933089431274813,-1.42376926334566,-0.0178037007417527,-1.8693030484102306,1.506140509613665,-0.2696710720708144,1.117715132880589,27174,19.87,0
-0.4758117902507549,-0.004878224320875849,-1.0899671045227757,-1.3261362477863865,0.33791543408004276,2.3727561645368818,-0.34148309707251473,-0.04247136489609486,39409,60.79,0
-0.5960332970724612,-1.4146216787688792,1.465047678991556,-1.7216766706833448,0.12105916905881353,2.497616955197227,1.1377263060687028,1.231465899772976,68782,35.96,0
1.4836257436653333,1.5888104138074497,2.6670572308304545,-0.7984056574209569,0.40709722959801203,0.08855886207677965,-0.6864135896442815,-0.6661872842703866,44058,78.5,0
0.006943559753722974,0.058154777549682596,-0.1935281905746374,0.9937938884440914,-0.9616526427586851,1.0035983919110745,-0.09395366661765489,0.8625543905272665,25125,65.99,0
-1.3087184130517842,-0.3778459482477958,1.8945307440793655,-0.37759366499761315,-0.5034635560026006,-0.7498401330541206,-0.7654643159307462,-0.635143678130329,43315,26.11,0
-0.02497652252503523,-0.8539075408311863,0.3886043797536375,-0.12013240723886687,-0.46008070970735937,1.4165150570074276,-0.3126507845601319,-0.45407952335997215,41473,23.12,0
-0.14267572794813488,1.1579424719813753,-1.4276929353041292,2.088799052941144,0.17251197765289583,-0.7611790857614783,-0.8130772665016858,-0.15968448410029729,54630,31.31,0
-0.38385620948210336,-0.16270484088582363,-0.0679902243048342,-1.7003015822006398,-0.1399848194364008,0.5621428228907491,-0.9881115768852436,1.9101226932652922,120474,27.38,0
-0.31774881284616974,1.5962921463777107,-0.17454826615725,1.51020515968772,-0.34093681834221234,-0.12784540175330647,-0.23272012840123196,1.049713031833495,131978,11.12,0
-0.8262177400375582,0.6636949416498528,0.5681430361032849,-0.281529053702775,0.6654341771075281,0.22062238290665256,0.08596083312929087,0.7828775151717695,65307,9.18,0
-1.3015463831853458,0.4279666733564731,1.7557905435329837,-0.643084132454357,-0.3724308530373982,0.028818713528359484,0.6943448944071322,-1.4276650104675974,48497,150.0,0
-0.5340399728154657,-0.38708304642142016,-1.7412242653615715,0.682943685616267,1.3213518226638712,-0.1350429906820446,2.092904154499205,2.726077886825831,47552,27.7,0
3.3822428762351637,0.29060916946140414,0.7300295312062078,-1.1182561446496022,-0.6951481700270656,-1.468582216488888,1.456285288912995,-1.109698001848983,51436,6.76,0
-0.34995643849261104,-0.3981355622765398,-0.5713605644453317,-0.03637422082524607,0.6597999250961284,0.6397485333876994,0.6093344900312984,0.31048650540370415,33353,13.87,0
-0.9591754295933342,0.06778195717152705,0.25871016055812696,-0.30065393132372226,2.2391855650566965,-0.13397382465128635,-1.7633515518113385,-1.0102971245851835,31456,49.72,0
0.1717187961385673,-0.12426460888905268,-0.22383161011581826,-0.7286984632866909,-0.07780336710364141,-0.48694780750307115,-0.40869079414032305,0.5947108432514903,44488,57.4,0
0.6616152162025289,0.3628919235590507,-0.7606851797899354,0.7884928223960588,-0.3650873548911561,0.8276279675698885,0.4329213033355012,0.0001035442685955326,126366,121.73,0
0.1515453877910491,-0.2728338323501325,-0.7592724664145605,2.1975272699479738,0.35495677909789486,-1.5779734967588779,0.10170460793844766,-1.4387644396798396,133018,21.78,0
-0.1865876097459461,0.8512705640832748,-0.6037511607988783,0.5964853765238328,-1.0845423556326477,-0.01861642993306127,-1.5491735674780922,-0.5676283560657224,39846,45.29,0
0.5647807995829706,-0.9356759137072551,0.3472519174818693,0.285670912474318,0.5335969645945966,-0.03884639118493135,-1.5645658687410442,0.22775780065321552,121682,42.72,0
1.2299263541815435,1.2680776246360088,-0.40357068509038657,1.250858228007067,1.270596793286297,0.9659506698228344,0.05249280341238452,-0.04527798496428042,26434,2.25,0
-0.63911620705553,0.6725113290481116,-1.7272647472242368,0.7323961255550848,-0.7461669360105395,-0.607778131323839,1.3429756380772564,0.38953751615287635,69667,52.05,0
0.13221985730744218,-0.07479425223069168,1.1538337946412953,0.5184070963782138,2.3206681587175635,-1.0911113489964528,-0.009126392321573355,-1.3826098631098336,77121,58.89,0
-0.5741608037981262,-1.4389428634499404,1.1282334261578777,-0.7109032877644443,1.0537353176489332,0.8274648012495125,1.352802149680511,0.758839056359829,39415,9.01,0
0.17719473681261816,0.06094009999622039,0.18366409312814036,-1.3352972949088968,0.8180231429905729,-0.09935629332733534,2.3102827945463367,-0.3729456459098741,120896,12.52,0
0.8676496380074455,-0.6824102251973465,-0.20484025071846193,0.7771878807550338,-0.060790240513421856,-1.6789867824293216,1.6249255687001518,-0.08432940408869542,63817,9.69,0
-1.1199067627163939,0.518054934113301,1.8352503984211908,-0.6176691825904899,0.8882577146722032,-0.11169118090494624,-0.7635329710289587,0.9054574704032223,124577,101.09,0
0.6162710448387639,-0.20414245806352732,0.7127919208790907,0.33872494423179966,1.2353296107037062,-0.2649570144395547,0.9427904910478502,-0.2241911152219495,48324,21.29,0
0.15635552331691674,-0.007025419562785687,0.6754027719082352,0.45624587223213414,-0.2552859396573646,-0.41496259023290416,-0.11074445841458508,-1.1097994118569416,132105,38.98,0
0.24519709018183813,-1.1543274993622716,0.3015685285863645,0.32830088238009164,0.6716002152234339,-0.32835192190592716,-0.006734145762371445,0.7063567623952876,140593,65.88,0
0.7505370444333302,-1.3449114620577132,0.21613440352018298,-0.16150690370406642,-0.6024182895701564,0.38133467178704583,-1.0074867347981262,1.0178075737868184,50710,30.88,0
1.9366971949206069,1.0620039480558465,1.0137778995120423,-0.4213870438287442,0.4157632394196296,-1.6435227599284934,0.08326914154442104,0.17740640055340887,132689,42.22,0
-0.9358814708320481,-0.6417120857129717,1.0593739834582876,-0.8663626393667736,0.3667149824191808,-1.2363851137315254,1.490181632486292,-0.43236894210319793,137441,6.67,0
0.05667329813201983,-0.07406545958706583,-1.3078836198708454,0.12041690215854196,0.8650925320048655,-0.7725661486535749,0.4637715022015207,0.15967812903724204,69903,18.49,0
0.014156496956876959,-0.7607952417487968,0.145959191099021,1.463817080701161,-0.20402374008217683,-1.2366053993279196,0.21981531494061168,0.5896034016824476,145352,52.73,0
0.4894184395691872,1.1772772763865036,-0.033367999165409425,-0.638219246143514,0.8443681541170979,0.06343305214292258,1.963588906008643,-1.4180557427683125,117429,11.93,0
1.0300011728555587,-1.389173649412425,-0.9795722681269095,0.060288884334908734,-0.6188344961850184,1.0814224605013312,-1.0123180894437893,1.0727305160378637,148636,16.06,0
-1.698543443779046,-0.8200189637855042,-0.5408912627513354,-0.7097419286402817,0.25006800868623713,0.877714171414024,-0.11314998692523456,0.3233882343313695,45479,4.1,0
1.3999221270209399,-0.8779130836102628,1.4675451276792055,1.2435817205347903,0.5443006148308525,1.2154926684870857,-1.831573596391734,-1.352377074749181,145653,32.08,0
-1.246830520143283,-1.7397453324806809,0.7813915011823453,-0.1236721460180847,-1.0717180793482237,0.8177972485357209,-0.5627021657665037,-0.6573816578684561,138858,56.46,0
-1.2786123247095869,1.2188654505852268,-1.0524906209714426,-0.3786625412493349,0.03394218266591638,1.2634336342196515,0.9977075699515366,0.1483430605562897,156109,90.72,0
0.01926623759418135,-0.8171591524389354,1.197379470492559,0.8566353118613014,-0.06680937118791132,1.2497147290194575,1.5832498978240275,-0.940620710705234,104203,121.62,0
-0.6239547621655234,1.9741698136300638,-0.33988403652536464,-0.1436280616753832,1.32337947890056,-0.07285490640904918,0.7645279339278055,-0.47179512474521895,151048,32.95,0
-1.6828855675867511,1.3887477120485912,0.12599740922738273,-0.5970155943760274,-0.7148572302876222,-0.4432520583861497,0.7059069394978287,0.3115862695479864,47531,6.72,0
0.7193692370702077,-1.5570455318768548,0.9862581381923934,0.3893939267600361,-1.4407334049663616,0.3354386730587683,-1.302418198804135,0.5101797436751645,36790,23.75,0
0.8687260250438161,-0.4396558551334833,1.39420825461489,-0.6685311764253546,-0.2884782028839011,-1.2397101999703488,1.4445480754794222,1.5783366953387015,123425,74.07,0
0.5012953283256661,-1.3140252986217957,-0.5947483567839239,0.2864436705716865,0.48268147936637545,0.4588613487438298,0.9412218398301512,1.1436965299720798,107049,8.69,0
-1.3140442272037194,0.7854587950717203,0.448876542408239,0.018772721341306434,-2.2688978033936578,0.5036099386679256,0.3782033919638095,-0.0944019000033603,22203,5.47,0
-0.08846044585236078,1.5464470157149268,1.583952166671473,-1.317777837929614,-0.4372578832197198,2.433895780053542,-0.6884183219332114,1.6197390823843134,132050,21.2,0
-1.4983012361191927,1.1765325510918192,1.9359239218393183,-1.3576527211083744,-0.3743705652262956,-0.31937171044041696,1.2537211195110558,1.5155332823995649,122896,42.96,0
-0.28471203605565815,0.06457435262564466,0.2901142427969613,0.9736316298383912,-1.0377260078689665,-1.1247550071224177,-1.6297338578389546,-0.22211161234944968,81887,68.33,0
0.9640404354189851,0.16052018661350062,-1.541296253287114,0.07942334942961432,-0.11984968328419424,-0.6856990470047358,-0.3902987279818581,0.0265135672152323,41937,20.17,0
-1.6645114078707999,0.6738336502899052,-0.13508804104202363,0.5594637969363389,0.28059932518458214,-1.4572571123079197,0.8020299352709576,-0.5519723877684776,135707,8.46,0
1.143628736435638,-0.38669808829537944,1.0823890583232043,-0.030001521220255546,-0.8684134695952532,-0.7340052667388991,0.2465995819092637,-1.6194923523171927,29780,115.31,0
0.37293626088030124,-0.5683097047303459,-1.96925728606086,-0.595520246131066,0.1591578394013892,1.0136039110342239,1.5013402943237961,0.006513552952630309,65072,19.26,0
2.070923620623959,1.5695577476467473,-0.34586311093709754,-0.860268692440853,-1.540837151748649,0.44611215247135594,2.937917506535435,0.20629773913791144,36788,57.34,0
1.333961392289332,0.26658333542841856,0.2785740264381559,-0.2320626885980007,0.810893025754504,0.9379953450911961,1.0379708957043694,0.26872299878292705,130947,20.05,0
0.9975385929663236,0.6780799393850981,-1.9131109389806655,-0.572403645531329,-1.1455232195037977,-1.3813128343946004,-0.01623227748081371,-2.1115717682134347,64633,25.75,0
2.4467786556175692,-1.5777820436118495,0.5389398748666313,-1.6682706902112767,-0.8527145733058751,0.841485318222249,-2.061152018098026,0.29709382322950656,114069,33.06,0
0.22303705115310118,0.5652082330749556,0.12675704373906307,0.9320288940468883,0.948799405364417,1.514480297758265,0.3437965798799513,0.3390209913263253,73017,96.0,0
0.06428638135184422,-1.8051893037262652,1.0515988773022318,-0.6804736510799403,0.19895933722898163,-0.2573970325943352,-1.48935000149478,0.8335575838912594,66737,78.14,0
2.253311936862172,1.285383856524289,0.13631158716211073,1.417107090895097,0.3528265977941008,2.4182918205309725,-0.31494351049356656,0.4530449171210191,55654,37.74,0
-0.7877307345726797,2.0974422545116616,0.6149508335351105,0.5156837291217354,0.6265078659416911,-1.0459514917431734,-0.24674761377467658,-0.20349528947513107,108382,25.5,0
2.206882456441837,0.08461306112229444,-0.5773669104129832,-0.6411412374950525,-0.4561002668988799,-1.213700124889516,0.5600555344324889,0.3017019518880703,78447,10.59,0
1.3755683911973327,-0.40990352279450387,1.679728476372106,-0.7447828501171511,-1.6220263782875344,0.04521571709750941,-1.4606426996778186,0.12488728990101115,34752,26.74,0
1.5625324135478098,-0.35204535537168397,-0.9103623274331721,-0.7102805552766089,-0.8572399555835665,-1.0660281667145108,-0.6934365427720093,2.414950633712375,48965,18.33,0
0.8236922388427681,-0.01749734565510574,-0.3317477920999383,-0.013288947872645994,1.282847553046021,-0.24470165672857286,0.07264421304330575,1.5193945969413418,77709,42.62,0
1.061453337149599,0.9176858682868037,1.7040995239557002,0.10446545902813655,-0.9230167682411958,0.06522965600055952,0.8522019848656582,-0.6948288989381283,113321,93.63,0
-0.5062866317860745,0.6226023381728207,1.2458590811883452,-0.5229771004631462,-2.425189153677281,0.6955114932633333,0.07931147640280711,0.31133418225071396,151352,69.19,0
-0.014381681509604524,0.1659181710960416,0.19698604998941163,-0.46609040423510983,1.2972303535117882,-0.7922679859637135,-0.4854481339801763,-0.005936426468805091,49012,31.84,0
1.9397682632366897,-1.3895535791170603,-0.1469054250386752,-0.6354977408001427,-1.0403182977453251,-0.7912414773973764,1.4708228726979409,1.7364860038419647,56424,101.26,0
-2.4168595738900893,-0.37198167103664576,0.8137234876229652,-0.8124564809491007,-1.186291015810727,0.5638993216825596,0.2991678607527698,0.23049230970969192,101118,155.03,0
-1.265821006641914,-1.8636963563307483,-0.6424852093089086,0.8791921864265351,1.203788656664959,0.6644994845485601,0.528005288197053,2.361004937000359,23540,26.0,0
-2.1151745906288792,0.5558882928895881,0.7997571119439482,1.4631595783263154,-1.1002405517215867,-1.0540616924030624,-0.6890781332764409,-0.16791388403549956,73749,49.0,0
0.7073735171147446,1.1090074365548068,0.25970817559978626,-1.8573189505197714,0.10612440721318038,-0.7967402233081192,-1.2020033392056921,0.5794330929655631,60612,30.38,0
0.47690342558488463,0.4888080744033495,2.694087535337941,-0.155469905003629,-0.5289639871483915,0.9227542183548245,-0.02505639991234336,-0.6476203340119325,10951,20.48,0
-0.2055941340998339,-0.22344275040298764,-0.11629171588334401,-2.1395648707110544,-0.32702753572776655,0.43828550460390864,-0.7369683254565982,1.4528087626985684,129678,18.63,0
0.5531944581715048,1.0563241322750525,1.332813140150704,-1.6837099274942486,-0.3611995593950819,0.7062806413754544,0.8402826101150894,1.7986381307680102,136997,21.25,0
-0.17947669596343577,1.606083080782692,-0.949772158087581,-1.1122978803860626,-1.155110837227566,-0.6812774409933217,1.4950595027058386,-0.5598683745002576,37395,178.89,0
-0.262408130271683,-0.5843620898737865,-0.5365743405007704,0.21436389724471167,-0.06650198599909779,0.014594525029568551,1.242464410229763,0.8658469909127645,145797,11.53,0
0.3057579724187721,-0.8209023785619012,-1.0072700136847534,2.027196062413076,0.3918474046718341,0.05036002285043972,1.2099280428424253,1.7574237418402274,135594,18.36,0
0.5132946644926878,-0.20182917543018147,-1.0985625145089934,2.0197953717988146,-1.5125477557574973,2.2746043020457027,-0.09280939900387061,0.8972072385652194,141458,94.42,0
-0.804272316727873,0.5305024377744528,0.2993689610301794,-0.9660349645779546,-0.11983180318346565,-1.5631062234984887,0.13525145038286787,-0.3361443614160974,38171,44.04,0
-0.77924795742352,0.2864275085997647,0.45525515387792204,-2.9774126515665427,2.397650024679427,2.830561973188806,-0.8347499344200081,0.6156795696455047,152934,54.44,0
0.17031254970457166,0.15634430622011902,-0.36981147639382067,-0.534792751380542,-0.6526000485180842,-1.295617961280398,-0.44659303025687325,-0.2653543030048426,51361,6.44,0
1.11357562620281,-1.153419643741987,-2.071969112087902,0.4217114626004865,1.0739751182651243,-0.14230409569909994,-0.6791151792049932,-0.9568028806037673,78560,63.91,0
1.3330834450072346,-1.3107428905554868,-0.559209132515546,-0.986671274307521,0.0017321879911619848,-0.6673073981673737,0.0941484770673952,0.5236300439436513,68298,55.94,0
0.9290090285976833,-0.2095567976929574,-0.6044325611580692,-0.6532452236966514,-0.23214185322811606,-0.3985552216512648,0.06146633792185644,1.6083461057286146,161442,2.82,0
2.0781162173262673,-1.597410564251381,-0.22256889981163228,-0.43181784503780013,1.294697309285289,0.6547330350964298,-0.37771141083043275,0.5624356029450924,130919,26.34,0
0.8355153517311428,0.9615114244953199,-0.7725446560735268,-0.5549864038607362,0.4008234927046907,0.432864248822394,1.8499268278818264,0.3710525288297328,125428,47.42,0
0.2571925188232466,1.0659874545133186,1.2151600568575898,0.9337217947464146,-0.2111988787863047,0.5759081178959892,-0.636524494012051,-0.6119517184817795,172800,39.08,0
-2.0001158256402354,0.14468717461787067,1.6006411485979706,-0.47244694688711125,1.365426571919372,0.6937658677343475,0.8667791205840032,0.5859005509160579,113827,16.31,0
0.40027116595352397,1.360893677117648,2.052798683326181,-0.1258926754959257,2.202109734891766,0.07964030997635009,0.3023346832328115,0.9787706596397112,46661,22.01,0
-0.6989301670189977,-0.33119893347230567,-1.190488163963646,0.22319096888809822,-0.11583983587609313,0.7293538201370755,1.0261959440478423,1.3491201271850222,144187,206.91,0
1.3013899158248632,-0.6631324239193579,-0.5347679101748003,1.534525234865268,-0.3568305391471209,-0.6204495134054141,1.1000499416430207,0.015948656754374776,150296,11.9,0
0.5815495318145644,0.4640157248082796,0.3613444747665939,-0.02298852505559357,-0.07223796092021632,-1.0834638630099278,-1.8623708241854362,0.8878128117961336,64484,1.51,0
-1.2904636509343708,-0.3441351642790283,0.5407154560266219,0.9498661393071511,1.1156815930555395,-0.5892156971636833,-2.6747859499329314,1.7784372848220766,72509,36.45,0
0.014417710346728134,-0.40055021227099685,1.5050474402274419,0.42330602331730405,-0.46800236270774004,1.4799535512158926,0.1851801597112903,-0.41498265781766913,37756,85.34,0
0.4982809984134793,-0.3155652508044516,-0.019181703274729543,0.8170591248281328,-1.598570535295823,-0.634300352582489,-0.5375842527258058,0.5446193193206417,40823,21.47,0
0.060397345910971935,-0.1342909319798393,0.754973324470794,0.5175334457625059,0.5067396927075554,-0.015634299455838423,0.10470995122006473,0.8443089442920132,142778,9.95,0
0.2816127213800056,0.8571683069452685,-1.6746616255679614,0.12322594916642773,0.5176943991796974,-0.14859955289875015,0.22606941416521836,0.7415485773427231,148075,67.96,0
-0.1286247603330811,-0.6444013050562206,-0.7087799022315613,1.743736570116128,2.2561311040122507,1.0788216605529342,-0.2808459210763118,-1.1128396862784038,72282,9.3,0
0.9776866536233111,0.40405114114530627,1.8535430119918523,1.9626640979091399,0.3137168540253303,-0.037225900514114105,0.16362079777498512,-0.5664301483012153,65130,127.52,0
-0.023651184618674437,-0.5527697545751543,0.12960016855880538,1.3358201020155072,0.5515148503954616,-2.176536269671822,1.6035184370714117,0.6785064200327148,45498,12.0,0
0.044961761758351496,-0.437327684847254,-1.3263766461762694,0.43053789319813046,-0.6751563752501056,-0.8799683576065088,0.7754095344039733,1.5449046987091442,137911,41.48,0
-0.5059063354307114,2.545035523403604,1.5082349315811752,-0.24760714791784602,0.2721992597537909,-1.3403841850963165,-0.21440668474875849,-0.600381390512336,52545,2.11,0
-0.6517133728928124,-0.4297554124524534,0.02084960025238944,-0.019290557578656317,-0.2864039753502104,-0.9349799500236788,0.8542611340236166,-0.3873868747497546,127365,124.53,0
-1.0572325673423668,0.5643771736100383,2.147711363627374,-1.8760597504171146,-2.2791535170457053,-0.9184436023325534,0.8101390742688052,1.2503032959158247,154516,5.1,0
1.3249753069923402,-0.11334815330036294,2.465269780841869,-1.34351061563503,0.0971958769893111,0.16066713255012008,1.246904533902082,-0.8818309372193482,122157,24.24,0
-0.18077509273742426,-1.3592247772616144,-1.4053404471049296,0.6349129212136558,0.8739744760317137,-1.5339193555362345,0.15206265915339834,0.3878877170798863,172800,5.16,0
1.313044386990526,-0.3649660817981491,-1.0375996955578972,-0.906762062917125,-1.1244764699534253,1.607432550945298,0.6542407547832082,1.0705335735578865,67407,102.66,0
1.1238626513605412,1.5754016416484227,-1.285735964772452,0.12221216390960167,1.2551268787366026,-1.0680260433691868,-1.8720249250550964,-1.4861949214189885,68782,97.04,0
-1.072026581389384,0.5916027869432282,0.2079149428382748,0.204256596502035,-1.0080094724060433,-0.2612255748118081,-1.6119189182119646,1.2260102552408838,56742,23.32,0
1.3195255082537234,-0.002725901953963854,0.1277778461621797,-0.4996421750831331,1.2360402207134353,-1.1572683914953805,0.11361047410217479,-0.8373561159438027,144881,9.92,0
-1.6416713489217658,1.2435056830878783,0.5470760367127877,1.24867987099682,-0.25574066155969577,2.370068975660139,0.3130856139400979,-0.7536024526934025,133861,52.81,0
1.2099036880126133,0.08266422099712875,1.4046368066392239,1.0498968509191153,-0.6536974222076047,0.7874142552665052,-1.8565336578780276,1.2022008209470407,139436,4.39,0
-0.3975316072669349,-0.7358603934610988,-1.9529197925455664,-0.22787721604544947,0.2759550452140433,0.6114892874762178,0.11280691285935675,-0.694252718477872,137971,186.47,0
-1.2979381357528201,-0.45317882253673236,-0.8028107547733949,-0.7794326830040325,-1.8329093104694958,-1.3565346958517097,-0.8810868253522852,0.11734862738447804,78449,51.04,0
-0.5474326273544567,-0.6842965667491486,0.3271254277604849,-1.2657520356691894,0.5921554063567978,0.5020964409652342,0.5084278691148795,-0.9805851377627708,43094,37.63,0
-0.5199592747275738,1.331279164157392,1.4663447924193551,-0.886637936943012,1.716074987271772,-0.08967372764400372,0.7827409108580586,1.8312704502038697,22371,3.77,0
-0.5812889565244118,0.7851548579497323,-0.04204376796431034,-0.01724628831099586,-1.4913222845284002,0.059852030594329295,-1.1458411396778154,0.061594441583688736,132144,21.39,0
-0.22192515019867304,-0.08742231386989534,-0.5440444395964625,-0.7367318872436055,-0.4868507836865621,-0.5323307876805883,-0.4690773352875434,1.4342029237529947,134318,46.23,0
-0.1206131696368863,-1.0198484874835236,-1.436742238258311,0.25867908548323615,0.6705966261110702,-1.1390428885780886,-0.6744922294583658,-0.09994740187442086,63053,27.06,0
-0.8926372670149547,-0.41647747718039796,1.315855511960943,0.14828654962901372,0.7555538546056814,-0.9552666543663885,0.27692279151132826,0.43121216199205586,48465,60.51,0
1.0287536803251258,0.38568917466158276,-0.4670346615642825,0.9119761287638298,2.2626328084715377,-0.14272789316753093,-1.9702537994190603,-1.0261581358630567,60091,13.7,0
-0.05490481936139689,-0.28930802780684045,2.624721682834809,-0.8053166440141494,-0.5319823289136031,-1.0022913018789739,-0.2592450245218205,0.5220626690972409,143090,24.06,0
-0.637815766438833,2.0851869683975806,-2.4309326470154935,-0.863364761768626,-0.5767478254688776,-1.3583772685040414,2.257907698801984,2.247356908849594,108825,8.83,0
-1.385534197789162,0.09802958244366852,-0.7161685164733763,-1.4443302334227175,-0.9953495843461563,2.045893295523032,1.2123844528897523,-2.0145375914856953,65663,34.16,0
0.6322213684854999,0.8019079171281337,0.9589644432802982,-1.3568241505532372,0.24572839181969625,1.0984186438710222,-0.40260254702296555,1.3624464238751592,31601,67.64,0
2.178416208037873,-0.3906286427666739,0.14138067630132475,0.8667179952095518,0.6117685069485765,1.7150881953325237,-0.10786102892635638,-0.39743790888032404,63942,21.32,0
-0.2537238128444454,0.6318112150629391,0.7675042810701164,-0.06983994382019208,-0.05580667180899054,0.034247143302994096,-1.7447730260116094,0.7203771138233476,136904,15.72,0
0.9068387683699508,0.7308048299381706,1.507831343803759,0.006297492454957948,0.17589375195864687,-1.9929654458832282,-0.9100186590511149,0.511472632708368,88902,38.35,0
1.042246347099411,0.7536736733085176,-0.7753246128578923,-0.29007566745481517,-0.856720003908659,-0.5734677700625136,0.6501259768485537,-0.013487317381401262,38838,9.77,0
-1.295970260863121,-0.7416862771030268,1.8638694786839642,-0.43621918233220947,1.67560935480479,0.46351456740850255,-0.2592223694389764,0.17297713891379973,38224,43.81,0
0.4005080118608507,-0.26742751515028607,-0.19497392674285835,0.03475416306199819,-0.10085015911984566,-0.032715010403739475,-2.3707239021834945,-0.3115668909774268,57318,36.35,0
0.057767484593237106,-0.701128663192962,-0.21563753893545395,-0.06923378928018088,0.4713361241978799,0.16570406398175713,0.7149919620324696,0.3921212368393271,143800,5.24,0
-0.70679301744772,0.5030040022269702,0.31756910104388325,-0.07651621850034898,1.7961211429473745,0.2078051045447824,-1.1778340770596665,0.38045442762707266,124235,143.21,0
-0.3023664111838477,1.068384539914172,1.4002953331564998,-0.3962706985598455,0.6923436113267796,-0.8538796678197721,0.6981700736817216,0.9201046790111094,64054,73.63,0
1.1473860848884745,-0.643254121188334,0.13609987279290578,-0.06958041641661791,0.6835225305709535,1.8101470166300955,0.6225371877449236,0.5562332149922884,59516,14.05,0
0.5975093592733617,1.1763396728466897,-0.5958425749869132,1.5676497504614735,-0.5554849683359864,-0.5086357693942227,-0.393658073398216,-0.5003092693543768,60764,20.26,0
-0.2492030607926305,1.4378929810273835,-0.29995213014949745,-0.7115915839578838,0.4542549935872138,-0.5461559534755215,-0.5336983208342153,0.2600006608759651,107468,9.72,0
-0.43532069856970995,0.6962359342271458,1.3852626027871713,0.8864755616767508,1.1931942244766973,-0.4455497514310169,0.6853275042016005,2.299777867630661,49250,145.6,0
-0.4685965004715412,0.2893904723694462,-0.7363895276264063,-0.8250975467264507,-1.1318789904471491,1.6943195574165162,-0.23232227231758948,-1.385819229071343,141151,10.36,0
1.3648603858394455,0.5695290400155393,0.5967651584666119,-0.7862039792683331,-0.36239638982963657,-0.06864283053207273,1.8069080897766543,-0.9125555747510875,41665,95.28,0
-0.30169779818968007,-1.061167788549357,-0.10085603895822481,-1.0946891030790096,-0.5504088041063857,0.44194814182841924,0.1811339967971638,0.9978251713934443,43386,19.26,0
0.23437276333840346,-0.21684593856554543,-0.15195789555783176,0.3387748238996087,-0.035047612322013685,1.1395090852038305,0.47902687132962074,-0.9537447835110242,62278,196.28,0
1.9654042301510057,-0.0652218701810984,-2.722495628591243,-1.2195248166341732,-0.04309140641473402,-0.07956337260359206,-0.812922218499299,-1.021259783847975,129667,18.01,0
0.9678288106710435,-0.3114206601477271,2.191802206214944,0.1730649613022606,1.2415270668421807,-1.6549254408472027,-0.5772440284205002,0.9163957848274423,147565,30.85,0
0.10324667964818332,0.947101834505667,0.27691447525217294,-0.2650065672044697,1.5138609098068678,0.4343666847579203,-0.493904059845515,0.1783133934678575,59947,10.6,0
-1.079915055558342,0.4220332137401978,-1.115030886018031,1.2547089582589392,-1.9768455703926857,-0.5679308850113388,2.3069441253953307,-0.49459656812533187,71111,73.61,0
-2.3340388172889677,0.704864276814403,2.276079017827666,0.7594137742218154,-0.2627954769471024,-1.1153187307459504,-1.2118542487185013,-1.331934917425371,17733,12.63,0
-0.5903505406392044,-0.23253932877458625,-1.1040478308313482,-0.4827065298536877,0.05162169176729877,0.7536876093655629,-0.09873486794957029,0.3080154006929044,46584,10.37,0
-0.13301891577435737,0.0931582623472575,0.34311527970609357,0.7680946961831208,-0.9056683356590169,0.040089862110221745,-0.4963074772123244,-0.9383436399325162,134284,82.64,0
1.0538941447277463,-0.618531896644147,-0.3846559463205959,0.8126552894352792,1.0484082739693816,-0.4579409111519129,-0.10375040297617441,1.4750857906233985,103611,69.6,0
-1.3377110260651168,1.7228992886186119,-0.13096198295672487,-0.9446690066157604,-0.6055938870939891,-1.5248935399213526,0.6274116264141991,0.7280196898121404,144443,41.52,0
1.2168192524108445,0.9259292140714293,-0.3359795729614573,0.4593093187375732,2.011434224552121,1.263600948736405,-0.6668684892663096,1.0653616441603704,123571,14.84,0
2.0860051855221386,1.3374262538004262,1.8271567575793073,0.34409443166432935,1.7853391366968123,-0.8560010352744445,-0.35923655034770324,-0.5801452652155596,140454,61.28,0
-0.4213021763850759,0.5729091416932595,1.2544636835916718,0.2117992004414931,-0.38728098885823053,0.6791273336702232,-0.2396816123317647,-0.3551096540513208,130889,25.69,0
3.1297338106442467,0.020115658460984176,-0.8914307886203613,0.025917531581972887,-1.3140485294716813,-0.42220669733463234,1.6023884978008887,0.20946575551281257,2695,65.66,0
1.2262804134177054,1.0532577946635924,-0.37928981358613467,-1.7906710121105207,0.3061680987644578,0.18175054075859615,-0.6670587240056953,-1.955063042721507,40117,44.28,0
0.961025720198017,-0.7372801469576626,-0.30495377125040507,-2.211559243993025,0.5928803894383012,-0.8620769079739838,0.34291777795963746,-0.3151163717488261,96659,214.83,0
0.5574302874712542,-0.17891899578689366,0.5277479093914943,-0.04610952694782359,0.7406390488585125,0.5337861409200408,0.19624237893849572,-0.9001463811938956,128677,3.45,0
0.16510210881530182,-0.9283123873774262,0.8519058598364567,0.186237759455872,1.492755353632024,-1.530869932799819,-0.8680772946363264,-0.48500474956216894,113963,59.27,0
-0.4470888470801415,1.2868628982760029,-1.691572881890773,0.3085273763462805,0.016800707340139998,-1.9684993628084806,-0.3782438643218271,-1.0190882050683912,113375,8.92,0
-0.984905491119924,-0.4368241631205212,-1.1907503709168625,-0.7533121177743566,-0.1305528029038239,-0.14768252312149982,-2.7527941232091697,-0.23092531742177475,142980,144.47,0
-1.7139674246538148,-1.1995867248628789,0.07132791044160593,0.6129248679250586,-0.12490536823080861,-1.3829603958066963,0.2968715847104439,0.011341544564739871,152774,147.76,0
2.664612323238509,0.09996402766405683,0.694702350055138,-1.065284794507929,0.3401399400603365,1.3301854253057257,-1.8683985661390807,0.20892847752615176,132052,79.33,0
0.6962323009609589,0.1950983132205847,-0.5293827443418619,-0.5295219781675442,0.03772072965106354,0.34235202651763796,1.1883740145071282,-0.05635484372219487,44355,163.42,0
-1.2353082398903992,1.8756262241801354,-0.07067688463181777,0.5750839667663298,1.5158543253421033,-0.007846133836106757,-0.9960339568002647,-1.027815005314486,139421,38.85,0
-1.6528930447491874,0.8543675298734152,0.2818143070719934,0.7364187422584315,-0.9529057457817474,-0.49880802122915263,0.18145512580221151,-0.07117511098359523,46573,30.87,0
0.3672740929322736,0.192458149530294,0.5617666962557847,-0.962382384654158,1.73390773692296,0.6314244536233111,0.7427950055300211,-1.0609062987982258,41592,55.5,0
0.12485198048464247,0.24607890245950767,-2.0061127178238882,-0.4872028852437419,0.05826508293692754,-1.2831047862979827,1.327226836138859,0.7464851889292684,119707,56.28,0
-0.5789247815984023,-0.6601550911248038,-0.7319927462150738,-0.0019374039225285133,0.2391718746639165,-0.7338328730624974,-1.1706462422537023,0.4986819589120409,76875,128.87,0
0.34536695251938615,-1.1033362106566873,-0.7420041272300062,-0.6133763250506071,-1.4450559590745746,-1.4133469941987082,-0.3210951077447033,-0.4853147900497015,138778,98.12,0
-0.5063856144965024,-1.5535572229478418,0.48667668606921916,0.6008689137235076,0.07968878144473109,1.3596767365019493,-0.2611853187979934,0.61758990470135,45320,48.31,0
0.5490363591351998,0.44195894069044134,0.09687050705253403,0.898560836564361,1.0116821627188128,0.7847350871704154,1.0553021549355308,1.3557594940496047,136930,1.51,0
0.1990319032948332,0.16570164951966182,0.01739125774230765,0.8065775676225382,-0.9434401726439898,2.5620445488323704,1.6247843445422587,-0.8119781621162306,62718,68.03,0
0.16532573478303664,-1.3606513261059094,-0.3436997596559559,1.0025573058961579,-2.5509190647625073,-0.24281236768892683,0.03154863625372444,0.6613734841127489,45327,56.2,0
-0.9413776639913389,-0.06526644006472983,1.1909351917394266,0.9161128611933584,0.6150009181671984,-0.7194242004673681,-0.02541687331506128,0.029636492507746488,137487,9.58,0
0.9138929050796498,-1.5403092383269574,-0.031756027866756666,1.0328437923378109,0.17562088062477058,-0.13995525906561074,1.3369062832936165,-0.8211228094176881,134474,53.02,0
0.1305274917505778,-0.019561942320961694,0.5551454101291227,2.236103383425182,2.0192054822412677,0.8168171702142923,-0.3430650839226934,0.1886095540311927,128738,27.56,0
0.30741652918225304,-0.8150312641441744,0.04370319269480575,0.20965426582870517,0.5827623495047128,1.820266331029392,-2.2828738651196097,1.2106968400430538,70762,140.43,0
0.32604393967797535,0.5314504751295382,0.0861193466690552,0.18199782852233615,-1.6610976372817392,0.11615931352773824,0.49865106514018154,0.3382991274584478,20951,129.19,0
0.6191190503080175,0.49014053038909156,2.8022086605181755,1.784297664003417,0.8253964401931568,-0.4852262231088893,-0.375746453465075,1.1491356553992988,171505,20.18,0
-0.2936731427202118,0.27329419368002966,0.7216119262181734,-0.10921538481326784,1.7860363190992723,0.03259704663633234,-0.47537115108016537,0.524541674581635,29770,5.21,0
0.736100555840965,-1.00841389005767,1.8989653346916118,-0.4302353353392509,0.424907632534393,-0.020402107126044244,0.1859811164947087,-0.4402823833802132,148290,56.4,0
0.9429812404830894,-0.13207310554270418,0.734307790619755,0.08968992971198783,-0.07063139551218127,0.7844163522026282,-1.4475619878214612,0.44219596006095385,49110,1.74,0
0.13243930435910412,-0.0459463732265448,0.15225012859589074,0.9009334642142001,0.1289941612374729,0.08856194384866686,0.4670347923175922,-1.5066029184585787,51793,8.4,0
-0.5420080657111034,0.002716856634272532,0.5474532689353105,-0.08208382112228105,-0.9342811853625284,-0.363944772852159,0.9912119703182007,-0.6629109997070541,165342,15.42,0
0.3917924109737341,0.13130941539445853,0.7861884412820255,-0.4435647806165779,0.602621232880945,0.007952053374052605,0.5964001425270242,-0.07771554701180174,21318,2.78,0
-1.8852985685303474,-0.09134418125797855,-0.8428740071231702,-1.6376706720753667,-0.8222151493600639,-0.5312512326794359,-0.5495532134371365,1.3927087520827526,140172,3.14,0
0.48389655374684654,0.27796085237055695,0.026468125921539874,-1.8432096538024667,-1.6600128180192055,1.1003511215600046,0.4723505508763564,0.8273936872059576,24551,24.86,0
-0.31984103681125725,-0.18382882449149665,-0.11172350487125782,0.4752800714982347,0.9067916526835439,2.1092081630077955,0.6484496013079978,-1.0968434990531495,167261,34.04,0
1.181954097551536,-0.26239668898122903,-0.31854848905002714,0.5818187679132188,-0.5177763756294582,0.228640138880106,-0.38024276460287726,-2.5792803977882994,153296,4.06,0
-1.7739476823147677,-0.16068154979699614,1.1455770242369467,-0.43242699112078825,1.4624205839556692,1.0758157626535676,0.3640318368764551,-0.024145447151196067,55525,80.45,0
0.1565915053864577,1.9749868235409183,0.5329773658984741,1.3219920032027368,0.20014503304048192,-0.3716610336843118,0.9691829873622679,0.7335184624712162,152311,2.58,0
0.47131917048291755,0.46427464682496516,-0.09912479138785595,0.0741340400516567,-0.2853601457781144,0.22519232749093304,0.21356693329250903,1.3015113634798892,63041,31.97,0
1.958916624082344,-0.4926150336058205,0.7529450525303037,0.3768538849158118,0.7189495770093558,1.9118135898933488,0.9973160811838668,0.8357707238441429,45342,1.85,0
0.9185438073233004,0.8614466900520134,0.6629459716573913,-0.041270618996763576,-0.6820371272036796,1.3222839413354668,-0.32339656488855784,0.2705937357610579,67577,6.84,0
1.711847057813607,-0.6331454900526319,-0.1082446222082896,2.241580503237151,0.3311996306594656,0.2918040830398644,-0.9545516288291374,0.2266705487780377,158365,16.66,0
1.1101057324759447,0.1949296562527658,-1.4059036242716436,0.3814538482246718,0.28177741093817515,1.0520515540962825,0.3484489572358165,-1.5080538107792165,51527,2.3,0
0.029556860753027256,0.729487155906694,-1.4791891985809522,-0.1415782866854496,-0.5789045384003241,0.4115573988265126,-2.6980151998720716,-0.30407049450980767,150588,237.76,0
0.5218900552303004,-0.6381459443347278,1.497931744421375,0.49085723179656604,-0.7543779951446756,0.29234029489670316,0.07028445026711143,-1.9203265887208876,37554,177.54,0
0.017915077827127833,0.12478226339264413,-0.4242912796324582,-0.6724595311842119,-0.02061352592390042,1.4422966481699737,-1.4554559368513527,1.1316858302507236,47519,58.09,0
-0.10872911346889559,-1.3744301068469618,0.18909763054717318,-0.4048836100592911,-0.7022909050377665,3.556458074376815,0.5748278843813402,-0.2834620453258333,59960,36.99,0
-0.7670356356604348,-0.4536100725310592,0.8205486334003222,0.28294288685869917,0.18739861499375737,0.4633803043897816,1.0341167309060062,0.05056801320829281,58317,26.6,0
-0.36777556743851,0.7250884751862952,1.1851058905470082,0.49236308983380395,-1.612656702299578,-0.42375479184143755,-0.8544527440542486,-1.195805387380966,130924,5.2,0
0.07972191094050224,-0.529556295977755,0.31288803679616195,-0.6845798782725795,0.1235958292886187,-0.052569011947408886,1.8554702174292657,1.9104638974712516,150029,15.35,0
1.1141778335953265,-0.8859232783542873,2.078247327281108,1.7650846676849807,-0.8655160672428843,-0.29902349882029866,0.6851485922933035,-0.7214405975064482,43006,14.39,0
-1.3561720611949675,-0.4874668254589845,-0.36704139608245534,-0.37404412439466284,0.5990917671149544,-0.7021934948906061,2.7038751925892255,1.385555582216974,140510,13.82,0
1.213403175893766,-1.038473947804329,1.0569383104024694,1.4748655452929564,-0.7193457671477806,0.7379707679873339,1.403685192887102,1.3610461149062634,126146,28.71,0
-0.6810394717155912,-1.305244210885302,-0.9029070230185776,1.068182440778365,-0.6681933439494793,1.8137458253774852,0.6295666324698411,-0.8164958825846508,132796,20.32,0
0.8975263078815385,-0.377577016515006,-1.1476608821983687,0.6049364392952596,-0.8691168787101149,-0.07068157846823596,0.9351876674799839,0.04850862969848701,82743,79.05,0
-0.642508281879206,-0.27226411965185227,-0.04967525330488043,-0.48627243416300586,0.48433134883109386,1.1669559475738227,0.04915316933427721,1.161989559204708,83416,34.22,0
-1.3487297701885297,1.3924434827887235,0.33064981957648554,-0.13186329214298148,0.613363486009754,-0.37007587497428646,-0.6047001012347436,-1.1811271157617438,156485,76.26,0
-0.7806376224372594,0.586023744055136,-0.030687619384100955,-1.9271954372584592,1.3818293630428355,0.43532038035300447,-0.4579632283579628,-0.33638645640224674,135517,86.28,0
-0.127525354538171,0.015257004077315405,-0.39431798081428227,0.67893715936758,-1.4521867585385932,0.008694620400793256,1.0441400069095401,-1.1357025796379074,153423,53.79,0
1.2862560817707656,-0.6746460078690106,-0.4586176941207288,1.2265718415030837,-0.6898381602420097,0.32114872029927677,0.40911485325552865,-0.09020627772359807,56557,87.03,0
0.43836513732889004,-0.003197518446869282,-1.478675137602298,0.5627384175947059,1.187256489933098,-0.3224697241505349,0.6386606400854089,-0.8770339598357524,128462,92.62,0
0.14141697257100241,1.2136458541964776,-0.24489006504943875,-2.017902276462043,-2.5172303766303354,0.3108127360499551,0.10651657632390796,0.18773481527053326,132943,36.39,0
0.6680008739414233,-0.45983156206462994,-0.3684207928619764,-1.2975681295405261,1.74032396241713,0.47402952815930655,-1.6122337991099362,1.2266461317191177,125477,47.82,0
0.20121159101171726,1.3065672340741492,-0.48164296421101854,-0.9415284505698848,-0.9370228001117035,0.437152466128215,1.0751802036904619,1.0177535029623455,42110,8.53,0
0.027396935208962147,-1.669978677239326,-0.6932099502905759,-0.18628380605511963,1.4647029998542787,0.1833940601617713,0.3960466485327462,0.06195593848118351,53994,33.74,0
-0.8456005269259774,-0.5420948337154744,-1.3405194853482245,-2.2163317386113577,-1.506176352952635,0.652004305968003,-0.31427109550177557,0.20937011390650465,67381,11.21,0
-0.4840664709259897,0.3375768339526935,-0.8232795549750863,-1.0729799721784845,0.05953148279233205,0.41614844381133537,1.757420830758539,1.0060245006638227,70018,84.31,0
1.9311898476979854,1.1335527304013213,1.7763501724592883,0.2382453807378279,0.8164054595615369,0.04834182515118662,0.05647766488938904,0.1105032189639745,132532,196.16,0
-0.7242786867482066,-2.23447474979274,-3.38457825577631,0.047787340896837886,-1.317988748129338,0.7655996662646364,-1.2006536383741908,0.5873792643316313,126338,73.83,0
-1.013597550510733,-1.1002243796808588,0.030062963183246534,-1.2454902051189494,-0.187894223288639,0.43002207415017135,-0.42364400961303694,-2.2029309113576905,112755,10.97,0
0.04248379677270524,-1.7381919829759058,0.24562678922221867,0.8275371010925998,0.4621342438995722,1.3247104470606548,-0.6043241597967836,1.767721057442789,30968,11.99,0
-0.7226862712216581,0.3478979290662489,-1.0644693534295948,-1.2070375961727937,-0.43414198631800943,1.4125732783434077,-0.34276905799420304,1.1581700197765665,68778,11.66,0
0.5817226240475176,0.21172460572426072,1.2886914691570148,0.4297183766711612,-2.0305347434111782,0.8626470419564917,1.2296290791230549,-0.06307949839117187,142226,127.51,0
1.018864690757304,0.21118838009810548,-1.2575552699732724,-0.7138001787154914,1.958427326090639,-0.24552494801329233,-1.0960327298759949,0.18750514348570355,134906,5.51,0
-0.09138355732989936,0.2767121246944584,-0.09697999989447041,-0.045508673370260426,-0.7436630983495965,0.2816685698427734,0.417800337439622,0.9852976686977338,149811,69.16,0
0.12519534163775312,-0.13117633716626767,0.8358638034788067,0.5640727422664968,1.1328199826942542,1.327598465401413,1.4653059620100006,0.45685681268880673,60017,70.06,0
0.3863169679584866,0.9922521257553025,0.38581270320864025,-0.9253363714385271,-0.36537743585665683,-1.280415803416591,0.18464585699325556,-1.4626339528990246,148169,24.39,0
-0.9081119652408802,-0.6071873629556563,-0.10317171956553796,-0.029559678965264426,0.7611380783377651,0.6513600490089047,0.23867518127513648,-0.04362453249466674,147506,10.49,0
0.7906286167024941,1.1793376583769277,0.8240228460368418,1.1599493287038318,-1.1175029403086363,-0.059859144513500266,0.14755419327162667,0.054046744289667145,52074,22.75,0
0.5392101339846195,-0.33313433015792104,1.0802927581214419,1.244731167430424,-0.5470738565215975,-0.16722796934892703,-0.3741446410079085,0.375255256743957,43317,41.95,0
-0.7815713314348791,0.09264781069594348,-0.5041356582782067,0.16345890414681474,0.0433005874818757,-1.2244637490811252,-0.04898691292041199,0.46299331847479097,149433,52.62,0
0.2932440469789688,-1.1753905632190973,0.6461648718881697,-0.2622973019414071,1.5792965765639675,0.9990013304626248,-0.0005042098737354098,-0.216397172007874,70376,85.33,0
0.3399333477931805,0.691019820664049,-2.0110945228513195,0.13522842501995333,-1.3639491858563213,-1.2685227842252595,-1.100301894418627,-1.9725217312739984,66661,109.01,0
1.022395503475179,-1.086399886601619,-0.482670871941979,0.7780969651481896,0.7818433132435716,-1.1108086237555441,0.5269462190343199,-1.1487286282093003,157428,27.09,0
-0.22030519685574376,2.9070102850174453,-0.4368329804824417,0.8353616428964175,1.8456643850360428,-2.789701191822106,-0.4300479035342525,1.5289741482144525,132313,10.0,0
0.08909613735853837,-0.5893346385279693,-0.1855574439969022,-0.08646473651401143,-0.9804283795857616,0.17815720143831465,1.7995277614672716,-0.16976592650414588,30506,126.24,0
-0.4066674955972773,0.7984239307503692,0.5706463873133979,0.20904635794027074,0.598003545603049,0.34044174827128654,-0.01305548831251786,-0.7735102916112745,60148,10.58,0
0.49424189459956314,0.05208084452442864,0.7221910221359865,-0.4138539478330869,1.1033450853912719,-0.5311394467567844,0.19250430778848315,0.6656664796354194,139029,126.76,0
-0.13135299631611574,0.4460746005055021,-0.8310558889419843,1.4942291598794328,0.5407902407521056,-0.5181633068940165,2.7802022135053517,-0.46554443269568524,59722,24.71,0
0.5824976279287521,-1.1984572935988032,1.1646880949860372,0.2729141152332561,-0.47499368715749835,-0.12528987130810787,0.3621361125491255,0.1802288241646462,128997,138.2,0
0.8441969270913877,-0.9129519116215956,-1.1584760676181736,-0.942695791229789,-0.17616353054966022,1.6356820987214062,-0.12784167146455253,0.2742535207122606,134478,34.9,0
1.181241146533905,0.28667959812889643,0.47584550570885353,0.5248173420036166,0.03325438663532088,0.005078243665951041,0.4749145658256874,0.44956692844400953,103887,9.36,0
-1.6358338304092548,-1.1550013662801182,1.3285081702233912,0.8968223327090653,0.15499842079946696,1.527709903309313,0.38236752993302175,0.02755046930252413,48161,12.91,0
-0.22608386327707417,0.3138533314335379,0.8352365470278461,-1.4517012936507447,-1.0838198368112544,-0.6593930500181916,-0.730344479721119,-0.1623489009027853,140268,26.93,0
-0.8718592203480735,0.5408684452119157,-2.5642269231648243,-1.8550700827230568,3.167190144013333,-0.6645061367695306,1.4688643405962059,-0.06465904405918249,77019,12.09,0
0.7486808632745685,-0.27135502133007466,0.3715559343320747,-0.6232197007591049,1.2309325807254012,0.4456609412393572,2.1663885502442137,0.7105417379037653,149313,108.03,0
0.4375876145863273,1.76232165216181,-1.519634186517625,-0.3586388907881295,0.029211015710739783,0.3344932083453429,-1.2486863901571623,0.9169294538718386,132837,5.12,0
-0.40307312668415507,1.3841411209927028,-0.9320495586426609,-1.432575172353369,0.21879609613739867,-0.6845030000740462,0.5317980780346757,-0.6577424409810934,38252,24.15,0
-0.7843465485184002,0.24223742847878496,-0.27504048524467173,0.19071909317104002,-0.2860375610518277,0.8207436642633266,1.0409201016705762,0.3740480035791687,35302,12.4,0
2.3464493568647145,-1.2345841193631235,0.7817180386174146,-1.8064396702355212,0.6581776985091147,2.691794673814491,1.057042261196059,1.3380689892965485,151435,137.68,0
-0.8342049667644664,1.4230616090087518,0.20820510866883737,-1.3955146863728802,1.536140701893776,-0.04578311596028421,0.5059930665679871,0.3067413093760945,48719,2.07,0
-0.12474161785112749,1.3360799657248512,-1.3056016458148645,0.27609586965547633,0.3703348812778074,-0.9965821522718291,-0.6640226421339726,-1.4234538442316647,68427,37.88,0
-0.8222508015075638,-0.7867176050745567,-0.6179340651345052,-0.09283502559631707,1.105224545300264,0.8218813397067338,-0.4698513427552773,-2.09204807861448,68787,28.87,0
-0.8650467494841129,-1.3814032347343752,-0.07567388488626572,-0.9519218880124557,1.6605217005191413,-1.337755551657006,-0.40403163387947055,0.7340762365625386,144358,4.52,0
-0.9306400869747108,1.0701904616417472,-1.1969238653861733,-1.611346920052112,0.207665570312392,-0.4432481290102483,0.7235437606733699,0.48450470440323173,31022,6.12,0
-0.7067921907198587,-0.49331080562412916,-0.09337243622560507,-0.578465997902136,0.4898931352103674,-0.8716497279496344,0.30372950894454115,0.7567539136199207,138967,51.63,0
-1.2437433816097112,-0.06989878004788742,-0.6298664812803014,0.014079582774495742,0.3975197005506687,1.0587185683465228,0.13905664803442314,0.6155720542854833,57819,59.98,0
2.389902573023747,0.8475008659614457,0.25624337961071186,-0.9526705312576633,-0.2916635107551437,0.34686509330977344,1.670414520684336,1.5256800044990804,133623,35.77,0
-1.2680146301316826,-1.7324318842919888,1.5025827508508343,-1.1228060058822236,-1.4755467765456884,-0.3261654080825785,-0.029601481109428424,-0.4783751217498539,80814,20.37,0
0.4101338322970431,-0.39411581847636246,-2.112527516380521,-0.5867624813837901,-1.2548997366749415,-0.2551562248100404,0.09616089427802461,-1.6115213730790858,166302,107.49,0
-2.4822486780224478,0.630970950029144,0.46521408134497355,-1.2303832121122233,-1.934318536505475,0.5885590590791591,-1.1738180393097941,1.5733906299964044,58133,13.0,0
0.2920603800533664,0.35117082294555885,1.013464930417891,-0.5618150763916093,0.785856434530442,-0.3992255123182075,0.4651034185448147,-1.5739305709664777,62486,168.55,0
1.4150329362416225,0.10765566135889852,-0.7744314901219156,0.29062097170549306,1.7330503127734511,0.3971216421550618,-0.5240557933477721,-0.10675182558969423,122590,77.58,0
0.808685185387279,0.28785282469321977,0.016845547790497465,0.12370131164920344,1.183972527087293,-0.644182660149681,0.041644961517549484,-1.1545877505608255,28212,64.44,0
-0.45705296907294835,-1.7079482517315348,0.4639644970432612,0.4366039592399506,0.19210976410563316,-1.2235079629151528,1.588489700772107,-1.8804219738779089,154779,53.04,0
0.5331731820664947,-1.5568814438239214,2.3293746692062527,-1.7722923884169972,0.8589126458267003,0.0658054958711356,1.2329186474987692,-0.7554801453455365,61955,65.82,0
1.1505065755655455,1.6151195640797096,0.4393284421552732,-1.6356864185198698,0.6733991236709899,1.654528307332307,-1.1184948960779733,0.8458469661800985,32661,78.5,0
-1.2797251355944996,-1.1786189862490084,-0.8274170170446679,0.5832107301237978,0.24557982360052807,0.41149814451226874,-1.176480042038211,0.1674506126087077,43957,37.48,0
-0.7644407413302057,-0.8642025440694543,0.8559449657599065,0.6337635523231213,-0.12520761302005065,-0.15370112903848923,-0.9709685208433789,1.5784664170866447,163698,9.06,0
0.6849349394011915,-0.5925982839474283,1.1207586339390962,-0.3796535890915712,1.1439455703891357,-0.417809221584259,-0.6887323175867517,-1.9175646190215117,61057,150.1,0
-0.49375339186156536,0.9757389447754404,0.623951317876599,-0.4997156716657063,-0.21091941029747827,0.9158530583140829,1.5817637029614795,1.7010124105367244,76689,215.53,0
-0.08943949036055167,-2.50280747593477,-0.22648822002917873,-1.0766083537430295,-0.5224364519576513,0.2362800939530502,-0.6135114919120409,-0.47554158539872265,132698,71.09,0
0.21976143702498183,0.8661802679019904,-0.40655927733067965,0.4093628728828773,-0.38718266730449785,-1.6471016064652162,-0.23515241028552653,1.1258587689564477,128183,19.04,0
0.3893470228067903,-1.0526792839030832,-1.153820886643598,0.23924485380013444,-0.4317426573035036,0.8897101816034021,-1.1107211447182976,-1.8577109514317192,23666,48.0,0
-0.9208856304183295,1.0023442202797754,-0.7823333998495458,-0.2469188361740623,-0.05212892320585751,-1.3403513513039256,1.5801641876978867,-0.031309759436666654,47052,75.6,0
-1.3598998531241966,1.7128217198660913,0.610546936630688,0.04624906206550146,-0.2118460555387638,-0.28033970734258046,-0.300738659533365,-0.2735735435110236,127714,99.59,0
0.7629981897265539,0.36351449437932937,0.5567206362768101,0.6092097048423198,0.6781999448973218,-1.117387790785799,-0.8588086512187988,0.6616314812106486,142520,6.84,0
-0.4906282985959526,-0.8853917857629988,1.560794877887187,-0.22209955120770528,0.6716374463310052,1.5802955080685877,-0.9516726199894621,0.7589783715242678,53422,124.74,0
0.03177848909324528,-1.2279276464382702,-1.7593058647173911,-1.6078621735261287,0.5306450706147033,-1.7754261406346643,0.6583716126350736,-1.09731624046855,55592,81.26,0
0.12169840786183227,-0.3884813748222363,-1.1925018307204291,0.16623620077891424,0.43237237420278096,0.04400527457332456,-0.8162200923927166,2.1007829059348695,68332,259.48,0
1.003954683390948,-0.10847731842761277,0.28842643519731553,-1.3090013887371201,0.11020364934630288,0.37106733166954337,1.7242954474334586,-0.4784263998947005,150615,24.58,0
0.33671603096806324,-1.254237534677396,1.739279442772578,-1.0340649961411605,0.03969764518158545,0.6249630727935845,0.6827160809291423,0.7753605022205854,161017,7.99,0
1.8930361454035207,-1.7050087727384593,1.1776479844929932,-0.17011807523122538,-0.942013330118567,-1.4551949957935235,-0.45278495163698707,-0.5218554578971543,40039,10.82,0
0.9290894085948527,-1.4105525687458873,-0.63348762779573,-0.27850317373257305,0.471183096763554,0.1539193650237754,-3.077726344084365,0.5809935175194226,68554,21.57,0
-0.4752076139127237,-0.23865475693609625,0.789184108186135,1.1638918482260652,-0.1597792502636419,0.5854209804978556,0.4193375792131293,1.3699195174350716,51522,47.87,0
1.803286939516647,-0.31429024592565824,0.8140739521152481,1.3383880113166184,3.4056437916110394,0.6818888892837713,0.335158377792408,-1.5497787605117301,137846,69.23,0
0.11233346434467022,0.7562903239425963,-1.1467611552432615,-0.951828148294057,-1.1123752705577197,-0.4721370092015184,0.333685012957258,2.0383651730666403,122231,6.8,0
0.47468869636107835,1.2681088595626828,2.2366713538243213,0.5586140998773633,0.12063419831960916,1.017308551539659,-0.22527545342764435,-1.2036906020455553,122974,14.85,0
-1.8256306754431142,0.7438964675448511,-0.18290785048910135,-1.1390206775716296,0.7012426449290595,0.811155271877635,-0.07677069265281299,0.36286267461186394,135206,64.84,0
3.149152917692769,1.1457061495466685,1.09399805717248,-0.35525783444309345,0.10727871920967232,-0.3564760547827886,-1.3103642119848287,-0.4290861877162088,172727,168.94,0
0.15358500003462883,-0.5727126798313026,-0.6000071384546486,1.1071603794356628,1.1886901750625483,-0.42439523180951105,-0.3941123750491345,-0.2870543011179178,58405,68.44,0
0.20878207129568058,-0.5512768944504293,-0.45480429173572806,-0.7281609191990589,-0.2801791193532853,-1.7876442048675383,-0.12207789273709425,0.31550279389952607,90266,121.64,0
-0.9980309419713218,-0.792986653870211,-0.7648259290027293,0.3102422173213779,-0.052032881393815365,0.11473739545792976,-0.11793630136998588,-0.0531568472160429,130111,37.24,0
0.2207194331111981,1.3052396789339016,0.06950681124189455,0.015877178351898977,1.3397795213569017,0.3727925969424728,0.36178458683939674,-0.4052746421940009,52948,12.58,0
-0.17727847628779891,0.27496812666120946,-0.3853526740834423,1.2929399625098346,-0.911316623510115,0.5008115879431271,-1.0652216607102516,0.10999093657078643,132069,29.62,0
-1.0220152675415985,1.0913276285155644,-1.3907815470332794,-0.0785364521016999,-1.9190334273153933,-0.9639054849406585,-1.2712097245742244,-2.449911643774644,78515,73.0,0
0.6731419991615446,0.5537293548150662,1.2344555382644848,1.0142785587471215,1.4350801634175996,1.2708905870311142,-0.4716193317272954,-0.2612019740139555,105474,62.11,0
-1.6683113541853407,-0.5631191485343621,-0.1306082079047539,-0.014247630881020015,-0.5076924245523271,-1.824164164891383,1.414686018023137,1.3619426631333937,162363,11.27,0
0.9715217651023007,-0.5040868291301743,-1.384669393035774,-0.6820114534200507,-0.06377856362809804,0.6808955389608131,0.017286763766214346,0.21507702131602913,155856,36.89,0
0.9998887126522745,0.26511150080124585,0.1357184046929536,1.0865927093728471,-0.12569062026261868,1.3176548508270345,-0.9626296279733129,0.9815823325972547,52595,340.0,0
1.8043911875037224,-0.5325128481710631,-0.007706176576825057,0.6367477852553481,0.3783539363190738,-0.07334802107706735,1.5983810925513422,-0.8367439924704212,59005,33.11,0
0.26883972355844793,-0.2606231311382364,0.26632157530136463,-0.05830046226307204,-0.818002250319816,1.0937852635274434,-0.8871688489050034,0.642574289154662,144596,7.89,0
2.247742907516433,-0.5589056007547799,-0.12618945591571615,0.21980915067895304,0.11168492980170339,-2.521571771830738,-0.16573828478948294,1.7711553055604494,57522,53.97,0
-0.5554109870163402,0.9276188906152871,0.014082859801776095,0.06539482043495345,1.276297389532607,-0.8152656243595809,-1.0957739331099479,0.5557017395395832,28315,8.73,0
-0.6749295238857614,-1.5174161145609817,0.08374361372330542,1.4818335784890642,0.43188549592684083,-1.3576183687545358,-0.06719977516229524,-1.009657893836252,56363,33.04,0
-0.5462069476429241,-0.7849036046095206,-2.080103449473167,0.33104768738696627,-0.6420591620340333,1.0254349312745914,0.5117732126204062,1.185496410952648,161416,41.25,0
0.10630344967340559,-0.014873829490969586,0.4223278000230179,1.4534930704257203,0.2642742314819092,1.3051585709987308,-2.0327493548321627,0.3216119684980479,139165,5.67,0
-1.482443615223146,0.04740641777933773,0.25168417270645055,0.1273724557634416,-1.611117611355177,-0.9655338610962801,-0.39461765236668367,-1.1669468391204056,51034,34.4,0
-0.00011237298172500352,0.841748457232266,-0.9418308852503129,0.9247196754898139,0.06336134963065715,-0.3840751390893401,0.18324788637858422,1.1763947594236757,136103,16.88,0
0.36022273928856074,-0.7969747770318478,-0.24838787511695018,1.4076045657781708,-1.5172172635509285,0.25863270662353033,-0.2191234766868646,0.46832094539917146,68161,123.1,0
-0.053099299605372734,0.34474128776704427,0.6155190234254585,1.141797099614418,-0.3536512831398441,-0.6663237815445242,0.8526322267071527,-1.6589689578926463,50673,3.77,0
-0.4575889052595012,0.6883606091975978,0.35814267780415093,0.8628960522352916,0.0986799262208022,0.5967675799790658,-0.48323044995338793,0.6953664853765239,56118,92.91,0
-1.9258582429212079,-0.34596538520037207,0.1819358292407098,1.0125340160632244,-2.910836076920296,-1.3377571893994444,0.13066347247017382,0.2546101610255243,45622,44.11,0
-1.2456682027561452,0.47408395605639364,0.10175741228653751,-1.1591732812389846,-0.3423496567185033,1.8997782157931113,0.9315824859718954,1.498613538760801,135326,41.07,0
-0.5089098047149979,1.2224560956040929,0.4858331469259038,-0.044346212153086595,-0.06055935062546677,-0.17196967150938822,-0.1009966414194309,-0.0027930726620182833,29459,188.67,0
1.7773057017925924,0.6728576876858687,1.0606030025775692,-0.3453718176791336,0.07935946765028604,0.5266941014666915,1.2057074728833355,-0.15263704112025414,165203,5.37,0
0.1626774468915091,-1.1553054619634031,-1.3021163267112463,0.3624424546266285,2.0686192043748113,0.6603392985133321,-1.2154554568456706,-1.127876764308901,36245,9.88,0
1.4384016185456363,0.6013255219641727,0.036713014791986125,1.5400905432842027,0.5348107477056163,0.5738382124019583,-0.5011944078359538,0.031787805819208974,156218,51.37,0
0.09441281759489993,-1.5300448497921029,1.520439139851363,0.9217405779021105,0.4230621774110269,-1.3681563110476447,0.8376930802864782,-0.43868430882472365,137858,21.67,0
-0.43354717207539323,-0.18113676299268214,0.22612303854827148,-0.21057796153695102,1.4010020564491563,0.43537346726797804,0.48398946463997317,0.4623458158727735,73855,82.8,0
-0.31328652417841024,0.6112039989766452,-1.8284332797537173,0.5258136823125036,-0.8553316372745983,-0.7286430688332736,1.6661402897508915,2.1512180517330255,149932,103.84,0
-0.7917531571705695,0.3395709268027178,0.19480989797762438,0.04095290967621846,0.7852936070350481,-0.4696354882689994,1.0959894562453656,-1.2037853261956195,58703,87.11,0
1.7255621861100967,-0.024222048206083893,-0.532373616670392,0.4403246655707306,-1.7158156490281737,-1.7179571892290137,-0.13405234631160148,-0.9329005921963099,129030,11.84,0
-0.3229450263902634,0.42764308285447195,-1.262051070290023,-0.23662718865787535,-0.05092885912416896,-1.3365714971785814,0.09882671681189056,0.49470477651909195,117332,24.36,0
-0.6976966998519554,-1.2422350017948873,-0.3858042471078339,-0.6978916433061416,0.06409971007322489,1.61976619930407,0.661347973362755,0.759166202759938,149591,72.06,0
2.351928342996157,0.973228385202868,-0.8664329824839139,1.2915345386349824,2.4111992662535333,-0.21652932680737683,0.486809711783723,1.012899568733763,46562,82.57,0
-1.2034853326206734,-0.886508739870779,-2.0825341324378632,0.7274133525180659,-2.3154443255594463,0.9928510818422681,1.8094423214643256,1.727776037446084,72062,29.78,0
0.8095462441305036,-0.141180134102603,0.40051583130535484,0.3763305566955217,-1.0025252531632727,-0.9344991743619468,-2.036694317028527,1.4905984915149944,125436,56.3,0
0.1577766033466109,0.034675924804770206,-2.6671895879051823,0.633631828124144,1.2384496075818678,-0.5726414357366862,-1.734907476651366,-0.7643876978554843,148357,51.08,0
-0.538845178017135,-0.4487743713533039,-0.05005935470979146,-0.029941256903986076,0.953864124403464,-1.1120077705513065,0.720737886077977,2.003419661981568,160546,58.58,0
1.1705566184300058,0.22831002864854927,0.36318584975660523,-0.49687063818205834,-0.3093251331640751,-0.35578006535527584,-0.5891638616283547,-0.6273004297612084,134826,23.83,0
0.29250286380455887,0.018543913838364633,-1.1006675589416566,-0.6625697085092858,1.2586336926029973,-2.6655126881016744,-1.7952205584747636,-1.6118803653995362,25616,33.22,0
-0.20195148129497076,0.3694750385519366,0.7786014306459289,-0.5865860659651834,0.9806612476002744,-0.4922719829456955,0.5725570234420244,-1.942751444370686,122428,29.9,0
0.33661036684632506,-2.1386408152333383,-0.5476172360269572,-0.7201190764276668,-0.4276544461622333,-0.4684000547406717,0.045408467981997463,0.23194559029010253,151583,66.89,0
-0.4621951832629567,-1.7213539671940445,-1.97181516773194,1.1767833821743214,-1.7990008402114075,0.2504425935159528,-1.2990356362655615,-0.848554259014613,53982,67.49,0
-2.1239495482622464,-0.7426791012949737,0.5965541864100906,-0.7207673623949631,-0.2644986714512517,-0.4065518491952715,0.9738954512175406,0.3426365643560306,127674,9.4,0
-1.5145034235441748,0.8373065934412116,1.8510096188804241,-0.35118576508535765,-0.20348586752375297,-0.5232125329733547,-0.3531631118030426,1.2115283666596757,30922,150.34,0
1.380736412639098,-1.0336988128072997,-2.0305766118258752,-0.3390693946152719,0.29352587261165525,-0.16195879131002258,-0.529823015525806,-1.7409878956035099,55484,92.42,0
2.0543071160030317,-0.6192929210273689,0.8305523714809273,-1.7717453239226715,1.5706615433847417,-2.033891956969194,-0.3135363648646909,-1.0621561225267548,37688,29.27,0
-1.4426278409332194,0.25965821727169747,-2.487180919324802,-0.44134001105551673,-0.6771453867659731,0.5560661226400166,-1.0880774484098996,-1.5283427725218626,134843,68.28,0
-1.7683418326014708,-0.3037992438697219,0.06584718019747617,-0.18995810240652236,0.3883128418408446,0.6156589698744799,1.833419642174777,-0.4672047238305261,142184,6.62,0
-1.066581377171832,0.03169053343297335,-0.7222427704870343,-0.17397578291900417,-0.6177219381505905,0.5825425982216246,-0.4498161459356785,-0.5179465959468263,136741,2.33,0
-0.34772356153097006,1.0641839529286203,2.1150516821422025,0.5083650441335016,-1.3156669929208955,-0.9718983104405119,-1.4883254135185378,-0.12916976316448395,42820,5.27,0
1.2216891386469992,1.0059707614451796,-1.182848754493668,-1.1724196566216065,2.9822020559953724,-0.9170506710677753,1.216752698904833,1.544478324267333,44548,65.56,0
0.7631773097202655,-0.8872352438554825,-0.49983587555924036,-2.2569340131185935,-0.22475776990810556,1.3283097749527355,-1.5664458183693861,0.1945313232357759,129195,12.3,0
-0.354833148355583,1.017338541971477,1.0140477909450367,-0.47463846934340614,-0.23308884201799543,-1.575222603206657,-1.3525811955430032,-0.4337329673113364,49240,26.3,0
0.745449606854113,-0.37824316485340703,-1.9153902211181293,-0.40649488059898514,-0.08348379501276579,0.33250817965650836,0.5309785769502121,-0.8060215628013102,129200,48.59,0
2.9204904044206113,0.17669053423017642,0.33950801348700793,-1.5519074381324354,-0.815959761786859,0.8948366881445676,-1.4472793731982214,-0.7279811584459457,129610,61.11,0
-0.6264362526852549,1.2491012245572286,0.5145466497882983,1.4219623167156565,-1.1392838133557581,1.1728954839620296,-0.6746914919441632,-0.7953959578618321,86621,10.71,0
-0.6274928563012327,-1.115790570016681,2.512576113747285,0.37196392670887707,1.5316322336549348,-0.4003020952776447,1.7733971367071473,0.9074285323496172,64750,113.49,0
1.3084251335068562,-1.154465116541795,-0.9011017571403687,0.22573823405822518,-0.3088562903459208,1.4473056036333236,-0.7675440548800317,0.02907554588306614,121424,55.25,0
0.07843739191061112,-0.8232638151931552,0.5455412683402913,0.26293706216015633,0.42864283301444495,0.15561054868158192,-0.7513146977709115,-1.2134459342933064,36350,38.34,0
0.3084026842471656,-0.21646187420035218,-0.5107560888413265,-1.2276500790613536,-0.5320891934877661,-0.813482756403065,-1.008347901805038,-1.2043184584802245,141982,23.67,0
-1.4396902515693304,-1.9163761024488082,-0.9513056816553006,0.7916082421142675,0.35014160823082446,0.9407339603587307,-1.6502392188085224,0.5122975482254483,59172,57.58,0
0.9772669679296699,-0.9322575848133593,-0.6173885588277335,1.068009171413711,-1.1417244575440018,0.43682698689675964,-0.677082685302883,0.9006171221916933,155535,22.17,0
-1.900093927766518,0.7891919406149168,-0.40140114153951656,-0.1902644476841236,-1.1433446697187148,0.13638539478221393,1.9740391232317356,1.066970779596161,55620,136.27,0
-0.8357772144592014,-0.8104845940796114,-0.6566765335127531,0.28655225150242536,-1.3840161850691584,-0.9452571783109591,0.05030737514781821,1.204845208276335,142265,51.06,0
1.9362172842059369,0.31199242869089533,0.08994387324884202,-0.48575316969594473,0.8839235012291423,-0.0006785966703410279,-0.06490768521031422,-0.07328815833598118,30340,16.99,0
2.7266256657937378,0.37489951711788827,-1.1344334947832149,1.5272661077445409,0.4183948348480127,0.8459306617414549,0.8253523469798023,1.0753304593143418,133291,4.14,0
0.5553281472039053,0.30549548607281285,0.20388407175965417,0.13589436418687145,0.8780680089791214,-0.14958209466385114,0.9495332678899792,0.311937625540629,150189,20.54,0
0.5120689962341303,1.5763687709891525,0.3854154527706322,-0.7655732627293625,-0.6904523086426244,-0.35389869623527787,-0.7277377703443038,0.7602267497895332,125319,298.77,0
1.7114878048524818,-0.6195471123370726,1.0632001534580726,0.15872358355144162,2.654506986251325,-0.6733401388232417,1.6496952233425952,-0.5851929711503682,44249,96.25,0
1.481292215120001,0.005545744590884485,0.7919755221664541,0.4439634436165658,0.6869996289884529,0.076021301266026,-0.46812375900517245,1.938763000322883,120805,13.53,0
1.0448083043083571,1.3502574723610432,-0.5164994129542719,0.9708241492380655,0.9569169659325949,1.5362131093834697,1.6031249953099953,-0.3896700711630153,32237,45.51,0
-0.8924730851638318,0.13137983491836477,0.7114737873829802,0.09271690243886915,0.49514064846765027,-0.5492166407779563,-1.0911065660968535,1.4646126836464202,39029,66.87,0
0.3972408995941085,0.5523653923578051,-0.13037002450727653,0.04614154271603412,0.6974604031675475,-0.5820748318826907,0.308819068777004,-0.35075018136364794,152839,15.76,0
0.44696283488079686,0.031218960504343484,-1.0165277392971983,1.0941473193109645,-0.2659371294603688,0.09755123130520933,-1.5866243299807785,-0.1774182037112199,62385,15.71,0
-0.9651731048048171,-0.9376487423327777,-1.1958693746230586,0.13352250825536127,-0.27057942895951476,-0.6952984573125116,-0.06567292439635014,-1.0321420999568447,41929,49.28,0
0.4452323628985012,-0.3455671193606471,0.06942513408968863,-0.7997222554109635,1.3297307914204186,0.9385307351878646,1.2370779464988295,0.6591204741688469,114606,102.8,0
-0.13037652844566425,0.029510092376696506,1.460597297685411,1.5320262520981018,-0.1221799284814335,-0.7275722154562111,1.3227752484251132,0.9773359003248977,41419,13.67,0
-0.994509615173678,0.8210058599325499,-0.008314212467998452,-0.38787583832958633,-0.6912897434090713,-0.08125230250009034,0.030208609078095607,-1.1150557140611976,78198,15.56,0
0.3380254972504945,-1.1879505285757208,-0.7046361959596328,1.0464119671796868,-0.17542844851469763,-0.4183702760697038,0.7506751545019497,-0.16781688434476486,162998,97.38,0
1.3562905015815894,-0.8797112033525907,-0.021049459738007342,-0.2859537295690746,0.924490787550113,-0.40972103084331296,-0.6291771142424596,1.0915588831698395,45463,35.4,0
1.120771106736678,-0.3594624603642399,1.0755922654639487,-1.368163224430893,0.3046058505298954,0.9341235290032177,-0.54068044889114,-0.008391972169813909,143329,2.64,0
0.5548575935630102,0.785916086903764,1.7182016314186765,-1.315644767820483,-0.14000309873147185,1.3772098071488719,0.7465528516535793,0.4860175071658253,141045,27.76,0
-0.4271030163021271,0.8209033054358575,0.07419057067955154,-1.4055189311177638,0.40615883013056386,1.4896352833883448,1.5686021064379236,-0.4791070961969124,47554,10.62,0
0.9137407408368338,0.6763817197037947,0.16916687482853096,0.5988996097207662,1.2946333037401292,0.6025009698088679,0.929128862531557,-0.881293733690008,53868,33.58,0
-0.01889653139406102,0.09083833320491072,-0.7747226449837128,0.15631741662296098,0.9409583731916757,0.03575161328347533,0.9184601917075248,-0.37716937208746676,64349,44.03,0
1.4008792572496085,-0.7596121060476158,1.3660535989380755,-1.5961626210467634,0.3058437012794257,0.6102967783377901,-0.35974916926844086,0.27778252650438723,68451,29.88,0
-0.15702856351382394,1.176634080462935,-1.1062508537314217,-0.06808158566744671,-1.6765652163269251,0.5334721458102508,-0.06454033031211663,-0.9806844629119456,56897,70.56,0
0.285626202684712,-1.69032072550916,-1.18634480463325,-1.0258176538410062,-0.2120360367688657,1.8075456352858972,0.5791360086418349,-1.7158695660413812,57078,20.34,0
0.8770285187025794,-0.5078379159697191,-1.645466354990987,-0.04519098203251402,-0.3435732247260903,-0.5086369483935369,0.12656175084608648,-0.21285074454593514,103628,13.41,0
-0.9153492225423193,-0.012902390683674252,-1.621601610975858,1.2996530277455587,0.7957881726399056,-0.9819183288189968,1.2352709104736386,-0.2660320971952234,113370,33.45,0
0.7874742095328273,-0.08829518273459146,0.803065238286184,0.7712099383665516,-0.47020192511830067,-1.6496425243954795,-1.9030212838976388,-0.11901741714060676,113548,12.75,0
1.0970534224750779,1.656642406436628,0.8154893322996768,0.16772404963795876,-0.47267389793993014,-0.11943788263706824,1.629461848665075,-0.19784127376865898,70257,20.34,0
-0.1528654452711618,1.0876724499788384,1.1749031258748688,0.4781733203267984,1.3632802706976646,-1.2653682070499301,1.2975338499285398,-1.359832589127384,117484,14.71,0
0.0032571248152866807,1.1951525101303315,-0.6355410907886301,1.8955052439691535,-1.666698550544702,-0.7285368276263744,-1.193467235844257,0.22076554330478182,71504,104.33,0
-1.8712501389847724,1.6651729710840235,1.0238126558675367,0.03739383182564974,-0.2370857575475917,-0.010522663655820308,0.48461785818024333,1.2344146163718102,79956,8.74,0
-1.4942790630961336,-0.13738172632529547,0.5425710658838241,-0.36426561687362924,0.35093145419412436,-1.976179532901645,0.1705243583650238,-0.4090539564975686,74240,24.15,0
-1.0393404902425858,-0.061626671865441934,0.45182215753279453,-0.12986154154076143,0.07984421355678764,0.6065547330282269,-1.2466856093172702,0.6063722782356485,43213,70.09,0
-1.6210650295718019,-1.422435741486033,1.7676328486382948,-0.4032078370516597,1.1915381667758251,-0.11760857041751994,-2.5375193593684497,0.6801668070054266,140493,45.35,0
0.00488574093019347,-0.6268021775719514,-0.6572540235566787,1.370511559284474,-0.8248067914418262,0.2980971679913876,0.8830361717255496,0.5542157380796099,118151,5.03,0
0.9968829400789271,-0.7738531241898092,1.3482804300658424,-0.36739490016947035,-0.8248590408617825,0.10180650158843768,-1.5727745796905899,-1.0739442915201614,39721,49.79,0
-0.7187951481376313,0.3288039608675075,-1.1777473741480329,-0.11569655668292923,0.4094623123567584,-0.8770824435404532,1.291476911394445,0.6780450358374844,48203,24.6,0
1.3982866399275018,0.28274648886365206,0.8174834784143035,0.3057432821790959,-0.45355871376019413,0.4940606501468605,-0.6508867330520183,-1.1636156918408669,76355,45.93,0
1.3507152325527139,-0.01065490099776613,-0.6660810910616226,-0.4340429803551892,0.2793452858310871,-0.052242710264862414,0.0024437093641408794,-0.2988609390352295,38365,13.55,0
-0.5980645572653881,0.7723203817734793,-0.7289775989460784,0.2941939231712619,-1.4558182851505919,1.0355188034609841,-0.444573986037075,-1.3690413393043028,111871,104.15,0
-0.21496043986058896,1.443936763697562,-1.6695673289124973,0.21229232641394494,0.6456310671760436,0.6244651328338684,0.8938520615297094,0.11690587382775768,138349,54.28,0
-1.3098444671187008,0.6021736399937501,0.9934910190625664,0.7543062086332866,-1.3727469861202841,0.8205338662809486,-0.7058522926163403,-2.4022100981872336,15822,104.58,0
-1.489509906622258,1.1724731582219092,-1.109131867650687,1.9435914241600325,-0.7890374443139148,0.6163587933739489,1.8779118950984266,0.26134144767938994,7000,7.67,0
0.418309724506659,-1.5078539331971017,0.5427296712235863,-0.786679555441912,0.4828432312847351,0.37274147013513687,0.3854129221135673,0.047601344543629416,143129,30.81,0
1.779611573735011,-0.30299237387282485,-0.1673952809281216,1.8013914142752954,-0.49209296363219646,0.02424177251554789,-1.032549035304391,-1.3123094719895705,128517,6.67,0
-0.07077824651640995,-1.2812323449833933,-3.3946806076170346,-0.12584999165550173,-0.9943548812263565,-0.855000451539463,-0.914841369213599,0.9508589669966471,63737,223.88,0
-1.5927664939774977,-0.9173919852632801,0.13585784955288796,0.48116640829861995,1.2571283082609743,-0.5140189141911219,-0.9049939934941328,-0.5468297061108588,62093,122.89,0
-1.184804837754966,-0.19967421942458388,1.0086812878902884,-0.17924962646436896,-2.0471629497299677,-0.5460844949667601,1.380484410044064,1.507098322313282,62479,187.13,0
-1.253003319348715,0.8182179165456491,-1.718203895546123,-0.4719921726233347,-0.3836219320035151,0.25800099766949486,0.23460484106257998,0.40021839083867333,137521,97.13,0
-0.8237744452579561,0.8042218629449924,0.9143698157407921,0.45532839195922237,0.3912238304830437,-1.1655054503389843,-1.3493923235911278,-0.658716060164176,48003,64.71,0
-0.07129499636309376,-0.7770122457874576,-1.7475085882562533,-0.13518215062315198,1.2153810376903602,0.24273577985293973,-0.39610606132595205,-0.18997617998343583,157980,104.06,0
-3.1069260191991868,-0.45200767305804407,1.4306853165192506,0.44869520021855525,-1.0731354266731266,-0.3875177829085516,-0.5966999758391445,1.0701088429898735,116902,70.9,0
-0.3859493598966116,0.02181505055600336,-1.8679850217204916,-0.029809212266428166,0.6511871189027237,-0.05919972165456937,0.2951265528652911,0.5878175644577087,143355,25.84,0
-1.5048189165282813,0.4767028452633259,-1.7762240950005062,0.2666433332168492,0.9006529097659589,-1.6281535609470073,-2.295238490631612,0.8509981970606606,59595,5.06,0
-0.3842452758373768,0.5208136122458716,2.3940198149782845,-0.019709288397913523,-0.6461468268861518,-0.5669308078376805,-0.365910969765993,1.3260461747770351,126061,203.06,0
-0.9427641613537361,-0.06295939731317521,-0.15968685990958015,-0.44044102325294127,0.6839061113563693,-0.4800111335364744,0.54021152114538,0.33383500894294155,19710,46.08,0
-0.49904613628902816,0.13056113922376067,1.4536166521975147,1.46773887639741,1.9433562842562973,-0.7488554330681972,0.413640758379922,0.5738588451324266,67154,6.63,0
0.10090011225589009,0.1291668329011445,-0.13699499395809828,0.45406231144894393,0.9995344536513355,-0.01757167960904134,0.6034412799091261,0.3736438105703137,57186,44.5,0
0.8057914878324736,-0.7941480982352993,0.789352999038684,-0.13152134011755398,1.44424168993719,2.3877618273475294,0.3983785978297748,0.7678233328437608,42560,10.71,0
-0.49896692279598004,0.9529439017626905,1.3394487682538367,-0.4019212987233088,-0.8724536051720158,2.029790582586369,0.819012594162052,-0.775329568308889,153449,32.72,0
0.1795173972470147,-0.45115466708148366,-2.3802082237565805,0.25895665840474325,-0.17029542311021906,-0.3570547987310763,-0.6571261783040925,-0.6258210967291316,69877,70.09,0
-0.7498712800547049,-1.3561151980610726,-0.07884680102748813,0.14307789533985643,-1.1938378463329293,1.4243777589424418,-0.607792411790157,-0.038491039214858754,38188,55.97,0
-0.9245348303952341,1.5173161324002238,0.870515159306968,-0.20357017941798455,-0.27677243417806024,-1.221575367044848,0.7603585532585745,0.17048316919624168,45874,92.09,0
-0.8853836308573294,-1.0374992174776434,-1.2911080375146202,-0.7037873342663098,-0.11565335825560089,0.6406396549943958,-0.08444210070508008,-1.0075351290867083,63203,25.66,0
-0.8010534075329416,0.43864641475231086,-0.16441185000741868,0.3303437898113395,1.1103735990755232,1.6276666981485703,0.8746427903200078,0.315312740415205,156719,39.69,0
-0.6527625090072692,-0.05109497607101521,-1.0465869770701022,0.8558513570223614,-1.02968919544625,-0.597903474708647,0.902573060244984,-0.5233990293691104,122423,23.63,0
1.1358654686485055,-1.3268066776956673,1.242610093297595,-0.43680413795624357,0.6095300084718737,0.26431519993988595,0.4648006481730494,0.5669711246066291,51570,33.27,0
0.04308639021082582,0.208670362938635,-1.1091784311265072,0.6455959830838512,0.22902508249686374,-0.8826369544568649,0.24958185187238632,1.0422838922783317,132804,33.06,0
-0.08291415448189166,-0.5541642707488007,-0.41525355784184376,-1.4350994616991959,0.44614129677144887,-2.001573946707216,-0.16452363453911215,1.7804928054153593,138397,39.88,0
0.2596330504822567,0.673205647836425,0.7417729714305786,-0.24844274590583254,-0.32610719252860093,1.9275913932607014,-0.2681298965483596,-0.41828431279242806,69841,34.08,0
-2.042593861106928,0.6189934381708201,-0.9467724891599258,-0.15925781701736932,-0.2893548203690586,1.1297987507978229,0.055980601683956695,-0.2706863871331817,87572,29.51,0
-0.2559866796428771,0.517411795318243,0.10275100794718876,-0.8178405546778349,0.5420168297230208,-0.7777817714926458,-1.747468450617032,1.0330819383415617,44074,5.33,0
0.35689779415793316,-1.0046268305322898,0.0375305142796714,-0.24830659836234892,1.205485394730164,0.57866678124816,-0.7693043417840719,0.9778458189962893,140237,18.37,0
-0.39539320778043624,-0.4410165220460867,-0.35396649954479203,0.32318980120634005,0.8964609719490708,1.451114358951267,-0.9131113171835886,-0.7495813917969244,97820,109.09,0
0.7108925975671295,1.541524040363264,0.5499694466216949,-0.33029835960149795,0.8682400098608569,-0.0403074638319607,-0.37703206396664735,-0.413693435476551,143571,15.64,0
0.5940979373049315,1.2574744854941986,0.734454441421493,-0.8368326467123551,0.25645173383641806,-0.2858039249762326,-0.9450068291716966,-1.788882845540941,133088,147.03,0
-0.6588001484156795,0.045018991592322324,-0.1566614736403231,0.5057802891399763,-0.9701628457549603,-0.026313139174361448,-0.035006316834742854,-0.5084623270893388,136224,81.45,0
0.2598989010423101,-0.9161032185141404,-1.6321822586024632,0.802413129973301,-0.5102042079572375,-0.5363568795982724,0.4714675809093418,-0.4963885272148074,40898,62.8,0
-0.6429646219457433,-0.03405499936346742,0.1557640746990111,0.9960506106931274,1.024146469587988,-1.1336723806512614,0.4605502678476396,1.229902635218236,37419,98.4,0
0.0075029744816880765,-0.2364146302786353,1.0681132885028883,0.9117999464107457,1.966990882370666,-0.4370322923294635,2.19327750306061,0.6461402606020927,143309,26.78,0
1.2368593065974203,-0.32436053340558757,0.3044566615733906,1.7200912801670276,-0.7582157380585803,0.05594021799708043,-1.9474111116552133,0.8879325447984122,159552,82.04,0
-0.3622102371470775,2.0339651983735387,-1.018990580347788,-0.19367226032519497,-1.8364949937078487,1.4778714235135557,-0.12044876353754366,-2.3541341882667073,60869,54.83,0
-0.6583884998387215,0.10563370546482945,0.030561664340392213,-0.4442085469303576,1.0523074102066423,0.4938693903156138,2.0180918083031743,-0.24838336183257062,73886,104.35,0
0.004576153232091711,-0.8969473760221979,0.9284048331604856,-0.17454737782285418,0.30220304972356765,0.5822741159145137,1.5126706986943224,0.20419515636968652,152546,4.06,0
0.2090747515677273,0.8335638436637168,1.1583400075213985,0.30467054278797,-1.2372258395792082,1.0588255119430665,-1.041670390693351,-0.479454506779635,119097,4.02,0
0.005221415342270941,-0.5913360168023712,-0.14858950995744283,-0.6085894659501591,-0.2544568596749418,0.3905465704266527,-1.0366873137998296,1.080440696112888,46322,124.96,0
0.812370639071424,1.0498304001465821,0.4006467711436019,0.7966435077124333,0.5240514919167185,-1.101267063329928,0.3813814901781332,0.011872610490717079,131251,41.34,0
0.6046388845495557,-1.3796926479329006,-0.4855118512994366,0.12987066726514784,-1.5958579799665258,1.3698045451925922,0.7564145480524449,0.6074835600168066,49681,13.88,0
0.6501216146301122,-1.1048062588469574,0.8852905154238416,0.8708620889295472,-0.3014832461875034,0.0024676625720383236,-0.8594457188353586,-1.1603752506115388,131160,5.1,0
-0.5101032198471679,-0.36003001628682274,0.22856341611404213,-0.279567679384274,-0.6806960506046669,0.3947119758039662,0.7138271263299022,-0.8087870649159447,159524,77.45,0
-0.14454022044839246,0.5608391980881995,-0.10634061805684115,0.20656661250494676,-0.6669402342034914,-0.6577039859679312,0.15134756751307127,0.15359025634475576,87351,26.61,0
0.7529134664559394,-1.4778438261315525,0.20190929371434824,1.4047902936677858,0.558419353672965,0.030915136536533383,1.15087657207537,0.36866036826184695,58581,18.4,0
1.734959576768841,0.49122149136359294,-0.3661916386486347,1.5626158246707789,1.5185485564446033,0.2533961534892248,1.2228454900629753,-0.7812846539208296,35432,32.07,0
0.565733030546671,1.0108159431443968,0.8824415572566146,0.1053843344687441,-0.3395176133392073,-1.408338536001233,-1.2377954136365894,1.116424835492639,86578,2.63,0
-1.5255799251838817,1.803648596287526,-0.10552482732608953,-1.19769935087518,0.9867984350370388,0.6294941559995911,-1.2662226643379593,-0.025243058663484013,51151,66.36,0
-0.2614990216374043,1.1633915627249158,0.84555436145622,1.182272450659539,-0.6338013961460311,-1.1291819358805553,2.256050870676975,0.21477271849184867,20846,4.38,0
0.697462816442156,0.07012439205122264,0.12638539691918058,-0.6963040876347604,1.2028573442813264,-1.2148490973757198,1.408774356010277,0.5840287038386482,39273,12.23,0
-0.670559339098447,0.7814215340703984,-0.6234502080206996,0.35408343331046116,0.4742993452739038,0.23102704152543277,-0.5936166268989788,0.0748924759811142,52620,30.92,0
0.4427595803888087,-0.7024374010425293,-0.019019309588873334,-0.590158405786928,0.28255844048583967,1.389727882485203,-0.056936711348061296,-1.3710951862360874,32157,36.68,0
-1.757472622092309,1.7240207155655047,0.5811209451637238,0.1263110138013661,-0.1332975669939288,-0.31064688184828193,0.861166235982181,-1.443770055576542,65300,8.85,0
-0.2462804357717705,0.9275212099992222,-0.29904955877400896,0.4017808089255574,-0.3289922470458368,-0.4779862947192484,1.536397396808361,-1.2064752172801352,54430,12.47,0
-0.11349525001855071,-0.35590253941773625,-1.0993457064480314,-0.32394848068255044,0.5325743244090182,-0.19109391507143272,-0.16908450907897535,1.1210583280113324,115151,124.04,0
0.7734489466366704,1.5363451472193685,-0.12346770792446907,0.6910992500686718,-0.46528178375082174,1.1972120351038775,-0.4997982746072958,0.7030633962107434,25454,11.26,0
0.23858524842766876,1.3034898601940978,-1.2076741979048826,0.1811039993990221,-1.1140619256245134,-0.27342269714808226,-0.03258194026283212,-0.6333176223747506,33407,3.66,0
1.7319382104707324,-1.2084456573360547,-0.18572249426076262,-1.1740757243985502,1.6164670036999969,-1.1798685368372115,-0.7037134835024406,-1.1594577061092863,43311,6.89,0
-1.044829168047802,1.107727393493229,-0.5213321681751848,0.963114414235862,0.7172186662819915,-2.24311199826013,-1.656408966619365,-0.3332230330837684,144563,21.51,0
-2.4163121096735463,-0.47120755822819277,-0.08903002503300356,-0.2953724755378279,-0.35102850418128956,1.0544502271524923,-1.7312650679673098,-0.291483712761721,105397,32.8,0
0.2935661338945634,-0.6186476305939604,0.3225909342631092,0.2971499158920785,1.045702891964966,0.4445140926566401,-0.5272385723163847,0.25640327315436795,44031,23.23,0
-0.22832189135444766,-1.6365231763997656,1.3684080185586749,1.0155948097511047,-2.2166655160135096,-0.13018518848216945,-0.022162684630854367,1.3686507868999138,46922,13.94,0
-2.033394200404988,0.910923456260872,1.266612851716907,0.65091182831509,-0.8805340254133578,0.5539012639539144,0.17548828719957787,-1.9602836328482596,125667,2.22,0
-0.4540460076049783,0.5293750220437835,0.6202665190453699,-0.6965093606230641,-0.4751831915407959,-0.18896661988790847,-1.6252699966161783,0.4537320704047622,49689,7.26,0
-2.3174119737738788,-0.844080809731625,0.00903844177967628,1.655426202176529,1.3254685699172908,-0.9654310046784178,-1.6802660591149954,-0.18241371611707682,119498,71.71,0
0.3878973660532392,1.087359881608106,1.1318274953081064,-0.8775650822222872,0.5031904234987225,-1.4049708001234185,-1.0879194772237986,-0.30337893909083896,40306,3.16,0
2.445980685654701,0.6940271579777588,0.03611342341627656,0.3573049726492539,0.6146151754113205,-1.8599597809541726,-1.4981633363306772,0.9747853200784341,45961,39.31,0
-0.6291748093683088,1.3726073034048787,0.03273225154599515,-1.1275027579825154,-1.2218548286049777,-1.3389544571542473,0.8238537065610424,0.3097623524048434,135459,16.55,0
-0.8033072487591058,0.7356821592925853,-0.23767614427420716,-0.8226382177411825,0.08968659995440867,0.826686021107913,-1.1591821060307181,-1.1824357797692917,163449,43.05,0
-1.08458797400977,0.6490884419881265,-1.4251393874740859,-0.39732446274907174,0.13290442621731463,1.7373059067352479,0.6583633306638047,1.4374097115286597,137889,6.39,0
-0.038905100420539226,-0.16018356623500876,0.18839031490654692,1.3617021199323263,-0.01643330920075887,-0.2671293106425735,-0.19950520536929126,-1.8533495120693815,66912,35.16,0
-0.19595087476256584,-1.0186071293288577,1.77382955256997,0.16136447232934917,0.9464020377627745,0.40184722547849244,0.5334702921360285,-1.0444957571908233,130227,15.74,0
1.545089295716459,1.2011605098524738,-0.4186487612045154,0.908532272387234,2.041617103033241,1.5610040907501053,0.43815367569664115,1.5095394525808317,43179,9.02,0
-0.836994201028498,0.18139096490527104,-0.04588042624374894,0.6375640704192668,-0.3315859408151923,-0.7745738280367586,-1.4850654025653207,-1.2117859800202069,58319,24.58,0
-2.589752194657605,1.1192696739847967,0.5546500584893489,-1.3172192749651421,-0.360287588613359,1.0521903877600354,0.13194024092515289,-1.6987793078475364,156128,9.93,0
-0.3844408369092258,0.9945420009003302,1.004668483096575,-0.6181531426624772,-0.38681050086213625,-1.1614555545212504,0.3176548885256214,0.2024919906447109,128762,28.54,0
1.7351991279718129,1.0306500868923205,0.34632579734933167,0.22112073902056129,-0.75618740167135,0.7611897706509149,0.21271036654634093,-0.13546283413741975,42883,3.94,0
-0.5493574316760487,-0.7174530724418777,-0.8021668549618599,-1.0822197396773219,-0.4203574784240349,0.0673806024210696,-1.3830160053916845,-0.6419926559511446,74669,67.44,0
-1.7178137320846552,-0.5701098510004964,-0.11845005646544954,1.3869088340596765,1.8196725713055433,-0.12964070924560472,-1.389028820603181,-1.3061207588647534,40337,46.19,0
-0.3100295897324563,0.45656185686985984,-0.9987707875020796,0.12791736252448482,-0.5425312358363638,0.06267540072671632,-1.0829147798061058,-0.8645206913521939,155923,82.81,0
-1.4798726789740908,0.11911576667838022,1.4624481154048647,0.7604059801152662,0.4275418764577749,1.0751189090864208,-1.337779732645431,0.5682154170183179,80647,4.08,0
0.038851831692523583,-0.40475265581908526,1.0282128108333817,-0.8057416363294755,1.2577535108260194,-0.11719355600518487,1.1714038145274825,-0.36895931317809316,43004,34.01,0
-0.24837509825802448,-0.5570072297002636,1.1564035100611922,-1.4614361530130036,0.9369758350141038,-0.5305147952959018,-1.4871617171898726,-1.7665062857725509,120036,48.19,0
-1.0821394714041739,0.5438558369310013,1.0513915597233665,0.39844606369195423,-1.7919788975005975,2.4587037421112425,0.594983178352525,-0.2391716955209984,44402,49.58,0
-0.4124123970673736,-0.4433122656093292,-1.0297546568742397,2.2292261575675645,-0.9828111136925728,1.0105648394903881,-2.210252230445493,0.8753294774193885,138636,4.65,0
0.6056267698656066,-0.2294445064591808,0.029952160102311574,-0.4539449380662448,-1.2164208465301685,-1.3040345058266554,-0.5683935444123889,-0.39256162805131195,71554,102.73,0
-1.146614981730292,0.9907993854841025,-1.1563368995267436,-0.3486100788429641,-0.43962476653438176,-1.238494019014307,0.310208136245163,-0.12381534259560323,38628,3.57,0
-1.2488577805881946,-0.18149430136296904,-1.9861352544230186,-0.6789305446675501,0.3368640522001281,0.4119054021081939,0.013186674526926283,0.2247915401346196,75499,12.22,0
1.239408572285255,-1.3981715012518783,-0.45387571678033206,1.5707097429320627,-0.7273547026711876,-0.39450153378689606,0.18013009989749784,2.327171831094046,22267,31.79,0
1.90518491022359,-0.6696704597370643,0.6406441757628246,-0.06323557326745641,0.536653206277333,-0.9834197923409767,-1.2273638140282521,0.2870308590264553,47355,95.59,0
2.20683954679381,-2.2267843206306663,1.367369053322017,0.7948855516277546,-0.17512804833887743,-0.2566347118190906,-0.08826707865509874,0.2478660961447631,137196,60.97,0
0.011735153728846455,-0.5725231791891312,-0.8391019335237715,0.7183703270191143,-0.29186117301586034,-0.544314279327439,0.45013827805112866,-0.7123580282674296,139989,76.66,0
0.4804948147479838,1.691476429212027,0.9672416227947714,1.3937038851680255,1.4290493865212834,0.7699210002370666,0.6224314266565774,-0.23325984631157165,127900,36.06,0
-1.1051825582596264,0.6283783803912162,1.205770384043141,-0.6104262486684379,-1.3749829590853453,1.1378373302646378,1.1674280740407892,0.7229587562584417,61254,87.76,0
-0.2563562913981562,-0.5922896440612336,-1.3721243829946057,-0.7099681433084782,0.0514954288510316,-0.9474317996305444,-0.38702518747749937,0.8596963258477944,146125,31.9,0
0.3269740849523433,1.443196986880234,-0.4889923835576295,-0.339220291345426,0.5303228814368888,2.5428964457436356,0.6363688547798483,-0.8427976078085702,135935,10.81,0
-0.7381558758491097,2.8697286254063044,0.7945462862139644,-0.15261884549480775,-2.077242934137581,-0.09176609614482421,0.4219671231364077,0.3076188396474931,153763,20.84,0
1.062631673678995,1.4943366208944862,-1.0194778316576736,0.354826829520639,-2.2173089054711967,0.8512333705208499,1.0973012889525897,-2.6717142433836316,56549,11.28,0
0.12608150987004066,-1.9524045154292742,-0.022041930388136687,-0.006488442662873022,1.4951524262249705,0.827618894307545,-1.2142484719932634,-0.3934242706663664,43426,41.78,0
0.5261685817056289,0.740899796676248,0.938744251021189,-0.8283615754758799,0.7847563316218804,-1.1417829837010651,0.35715877394115875,-0.7086993642282728,131332,22.95,0
-2.583459722502775,-0.34114854414051893,1.3200350575383866,-0.4661590556905542,-0.6747998834716663,-0.7721565983770031,0.1532211139016112,-1.5233192136684102,131597,45.12,0
0.04422884921046349,-0.50011746770662,1.359686096456921,0.5397557142771837,-1.3080302263130288,0.6133941932562238,0.3420815953930041,0.07060976070766159,146679,42.16,0
-1.0184208410421105,0.33511878945966705,-0.7524793783737522,-0.11643457197943788,1.1534370609619955,0.6497068466808117,-0.548776336348217,-0.9816456713148852,47641,41.75,0
-1.250100058996631,1.4034482995184177,1.3470736419400882,-0.03966273313800329,0.8750706862507481,-1.5240218590926096,-0.14446351180929953,-1.714198711653655,36654,133.51,0
0.1011512666737154,2.025105107847757,0.09806341647343508,-1.5280099314764812,-0.1996883814525705,-0.563311124823587,-1.5523861084883046,0.1305224576036408,45432,2.4,0
0.5202820618006929,-2.8511678072466404,-1.5101601780690737,0.7218202312280553,-0.5761545513551488,-2.7022422583615797,1.059390567189696,0.7238708749076856,131831,1.89,0
-0.5979822649799326,0.03674523966726403,-0.4255300707281032,0.9676263885936561,0.529375127916655,-0.18434540412547085,0.06588611467083134,-0.389068876739292,16237,6.05,0
-0.8872637525586259,-0.9072231319765071,-0.04126871409466444,-1.0771920329016251,-0.26781374272373476,-0.47053227903627837,0.5925564049036556,-0.022427064915464694,41152,53.86,0
0.628208011796339,0.25840171553463326,-0.0029312185062886987,0.4771243697879102,-0.6916896590824176,-0.6000195816539611,0.7275201938589706,-0.9663882593312797,44022,35.71,0
-0.8871004876602117,-0.9029912313516942,-0.5332512123192862,-0.7708506395143073,0.4862796851965831,0.07824116668154155,-1.4466154129668862,1.7281140316645685,170500,23.15,0
1.7968087064256717,0.06469362448710493,-1.484579732374744,-0.22763986143253434,0.042554489545614284,-0.3850446699343717,-0.003190265912788432,0.3729047755208147,129855,22.38,0
-2.221829133841841,2.790026624837142,-0.21844316125035795,4.0905763808436735,-2.038391156720675,-0.054644271450510866,-0.38743557183377747,-2.674696637413025,90901,250.92,1
-0.061094473779857175,-1.0665998469424554,0.37563806524736915,0.2875353921105741,-0.04742846064031207,2.3672054483504423,0.3680150025208298,0.5760332984958313,53946,8.47,0
1.2184490601191387,-0.6048565073281402,0.3975883728511986,0.2407266094567804,1.2406861651433425,-2.0203822702982475,0.35263009484274094,0.3363673927668584,66314,76.06,0
0.5548351347799824,0.2537726866726249,0.526953311573389,-0.4913597361445778,-0.14218033217246984,0.505392734487579,-0.9758855434545223,0.683100697566019,70027,52.71,0
-1.7063751662015183,-0.9733038916927772,1.2119540526648163,-0.7258343041374581,-0.493357969058513,0.09000028297732356,-0.3719472646945709,0.6908871287623843,131113,110.73,0
0.755362615868472,0.7406481588024338,0.3883392862190113,0.36139897126592485,1.0432667554144957,-0.2258377437137052,-2.3930617633805,2.110967952448771,63969,32.98,0
0.004125093716180475,0.11690053329630949,-0.2997213946110118,1.3847103342804297,-1.2172471224257115,-0.4482826864121744,-0.8493378480651751,1.0299214770121665,136700,70.8,0
-0.9100425214408638,0.16083345868849966,0.5191092360355178,0.5292619097833237,-0.547235687845705,0.0488861639928137,-0.6976211735640213,-0.42394494258876014,142777,37.11,0
1.5904816260728583,-0.4636238546099987,0.44852527859203944,-1.659169687533271,-0.7532515846590415,-1.4968719232406782,-1.6029935627107097,0.09803959795341746,41281,3.34,0
-0.7950862317629463,0.6443990273420869,-1.9599747490804018,0.5627789624730161,-0.02434888867894536,0.44799100366669353,0.5780326948870742,1.4310673513427017,43572,137.07,0
0.831857703613595,0.7217672558611554,1.3224211821038407,-0.6259807525302213,-0.01019412784890688,-0.21919922077454188,0.537995649068834,1.2158839492580868,128222,48.23,0
1.0914370876780308,0.37850740174485975,-2.564751661229019,-0.01121302082289828,-0.6633422946612159,0.926732722048177,-0.6608034300159956,0.31688688116335256,40806,36.01,0
-0.15031298422160397,-0.7233788870947461,-2.448948684334505,-1.2972702099921403,0.8367599053533001,-0.032554632515925726,-1.5171592213029903,1.5253329456567715,134301,74.7,0
0.42148206671903377,-0.579302906224897,-0.4399511555713656,-0.6520502384619222,-0.5677793782534163,-1.1629355231904364,-0.2572836386738268,1.06423381438391,149716,11.56,0
-1.710642954873071,-0.02208047546832934,-0.3176598290352749,-0.08954760510849359,-0.34014207283631265,-1.1216408959609054,-1.3826143285558035,-0.8457904408288529,46894,3.37,0
-2.8488377555423123,1.6780682076031104,1.8790718673428344,5.140878496826134,0.4431024025622073,-0.5331305404194421,-0.884082844432134,-1.4408654745178642,20881,240.26,1
0.4016537673404463,-1.5860192558283148,1.6542842544652332,1.789403564306525,0.12000074311496153,-0.20008165960876023,0.022944088013458316,0.8930509851373575,58079,53.4,0
1.4076607764388902,1.447890908090077,0.7104855268473528,-0.2676980867863122,-0.8235869341041058,0.8458081524486675,0.18457810205059896,-1.0019136878502202,154283,34.74,0
-0.47839322734165307,0.36953751672278695,-0.2842307681114487,-0.3451685305811281,-1.6690701941935,0.5987796310816937,0.6119222230820439,-0.18700017463179738,146895,56.09,0
0.9139211343042957,-1.6335712576288155,-0.019278559228669237,2.0497092516036868,-0.44616176274788577,0.4540682060737281,1.2472608526944753,-1.1081429224732855,37175,6.24,0
-1.235447832122853,-1.1920782645758172,1.5931210565100329,-0.7681413934931884,0.7651239739437059,0.11837588533238683,-1.0040408610202272,-0.5327575394612195,123141,81.65,0
0.06734037682687476,0.9131996149090806,-0.9320790579015561,0.5583283953440994,0.9240339792319219,1.326516897832072,0.6594264787777909,-1.1049702689060636,131492,3.14,0
0.84458509397224,-0.2465637021240494,-0.37585832757765536,-0.9509222217629741,0.7267100146465191,0.3854127608467138,0.6459570836868215,-1.8713486295810193,47991,8.05,0
0.20315333060565888,1.4059133875296714,-0.317079334759079,-1.0623296815748147,-1.2513770301250424,1.0613960432687646,0.7971783484083358,-0.5919475625676713,27768,15.86,0
1.6737075353429982,-0.6298324636048552,-0.5419878421287209,1.3284652649419515,-1.091226302209443,0.861942042878944,0.3755053607198042,1.135338111843632,53899,14.68,0
-0.26526243671502,0.25133862851048633,-0.25306895871612023,-0.8299374743089585,-0.08568344509472711,0.2728421547343817,1.3310663202513817,-0.19931093272204567,98466,46.57,0
0.752014046061744,0.41111414131397833,0.5511559752582244,1.0886435432988102,0.9264481468249857,-0.40452976354780945,0.42293443184520274,1.5006153871350185,60115,103.28,0
-1.3759751853157975,0.40517254459739543,0.2674330349504143,-0.5486495621405001,-0.8018560945434515,0.5430383607482107,-0.0758367202452196,-0.3901206894213935,70127,5.15,0
1.3748071660086043,1.3742612265007401,1.2258852922352035,0.961673961545163,2.745835945406744,0.21153079482176754,1.686286775412809,-0.009859549143674588,41149,58.76,0
-0.13137431792475562,-0.8196220578247925,1.1292093928520057,0.5529274806340767,0.25768747837281625,-0.1606818944864898,0.45714385266266727,-0.3483401862148294,151677,17.14,0
-1.9767240766805607,-2.0747358221225483,2.739682135421516,2.123990440317852,0.14401170666942645,0.4341420240093177,0.250921497770598,-1.7706561716636915,67220,8.77,0
0.20738304477577654,-0.22116070732402665,2.3893601056092875,0.02240487587724293,0.4536323811502551,-0.6349673925434586,-0.017209248613737058,0.46267973323340356,146365,158.4,0
0.24996023438159998,0.17014198809862008,0.9107423536477182,0.2955587255237951,-0.27518787865992245,-0.43861978851235134,-1.175425725734763,-1.06694935411745,115175,29.66,0
0.34294876410888947,0.7326759053714847,1.4135730344249247,-1.057910613619455,-0.08199462063832304,-1.000519400348357,-0.928491260682534,-0.42979643799860356,153495,52.19,0
1.3551046100036273,-0.1525675664533591,0.4465985181665922,0.36677606772793664,0.29674953758656175,-1.1575066358442403,-0.6548476154194269,0.7600411319466608,50807,37.57,0
0.21196137455938843,1.5107293314487742,-1.1985925347889237,-1.7243301809627511,0.22346711831096847,-1.007053211964014,-0.07318843199986753,-0.729314253162683,129361,34.95,0
-1.288400133542527,0.2019661426173398,0.23646667593104356,-1.1243074063213536,0.8859999747748353,-2.037413653353657,2.519708077376307,-0.037528965125643056,50191,61.87,0
-2.404036767276659,2.66827261932346,0.5269108655158397,3.9028455353509335,0.7525738493460302,0.6091583847706138,-0.4413734648255465,-1.1877551108724265,4493,9.33,1
1.3085131222833253,-1.7550707526787388,-0.48461365360754727,0.4513730211043352,1.5737274864835045,-0.5050344912424295,1.9651354020635055,0.35305615896650105,131274,47.44,0
-0.4980076805742775,0.4817363057190147,0.7141437662507691,0.2938755583363807,1.5740611779293332,0.10856346783594152,-1.704410531471112,-2.273692770782662,134294,1.96,0
-1.1561766456263645,-0.9902715070788796,0.2512493871121836,0.4903003797618991,-0.07213135432207056,0.5554069403788875,0.14291033858129587,0.17112494265787173,66888,6.8,0
-0.21794206833846763,0.23386815843155187,1.2107164086192437,0.35817042788628145,1.558661542978936,-0.20110671962027354,0.5518021616982409,-0.981477959208776,139033,81.6,0
-1.259639779304051,-0.3346635709128331,-0.6973447334942577,3.5058714035449148,0.6521335108484756,-1.0838095113270576,-1.3677301092862344,-1.7457006029201294,123901,25.61,0
-0.5307353543328125,-0.20068113121288503,0.547750589298914,0.5402821640258872,-1.555316999792983,-0.5355397709355035,-0.36289119871837217,0.5861515903256682,76413,13.13,0
-0.6145786471375334,0.41781812449990896,1.8629240193803172,0.8225458929394067,0.9053821635791093,-2.1584214816114162,-0.30132689496833154,1.8196118019236625,43719,16.56,0
1.1619952675814986,0.222071116667942,-1.3027163067593057,-1.7738459337395758,1.1547963279335345,-1.6530422150039252,0.7593402928021163,0.5690419584181278,126092,3.13,0
0.5306287479673455,0.026807518948574076,1.6925229398639698,1.2541053063134224,-1.9557468679731045,0.20935143071454626,-1.4593085208388576,1.140655719434046,32658,155.54,0
-0.7199817377150125,-0.5583904374523014,1.1426489868487453,1.6292081188074055,-1.6884768330888253,-0.8114652006233829,-1.863472815908306,-0.028634524995832824,35702,84.74,0
0.9546083581153184,0.7955766982869804,1.2845196790545528,1.7969999729446209,-2.1394345013921914,-1.7698525679411852,-0.2811403882412999,0.9785697442263478,143094,69.8,0
0.7421551742781722,1.415005752824045,-1.3165853859030257,-0.06320453445223755,-0.6318646048146721,0.8444399482528874,0.4094854578835981,1.1758142234156344,142385,2.27,0
0.23869457492670032,-0.604334200351681,-0.43825067427940995,-1.240714174521798,1.9773865708228202,0.13263041107907012,0.8702745794666775,1.0295510487889135,131360,65.07,0
1.318515297946178,-0.4095916391434302,0.9418643766345903,0.27258138418273475,0.9599792674711628,0.7581904631446167,-0.655622613290405,0.26907018710145814,30284,5.47,0
0.5670207397909147,-0.7659689968516306,-0.12323745426512878,0.4867278860430274,1.7524421655588458,0.299362839416587,0.7208025525003333,0.2629507593940065,70939,58.39,0
-1.3626557552969143,0.4362958427680957,0.3318204882138979,-1.076305931216242,0.7265861518843691,-0.9743292830825013,-0.32608207122968846,-0.7839164024630438,117794,83.52,0
-0.9275115055125522,-0.18333493986981686,0.278436913625833,0.6542136363978553,2.518083987127537,-1.095707764887963,0.15712642272609106,-1.4749667459573987,43697,81.52,0
0.9140173205659113,0.3470787177024487,-0.053253180748966324,0.18634103481636877,0.3320950212588717,0.3063477882109142,0.36499646075569264,-0.9869228550039022,127533,4.94,0
-0.9856848420041465,1.652955927639456,0.01875272601067014,1.2802378924569415,1.0743823459187587,1.7012036274483178,-1.2590728376438651,0.644549725887201,167110,55.14,0
-0.17846899441444944,0.18152549674664747,-0.8643615024257507,0.9216763194775675,0.7027366716094254,0.2165605471382922,-1.053130882905641,-0.6833033288473127,50605,28.14,0
-0.7479878426015475,0.32512829547938255,-0.3530635486875448,-0.9375336402114891,0.6979100727806096,-1.4108057355523425,1.443527021776756,-1.0393434151127896,51066,35.4,0
-0.736247285302805,-1.1096254352429793,0.7514383249385087,-1.1825888337768247,0.7077921877788623,0.2377838083390323,-0.8559484715485491,0.5102729631740937,45401,102.45,0
-0.3825774540460087,-1.7068795676073696,0.5641996880589301,0.3112916502664342,0.16492924878638401,0.6104853015107121,0.3212499236908218,-0.7378983351183096,156571,8.61,0
0.8274593605940725,-1.1085420343472783,0.448472911038291,-0.207540144982403,0.5125529866982756,-1.3411153797973248,-0.3483437486325194,0.3537188491042081,27162,21.21,0
-1.3976962218910518,-1.375411506091166,-1.3244315311348547,0.5341893442053066,0.408594123436783,-0.9212362776519816,-0.2158644630163393,-1.3124307857831734,62968,30.58,0
0.6353165710718788,-0.8005780468528323,-0.0536144154873654,-1.8095072257543927,0.08318535246977922,-2.0590432757478982,1.305794767735239,-1.4648238607711577,40790,10.57,0
-1.508632477516153,0.5046082929230434,-0.01726674628893345,1.4591763476760826,-0.6441577182209001,0.7694256391663441,-0.17644363172416175,0.5492164303499659,158346,82.98,0
-0.14133196574833015,2.284482245007085,-0.9997038467011732,-1.0328864870488663,-0.3978716660573735,0.27894171115896765,0.4520445998723503,-0.7272788652613128,76138,24.9,0
1.5189925060311338,-0.2569491743918078,-0.15487075254020594,0.3082698247681977,0.1908939520706956,-0.002635355133372307,1.2473122722643932,-1.5269538394392037,48349,19.85,0
-0.7491674735196149,0.43105341104815353,1.2169560037132459,-1.2346006377981371,-0.3553458653291875,-0.2730216314545137,-0.7730473251055457,0.596863827990548,130675,4.5,0
-0.056182307376663854,-0.5738605380847381,0.4718914986701344,0.296594543674097,1.6050972287208105,0.6130497709655632,-0.06313472949059137,-2.281308586089509,35100,22.6,0
-0.8749750643767862,0.5545581465301777,0.5201133096455337,0.5791390514368334,-0.5073528666726129,0.7652460574578756,1.848420558794612,-0.4907551600105741,65037,43.79,0
0.21132758215280034,0.18073180662211513,0.7118759280843651,-0.1275805247473063,-1.2207200970782617,0.20584745395077902,-0.8980593499208708,1.0386561341974976,118301,13.68,0
-1.6161405618426534,0.5268493557073033,0.5562573912095082,0.0013858548430013022,2.069088945024369,-0.7714973245236618,0.86657362382332,0.3273415136270503,166548,38.32,0
-2.233272053764677,1.153601809806852,-0.01425501030712532,0.6071528115005168,0.2316598353984094,-1.1503885841172417,-0.2558157042524079,-1.6970016701598758,145481,15.35,0
-1.3638733852276526,0.5612514401101296,0.09484455939053658,1.6644355555083543,-0.03335308290967354,-1.513850022601458,0.32241185540952305,0.07592102322836977,37286,127.07,0
-0.17240704914844887,-3.3424044746439745,-0.17061128265311254,-0.07718234703969987,-0.41654043713703526,-1.738663448957768,0.5453334753603575,-1.9002126826997545,124474,30.18,0
1.029431494057863,-1.5806998272494206,0.2760007223967418,0.8311830428634016,0.10140042897786389,-1.3629332045490619,-1.0499963326968444,0.9085382073271695,45761,1.94,0
-0.8570574369101553,-0.6421439887180075,-0.574482127982788,-1.5044446701409089,0.5019772515284239,-0.1444852190085874,1.429679628212874,-0.974125805941278,36052,2.34,0
0.43127435148681453,0.5423880434006283,0.06917059454570619,-0.0002345180628967702,1.8791015293160853,-0.36266211310540736,0.21932462012925302,2.0613685571427802,58145,72.91,0
-0.4896028307039075,-1.3553359317488303,1.5209533901819339,0.40106866344924774,-1.1550870998265717,-0.910511209096487,0.1051749419276756,1.7549271385555685,58886,83.93,0
0.45577248602937653,-0.3162591328431365,0.5382160301694286,1.4086636759578388,-0.7191159058706986,1.686152643097528,-1.0683884599410405,-0.3901146449994606,24904,28.87,0
-0.612630237691251,-2.108756774461991,-0.43976629661842037,1.9485260424458128,1.6332124159788812,1.6084025223130274,0.609259207256053,-0.17791595945172312,53833,19.24,0
-0.31049369312499747,-1.4660301831767402,-0.1532616394235676,-2.2215707871316916,0.7380705309842629,-1.154867268938876,0.5394402208675524,-1.4022565905503284,51969,29.62,0
1.1319700317222414,-0.8424964895291692,-0.8421163407890981,0.7287649310817997,0.36706728531440436,0.8213075410374576,0.07100877070008714,2.5088757678694207,141209,9.81,0
0.640826684094971,-0.10810134206353603,2.2867976224938507,0.012588933245220358,-0.9549533108150229,0.3227016673129792,1.538812212756033,-0.8157598097246371,74121,20.8,0
-1.1538036932359073,0.4587228452020665,-1.0718783600727297,0.18290515945825367,0.010704326716246944,-0.039567825797951574,1.0187999801530154,1.807419379422577,85721,12.38,0
-1.0462853843444366,-1.4000028411031817,0.4316495031629272,-2.074306863075837,0.10864507773025846,-1.6475413876007483,-0.17543704014181788,0.7765537742670305,141347,10.89,0
0.7662542961010959,0.6470008683706361,-0.0716527561054545,1.10163523012183,-0.4668301586620816,-0.055095131925940656,0.06646708433614436,-0.8476004220104331,142326,31.05,0
2.2318976052591433,0.5024213990988486,0.10576442362046036,1.0949463489874032,1.607692026721691,2.0720112832591138,-0.5975649441213174,0.42977832191442467,125593,60.6,0
0.8397444702135792,1.9222003939263994,0.298912474877077,3.082951143975283,0.14441689847110023,0.12824522400182453,1.953483932831074,-0.16497522199320333,39068,41.65,0
-2.2107558182929696,2.5479724106230957,0.023117899746811475,6.03869007757581,0.5975402904109061,-0.6488581224387148,-0.38740376799474086,-0.3038490395304112,102872,225.22,1
0.6874775290653106,-0.11673246750098402,0.916331658742186,0.25774434165422433,0.11450963772679436,0.8154042488243324,-0.0979149533153655,-0.33236406291030235,38421,125.51,0
-0.4896020565361259,0.5584022831375668,0.807338635527659,-2.4909194730427626,0.8293672626915776,0.00894414271343174,-0.26310038485036735,-0.12299787692671595,55912,6.19,0
0.4855502315558765,-0.9009900141891547,1.9502482988601848,-1.4038863250220317,0.28508475280407586,0.744340184729223,0.9836449771046245,-0.31122037860601054,73371,9.76,0
-0.8411243921722905,-0.15924114901195818,-0.7508654171230501,-1.3816491097930366,0.3806464279451594,0.45782402125066585,1.6994199924016902,-0.43319374933425525,80121,13.77,0
-0.7174965443387753,0.08148819861935591,-1.2977015927465092,-1.272839040806815,-0.513535305381911,0.611083327594552,0.1937963591316174,-0.7743730728869495,53794,54.92,0
-0.8834108082030604,-0.36312780772907116,0.357285580059022,-0.04462922204981593,-1.2315478603689292,1.3604576947873372,-1.1020266817599613,1.8036548118535072,152422,75.0,0
1.3775157333245878,-0.8593693550501899,0.4178364285139264,0.47106001785919405,-0.54784912777366,-1.565581399847743,-2.1870188390922154,-0.9370322059711838,143812,14.77,0
1.2720664383681421,-0.7775159577221228,-0.17987698699727955,-0.5994712387598766,1.3051138677031495,0.3836772486393354,1.3706530495182778,-2.665998356228834,151273,33.58,0
2.0866256153414393,1.450575700819326,-0.43600197022494996,0.8105937992459662,0.2604186067710959,1.2705053810343956,-1.0712222864955514,-1.0429690333437662,118178,121.63,0
2.130357098527755,-1.021387512676185,0.1219131635244661,0.21938863464054206,-0.9498154049514755,1.1034803390940413,1.6463288250625079,1.1994786779241597,63847,78.94,0
-0.03846439050330999,0.5018095249542994,-1.314744357078559,1.4637518030426806,1.3793941212451364,0.854377341471164,0.27284834271283476,2.335520893756594,36257,175.68,0
-1.8925629120401226,-0.2564277235699327,1.318697391428176,0.06778049830660378,-0.2948839981546607,-0.814636715718808,0.9025138850226858,-0.4813059721759273,42973,31.73,0
0.15466707007445016,-0.6548463529547736,-0.08417534880653477,0.07093603807778562,1.1605811769046714,1.377495904468828,-0.5985461518916502,-0.269940227621031,49429,5.28,0
-0.24202986630239728,0.308601055508868,-1.161192403934154,-1.1360049015162665,0.31729386809029075,-0.540157667228875,0.24070835870860677,0.16384580797481416,54312,18.12,0
-2.9849245476064263,-0.6207139097323036,-2.290877160893453,-1.2310324799241619,-0.47527194651124555,0.8599404461335419,0.8078184399221502,0.778891082834105,59306,63.25,0
-1.404486967812381,0.9741193762048105,1.1098763519334147,0.5114039108715825,1.4287731641518437,-1.9158844550933154,-0.9234410916129469,0.020664218207843872,164128,44.34,0
0.8111650315266586,0.24024762329384708,2.1704078271426117,1.0451351336826489,1.0081746012699895,-1.6993952410596382,1.3439307676604595,0.6775409148480966,71377,3.42,0
0.7323485338059597,0.03284581128008501,0.5225971530633636,1.59374759404403,-0.23880003547004297,-0.22963539600249672,1.768661239579193,0.016989280384034702,113842,25.34,0
0.32073492103125384,1.204985579243003,-1.7206936218462872,-0.20444930403054598,1.0119174427562176,-1.679487328992669,-0.17067587862203631,0.20069783574497085,67597,17.59,0
0.575349547181206,0.4090293980124951,2.3687164651947503,-0.2747844358000674,2.3836753807382025,1.4238836901560672,-0.29792540895699365,0.8048388411714839,22432,5.66,0
-0.42870264522900026,1.360720047704611,-1.1916733645822581,0.1791975058599751,1.597415311910902,-0.15294489032607442,1.9519281093121963,-1.8752921589109264,170900,66.37,0
1.2907012755373546,-0.3228994742332959,1.845556018994896,-1.745860338554486,1.1754907528377074,-1.0308066111970997,-1.102398864051479,1.6561216174092266,120382,80.15,0
-0.8352383651250496,1.9229934548284913,0.33719442250856185,-0.6236103906056415,-0.002852270673149132,-0.3685729093066381,1.543877161056002,0.933180772362211,141625,152.86,0
-0.658836204216342,-1.4360306521184931,0.5624054579024987,0.28218501272268043,0.5635010457872656,-0.016786355540569762,-1.0562230115742073,0.05569045423921552,130870,11.16,0
-1.8527346116819785,1.2321635241106137,-1.6757962593390725,2.487714061483074,-0.11739626448452871,-0.2873860530919765,-0.03164030662120334,-1.074033967672021,131283,21.21,0
0.5214805015464602,0.4332964922331298,0.8658356983094522,1.4062827578501593,-0.2661466210914479,0.2225932662837331,-1.0227288219499922,0.0673161019778537,62911,16.45,0
0.5147568977638253,0.32123547589442286,0.3185152887806779,-1.0964416439410125,-0.9344656698352467,1.8122306622123627,0.9861125414364632,-0.062970050277336,50249,10.47,0
1.233604144638954,0.5694397021003783,-1.2194088042411018,-0.3768360155441896,0.011037336910985032,-0.8191783129125673,-0.901330044493815,0.4912168333550969,126533,309.85,0
0.5918875175751036,-0.27620625320777037,-1.1847897221422972,-0.9171772007934965,0.4437795987308238,-0.11122398484709015,-0.7118956142373184,0.6315015796167293,145467,50.34,0
0.5329008424184769,-1.2392594222181597,-0.04803677698448138,-0.9914523061620576,0.38890465456582524,1.7429037237170137,-0.8580501306405244,0.931561154110829,53543,8.46,0
2.3138872734260305,-0.31249134783963395,0.521465363701863,0.004881240618592314,-1.078651992451084,0.8332556325987531,-0.26431229167624964,0.525719805887057,69299,12.49,0
-0.01765737976681788,-0.2333523408010585,0.3278512474265087,0.9976521883310486,-0.6188705281699082,0.19479382901490122,0.9765121983716039,-1.1979914371661415,71100,43.9,0
1.546707950244519,-0.7710094536636743,-0.09541945191233488,1.350454021628495,-0.5737612783770683,-0.798553340407345,-1.8430096792888147,-1.102924429543348,47447,20.81,0
2.167450700611745,-0.3045519574116125,-0.6973339561376709,0.05591795479806757,-0.1738104083528424,-0.02727482312791565,0.10688558191994967,2.120029981372228,133801,47.65,0
0.2631878332342004,-3.967711444594042,-1.5410723701257767,0.09230029436114771,-2.624575497447951,2.284186951292216,-0.8866648115154907,0.48379266063200765,167610,35.23,0
-0.6416013006516041,0.9615105712290108,0.6385546477774946,-0.5880120760155623,-0.8933349115072666,-0.8941646466589477,-0.24630054029534665,1.0489108369187337,40704,43.78,0
-1.2131878367886395,1.8572841881277753,0.06586025649579998,1.0585165903487896,1.8383385026292238,-0.4588556081882441,0.3520515109518273,-1.966638932713355,74988,3.18,0
-1.8109598432925513,-1.094448380695178,0.9050530790842135,0.4881537924521581,-0.9288056891444331,-1.957973893712067,-0.3805048991394493,1.1981226838694645,138227,53.01,0
-1.0497460556791662,0.6614227662553954,-0.3257903690014751,-0.18182835019508592,-0.5202569279610054,-0.0180412987256693,0.17547849720992273,-0.5478573621397981,130137,15.62,0
0.4029921871288001,1.533316401646412,-1.574783100900811,-1.2388089684508847,-0.42658260281317845,-0.9359817268749496,0.0025098098345004856,-0.4917980686959597,33616,93.36,0
-0.7078411857552442,1.4003058073742787,-0.10713520827973697,0.5980277403306284,-0.5814616429655602,0.8470195771454558,0.7728030900982756,-1.6254796836283474,153980,27.09,0
1.4825992989114856,0.9513490108981949,2.3031405545447496,-0.3750592343210863,-0.4242717857156184,-0.2254828153873609,-2.4662267862803016,1.4899120642000696,116324,55.78,0
0.14197699760463953,2.486810491672364,-0.9953786861365129,0.6579535594314612,-0.9145436621103311,0.4823086407309024,-0.6591341080059476,-0.16356112955341237,50505,11.91,0
-0.53435471470496,0.5584392154137039,-1.0963006448234318,-0.24021110095995363,0.2345676082705366,-0.6912154311975557,1.0993727857886768,0.25720390613063043,44126,36.55,0
0.3977573929764396,0.9302983550762455,0.7219457764350213,-0.8749810553484119,0.02237813406431721,0.41279987749472297,0.4882481799482171,-1.5902733203935797,122001,2.49,0
0.5330080586041374,1.7861609661568671,-0.9342832787532158,-0.43916207933577217,0.6327365303070509,-0.19683289038622467,-0.5608878424031499,1.0310051434651692,44494,7.31,0
1.0089688495843854,1.244327056977402,1.5273482276770054,-2.307724685632468,-0.42624053674237544,-1.74237576211747,-1.7288013930734343,-0.5214052383791413,72517,4.56,0
1.7183255901465706,-0.15437204020534262,1.1266515630387623,-0.14241036015936429,2.038305825759681,0.647917588333574,-0.09617215797429893,-1.1995827154264818,91773,106.65,0
0.4048552256725332,0.3517475022768035,0.15506956360249455,1.8005729065911105,-0.12309335193176599,1.7731995015594129,-1.0755156539134452,-0.0473539704700078,126520,24.25,0
-0.18800849206767584,1.2438452257577408,-1.1577718087051252,-0.4336671990856061,-1.567921855114636,0.33953708121226917,0.5531022506392108,0.3439678685065512,154408,110.4,0
0.6033756685377838,1.0538753507230345,1.1046703731152638,0.533619392032864,-0.17536254193057862,0.679502903238563,0.3910436662868873,-0.0605710784699991,66184,18.92,0
-0.7279854900626621,-0.17464784932108532,-0.14277174609316615,1.2750005440764969,1.6001241735578295,1.8111972374048815,-0.3509218814882282,1.0495662114575686,70437,39.88,0
0.6704776278100852,-2.5387402713199902,0.28489332256000927,-0.6805889727328235,0.5561472218706287,-1.7792488290507167,1.0158554303725622,-0.7141157785169944,153607,120.01,0
2.4069656706462816,1.6320178969873185,-2.1556423332605053,-1.0741205456065346,0.07765865640984923,-0.3014935502950496,0.7181971260737484,0.6601540842648016,139526,60.34,0
-0.2689559594377715,0.5129508755903158,-0.6857102546661488,1.0245067714869347,-0.9175689307868765,-0.6100909115676877,-1.1525398634001924,0.8632110180904939,119292,17.06,0
1.0938103207122916,2.2179741426293496,1.5769021798107064,1.4381256749046158,-4.186147504069675,0.1326868549044997,0.06395899789624428,0.8007031694608326,137459,11.11,0
0.7510727195414566,0.5197665619892278,-1.4357626198939757,2.63338996572831,-1.2145879833884012,-0.4577461969889728,0.37540409797611707,-0.45455185141368065,44174,4.93,0
-0.2984997782397662,-0.4566401240927809,0.885595482999197,0.3464569747120968,-1.3696401901221447,-0.2011679270761075,-1.1616743380516403,0.5274770748494315,87339,19.8,0
1.7697267351519848,-0.27976377102164574,-0.01341431135095773,0.7982364256274309,0.40536304139362506,0.4561904214134265,0.6988346010975185,-0.3808637347528795,160140,69.82,0
-0.010679462981569993,-0.0417812263079881,-0.2922774883429158,0.4883515364493277,-1.1646050749722963,1.397848516402474,1.4449021861201174,-0.6323691634631542,11760,6.48,0
0.3913804673763711,1.1531423884413567,-0.9964713029532588,0.32833255503009107,0.025355162122184517,0.4085488381147976,-0.19198983442571377,-0.8892075133885351,164762,97.37,0
-0.36481840567903223,-0.6975055376442856,0.13713878637758647,1.5111887071014398,-0.024860702277161358,0.5993984109262183,0.1124373261121793,2.033725188216292,164927,34.88,0
0.3222551561713934,-0.6274076383233577,-0.9173595150868403,0.05864205317504016,-0.5369229749197316,0.18436666380910724,-1.0792654771058403,-1.473758007818976,64323,38.5,0
-0.21333115312378215,0.09147896389883613,0.7082376786724404,-1.8873168915240799,0.047627250923812044,-0.8257842257577596,-0.7498122927305824,0.2435944859314612,21735,20.07,0
-1.1950445333952509,0.4737501144213275,-0.3682325198203251,-1.665943367887472,-0.7740905905808687,-0.3869934834655128,1.9246705655403833,-2.9956376363457786,149994,63.24,0
0.6904244156423248,0.5166200467943914,-0.6380481693431806,0.584128321459197,0.7920645499261082,0.4416910823860296,-0.03236310990836913,0.5770939079373297,51653,29.93,0
0.42726512020058005,-1.1566082498683836,-0.22165148437435295,2.132645531703312,-0.30961484943164824,-1.694040945309439,0.47008902814650944,0.3826241240290592,121497,27.15,0
0.6159239068757248,0.7207744651796019,0.05475631132338125,-0.2106492716441961,0.5222547833928637,-1.031386477953412,1.0274407586677377,0.3537116233705213,56168,74.02,0
1.438102140431454,1.1872662433724968,-1.0245088355436334,-1.438909950748658,1.1692262982822117,-0.1661222742647106,0.05983813720284922,0.0238844468604617,139822,32.21,0
-0.9774476666350193,-1.224962756530279,-0.7075339168824166,-0.8104997409185407,-0.2055954310453375,-0.42662438037789724,0.4236162120725045,0.8084922744288519,32454,2.05,0
0.03106234176609664,-0.12404252550737632,0.30939799814935803,0.43568846552950113,0.21322802300448412,-1.5067562989606322,-1.5842666858065393,-0.7289738178587862,129390,59.16,0
-1.3783063942431732,2.2218460093569625,2.2330736225421197,-0.5003454425142433,0.9964409749680397,-1.1959029580682843,-1.639459986857346,1.9329118458144188,44083,12.53,0
-1.2148923948580723,-0.022760740724015134,0.47025189448888993,1.4954648365905265,0.424710671158806,-0.33677161904658964,-0.38209875763952617,0.09763407506360654,69087,18.34,0
-0.07208411182433246,-0.28861177788437525,-0.23704630073775002,1.8965908091655572,1.782804877246579,-0.8376655823183441,0.5000703452001275,-0.26199116953645746,152345,18.93,0
-0.39931337053008537,1.0392612859673658,0.8549697684005588,-0.35351237710656724,0.5851713361445372,0.09303911237736791,-0.3297389147767202,1.2466557412799246,137235,94.21,0
2.0676725069386013,-1.5127304369027523,-1.1444940066011453,-0.09980145914032987,0.23027717780774334,1.6810640469712743,1.2284050776054323,-2.0736988021893064,145478,76.82,0
0.9229052090193991,0.5544762598169899,-0.5177322087888763,1.7731600995871857,-0.07473746585634566,-1.7123468399337898,0.5943823707738919,-0.13732762714836927,86280,31.17,0
-0.8940394741874301,-0.4996951699709903,1.3013426123831517,1.8931818171214398,0.5011008554771444,0.35093788691770267,0.6848560792795775,-0.6846635327909459,130311,9.33,0
1.1837520505010803,0.589468158679542,0.956228740499316,0.2044980739185859,-0.6815514014535261,-0.7943364545689933,1.0731486877691148,0.4462289511649283,124285,80.37,0
1.5712328883565683,-0.8324817253647913,0.3290793645861065,-0.8240121847967264,-0.781736790951059,-3.13562227222168,1.5287454939393987,0.5545673483126548,52636,6.22,0
0.08893217144628221,-0.8856196192545454,-0.3440442623181404,-1.2566294118456771,0.18441712124191448,-0.15141893486459262,1.1135997837529805,-0.6990715468427194,133618,138.26,0
0.9846383089277486,1.7569109164093806,-0.4480891389268773,-0.6234299302954925,-0.25054025969435934,-0.9455559349257652,-0.7002468564212776,-0.694284950165472,150399,62.87,0
-0.380379305056798,0.713835393059119,-0.8966626478031198,-1.5466726677498848,-0.5188898698187129,1.0439361704227161,-0.8729599275009423,-0.3564266982277956,133352,78.38,0
-1.8328236213148708,-0.3603259240158872,-0.2590066190938585,-1.392773199997214,0.4061378042337421,0.9266451909501087,-0.004115090999190468,-1.2417425704743728,62236,50.23,0
0.23713275443736398,-1.9654637519444378,0.8825736605604232,0.5858630572201573,0.3258800055035476,1.4091863504111137,-0.8075679151800879,-1.0661223575864605,112465,3.01,0
-1.1478384421673662,-1.2833605226697762,0.2505400794895282,0.1343635064545121,0.5179705107653142,-0.1433267889966528,-0.6473399898865044,0.5096476691388875,70079,88.78,0
-0.8406255650334981,-0.19751482401701392,-1.459294218135469,0.4422793360073821,-0.3410330655189614,1.3452914123621862,-1.3595892292273506,0.908696373124446,154441,72.73,0
0.9978343870689105,0.26690163070379025,-2.2988703221211075,0.2646929592684801,-1.038586712309142,0.478069982723609,0.32132397020207965,-0.32675508616229537,143620,79.54,0
1.4588275466785003,1.3278599275082155,-1.2310930592657698,0.32568309383772637,-0.07341422739246924,-0.21115898007514328,-0.6790973635694569,-0.1123231172015702,134628,81.11,0
1.7224892281447237,0.19733879013122774,-0.12233998412855533,0.0735559570887424,0.5306867906937699,1.143359561200688,-0.06786779103421746,-0.16688101042477466,62852,35.08,0
-1.6567384541445032,0.6336679412485579,-0.893232783526692,1.4624762163941751,-0.36893259097403047,-0.5165189338756034,-0.4714913004787184,0.15019083715519255,81403,71.6,0
0.071495342457528,1.1661701048321504,-0.502796792338887,-1.872671446021675,-1.5803514479355782,-0.49775706301760125,-0.8801490266533925,-0.5905009809638624,141556,5.06,0
0.6445848930713157,0.07429896277471433,0.4147005139839453,-1.0090361636684972,1.1823501319889367,-0.36684031774047227,0.9256766356107624,-1.4606703825179908,146051,2.21,0
1.0227745445738283,-0.6454799277767072,-0.2115965290316954,-0.34087817144047056,-2.266217401754936,-0.7607054426985915,1.0656047984596888,2.023875836757479,65295,16.75,0
-1.125627112056832,-0.5408006917055673,0.7839703262379905,-0.5658074612354137,0.4640285391806819,-0.5580593603172669,-1.184197796636598,1.194406323420924,135803,11.03,0
-2.039943106464819,-0.1500797656492415,0.8583412108365972,-0.10852441183759085,0.7805460232082658,-0.5023741234378729,2.584346921469219,1.1008917442544826,45457,124.23,0
1.9680352393081826,-1.1939822700424956,-1.9212610077501346,-0.5360943424181992,-0.08337788958990831,-0.8021954554031063,0.9769099334165062,0.21065569003151208,29942,40.79,0
1.1926775277414932,0.41444545033218555,1.3731158418664868,-1.2676201897025425,-0.71405532330728,0.09372354632673792,1.1725905330973148,0.45479945567380353,61245,24.44,0
0.26290646100720216,0.7248811577806541,0.15073661645703387,-0.3866083691595053,-0.5697542664632361,0.8066446019568462,-1.2275006847786987,-0.47548117518906496,127963,28.25,0
1.2779887769549245,-0.8132347188891039,0.3435635076249628,0.17240356606938395,1.3872483201310697,0.8098860625492542,-0.4648739491737856,1.088652177755826,122860,27.62,0
0.008984724619779075,-0.25937650660704176,-1.0406313296885674,0.06785224180955025,0.7353959926953362,-0.6875123713601831,-0.012470406970066059,-0.5515774445558328,151234,80.18,0
-0.16881608608389578,-2.2433058480130543,-1.6638910841767631,-0.26292454562328843,-1.517771893439051,1.1447560957602296,-0.8091062594459979,-0.2746802287671947,28270,49.01,0
-0.7589280867455472,0.9649825207966115,0.8100474076250823,1.5645472183572295,-2.1921595735457275,-0.780587158103865,0.3363605649187458,0.36627413377900664,79956,9.11,0
-0.923559320681498,-2.3596116016658097,-0.8699889808563954,1.419062512392482,-1.8485162198537257,0.44889978614753057,1.2226891787626726,-1.5726688480083009,131041,34.17,0
0.33424923457360195,0.443871237362393,1.3252343010664043,0.08655420220158645,0.6135419564961597,1.9574545058614552,-1.5688939970958231,-0.1157970500450093,34677,26.16,0
0.03955373484963709,-0.24335163423772288,-0.37435110390031284,-0.46008917456429793,0.05642011934591153,-1.0472126303290517,-0.24527957917608612,-0.40756048787592974,149514,9.97,0
1.471851429845604,-1.6924733679453223,-0.30349621495263257,-0.16219056273342625,-0.7636865002998328,1.1566943021364093,1.1692596399113235,0.22955205846704785,59872,149.6,0
0.08889064090150181,-0.6271109376838082,-1.8303042691939262,-1.082593763823832,-0.05429976386289679,0.5754910291451693,-0.23199217365124725,-0.09491406826031958,40597,117.93,0
0.5619103376998728,0.7619174705343503,2.398623651663464,-0.6873272572693865,-1.1181566486320207,-1.719906065423908,0.6604723358289329,0.4285694164493132,34219,90.59,0
0.7164073912990427,0.5708545641151014,1.2145474420049598,0.8559364587000746,-0.5338772156735258,-0.5924588757834237,0.3559512148443263,2.289746384473335,56237,16.03,0
0.33632017039781,-1.089271331779712,-0.48472849536540075,0.4946751982119047,0.7442067245823087,0.17246993218866769,-0.34321015899541263,0.09388715300779017,59794,50.26,0
-0.4917380398677924,0.955545549917823,0.5197516778394099,-0.23426325755905553,0.09857938897271833,-0.8054650349067655,-0.6978173431958126,0.006682783640252732,64294,87.7,0
1.5209241051028808,-0.6600723814877079,-0.5221994316249968,-1.8493924439805365,0.07619245552064582,0.009922970193387884,-1.0926958605660868,0.9138423865623035,41063,12.74,0
0.0858426553145002,0.06803616755071311,-0.17487507033265712,0.3766379439558643,0.6182491913495971,-1.211610689041073,-0.27747277381580476,-0.3618264311018167,150633,49.98,0
-0.6162749247620916,-0.8223367892939549,1.7677078858826518,0.3352687719939735,0.896073989381325,2.057217655198186,2.025153304539249,-0.8983971514582024,48776,146.33,0
1.126676679430129,-0.6427153221102642,1.6974122264385847,-0.8249821416716359,0.3229322148383435,0.06954783670284528,-0.11262005072912981,0.6819230032173926,145488,16.11,0
-0.646434642775213,0.6411611228876519,0.45440842035377865,1.4675768195538175,0.004542379779986037,-0.9944424213271602,0.011525576101856179,0.7695050512946493,170848,2.48,0
-1.6140962169141952,0.8301192686650875,0.10459325606556627,1.4583611832801613,-1.3679148884707935,0.8511971837090934,0.46068969670414633,1.1645125942380723,76572,30.99,0
-0.8746075882550929,-0.33110235489488604,0.024644922194102893,-1.782619943232722,-0.555503733487994,0.36268932056654,0.06880356655700676,-0.37409430093846596,159597,8.8,0
0.20013309402692805,-0.4215718477948061,2.395381078622194,1.230140180819464,-0.5401079983357563,2.052568395315897,0.9273718292850589,-1.0929764021420512,65292,2.3,0
0.552644714466308,1.4545182356013244,0.7396229667440826,-0.0948269890469991,1.9440486756879016,-0.04465130112862316,0.09313295739232577,-0.1636254487730873,151543,114.59,0
-0.3574773728539711,-2.0435744837849943,0.30849959465453586,0.6774073009224733,-1.4492806731402788,0.0026609535430515744,-1.3760386163693628,0.12215825831651496,136918,162.99,0
-0.4111667154272513,-1.959715541704841,-0.2933235554063825,0.3362447033022621,-0.34001008676487676,-2.1409313578867395,0.8988190218367798,-1.4597324931773479,58840,10.46,0
0.07989595296304818,-1.1224091618015102,2.6482642329022617,0.6698104296701444,-1.2205159520884334,-0.8071875693361718,0.1791337902429902,-1.2944235058983073,52698,27.43,0
-0.5985453168360358,1.5871324514543836,0.8983342466106601,-0.4545289723907412,-0.10614639482332917,0.894290528046484,0.08002708834754667,1.4015781389994453,38632,29.92,0
-0.5122767420018597,0.21401586558116573,-0.29341981949067486,0.6413623237975893,-0.8813223865438875,0.9520523761482098,0.47024193203007875,0.025577969853589844,50114,10.23,0
0.3656583268680894,0.07692466308233334,-0.7815828208757906,0.7938895846691268,-0.9896523203216392,1.0552254253083682,0.6009394760810538,0.4294562110405535,65895,43.52,0
-0.4054997437168984,1.4585574803602626,0.12361342569438079,0.8735342965398055,-1.309023006126588,0.6630510422699037,0.15423697592640181,-0.30065795916913035,76567,155.08,0
-0.22968571820071026,0.8280669845835462,0.42400742840031486,-0.43586578601403997,1.4090878335499093,0.4573986378362093,-0.7491898614388942,-0.8661583665260716,28239,9.35,0
-0.022105293107386213,-0.39196641967735624,0.516182362303746,0.38272718415568296,-0.3238979455269096,1.2423188676047683,-0.9264388994557825,1.0064439899032849,137479,47.98,0
-0.560191180674306,0.0533279658494385,-0.021264052012147087,0.8346231822478283,0.5224641173900957,-0.35188217414045164,-0.09808541239626974,0.9333207846519014,46877,90.21,0
-1.601268126485565,0.652581820889264,-0.7335337446468693,-0.23810624249066514,-0.6610918494958523,1.0738864161480697,-1.1724195626719087,1.3813452682112073,42672,65.76,0
0.45673832680186466,-1.1506958624638546,0.023853702663337317,0.490028253317602,-0.569439588786998,-0.9927493009876758,-0.48620512243753466,1.0601856663243232,140235,17.77,0
0.8028380422251917,-2.1461398850795312,-0.12963052771572095,-1.2983106971783813,0.3832705968091213,-1.0040814513994605,0.8498570898943162,-0.4160311348542997,37031,6.69,0
-1.0839330876913422,-0.0393789950440498,-0.9639987536297888,-1.0442070970737338,0.09325733715816445,0.8402108084716664,2.486096731191837,-0.22004038668050793,153075,46.98,0
-0.42705401145629357,-0.31333752533026893,0.21114842058304528,0.44932849391582763,-0.6861874740845559,-0.7371120833410949,0.4043529121651879,-0.6508060174146317,34742,112.53,0
0.6693223635775091,-1.7240928885922464,-1.0594462763748893,0.9288797852982542,-1.289743864933384,-0.23458720448931097,-0.3113535249717086,0.41937573164741215,72177,44.59,0
-0.6072988747752069,-0.29110657759487546,0.2186656225918904,0.8683972296875326,-0.3419839852173764,1.8783732034691099,0.49118572678485567,1.4909311159920509,48061,28.14,0
-0.10486384230129707,1.189729589084625,-1.8679491619816884,0.0058189870129865045,1.1951003262851103,-1.9810243764964857,0.12924929402027668,0.5771412491448318,116720,39.35,0
0.21859493948331069,0.8337485099914496,2.3187659775788148,-1.6685890703016883,1.4647185534737428,-0.5232532849500207,0.7044673967869016,0.5621980623502715,53056,59.46,0
-0.4883670868558086,0.35892050887264293,0.6632184207404347,0.5522618258130304,-1.6459388977685612,-0.025702232509186518,-1.6957194907004491,1.7368727731524258,66260,14.96,0
0.745008242244189,-1.8635406402500385,-2.173650702428622,-1.035920880541099,0.3756779540837022,1.0614060694624377,-1.244259057792768,1.5383057565317968,17919,12.68,0
0.4720790805763306,0.4756605614182476,0.19932885569481296,-0.7697222308718856,0.6727451942868689,-0.025418284620748983,-0.9527863552334781,-0.6590390212767135,149801,63.2,0
-0.25073888435072855,1.06100846921109,-0.5706115291904026,0.452667771911911,-1.124820213099361,-0.2941150859765302,-0.7886531694967231,-0.1527832040032005,117870,48.76,0
-0.8262080606656657,-0.4172464098276653,-0.6306211261505407,1.0538868631263751,0.05470777703119324,-0.36603504680243054,0.6475331517829511,-0.4807501641589596,52771,17.59,0
1.214976171315007,1.3325020328432826,1.1947313367170553,-0.6817807022604128,0.05500261739245131,-0.4633242549260031,1.4750828328710994,1.1227462597238032,167944,23.87,0
-0.09203003358934295,-0.21505095741264424,-0.827246058792064,0.3985507704669513,-0.2979491828664624,-0.13428026691092623,-1.4606613655599547,-0.12561757942609217,130348,13.28,0
0.15961229129319743,-0.4076576732068106,-1.0606401462010067,-1.3844579538025166,-1.7231586961921481,-1.0820475984032285,2.2239307241901405,1.3040565788170642,164520,56.3,0
0.825899328866127,-0.726320912475395,1.3859664723861518,-1.152250950050175,1.3093796097201131,0.21803191318333676,0.7123212185947232,-0.3935068046530061,14659,9.92,0
-0.6197872470460756,0.710308329943784,2.3129106297608737,-0.11879900747216757,1.1984765360993967,0.8984874386942964,-0.29248033511841115,0.9990723528538664,63811,61.07,0
1.2434450686497005,1.391291786396494,-0.6267245708915488,-2.2983061801538542,-0.2134209543484186,0.22609812679603847,0.07243456351598326,-1.5743437082232996,73368,113.41,0
1.8318754855219304,1.242309960979955,0.3440426165079377,-2.8564343834118673,-0.819338979759412,0.50178045878036,0.8476472422544772,-0.3098619094765263,92558,126.15,0
-0.7977905543208894,1.3460935524432736,-0.550880043204996,-1.0283217820401684,1.6718358587443891,0.46993623307939514,2.7169530343388417,-1.922314187472833,65802,93.12,0
-1.6865623437696777,0.063827804579395,-0.17622614007741663,-0.6754188569757826,-0.8583591808210095,0.696159202767002,0.7774062262690696,1.1673243914686176,51545,13.49,0
1.4768633383636696,-1.381376776232157,0.7084381994142844,0.7574823144502231,1.0731648175979622,-1.9707975152931905,1.0668726901990064,-0.14484224569553084,27074,125.18,0
0.5888032738973173,-0.5295680453998246,0.3639317328414828,0.680316103145333,-0.9051190197508603,-0.604123928698754,-0.32241698768265964,2.3295300874919254,95535,31.07,0
-1.0091088213655226,0.43118542003545113,-1.2284874376510846,-1.205336393319812,-0.48425022043826044,0.5071855883761722,1.4687311983209013,0.25080081564605294,124831,23.9,0
0.16337413481148777,2.4806655578622765,-0.7612592411324928,-0.011143927605751067,-0.9569365446970746,1.9398024898680992,1.7012201455433127,-1.5679198145231794,36505,1.98,0
0.9087421812137488,0.521960704821003,-0.1173070271392953,-0.8333901888827309,0.36532377683221795,-1.1110923180074443,0.648242413897447,1.1105813052562445,136284,15.04,0
0.46824825371193163,0.3000160415871554,0.8630718477962528,0.38738358306242887,0.1797443342587942,-0.558575073825499,-0.9268794453806739,0.5991143160828832,136071,170.45,0
0.3294470039581489,-0.16575570463482503,0.6289786790190267,-0.7753928868522084,0.6269241579327764,0.22773940830719658,0.5232109973995908,0.8462482262072616,131992,41.42,0
0.15977013611188073,1.0387347441445698,-1.1960583674759722,-1.2948656516261972,-0.3820945938345779,-1.8001838537040453,0.5865593133958481,-1.9935783824291238,136316,34.0,0
-0.6977254156206265,0.3808791841903156,-0.9809893742196066,0.4071359692228609,-0.9177043381891433,0.39758762383770596,1.235037526250372,-1.993452231570965,137653,18.47,0
1.8032181539210548,-0.20020426355961868,0.6867999129893406,1.8454820910648262,-1.0233056916429317,-0.2151540976290139,0.5747773400710584,-0.8587071360653012,69673,8.33,0
-2.1040623376104812,0.030585296202751112,0.546289716908982,0.7832561840454081,1.0796981834765567,-0.330445464599729,0.07204143598613004,0.8212387696803878,64588,36.28,0
0.2164453459864126,0.27074897619220734,-0.22224939157592608,0.9050767315371084,0.058836958120111506,-0.4863885964900504,-0.6550419252530856,-0.7221446767911187,46002,61.53,0
-1.3266994854562695,0.30465250101650254,-0.5359165836113835,-0.16379923437882213,-0.11653334111901706,0.2886647105838619,0.10127221812304017,1.1837982983878772,131401,31.03,0
-1.1498229653074727,-1.4921519573133117,0.2780294675789354,-0.0759663790646399,0.6600409565708283,-0.5540843202239443,-0.8685133873043879,1.6737197674826467,96072,107.88,0
0.6992311451619805,0.9971414161485126,1.665109833307575,-0.8932698359195882,0.3668804774717637,0.6819368454718981,0.4847531459538998,-0.9795626630066275,62837,61.18,0
-0.3197078820864067,0.732091180297834,0.14513333092870329,0.11306666008442864,0.9854976046629924,2.0968276994573922,-0.9411209872148769,0.48010488883528807,63151,30.92,0
0.1285151031405478,0.12138226066625855,-0.4631502809081397,0.5441136529883412,1.9161254582734164,-1.2432041748794886,-1.2193604488579541,1.235134720991689,54993,2.49,0
-1.4003172972356626,0.7064677488979768,-1.1267089583484735,0.248347684001961,1.1144396650004227,-1.2268803845717136,0.24174967554716129,-0.1854812457315436,132313,45.3,0
-0.18305772789915215,0.9794157462536135,0.26353593325652,-1.2602580457136845,-1.9549589945621006,1.0649885920318591,-0.912438604082267,-0.09715420463255917,123813,42.22,0
1.0149445143673195,0.564558098876674,-0.4400977171625708,-0.24917722989628707,-1.2504534823075533,-0.9878185839475526,-1.672894500021169,-0.34836533077649456,134647,24.62,0
1.383378922834204,0.9031081001747128,0.17952334463262895,1.0556502419341118,-0.27579369824056565,-0.2493501627400631,1.3146513541385596,-0.22724503581665037,57672,40.1,0
0.7996785892137633,-0.6930146392852146,-1.8168206159518392,0.6646879456724641,0.7752346693833679,0.8319192165782117,-0.15850368553410635,-2.1585261734230987,117474,41.33,0
1.1246354243498815,-1.4959792904745661,-0.41134085939057247,0.2157287085573161,0.8239247287165478,0.5272479780112688,1.1429964048192796,0.8038754525071121,171543,19.93,0
2.381982369408583,0.22746726788069838,0.654663962731513,-1.6068579463628425,0.2577645534085519,0.01909671231209128,-0.9662583876600286,0.6679560449210992,112546,81.53,0
0.5247480164635189,0.3826679882121791,0.8217772060372475,-1.1188191391941806,1.017606484621877,0.30286336678500325,-0.6170631248488667,-0.09624516760366952,143923,95.52,0
-3.4415792471851825,-1.1681339241923536,1.413529805095847,-0.22171849381178274,0.18392932627159647,-0.12891970800619026,-0.6273183204530441,1.0951930995855286,108261,16.91,0
-0.36655124856405147,0.23863579598830406,0.7318524907378064,0.3231511521472403,0.2715092888137366,-0.2404521454128602,0.14559421695598843,-0.3914113327678112,118454,256.26,0
-0.77362792784181,-0.8778366204040161,0.21701930279615766,-0.1232590308390174,-0.4556698049513796,-0.3109781292522395,0.6740267552688337,-0.1809079520390724,50687,94.88,0
-0.6655339448154767,0.5718539508158933,0.7525186047160175,0.23330442749185157,-0.5328016372806637,-1.5934425303340642,-0.08992279131267188,-0.8500396845331305,143489,135.36,0
0.19741484183300131,0.20387252749461302,-0.33706278287403046,-1.2497790457432416,0.45705739670714696,-0.3613041477015429,-0.7493414504516045,1.2759319858607252,46729,11.83,0
0.88776025567464,-0.20625010944675237,-1.0468561799564047,-1.521833572450686,0.6954447363925536,0.7597374610582138,-0.41304848883482537,1.3213248613799733,79837,64.95,0
0.5111696742067251,-0.8129107860722178,0.7181459736052773,-0.8047484977378898,0.49326408983200015,-0.21642872231570476,1.2081258116588867,-0.19422730700479723,27005,77.29,0
-0.15301785888557132,-1.3646815696249657,2.375887692077324,-0.008053129841146355,-1.8818853360161265,-0.6516961054604566,-0.20066779586622832,-1.278391843511655,134650,7.39,0
0.48051221621523077,-2.4275534482687577,-0.5226587181959835,-0.5027534149358586,-0.38238563397793474,-2.1572502821078188,0.8903813695279044,-1.840619168056789,20759,151.67,0
0.862853120032724,-1.0590252145411259,1.2759641396294132,-0.924763921160249,-0.1348198612624556,-1.1364284464858552,-0.5349749682568379,-1.0348289504945427,42568,34.02,0
1.2469623318146694,0.11148800550500573,0.1221128050914393,-0.5764491107905266,0.18789953724022543,-0.07490310394057405,1.0840731979422955,2.039914108260102,133216,81.49,0
0.6912470088662062,-1.0754757117633582,-1.1080545572959022,-1.2948998905100728,0.21470704475376143,-1.047194991883691,1.2887121948033933,-1.1537834750191152,123466,12.64,0
-0.6071834149269106,0.6175642977509064,0.5075781537685373,-0.10540688913200216,-0.7634357684266035,-1.243916072650037,-0.0766431809689314,-0.21229860744558407,136380,3.89,0
0.5034507194269334,0.9573539427894309,1.1876112937950176,-1.0245337563305545,-1.3766619300466403,0.042588127284631246,0.546606308546871,-0.8353345186344514,37338,32.49,0
0.35741462029241006,-0.8410618540027395,-1.7281573196025548,-0.7437129977866034,-0.5690853304803436,-1.8861613427703794,1.0715439701706324,1.5539154154555064,82056,61.07,0
1.0657776961518615,0.41567343002894347,-0.7770364852041693,-0.39547381767514356,0.12512642865886495,-0.39707468146320307,-1.5151654666050949,0.29236152157836404,71526,66.83,0
1.0077935711396466,-0.46754654788279687,1.3172459401476873,-0.6911966267469493,1.438210776281385,-0.3057369316307639,0.3302480893350243,0.9822575212039218,111980,64.5,0
0.32184624589037597,-1.149290483768583,-0.9533586468724904,1.424004831525967,1.2958078722150526,0.6502417951405538,0.38987183628168326,-1.221007679224901,159037,34.24,0
-1.6567570984547608,-0.2600888704176866,1.2115637538848476,-0.04790958869421323,0.29791127747850904,-0.6713876463656838,-0.6734857671298948,0.8812491026944852,63300,37.27,0
-0.4152807419111427,-0.8250804830830395,0.4001202056527534,1.1022760465589736,0.10629574802531327,-0.4788018461738411,1.1717137243517972,-0.25411041712160465,150046,10.28,0
0.07751567865311465,1.8133809284317233,-0.8308731667303445,-0.7147184150781376,-0.24004514965675725,1.6637702942966128,-1.333171384923495,-0.7691423289603869,144906,38.51,0
-0.07310003566416852,-1.0353758919116014,0.5805281489178395,-0.3149055719182106,-0.1707450883346634,-1.3186850609261938,0.4135708163086037,2.5933857454493516,60501,89.93,0
-0.8685016678368567,1.0864529344369982,-0.8650491862135976,0.6281338487478242,0.6754002431165834,-0.59567775005693,-0.850399717849973,-0.2823664571249904,51761,11.52,0
0.2029210216213625,-0.4196247045587491,0.1638197017063532,-1.7784829799613473,0.016365039852010765,-0.323136811968563,-0.9451005063325084,0.002736269444103243,40190,9.28,0
-0.6994597225390521,-0.4373366073852139,0.5027512306645171,-2.290981438374425,0.6532686037086156,-0.5093569361233815,-0.3408989269883307,0.9712955987921812,141442,2.51,0
